solid OpenSCAD_Model
  facet normal 1 0 0
    outer loop
      vertex 8.899999618530273 -26.368799209594727 -20.30000114440918
      vertex 8.899999618530273 26.368799209594727 -27.700000762939453
      vertex 8.899999618530273 26.368799209594727 -20.30000114440918
    endloop
  endfacet
  facet normal 1 0 0
    outer loop
      vertex 8.899999618530273 26.368799209594727 -27.700000762939453
      vertex 8.899999618530273 -26.368799209594727 -20.30000114440918
      vertex 8.899999618530273 -26.368799209594727 -27.700000762939453
    endloop
  endfacet
  facet normal 0 0 1
    outer loop
      vertex 8.899999618530273 26.368799209594727 -20.30000114440918
      vertex 6.584399700164795 0 -20.30000114440918
      vertex 8.899999618530273 -26.368799209594727 -20.30000114440918
    endloop
  endfacet
  facet normal 0 0 1
    outer loop
      vertex 8.899999618530273 -26.368799209594727 -20.30000114440918
      vertex 7.870056629180908 -24.54315948486328 -20.30000114440918
      vertex 7.900000095367432 -25 -20.30000114440918
    endloop
  endfacet
  facet normal 0 0 1
    outer loop
      vertex 6.565711498260498 0.28512096405029297 -20.30000114440918
      vertex 7.870056629180908 24.54315948486328 -20.30000114440918
      vertex 7.780740261077881 24.094133377075195 -20.30000114440918
    endloop
  endfacet
  facet normal 0 0 1
    outer loop
      vertex 6.565711498260498 -0.28512096405029297 -20.30000114440918
      vertex 8.899999618530273 -26.368799209594727 -20.30000114440918
      vertex 6.584399700164795 0 -20.30000114440918
    endloop
  endfacet
  facet normal 0 0 1
    outer loop
      vertex 6.509968280792236 0.565363883972168 -20.30000114440918
      vertex 7.780740261077881 24.094133377075195 -20.30000114440918
      vertex 7.633577823638916 23.660608291625977 -20.30000114440918
    endloop
  endfacet
  facet normal 0 0 1
    outer loop
      vertex 6.509968280792236 -0.565363883972168 -20.30000114440918
      vertex 8.899999618530273 -26.368799209594727 -20.30000114440918
      vertex 6.565711498260498 -0.28512096405029297 -20.30000114440918
    endloop
  endfacet
  facet normal 0 0 1
    outer loop
      vertex 6.418121814727783 0.8359336853027344 -20.30000114440918
      vertex 7.633577823638916 23.660608291625977 -20.30000114440918
      vertex 7.431088924407959 23.25 -20.30000114440918
    endloop
  endfacet
  facet normal 0 0 1
    outer loop
      vertex 8.899999618530273 -26.368799209594727 -20.30000114440918
      vertex 7.780740261077881 -24.094133377075195 -20.30000114440918
      vertex 7.870056629180908 -24.54315948486328 -20.30000114440918
    endloop
  endfacet
  facet normal 0 0 1
    outer loop
      vertex 6.291745662689209 1.0921993255615234 -20.30000114440918
      vertex 7.431088924407959 23.25 -20.30000114440918
      vertex 7.176736354827881 22.869335174560547 -20.30000114440918
    endloop
  endfacet
  facet normal 0 0 1
    outer loop
      vertex 7.633577823638916 -23.660608291625977 -20.30000114440918
      vertex 8.899999618530273 -26.368799209594727 -20.30000114440918
      vertex 6.509968280792236 -0.565363883972168 -20.30000114440918
    endloop
  endfacet
  facet normal 0 0 1
    outer loop
      vertex 6.13300085067749 1.329777717590332 -20.30000114440918
      vertex 7.176736354827881 22.869335174560547 -20.30000114440918
      vertex 6.874873638153076 22.525127410888672 -20.30000114440918
    endloop
  endfacet
  facet normal 0 0 1
    outer loop
      vertex 8.899999618530273 -26.368799209594727 -20.30000114440918
      vertex 7.633577823638916 -23.660608291625977 -20.30000114440918
      vertex 7.780740261077881 -24.094133377075195 -20.30000114440918
    endloop
  endfacet
  facet normal 0 0 1
    outer loop
      vertex 6.418121814727783 -0.8359336853027344 -20.30000114440918
      vertex 7.633577823638916 -23.660608291625977 -20.30000114440918
      vertex 6.509968280792236 -0.565363883972168 -20.30000114440918
    endloop
  endfacet
  facet normal 0 0 1
    outer loop
      vertex 7.870056629180908 24.54315948486328 -20.30000114440918
      vertex 6.565711498260498 0.28512096405029297 -20.30000114440918
      vertex 6.584399700164795 0 -20.30000114440918
    endloop
  endfacet
  facet normal 0 0 1
    outer loop
      vertex 5.944603443145752 1.5446033477783203 -20.30000114440918
      vertex 6.874873638153076 22.525127410888672 -20.30000114440918
      vertex 6.530664920806885 22.223262786865234 -20.30000114440918
    endloop
  endfacet
  facet normal 0 0 1
    outer loop
      vertex 7.780740261077881 24.094133377075195 -20.30000114440918
      vertex 6.509968280792236 0.565363883972168 -20.30000114440918
      vertex 6.565711498260498 0.28512096405029297 -20.30000114440918
    endloop
  endfacet
  facet normal 0 0 1
    outer loop
      vertex 7.633577823638916 23.660608291625977 -20.30000114440918
      vertex 6.418121814727783 0.8359336853027344 -20.30000114440918
      vertex 6.509968280792236 0.565363883972168 -20.30000114440918
    endloop
  endfacet
  facet normal 0 0 1
    outer loop
      vertex 7.431088924407959 23.25 -20.30000114440918
      vertex 6.291745662689209 1.0921993255615234 -20.30000114440918
      vertex 6.418121814727783 0.8359336853027344 -20.30000114440918
    endloop
  endfacet
  facet normal 0 0 1
    outer loop
      vertex 5.729777812957764 1.7330007553100586 -20.30000114440918
      vertex 6.530664920806885 22.223262786865234 -20.30000114440918
      vertex 6.150000095367432 21.968910217285156 -20.30000114440918
    endloop
  endfacet
  facet normal 0 0 1
    outer loop
      vertex 7.176736354827881 22.869335174560547 -20.30000114440918
      vertex 6.13300085067749 1.329777717590332 -20.30000114440918
      vertex 6.291745662689209 1.0921993255615234 -20.30000114440918
    endloop
  endfacet
  facet normal 0 0 1
    outer loop
      vertex 6.874873638153076 22.525127410888672 -20.30000114440918
      vertex 5.944603443145752 1.5446033477783203 -20.30000114440918
      vertex 6.13300085067749 1.329777717590332 -20.30000114440918
    endloop
  endfacet
  facet normal 0 0 1
    outer loop
      vertex 5.492199420928955 1.8917455673217773 -20.30000114440918
      vertex 6.150000095367432 21.968910217285156 -20.30000114440918
      vertex 5.739391803741455 21.766422271728516 -20.30000114440918
    endloop
  endfacet
  facet normal 0 0 1
    outer loop
      vertex 6.530664920806885 22.223262786865234 -20.30000114440918
      vertex 5.729777812957764 1.7330007553100586 -20.30000114440918
      vertex 5.944603443145752 1.5446033477783203 -20.30000114440918
    endloop
  endfacet
  facet normal 0 0 1
    outer loop
      vertex 6.150000095367432 21.968910217285156 -20.30000114440918
      vertex 5.492199420928955 1.8917455673217773 -20.30000114440918
      vertex 5.729777812957764 1.7330007553100586 -20.30000114440918
    endloop
  endfacet
  facet normal 0 0 1
    outer loop
      vertex 5.235933780670166 2.0181217193603516 -20.30000114440918
      vertex 5.739391803741455 21.766422271728516 -20.30000114440918
      vertex 5.305866718292236 21.619258880615234 -20.30000114440918
    endloop
  endfacet
  facet normal 0 0 1
    outer loop
      vertex 5.739391803741455 21.766422271728516 -20.30000114440918
      vertex 5.235933780670166 2.0181217193603516 -20.30000114440918
      vertex 5.492199420928955 1.8917455673217773 -20.30000114440918
    endloop
  endfacet
  facet normal 0 0 1
    outer loop
      vertex 5.305866718292236 21.619258880615234 -20.30000114440918
      vertex 4.9653639793396 2.1099681854248047 -20.30000114440918
      vertex 5.235933780670166 2.0181217193603516 -20.30000114440918
    endloop
  endfacet
  facet normal 0 0 1
    outer loop
      vertex 4.856841564178467 21.529943466186523 -20.30000114440918
      vertex 4.9653639793396 2.1099681854248047 -20.30000114440918
      vertex 5.305866718292236 21.619258880615234 -20.30000114440918
    endloop
  endfacet
  facet normal 0 0 1
    outer loop
      vertex 4.856841564178467 21.529943466186523 -20.30000114440918
      vertex 4.685121059417725 2.1657114028930664 -20.30000114440918
      vertex 4.9653639793396 2.1099681854248047 -20.30000114440918
    endloop
  endfacet
  facet normal 0 0 1
    outer loop
      vertex 4.400000095367432 21.5 -20.30000114440918
      vertex 4.685121059417725 2.1657114028930664 -20.30000114440918
      vertex 4.856841564178467 21.529943466186523 -20.30000114440918
    endloop
  endfacet
  facet normal 0 0 1
    outer loop
      vertex 4.400000095367432 21.5 -20.30000114440918
      vertex 4.400000095367432 2.1843996047973633 -20.30000114440918
      vertex 4.685121059417725 2.1657114028930664 -20.30000114440918
    endloop
  endfacet
  facet normal 0 0 1
    outer loop
      vertex 4.400000095367432 21.5 -20.30000114440918
      vertex 4.114879131317139 2.1657114028930664 -20.30000114440918
      vertex 4.400000095367432 2.1843996047973633 -20.30000114440918
    endloop
  endfacet
  facet normal 0 0 1
    outer loop
      vertex 3.9431586265563965 21.529943466186523 -20.30000114440918
      vertex 4.114879131317139 2.1657114028930664 -20.30000114440918
      vertex 4.400000095367432 21.5 -20.30000114440918
    endloop
  endfacet
  facet normal 0 0 1
    outer loop
      vertex 3.9431586265563965 21.529943466186523 -20.30000114440918
      vertex 3.8346362113952637 2.1099681854248047 -20.30000114440918
      vertex 4.114879131317139 2.1657114028930664 -20.30000114440918
    endloop
  endfacet
  facet normal 0 0 1
    outer loop
      vertex 3.494133472442627 21.619258880615234 -20.30000114440918
      vertex 3.8346362113952637 2.1099681854248047 -20.30000114440918
      vertex 3.9431586265563965 21.529943466186523 -20.30000114440918
    endloop
  endfacet
  facet normal 0 0 1
    outer loop
      vertex 3.8346362113952637 2.1099681854248047 -20.30000114440918
      vertex 3.494133472442627 21.619258880615234 -20.30000114440918
      vertex 3.5640664100646973 2.0181217193603516 -20.30000114440918
    endloop
  endfacet
  facet normal 0 0 1
    outer loop
      vertex 3.060608386993408 21.766422271728516 -20.30000114440918
      vertex 3.5640664100646973 2.0181217193603516 -20.30000114440918
      vertex 3.494133472442627 21.619258880615234 -20.30000114440918
    endloop
  endfacet
  facet normal 0 0 1
    outer loop
      vertex 3.5640664100646973 2.0181217193603516 -20.30000114440918
      vertex 3.060608386993408 21.766422271728516 -20.30000114440918
      vertex 3.307800769805908 1.8917455673217773 -20.30000114440918
    endloop
  endfacet
  facet normal 0 0 1
    outer loop
      vertex 2.6500000953674316 21.968910217285156 -20.30000114440918
      vertex 3.307800769805908 1.8917455673217773 -20.30000114440918
      vertex 3.060608386993408 21.766422271728516 -20.30000114440918
    endloop
  endfacet
  facet normal 0 0 1
    outer loop
      vertex 3.307800769805908 1.8917455673217773 -20.30000114440918
      vertex 2.6500000953674316 21.968910217285156 -20.30000114440918
      vertex 3.0702223777770996 1.7330007553100586 -20.30000114440918
    endloop
  endfacet
  facet normal 0 0 1
    outer loop
      vertex 2.2693352699279785 22.223262786865234 -20.30000114440918
      vertex 3.0702223777770996 1.7330007553100586 -20.30000114440918
      vertex 2.6500000953674316 21.968910217285156 -20.30000114440918
    endloop
  endfacet
  facet normal 0 0 1
    outer loop
      vertex 3.0702223777770996 1.7330007553100586 -20.30000114440918
      vertex 2.2693352699279785 22.223262786865234 -20.30000114440918
      vertex 2.8553967475891113 1.5446033477783203 -20.30000114440918
    endloop
  endfacet
  facet normal 0 0 1
    outer loop
      vertex 1.9251264333724976 22.525127410888672 -20.30000114440918
      vertex 2.8553967475891113 1.5446033477783203 -20.30000114440918
      vertex 2.2693352699279785 22.223262786865234 -20.30000114440918
    endloop
  endfacet
  facet normal 0 0 1
    outer loop
      vertex 2.8553967475891113 1.5446033477783203 -20.30000114440918
      vertex 1.9251264333724976 22.525127410888672 -20.30000114440918
      vertex 2.666999340057373 1.329777717590332 -20.30000114440918
    endloop
  endfacet
  facet normal 0 0 1
    outer loop
      vertex 1.6232637166976929 22.869335174560547 -20.30000114440918
      vertex 2.666999340057373 1.329777717590332 -20.30000114440918
      vertex 1.9251264333724976 22.525127410888672 -20.30000114440918
    endloop
  endfacet
  facet normal 0 0 1
    outer loop
      vertex 2.666999340057373 1.329777717590332 -20.30000114440918
      vertex 1.6232637166976929 22.869335174560547 -20.30000114440918
      vertex 2.5082545280456543 1.0921993255615234 -20.30000114440918
    endloop
  endfacet
  facet normal 0 0 1
    outer loop
      vertex 1.3689111471176147 23.25 -20.30000114440918
      vertex 2.5082545280456543 1.0921993255615234 -20.30000114440918
      vertex 1.6232637166976929 22.869335174560547 -20.30000114440918
    endloop
  endfacet
  facet normal 0 0 1
    outer loop
      vertex 2.5082545280456543 1.0921993255615234 -20.30000114440918
      vertex 1.3689111471176147 23.25 -20.30000114440918
      vertex 2.38187837600708 0.8359336853027344 -20.30000114440918
    endloop
  endfacet
  facet normal 0 0 1
    outer loop
      vertex 1.1664222478866577 23.660608291625977 -20.30000114440918
      vertex 2.38187837600708 0.8359336853027344 -20.30000114440918
      vertex 1.3689111471176147 23.25 -20.30000114440918
    endloop
  endfacet
  facet normal 0 0 1
    outer loop
      vertex 7.633577823638916 26.339391708374023 -20.30000114440918
      vertex 8.899999618530273 26.368799209594727 -20.30000114440918
      vertex 8.865778923034668 26.890905380249023 -20.30000114440918
    endloop
  endfacet
  facet normal 0 0 1
    outer loop
      vertex 7.870056629180908 24.54315948486328 -20.30000114440918
      vertex 8.899999618530273 26.368799209594727 -20.30000114440918
      vertex 7.900000095367432 25 -20.30000114440918
    endloop
  endfacet
  facet normal 0 0 1
    outer loop
      vertex 7.431088924407959 26.75 -20.30000114440918
      vertex 8.865778923034668 26.890905380249023 -20.30000114440918
      vertex 8.763702392578125 27.404075622558594 -20.30000114440918
    endloop
  endfacet
  facet normal 0 0 1
    outer loop
      vertex 6.584399700164795 0 -20.30000114440918
      vertex 8.899999618530273 26.368799209594727 -20.30000114440918
      vertex 7.870056629180908 24.54315948486328 -20.30000114440918
    endloop
  endfacet
  facet normal 0 0 1
    outer loop
      vertex 7.176736354827881 27.130664825439453 -20.30000114440918
      vertex 8.763702392578125 27.404075622558594 -20.30000114440918
      vertex 8.5955171585083 27.899534225463867 -20.30000114440918
    endloop
  endfacet
  facet normal 0 0 1
    outer loop
      vertex 7.870056629180908 -25.45684051513672 -20.30000114440918
      vertex 8.899999618530273 -26.368799209594727 -20.30000114440918
      vertex 7.900000095367432 -25 -20.30000114440918
    endloop
  endfacet
  facet normal 0 0 1
    outer loop
      vertex 7.176736354827881 27.130664825439453 -20.30000114440918
      vertex 8.5955171585083 27.899534225463867 -20.30000114440918
      vertex 8.364100456237793 28.368799209594727 -20.30000114440918
    endloop
  endfacet
  facet normal 0 0 1
    outer loop
      vertex 7.780740261077881 -25.905866622924805 -20.30000114440918
      vertex 8.899999618530273 -26.368799209594727 -20.30000114440918
      vertex 7.870056629180908 -25.45684051513672 -20.30000114440918
    endloop
  endfacet
  facet normal 0 0 1
    outer loop
      vertex 6.874873638153076 27.474872589111328 -20.30000114440918
      vertex 8.364100456237793 28.368799209594727 -20.30000114440918
      vertex 8.073412895202637 28.80384635925293 -20.30000114440918
    endloop
  endfacet
  facet normal 0 0 1
    outer loop
      vertex 7.633577823638916 -26.339391708374023 -20.30000114440918
      vertex 8.899999618530273 -26.368799209594727 -20.30000114440918
      vertex 7.780740261077881 -25.905866622924805 -20.30000114440918
    endloop
  endfacet
  facet normal 0 0 1
    outer loop
      vertex 8.899999618530273 -26.368799209594727 -20.30000114440918
      vertex 7.633577823638916 -26.339391708374023 -20.30000114440918
      vertex 8.865778923034668 -26.890905380249023 -20.30000114440918
    endloop
  endfacet
  facet normal 0 0 1
    outer loop
      vertex 8.899999618530273 26.368799209594727 -20.30000114440918
      vertex 7.870056629180908 25.45684051513672 -20.30000114440918
      vertex 7.900000095367432 25 -20.30000114440918
    endloop
  endfacet
  facet normal 0 0 1
    outer loop
      vertex 8.899999618530273 26.368799209594727 -20.30000114440918
      vertex 7.780740261077881 25.905866622924805 -20.30000114440918
      vertex 7.870056629180908 25.45684051513672 -20.30000114440918
    endloop
  endfacet
  facet normal 0 0 1
    outer loop
      vertex 6.530664920806885 27.776737213134766 -20.30000114440918
      vertex 8.073412895202637 28.80384635925293 -20.30000114440918
      vertex 7.728426456451416 29.197227478027344 -20.30000114440918
    endloop
  endfacet
  facet normal 0 0 1
    outer loop
      vertex 8.899999618530273 26.368799209594727 -20.30000114440918
      vertex 7.633577823638916 26.339391708374023 -20.30000114440918
      vertex 7.780740261077881 25.905866622924805 -20.30000114440918
    endloop
  endfacet
  facet normal 0 0 1
    outer loop
      vertex 8.865778923034668 26.890905380249023 -20.30000114440918
      vertex 7.431088924407959 26.75 -20.30000114440918
      vertex 7.633577823638916 26.339391708374023 -20.30000114440918
    endloop
  endfacet
  facet normal 0 0 1
    outer loop
      vertex 6.530664920806885 27.776737213134766 -20.30000114440918
      vertex 7.728426456451416 29.197227478027344 -20.30000114440918
      vertex 7.335045337677002 29.542213439941406 -20.30000114440918
    endloop
  endfacet
  facet normal 0 0 1
    outer loop
      vertex 8.763702392578125 27.404075622558594 -20.30000114440918
      vertex 7.176736354827881 27.130664825439453 -20.30000114440918
      vertex 7.431088924407959 26.75 -20.30000114440918
    endloop
  endfacet
  facet normal 0 0 1
    outer loop
      vertex 6.150000095367432 28.031089782714844 -20.30000114440918
      vertex 7.335045337677002 29.542213439941406 -20.30000114440918
      vertex 6.900000095367432 29.832901000976562 -20.30000114440918
    endloop
  endfacet
  facet normal 0 0 1
    outer loop
      vertex 8.364100456237793 28.368799209594727 -20.30000114440918
      vertex 6.874873638153076 27.474872589111328 -20.30000114440918
      vertex 7.176736354827881 27.130664825439453 -20.30000114440918
    endloop
  endfacet
  facet normal 0 0 1
    outer loop
      vertex 8.073412895202637 28.80384635925293 -20.30000114440918
      vertex 6.530664920806885 27.776737213134766 -20.30000114440918
      vertex 6.874873638153076 27.474872589111328 -20.30000114440918
    endloop
  endfacet
  facet normal 0 0 1
    outer loop
      vertex 5.739391803741455 28.233577728271484 -20.30000114440918
      vertex 6.900000095367432 29.832901000976562 -20.30000114440918
      vertex 6.4307332038879395 30.06431770324707 -20.30000114440918
    endloop
  endfacet
  facet normal 0 0 1
    outer loop
      vertex 7.335045337677002 29.542213439941406 -20.30000114440918
      vertex 6.150000095367432 28.031089782714844 -20.30000114440918
      vertex 6.530664920806885 27.776737213134766 -20.30000114440918
    endloop
  endfacet
  facet normal 0 0 1
    outer loop
      vertex 5.739391803741455 28.233577728271484 -20.30000114440918
      vertex 6.4307332038879395 30.06431770324707 -20.30000114440918
      vertex 5.935275554656982 30.23250389099121 -20.30000114440918
    endloop
  endfacet
  facet normal 0 0 1
    outer loop
      vertex 6.900000095367432 29.832901000976562 -20.30000114440918
      vertex 5.739391803741455 28.233577728271484 -20.30000114440918
      vertex 6.150000095367432 28.031089782714844 -20.30000114440918
    endloop
  endfacet
  facet normal 0 0 1
    outer loop
      vertex 5.305866718292236 28.380741119384766 -20.30000114440918
      vertex 5.935275554656982 30.23250389099121 -20.30000114440918
      vertex 5.422104358673096 30.334579467773438 -20.30000114440918
    endloop
  endfacet
  facet normal 0 0 1
    outer loop
      vertex 5.935275554656982 30.23250389099121 -20.30000114440918
      vertex 5.305866718292236 28.380741119384766 -20.30000114440918
      vertex 5.739391803741455 28.233577728271484 -20.30000114440918
    endloop
  endfacet
  facet normal 0 0 1
    outer loop
      vertex 4.856841564178467 28.470056533813477 -20.30000114440918
      vertex 5.422104358673096 30.334579467773438 -20.30000114440918
      vertex 4.900000095367432 30.368799209594727 -20.30000114440918
    endloop
  endfacet
  facet normal 0 0 1
    outer loop
      vertex 5.422104358673096 30.334579467773438 -20.30000114440918
      vertex 4.856841564178467 28.470056533813477 -20.30000114440918
      vertex 5.305866718292236 28.380741119384766 -20.30000114440918
    endloop
  endfacet
  facet normal 0 0 1
    outer loop
      vertex 4.900000095367432 30.368799209594727 -20.30000114440918
      vertex 4.400000095367432 28.5 -20.30000114440918
      vertex 4.856841564178467 28.470056533813477 -20.30000114440918
    endloop
  endfacet
  facet normal 0 0 1
    outer loop
      vertex 3.9000000953674316 30.368799209594727 -20.30000114440918
      vertex 4.400000095367432 28.5 -20.30000114440918
      vertex 4.900000095367432 30.368799209594727 -20.30000114440918
    endloop
  endfacet
  facet normal 0 0 1
    outer loop
      vertex 4.400000095367432 28.5 -20.30000114440918
      vertex 3.9000000953674316 30.368799209594727 -20.30000114440918
      vertex 3.9431586265563965 28.470056533813477 -20.30000114440918
    endloop
  endfacet
  facet normal 0 0 1
    outer loop
      vertex 3.377894878387451 30.334579467773438 -20.30000114440918
      vertex 3.9431586265563965 28.470056533813477 -20.30000114440918
      vertex 3.9000000953674316 30.368799209594727 -20.30000114440918
    endloop
  endfacet
  facet normal 0 0 1
    outer loop
      vertex 3.9431586265563965 28.470056533813477 -20.30000114440918
      vertex 3.377894878387451 30.334579467773438 -20.30000114440918
      vertex 3.494133472442627 28.380741119384766 -20.30000114440918
    endloop
  endfacet
  facet normal 0 0 1
    outer loop
      vertex 2.8647236824035645 30.23250389099121 -20.30000114440918
      vertex 3.494133472442627 28.380741119384766 -20.30000114440918
      vertex 3.377894878387451 30.334579467773438 -20.30000114440918
    endloop
  endfacet
  facet normal 0 0 1
    outer loop
      vertex 3.494133472442627 28.380741119384766 -20.30000114440918
      vertex 2.8647236824035645 30.23250389099121 -20.30000114440918
      vertex 3.060608386993408 28.233577728271484 -20.30000114440918
    endloop
  endfacet
  facet normal 0 0 1
    outer loop
      vertex 2.3692660331726074 30.06431770324707 -20.30000114440918
      vertex 3.060608386993408 28.233577728271484 -20.30000114440918
      vertex 2.8647236824035645 30.23250389099121 -20.30000114440918
    endloop
  endfacet
  facet normal 0 0 1
    outer loop
      vertex 1.899999976158142 29.832901000976562 -20.30000114440918
      vertex 3.060608386993408 28.233577728271484 -20.30000114440918
      vertex 2.3692660331726074 30.06431770324707 -20.30000114440918
    endloop
  endfacet
  facet normal 0 0 1
    outer loop
      vertex 3.060608386993408 28.233577728271484 -20.30000114440918
      vertex 1.899999976158142 29.832901000976562 -20.30000114440918
      vertex 2.6500000953674316 28.031089782714844 -20.30000114440918
    endloop
  endfacet
  facet normal 0 0 1
    outer loop
      vertex 1.4649537801742554 29.542213439941406 -20.30000114440918
      vertex 2.6500000953674316 28.031089782714844 -20.30000114440918
      vertex 1.899999976158142 29.832901000976562 -20.30000114440918
    endloop
  endfacet
  facet normal 0 0 1
    outer loop
      vertex 2.6500000953674316 28.031089782714844 -20.30000114440918
      vertex 1.4649537801742554 29.542213439941406 -20.30000114440918
      vertex 2.2693352699279785 27.776737213134766 -20.30000114440918
    endloop
  endfacet
  facet normal 0 0 1
    outer loop
      vertex 1.0715726613998413 29.197227478027344 -20.30000114440918
      vertex 2.2693352699279785 27.776737213134766 -20.30000114440918
      vertex 1.4649537801742554 29.542213439941406 -20.30000114440918
    endloop
  endfacet
  facet normal 0 0 1
    outer loop
      vertex 0.7265857458114624 28.80384635925293 -20.30000114440918
      vertex 2.2693352699279785 27.776737213134766 -20.30000114440918
      vertex 1.0715726613998413 29.197227478027344 -20.30000114440918
    endloop
  endfacet
  facet normal 0 0 1
    outer loop
      vertex 2.2693352699279785 27.776737213134766 -20.30000114440918
      vertex 0.7265857458114624 28.80384635925293 -20.30000114440918
      vertex 1.9251264333724976 27.474872589111328 -20.30000114440918
    endloop
  endfacet
  facet normal 0 0 1
    outer loop
      vertex 0.43589821457862854 28.368799209594727 -20.30000114440918
      vertex 1.9251264333724976 27.474872589111328 -20.30000114440918
      vertex 0.7265857458114624 28.80384635925293 -20.30000114440918
    endloop
  endfacet
  facet normal 0 0 1
    outer loop
      vertex 1.9251264333724976 27.474872589111328 -20.30000114440918
      vertex 0.43589821457862854 28.368799209594727 -20.30000114440918
      vertex 1.6232637166976929 27.130664825439453 -20.30000114440918
    endloop
  endfacet
  facet normal 0 0 1
    outer loop
      vertex 0.20448151230812073 27.899534225463867 -20.30000114440918
      vertex 1.6232637166976929 27.130664825439453 -20.30000114440918
      vertex 0.43589821457862854 28.368799209594727 -20.30000114440918
    endloop
  endfacet
  facet normal 0 0 1
    outer loop
      vertex 0.03629627078771591 27.404075622558594 -20.30000114440918
      vertex 1.6232637166976929 27.130664825439453 -20.30000114440918
      vertex 0.20448151230812073 27.899534225463867 -20.30000114440918
    endloop
  endfacet
  facet normal 0 0 1
    outer loop
      vertex 1.6232637166976929 27.130664825439453 -20.30000114440918
      vertex 0.03629627078771591 27.404075622558594 -20.30000114440918
      vertex 1.3689111471176147 26.75 -20.30000114440918
    endloop
  endfacet
  facet normal 0 0 1
    outer loop
      vertex 1.3689111471176147 26.75 -20.30000114440918
      vertex -0.06578025966882706 26.890905380249023 -20.30000114440918
      vertex 1.1664222478866577 26.339391708374023 -20.30000114440918
    endloop
  endfacet
  facet normal 0 0 1
    outer loop
      vertex -0.06578025966882706 26.890905380249023 -20.30000114440918
      vertex 1.3689111471176147 26.75 -20.30000114440918
      vertex 0.03629627078771591 27.404075622558594 -20.30000114440918
    endloop
  endfacet
  facet normal 0 0 1
    outer loop
      vertex 7.431088924407959 -26.75 -20.30000114440918
      vertex 8.865778923034668 -26.890905380249023 -20.30000114440918
      vertex 7.633577823638916 -26.339391708374023 -20.30000114440918
    endloop
  endfacet
  facet normal 0 0 1
    outer loop
      vertex 8.865778923034668 -26.890905380249023 -20.30000114440918
      vertex 7.431088924407959 -26.75 -20.30000114440918
      vertex 8.763702392578125 -27.404075622558594 -20.30000114440918
    endloop
  endfacet
  facet normal 0 0 1
    outer loop
      vertex 7.176736354827881 -27.130664825439453 -20.30000114440918
      vertex 8.763702392578125 -27.404075622558594 -20.30000114440918
      vertex 7.431088924407959 -26.75 -20.30000114440918
    endloop
  endfacet
  facet normal 0 0 1
    outer loop
      vertex 8.763702392578125 -27.404075622558594 -20.30000114440918
      vertex 7.176736354827881 -27.130664825439453 -20.30000114440918
      vertex 8.5955171585083 -27.899534225463867 -20.30000114440918
    endloop
  endfacet
  facet normal 0 0 1
    outer loop
      vertex 8.5955171585083 -27.899534225463867 -20.30000114440918
      vertex 7.176736354827881 -27.130664825439453 -20.30000114440918
      vertex 8.364100456237793 -28.368799209594727 -20.30000114440918
    endloop
  endfacet
  facet normal 0 0 1
    outer loop
      vertex 6.874873638153076 -27.474872589111328 -20.30000114440918
      vertex 8.364100456237793 -28.368799209594727 -20.30000114440918
      vertex 7.176736354827881 -27.130664825439453 -20.30000114440918
    endloop
  endfacet
  facet normal 0 0 1
    outer loop
      vertex 8.364100456237793 -28.368799209594727 -20.30000114440918
      vertex 6.874873638153076 -27.474872589111328 -20.30000114440918
      vertex 8.073412895202637 -28.80384635925293 -20.30000114440918
    endloop
  endfacet
  facet normal 0 0 1
    outer loop
      vertex 6.530664920806885 -27.776737213134766 -20.30000114440918
      vertex 8.073412895202637 -28.80384635925293 -20.30000114440918
      vertex 6.874873638153076 -27.474872589111328 -20.30000114440918
    endloop
  endfacet
  facet normal 0 0 1
    outer loop
      vertex 8.073412895202637 -28.80384635925293 -20.30000114440918
      vertex 6.530664920806885 -27.776737213134766 -20.30000114440918
      vertex 7.728426456451416 -29.197227478027344 -20.30000114440918
    endloop
  endfacet
  facet normal 0 0 1
    outer loop
      vertex 7.728426456451416 -29.197227478027344 -20.30000114440918
      vertex 6.530664920806885 -27.776737213134766 -20.30000114440918
      vertex 7.335045337677002 -29.542213439941406 -20.30000114440918
    endloop
  endfacet
  facet normal 0 0 1
    outer loop
      vertex 6.150000095367432 -28.031089782714844 -20.30000114440918
      vertex 7.335045337677002 -29.542213439941406 -20.30000114440918
      vertex 6.530664920806885 -27.776737213134766 -20.30000114440918
    endloop
  endfacet
  facet normal 0 0 1
    outer loop
      vertex 7.335045337677002 -29.542213439941406 -20.30000114440918
      vertex 6.150000095367432 -28.031089782714844 -20.30000114440918
      vertex 6.900000095367432 -29.832901000976562 -20.30000114440918
    endloop
  endfacet
  facet normal 0 0 1
    outer loop
      vertex 5.739391803741455 -28.233577728271484 -20.30000114440918
      vertex 6.900000095367432 -29.832901000976562 -20.30000114440918
      vertex 6.150000095367432 -28.031089782714844 -20.30000114440918
    endloop
  endfacet
  facet normal 0 0 1
    outer loop
      vertex 6.900000095367432 -29.832901000976562 -20.30000114440918
      vertex 5.739391803741455 -28.233577728271484 -20.30000114440918
      vertex 6.4307332038879395 -30.06431770324707 -20.30000114440918
    endloop
  endfacet
  facet normal 0 0 1
    outer loop
      vertex 6.4307332038879395 -30.06431770324707 -20.30000114440918
      vertex 5.739391803741455 -28.233577728271484 -20.30000114440918
      vertex 5.935275554656982 -30.23250389099121 -20.30000114440918
    endloop
  endfacet
  facet normal 0 0 1
    outer loop
      vertex 5.305866718292236 -28.380741119384766 -20.30000114440918
      vertex 5.935275554656982 -30.23250389099121 -20.30000114440918
      vertex 5.739391803741455 -28.233577728271484 -20.30000114440918
    endloop
  endfacet
  facet normal 0 0 1
    outer loop
      vertex 5.935275554656982 -30.23250389099121 -20.30000114440918
      vertex 5.305866718292236 -28.380741119384766 -20.30000114440918
      vertex 5.422104358673096 -30.334579467773438 -20.30000114440918
    endloop
  endfacet
  facet normal 0 0 1
    outer loop
      vertex 4.856841564178467 -28.470056533813477 -20.30000114440918
      vertex 5.422104358673096 -30.334579467773438 -20.30000114440918
      vertex 5.305866718292236 -28.380741119384766 -20.30000114440918
    endloop
  endfacet
  facet normal 0 0 1
    outer loop
      vertex 5.422104358673096 -30.334579467773438 -20.30000114440918
      vertex 4.856841564178467 -28.470056533813477 -20.30000114440918
      vertex 4.900000095367432 -30.368799209594727 -20.30000114440918
    endloop
  endfacet
  facet normal 0 0 1
    outer loop
      vertex 4.400000095367432 -28.5 -20.30000114440918
      vertex 4.900000095367432 -30.368799209594727 -20.30000114440918
      vertex 4.856841564178467 -28.470056533813477 -20.30000114440918
    endloop
  endfacet
  facet normal 0 0 1
    outer loop
      vertex 3.9000000953674316 -30.368799209594727 -20.30000114440918
      vertex 4.400000095367432 -28.5 -20.30000114440918
      vertex 3.9431586265563965 -28.470056533813477 -20.30000114440918
    endloop
  endfacet
  facet normal 0 0 1
    outer loop
      vertex 4.400000095367432 -28.5 -20.30000114440918
      vertex 3.9000000953674316 -30.368799209594727 -20.30000114440918
      vertex 4.900000095367432 -30.368799209594727 -20.30000114440918
    endloop
  endfacet
  facet normal 0 0 1
    outer loop
      vertex 3.377894878387451 -30.334579467773438 -20.30000114440918
      vertex 3.9431586265563965 -28.470056533813477 -20.30000114440918
      vertex 3.494133472442627 -28.380741119384766 -20.30000114440918
    endloop
  endfacet
  facet normal 0 0 1
    outer loop
      vertex 3.9431586265563965 -28.470056533813477 -20.30000114440918
      vertex 3.377894878387451 -30.334579467773438 -20.30000114440918
      vertex 3.9000000953674316 -30.368799209594727 -20.30000114440918
    endloop
  endfacet
  facet normal 0 0 1
    outer loop
      vertex 2.8647236824035645 -30.23250389099121 -20.30000114440918
      vertex 3.494133472442627 -28.380741119384766 -20.30000114440918
      vertex 3.060608386993408 -28.233577728271484 -20.30000114440918
    endloop
  endfacet
  facet normal 0 0 1
    outer loop
      vertex 3.494133472442627 -28.380741119384766 -20.30000114440918
      vertex 2.8647236824035645 -30.23250389099121 -20.30000114440918
      vertex 3.377894878387451 -30.334579467773438 -20.30000114440918
    endloop
  endfacet
  facet normal 0 0 1
    outer loop
      vertex 1.899999976158142 -29.832901000976562 -20.30000114440918
      vertex 3.060608386993408 -28.233577728271484 -20.30000114440918
      vertex 2.6500000953674316 -28.031089782714844 -20.30000114440918
    endloop
  endfacet
  facet normal 0 0 1
    outer loop
      vertex 3.060608386993408 -28.233577728271484 -20.30000114440918
      vertex 2.3692660331726074 -30.06431770324707 -20.30000114440918
      vertex 2.8647236824035645 -30.23250389099121 -20.30000114440918
    endloop
  endfacet
  facet normal 0 0 1
    outer loop
      vertex 1.4649537801742554 -29.542213439941406 -20.30000114440918
      vertex 2.6500000953674316 -28.031089782714844 -20.30000114440918
      vertex 2.2693352699279785 -27.776737213134766 -20.30000114440918
    endloop
  endfacet
  facet normal 0 0 1
    outer loop
      vertex 0.7265857458114624 -28.80384635925293 -20.30000114440918
      vertex 2.2693352699279785 -27.776737213134766 -20.30000114440918
      vertex 1.9251264333724976 -27.474872589111328 -20.30000114440918
    endloop
  endfacet
  facet normal 0 0 1
    outer loop
      vertex 3.060608386993408 -28.233577728271484 -20.30000114440918
      vertex 1.899999976158142 -29.832901000976562 -20.30000114440918
      vertex 2.3692660331726074 -30.06431770324707 -20.30000114440918
    endloop
  endfacet
  facet normal 0 0 1
    outer loop
      vertex 0.43589821457862854 -28.368799209594727 -20.30000114440918
      vertex 1.9251264333724976 -27.474872589111328 -20.30000114440918
      vertex 1.6232637166976929 -27.130664825439453 -20.30000114440918
    endloop
  endfacet
  facet normal 0 0 1
    outer loop
      vertex 2.6500000953674316 -28.031089782714844 -20.30000114440918
      vertex 1.4649537801742554 -29.542213439941406 -20.30000114440918
      vertex 1.899999976158142 -29.832901000976562 -20.30000114440918
    endloop
  endfacet
  facet normal 0 0 1
    outer loop
      vertex 0.03629627078771591 -27.404075622558594 -20.30000114440918
      vertex 1.6232637166976929 -27.130664825439453 -20.30000114440918
      vertex 1.3689111471176147 -26.75 -20.30000114440918
    endloop
  endfacet
  facet normal 0 0 1
    outer loop
      vertex -0.06578025966882706 -26.890905380249023 -20.30000114440918
      vertex 1.3689111471176147 -26.75 -20.30000114440918
      vertex 1.1664222478866577 -26.339391708374023 -20.30000114440918
    endloop
  endfacet
  facet normal 0 0 1
    outer loop
      vertex 2.2693352699279785 -27.776737213134766 -20.30000114440918
      vertex 1.0715726613998413 -29.197227478027344 -20.30000114440918
      vertex 1.4649537801742554 -29.542213439941406 -20.30000114440918
    endloop
  endfacet
  facet normal 0 0 1
    outer loop
      vertex -0.10000000149011612 -26.368799209594727 -20.30000114440918
      vertex 1.1664222478866577 -26.339391708374023 -20.30000114440918
      vertex 1.0192598104476929 -25.905866622924805 -20.30000114440918
    endloop
  endfacet
  facet normal 0 0 1
    outer loop
      vertex -0.10000000149011612 -26.368799209594727 -20.30000114440918
      vertex 1.0192598104476929 -25.905866622924805 -20.30000114440918
      vertex 0.9299434423446655 -25.45684051513672 -20.30000114440918
    endloop
  endfacet
  facet normal 0 0 1
    outer loop
      vertex -0.10000000149011612 -26.368799209594727 -20.30000114440918
      vertex 0.9299434423446655 -25.45684051513672 -20.30000114440918
      vertex 0.8999999761581421 -25 -20.30000114440918
    endloop
  endfacet
  facet normal 0 0 1
    outer loop
      vertex 2.2693352699279785 -27.776737213134766 -20.30000114440918
      vertex 0.7265857458114624 -28.80384635925293 -20.30000114440918
      vertex 1.0715726613998413 -29.197227478027344 -20.30000114440918
    endloop
  endfacet
  facet normal 0 0 1
    outer loop
      vertex 0.8999999761581421 25 -20.30000114440918
      vertex -0.10000000149011612 26.368799209594727 -20.30000114440918
      vertex 0.8999999761581421 -25 -20.30000114440918
    endloop
  endfacet
  facet normal 0 0 1
    outer loop
      vertex -0.10000000149011612 26.368799209594727 -20.30000114440918
      vertex 1.1664222478866577 26.339391708374023 -20.30000114440918
      vertex -0.06578025966882706 26.890905380249023 -20.30000114440918
    endloop
  endfacet
  facet normal 0 0 1
    outer loop
      vertex -0.10000000149011612 -26.368799209594727 -20.30000114440918
      vertex 0.8999999761581421 -25 -20.30000114440918
      vertex -0.10000000149011612 26.368799209594727 -20.30000114440918
    endloop
  endfacet
  facet normal 0 0 1
    outer loop
      vertex 1.1664222478866577 26.339391708374023 -20.30000114440918
      vertex -0.10000000149011612 26.368799209594727 -20.30000114440918
      vertex 1.0192598104476929 25.905866622924805 -20.30000114440918
    endloop
  endfacet
  facet normal 0 0 1
    outer loop
      vertex 1.1664222478866577 -26.339391708374023 -20.30000114440918
      vertex -0.10000000149011612 -26.368799209594727 -20.30000114440918
      vertex -0.06578025966882706 -26.890905380249023 -20.30000114440918
    endloop
  endfacet
  facet normal 0 0 1
    outer loop
      vertex 1.0192598104476929 25.905866622924805 -20.30000114440918
      vertex -0.10000000149011612 26.368799209594727 -20.30000114440918
      vertex 0.9299434423446655 25.45684051513672 -20.30000114440918
    endloop
  endfacet
  facet normal 0 0 1
    outer loop
      vertex 1.9251264333724976 -27.474872589111328 -20.30000114440918
      vertex 0.43589821457862854 -28.368799209594727 -20.30000114440918
      vertex 0.7265857458114624 -28.80384635925293 -20.30000114440918
    endloop
  endfacet
  facet normal 0 0 1
    outer loop
      vertex 0.9299434423446655 25.45684051513672 -20.30000114440918
      vertex -0.10000000149011612 26.368799209594727 -20.30000114440918
      vertex 0.8999999761581421 25 -20.30000114440918
    endloop
  endfacet
  facet normal 0 0 1
    outer loop
      vertex 1.6232637166976929 -27.130664825439453 -20.30000114440918
      vertex 0.20448151230812073 -27.899534225463867 -20.30000114440918
      vertex 0.43589821457862854 -28.368799209594727 -20.30000114440918
    endloop
  endfacet
  facet normal 0 0 1
    outer loop
      vertex 1.6232637166976929 -27.130664825439453 -20.30000114440918
      vertex 0.03629627078771591 -27.404075622558594 -20.30000114440918
      vertex 0.20448151230812073 -27.899534225463867 -20.30000114440918
    endloop
  endfacet
  facet normal 0 0 1
    outer loop
      vertex 1.3689111471176147 -26.75 -20.30000114440918
      vertex -0.06578025966882706 -26.890905380249023 -20.30000114440918
      vertex 0.03629627078771591 -27.404075622558594 -20.30000114440918
    endloop
  endfacet
  facet normal 0 0 1
    outer loop
      vertex 7.633577823638916 -23.660608291625977 -20.30000114440918
      vertex 6.418121814727783 -0.8359336853027344 -20.30000114440918
      vertex 7.431088924407959 -23.25 -20.30000114440918
    endloop
  endfacet
  facet normal 0 0 1
    outer loop
      vertex 6.291745662689209 -1.0921993255615234 -20.30000114440918
      vertex 7.431088924407959 -23.25 -20.30000114440918
      vertex 6.418121814727783 -0.8359336853027344 -20.30000114440918
    endloop
  endfacet
  facet normal 0 0 1
    outer loop
      vertex 7.431088924407959 -23.25 -20.30000114440918
      vertex 6.291745662689209 -1.0921993255615234 -20.30000114440918
      vertex 7.176736354827881 -22.869335174560547 -20.30000114440918
    endloop
  endfacet
  facet normal 0 0 1
    outer loop
      vertex 6.13300085067749 -1.329777717590332 -20.30000114440918
      vertex 7.176736354827881 -22.869335174560547 -20.30000114440918
      vertex 6.291745662689209 -1.0921993255615234 -20.30000114440918
    endloop
  endfacet
  facet normal 0 0 1
    outer loop
      vertex 7.176736354827881 -22.869335174560547 -20.30000114440918
      vertex 6.13300085067749 -1.329777717590332 -20.30000114440918
      vertex 6.874873638153076 -22.525127410888672 -20.30000114440918
    endloop
  endfacet
  facet normal 0 0 1
    outer loop
      vertex 5.944603443145752 -1.5446033477783203 -20.30000114440918
      vertex 6.874873638153076 -22.525127410888672 -20.30000114440918
      vertex 6.13300085067749 -1.329777717590332 -20.30000114440918
    endloop
  endfacet
  facet normal 0 0 1
    outer loop
      vertex 6.874873638153076 -22.525127410888672 -20.30000114440918
      vertex 5.944603443145752 -1.5446033477783203 -20.30000114440918
      vertex 6.530664920806885 -22.223262786865234 -20.30000114440918
    endloop
  endfacet
  facet normal 0 0 1
    outer loop
      vertex 5.729777812957764 -1.7330007553100586 -20.30000114440918
      vertex 6.530664920806885 -22.223262786865234 -20.30000114440918
      vertex 5.944603443145752 -1.5446033477783203 -20.30000114440918
    endloop
  endfacet
  facet normal 0 0 1
    outer loop
      vertex 6.530664920806885 -22.223262786865234 -20.30000114440918
      vertex 5.729777812957764 -1.7330007553100586 -20.30000114440918
      vertex 6.150000095367432 -21.968910217285156 -20.30000114440918
    endloop
  endfacet
  facet normal 0 0 1
    outer loop
      vertex 5.492199420928955 -1.8917455673217773 -20.30000114440918
      vertex 6.150000095367432 -21.968910217285156 -20.30000114440918
      vertex 5.729777812957764 -1.7330007553100586 -20.30000114440918
    endloop
  endfacet
  facet normal 0 0 1
    outer loop
      vertex 6.150000095367432 -21.968910217285156 -20.30000114440918
      vertex 5.492199420928955 -1.8917455673217773 -20.30000114440918
      vertex 5.739391803741455 -21.766422271728516 -20.30000114440918
    endloop
  endfacet
  facet normal 0 0 1
    outer loop
      vertex 5.235933780670166 -2.0181217193603516 -20.30000114440918
      vertex 5.739391803741455 -21.766422271728516 -20.30000114440918
      vertex 5.492199420928955 -1.8917455673217773 -20.30000114440918
    endloop
  endfacet
  facet normal 0 0 1
    outer loop
      vertex 5.739391803741455 -21.766422271728516 -20.30000114440918
      vertex 5.235933780670166 -2.0181217193603516 -20.30000114440918
      vertex 5.305866718292236 -21.619258880615234 -20.30000114440918
    endloop
  endfacet
  facet normal 0 0 1
    outer loop
      vertex 4.9653639793396 -2.1099681854248047 -20.30000114440918
      vertex 5.305866718292236 -21.619258880615234 -20.30000114440918
      vertex 5.235933780670166 -2.0181217193603516 -20.30000114440918
    endloop
  endfacet
  facet normal 0 0 1
    outer loop
      vertex 4.9653639793396 -2.1099681854248047 -20.30000114440918
      vertex 4.856841564178467 -21.529943466186523 -20.30000114440918
      vertex 5.305866718292236 -21.619258880615234 -20.30000114440918
    endloop
  endfacet
  facet normal 0 0 1
    outer loop
      vertex 4.685121059417725 -2.1657114028930664 -20.30000114440918
      vertex 4.856841564178467 -21.529943466186523 -20.30000114440918
      vertex 4.9653639793396 -2.1099681854248047 -20.30000114440918
    endloop
  endfacet
  facet normal 0 0 1
    outer loop
      vertex 4.400000095367432 -2.1843996047973633 -20.30000114440918
      vertex 4.856841564178467 -21.529943466186523 -20.30000114440918
      vertex 4.685121059417725 -2.1657114028930664 -20.30000114440918
    endloop
  endfacet
  facet normal 0 0 1
    outer loop
      vertex 4.400000095367432 -2.1843996047973633 -20.30000114440918
      vertex 4.400000095367432 -21.5 -20.30000114440918
      vertex 4.856841564178467 -21.529943466186523 -20.30000114440918
    endloop
  endfacet
  facet normal 0 0 1
    outer loop
      vertex 4.114879131317139 -2.1657114028930664 -20.30000114440918
      vertex 4.400000095367432 -21.5 -20.30000114440918
      vertex 4.400000095367432 -2.1843996047973633 -20.30000114440918
    endloop
  endfacet
  facet normal 0 0 1
    outer loop
      vertex 4.114879131317139 -2.1657114028930664 -20.30000114440918
      vertex 3.9431586265563965 -21.529943466186523 -20.30000114440918
      vertex 4.400000095367432 -21.5 -20.30000114440918
    endloop
  endfacet
  facet normal 0 0 1
    outer loop
      vertex 3.8346362113952637 -2.1099681854248047 -20.30000114440918
      vertex 3.9431586265563965 -21.529943466186523 -20.30000114440918
      vertex 4.114879131317139 -2.1657114028930664 -20.30000114440918
    endloop
  endfacet
  facet normal 0 0 1
    outer loop
      vertex 3.494133472442627 -21.619258880615234 -20.30000114440918
      vertex 3.8346362113952637 -2.1099681854248047 -20.30000114440918
      vertex 3.5640664100646973 -2.0181217193603516 -20.30000114440918
    endloop
  endfacet
  facet normal 0 0 1
    outer loop
      vertex 3.8346362113952637 -2.1099681854248047 -20.30000114440918
      vertex 3.494133472442627 -21.619258880615234 -20.30000114440918
      vertex 3.9431586265563965 -21.529943466186523 -20.30000114440918
    endloop
  endfacet
  facet normal 0 0 1
    outer loop
      vertex 3.060608386993408 -21.766422271728516 -20.30000114440918
      vertex 3.5640664100646973 -2.0181217193603516 -20.30000114440918
      vertex 3.307800769805908 -1.8917455673217773 -20.30000114440918
    endloop
  endfacet
  facet normal 0 0 1
    outer loop
      vertex 2.6500000953674316 -21.968910217285156 -20.30000114440918
      vertex 3.307800769805908 -1.8917455673217773 -20.30000114440918
      vertex 3.0702223777770996 -1.7330007553100586 -20.30000114440918
    endloop
  endfacet
  facet normal 0 0 1
    outer loop
      vertex 3.5640664100646973 -2.0181217193603516 -20.30000114440918
      vertex 3.060608386993408 -21.766422271728516 -20.30000114440918
      vertex 3.494133472442627 -21.619258880615234 -20.30000114440918
    endloop
  endfacet
  facet normal 0 0 1
    outer loop
      vertex 2.2693352699279785 -22.223262786865234 -20.30000114440918
      vertex 3.0702223777770996 -1.7330007553100586 -20.30000114440918
      vertex 2.8553967475891113 -1.5446033477783203 -20.30000114440918
    endloop
  endfacet
  facet normal 0 0 1
    outer loop
      vertex 1.9251264333724976 -22.525127410888672 -20.30000114440918
      vertex 2.8553967475891113 -1.5446033477783203 -20.30000114440918
      vertex 2.666999340057373 -1.329777717590332 -20.30000114440918
    endloop
  endfacet
  facet normal 0 0 1
    outer loop
      vertex 3.307800769805908 -1.8917455673217773 -20.30000114440918
      vertex 2.6500000953674316 -21.968910217285156 -20.30000114440918
      vertex 3.060608386993408 -21.766422271728516 -20.30000114440918
    endloop
  endfacet
  facet normal 0 0 1
    outer loop
      vertex 1.6232637166976929 -22.869335174560547 -20.30000114440918
      vertex 2.666999340057373 -1.329777717590332 -20.30000114440918
      vertex 2.5082545280456543 -1.0921993255615234 -20.30000114440918
    endloop
  endfacet
  facet normal 0 0 1
    outer loop
      vertex 1.3689111471176147 -23.25 -20.30000114440918
      vertex 2.5082545280456543 -1.0921993255615234 -20.30000114440918
      vertex 2.38187837600708 -0.8359336853027344 -20.30000114440918
    endloop
  endfacet
  facet normal 0 0 1
    outer loop
      vertex 1.1664222478866577 -23.660608291625977 -20.30000114440918
      vertex 2.38187837600708 -0.8359336853027344 -20.30000114440918
      vertex 2.290031909942627 -0.565363883972168 -20.30000114440918
    endloop
  endfacet
  facet normal 0 0 1
    outer loop
      vertex 3.0702223777770996 -1.7330007553100586 -20.30000114440918
      vertex 2.2693352699279785 -22.223262786865234 -20.30000114440918
      vertex 2.6500000953674316 -21.968910217285156 -20.30000114440918
    endloop
  endfacet
  facet normal 0 0 1
    outer loop
      vertex 1.0192598104476929 -24.094133377075195 -20.30000114440918
      vertex 2.290031909942627 -0.565363883972168 -20.30000114440918
      vertex 2.2342886924743652 -0.28512096405029297 -20.30000114440918
    endloop
  endfacet
  facet normal 0 0 1
    outer loop
      vertex 0.9299434423446655 -24.54315948486328 -20.30000114440918
      vertex 2.2342886924743652 -0.28512096405029297 -20.30000114440918
      vertex 2.2156004905700684 0 -20.30000114440918
    endloop
  endfacet
  facet normal 0 0 1
    outer loop
      vertex 2.38187837600708 0.8359336853027344 -20.30000114440918
      vertex 1.1664222478866577 23.660608291625977 -20.30000114440918
      vertex 2.290031909942627 0.565363883972168 -20.30000114440918
    endloop
  endfacet
  facet normal 0 0 1
    outer loop
      vertex 2.8553967475891113 -1.5446033477783203 -20.30000114440918
      vertex 1.9251264333724976 -22.525127410888672 -20.30000114440918
      vertex 2.2693352699279785 -22.223262786865234 -20.30000114440918
    endloop
  endfacet
  facet normal 0 0 1
    outer loop
      vertex 1.0192598104476929 24.094133377075195 -20.30000114440918
      vertex 2.290031909942627 0.565363883972168 -20.30000114440918
      vertex 1.1664222478866577 23.660608291625977 -20.30000114440918
    endloop
  endfacet
  facet normal 0 0 1
    outer loop
      vertex 2.666999340057373 -1.329777717590332 -20.30000114440918
      vertex 1.6232637166976929 -22.869335174560547 -20.30000114440918
      vertex 1.9251264333724976 -22.525127410888672 -20.30000114440918
    endloop
  endfacet
  facet normal 0 0 1
    outer loop
      vertex 2.290031909942627 0.565363883972168 -20.30000114440918
      vertex 1.0192598104476929 24.094133377075195 -20.30000114440918
      vertex 2.2342886924743652 0.28512096405029297 -20.30000114440918
    endloop
  endfacet
  facet normal 0 0 1
    outer loop
      vertex 2.5082545280456543 -1.0921993255615234 -20.30000114440918
      vertex 1.3689111471176147 -23.25 -20.30000114440918
      vertex 1.6232637166976929 -22.869335174560547 -20.30000114440918
    endloop
  endfacet
  facet normal 0 0 1
    outer loop
      vertex 0.9299434423446655 24.54315948486328 -20.30000114440918
      vertex 2.2342886924743652 0.28512096405029297 -20.30000114440918
      vertex 1.0192598104476929 24.094133377075195 -20.30000114440918
    endloop
  endfacet
  facet normal 0 0 1
    outer loop
      vertex 2.38187837600708 -0.8359336853027344 -20.30000114440918
      vertex 1.1664222478866577 -23.660608291625977 -20.30000114440918
      vertex 1.3689111471176147 -23.25 -20.30000114440918
    endloop
  endfacet
  facet normal 0 0 1
    outer loop
      vertex 2.2342886924743652 0.28512096405029297 -20.30000114440918
      vertex 0.9299434423446655 24.54315948486328 -20.30000114440918
      vertex 2.2156004905700684 0 -20.30000114440918
    endloop
  endfacet
  facet normal 0 0 1
    outer loop
      vertex 2.290031909942627 -0.565363883972168 -20.30000114440918
      vertex 1.0192598104476929 -24.094133377075195 -20.30000114440918
      vertex 1.1664222478866577 -23.660608291625977 -20.30000114440918
    endloop
  endfacet
  facet normal 0 0 1
    outer loop
      vertex 0.9299434423446655 -24.54315948486328 -20.30000114440918
      vertex 2.2156004905700684 0 -20.30000114440918
      vertex 0.9299434423446655 24.54315948486328 -20.30000114440918
    endloop
  endfacet
  facet normal 0 0 1
    outer loop
      vertex 2.2342886924743652 -0.28512096405029297 -20.30000114440918
      vertex 0.9299434423446655 -24.54315948486328 -20.30000114440918
      vertex 1.0192598104476929 -24.094133377075195 -20.30000114440918
    endloop
  endfacet
  facet normal 0 0 1
    outer loop
      vertex 0.8999999761581421 25 -20.30000114440918
      vertex 0.9299434423446655 -24.54315948486328 -20.30000114440918
      vertex 0.9299434423446655 24.54315948486328 -20.30000114440918
    endloop
  endfacet
  facet normal 0 0 1
    outer loop
      vertex 0.9299434423446655 -24.54315948486328 -20.30000114440918
      vertex 0.8999999761581421 25 -20.30000114440918
      vertex 0.8999999761581421 -25 -20.30000114440918
    endloop
  endfacet
  facet normal 0 0 -1
    outer loop
      vertex 8.899999618530273 26.368799209594727 -27.700000762939453
      vertex 6.565711498260498 24.71487808227539 -27.700000762939453
      vertex 6.584399700164795 25 -27.700000762939453
    endloop
  endfacet
  facet normal 0 0 -1
    outer loop
      vertex 5.944603443145752 23.45539665222168 -27.700000762939453
      vertex 6.874873638153076 2.4748735427856445 -27.700000762939453
      vertex 6.530664920806885 2.776736259460449 -27.700000762939453
    endloop
  endfacet
  facet normal 0 0 -1
    outer loop
      vertex 8.899999618530273 26.368799209594727 -27.700000762939453
      vertex 6.509968280792236 24.434635162353516 -27.700000762939453
      vertex 6.565711498260498 24.71487808227539 -27.700000762939453
    endloop
  endfacet
  facet normal 0 0 -1
    outer loop
      vertex 8.899999618530273 26.368799209594727 -27.700000762939453
      vertex 6.418121814727783 24.164066314697266 -27.700000762939453
      vertex 6.509968280792236 24.434635162353516 -27.700000762939453
    endloop
  endfacet
  facet normal 0 0 -1
    outer loop
      vertex 8.899999618530273 26.368799209594727 -27.700000762939453
      vertex 6.291745662689209 23.907800674438477 -27.700000762939453
      vertex 6.418121814727783 24.164066314697266 -27.700000762939453
    endloop
  endfacet
  facet normal 0 0 -1
    outer loop
      vertex 5.729777812957764 23.266998291015625 -27.700000762939453
      vertex 6.530664920806885 2.776736259460449 -27.700000762939453
      vertex 6.150000095367432 3.0310888290405273 -27.700000762939453
    endloop
  endfacet
  facet normal 0 0 -1
    outer loop
      vertex 8.899999618530273 26.368799209594727 -27.700000762939453
      vertex 6.13300085067749 23.670223236083984 -27.700000762939453
      vertex 6.291745662689209 23.907800674438477 -27.700000762939453
    endloop
  endfacet
  facet normal 0 0 -1
    outer loop
      vertex 6.874873638153076 2.4748735427856445 -27.700000762939453
      vertex 5.944603443145752 23.45539665222168 -27.700000762939453
      vertex 6.13300085067749 23.670223236083984 -27.700000762939453
    endloop
  endfacet
  facet normal 0 0 -1
    outer loop
      vertex 5.492199420928955 23.108253479003906 -27.700000762939453
      vertex 6.150000095367432 3.0310888290405273 -27.700000762939453
      vertex 5.739391803741455 3.2335777282714844 -27.700000762939453
    endloop
  endfacet
  facet normal 0 0 -1
    outer loop
      vertex 6.530664920806885 2.776736259460449 -27.700000762939453
      vertex 5.729777812957764 23.266998291015625 -27.700000762939453
      vertex 5.944603443145752 23.45539665222168 -27.700000762939453
    endloop
  endfacet
  facet normal 0 0 -1
    outer loop
      vertex 6.150000095367432 3.0310888290405273 -27.700000762939453
      vertex 5.492199420928955 23.108253479003906 -27.700000762939453
      vertex 5.729777812957764 23.266998291015625 -27.700000762939453
    endloop
  endfacet
  facet normal 0 0 -1
    outer loop
      vertex 5.235933780670166 22.98187828063965 -27.700000762939453
      vertex 5.739391803741455 3.2335777282714844 -27.700000762939453
      vertex 5.305866718292236 3.380740165710449 -27.700000762939453
    endloop
  endfacet
  facet normal 0 0 -1
    outer loop
      vertex 5.739391803741455 3.2335777282714844 -27.700000762939453
      vertex 5.235933780670166 22.98187828063965 -27.700000762939453
      vertex 5.492199420928955 23.108253479003906 -27.700000762939453
    endloop
  endfacet
  facet normal 0 0 -1
    outer loop
      vertex 5.305866718292236 3.380740165710449 -27.700000762939453
      vertex 4.9653639793396 22.890031814575195 -27.700000762939453
      vertex 5.235933780670166 22.98187828063965 -27.700000762939453
    endloop
  endfacet
  facet normal 0 0 -1
    outer loop
      vertex 4.856841564178467 3.4700565338134766 -27.700000762939453
      vertex 4.9653639793396 22.890031814575195 -27.700000762939453
      vertex 5.305866718292236 3.380740165710449 -27.700000762939453
    endloop
  endfacet
  facet normal 0 0 -1
    outer loop
      vertex 4.856841564178467 3.4700565338134766 -27.700000762939453
      vertex 4.685121059417725 22.83428955078125 -27.700000762939453
      vertex 4.9653639793396 22.890031814575195 -27.700000762939453
    endloop
  endfacet
  facet normal 0 0 -1
    outer loop
      vertex 4.400000095367432 3.5 -27.700000762939453
      vertex 4.685121059417725 22.83428955078125 -27.700000762939453
      vertex 4.856841564178467 3.4700565338134766 -27.700000762939453
    endloop
  endfacet
  facet normal 0 0 -1
    outer loop
      vertex 4.400000095367432 3.5 -27.700000762939453
      vertex 4.400000095367432 22.815601348876953 -27.700000762939453
      vertex 4.685121059417725 22.83428955078125 -27.700000762939453
    endloop
  endfacet
  facet normal 0 0 -1
    outer loop
      vertex 4.400000095367432 3.5 -27.700000762939453
      vertex 4.114879131317139 22.83428955078125 -27.700000762939453
      vertex 4.400000095367432 22.815601348876953 -27.700000762939453
    endloop
  endfacet
  facet normal 0 0 -1
    outer loop
      vertex 3.9431586265563965 3.4700565338134766 -27.700000762939453
      vertex 4.114879131317139 22.83428955078125 -27.700000762939453
      vertex 4.400000095367432 3.5 -27.700000762939453
    endloop
  endfacet
  facet normal 0 0 -1
    outer loop
      vertex 3.9431586265563965 3.4700565338134766 -27.700000762939453
      vertex 3.8346362113952637 22.890031814575195 -27.700000762939453
      vertex 4.114879131317139 22.83428955078125 -27.700000762939453
    endloop
  endfacet
  facet normal 0 0 -1
    outer loop
      vertex 3.494133472442627 3.380740165710449 -27.700000762939453
      vertex 3.8346362113952637 22.890031814575195 -27.700000762939453
      vertex 3.9431586265563965 3.4700565338134766 -27.700000762939453
    endloop
  endfacet
  facet normal 0 0 -1
    outer loop
      vertex 3.8346362113952637 22.890031814575195 -27.700000762939453
      vertex 3.494133472442627 3.380740165710449 -27.700000762939453
      vertex 3.5640664100646973 22.98187828063965 -27.700000762939453
    endloop
  endfacet
  facet normal 0 0 -1
    outer loop
      vertex 3.060608386993408 3.2335777282714844 -27.700000762939453
      vertex 3.5640664100646973 22.98187828063965 -27.700000762939453
      vertex 3.494133472442627 3.380740165710449 -27.700000762939453
    endloop
  endfacet
  facet normal 0 0 -1
    outer loop
      vertex 3.5640664100646973 22.98187828063965 -27.700000762939453
      vertex 3.060608386993408 3.2335777282714844 -27.700000762939453
      vertex 3.307800769805908 23.108253479003906 -27.700000762939453
    endloop
  endfacet
  facet normal 0 0 -1
    outer loop
      vertex 2.6500000953674316 3.0310888290405273 -27.700000762939453
      vertex 3.307800769805908 23.108253479003906 -27.700000762939453
      vertex 3.060608386993408 3.2335777282714844 -27.700000762939453
    endloop
  endfacet
  facet normal 0 0 -1
    outer loop
      vertex 3.307800769805908 23.108253479003906 -27.700000762939453
      vertex 2.6500000953674316 3.0310888290405273 -27.700000762939453
      vertex 3.0702223777770996 23.266998291015625 -27.700000762939453
    endloop
  endfacet
  facet normal 0 0 -1
    outer loop
      vertex 2.2693352699279785 2.776736259460449 -27.700000762939453
      vertex 3.0702223777770996 23.266998291015625 -27.700000762939453
      vertex 2.6500000953674316 3.0310888290405273 -27.700000762939453
    endloop
  endfacet
  facet normal 0 0 -1
    outer loop
      vertex 3.0702223777770996 23.266998291015625 -27.700000762939453
      vertex 2.2693352699279785 2.776736259460449 -27.700000762939453
      vertex 2.8553967475891113 23.45539665222168 -27.700000762939453
    endloop
  endfacet
  facet normal 0 0 -1
    outer loop
      vertex 1.9251264333724976 2.4748735427856445 -27.700000762939453
      vertex 2.8553967475891113 23.45539665222168 -27.700000762939453
      vertex 2.2693352699279785 2.776736259460449 -27.700000762939453
    endloop
  endfacet
  facet normal 0 0 -1
    outer loop
      vertex 2.8553967475891113 23.45539665222168 -27.700000762939453
      vertex 1.9251264333724976 2.4748735427856445 -27.700000762939453
      vertex 2.666999340057373 23.670223236083984 -27.700000762939453
    endloop
  endfacet
  facet normal 0 0 -1
    outer loop
      vertex -0.10000000149011612 26.368799209594727 -27.700000762939453
      vertex 2.666999340057373 23.670223236083984 -27.700000762939453
      vertex 1.9251264333724976 2.4748735427856445 -27.700000762939453
    endloop
  endfacet
  facet normal 0 0 -1
    outer loop
      vertex 2.666999340057373 23.670223236083984 -27.700000762939453
      vertex -0.10000000149011612 26.368799209594727 -27.700000762939453
      vertex 2.5082545280456543 23.907800674438477 -27.700000762939453
    endloop
  endfacet
  facet normal 0 0 -1
    outer loop
      vertex 2.5082545280456543 23.907800674438477 -27.700000762939453
      vertex -0.10000000149011612 26.368799209594727 -27.700000762939453
      vertex 2.38187837600708 24.164066314697266 -27.700000762939453
    endloop
  endfacet
  facet normal 0 0 -1
    outer loop
      vertex 2.290031909942627 24.434635162353516 -27.700000762939453
      vertex -0.10000000149011612 26.368799209594727 -27.700000762939453
      vertex 2.2342886924743652 24.71487808227539 -27.700000762939453
    endloop
  endfacet
  facet normal 0 0 -1
    outer loop
      vertex 2.38187837600708 24.164066314697266 -27.700000762939453
      vertex -0.10000000149011612 26.368799209594727 -27.700000762939453
      vertex 2.290031909942627 24.434635162353516 -27.700000762939453
    endloop
  endfacet
  facet normal 0 0 -1
    outer loop
      vertex 6.418121814727783 -25.835933685302734 -27.700000762939453
      vertex 8.899999618530273 -26.368799209594727 -27.700000762939453
      vertex 8.865778923034668 -26.890905380249023 -27.700000762939453
    endloop
  endfacet
  facet normal 0 0 -1
    outer loop
      vertex 8.899999618530273 -26.368799209594727 -27.700000762939453
      vertex 7.900000095367432 0 -27.700000762939453
      vertex 8.899999618530273 26.368799209594727 -27.700000762939453
    endloop
  endfacet
  facet normal 0 0 -1
    outer loop
      vertex 6.291745662689209 -26.092199325561523 -27.700000762939453
      vertex 8.865778923034668 -26.890905380249023 -27.700000762939453
      vertex 8.763702392578125 -27.404075622558594 -27.700000762939453
    endloop
  endfacet
  facet normal 0 0 -1
    outer loop
      vertex 7.870056629180908 0.45684146881103516 -27.700000762939453
      vertex 8.899999618530273 26.368799209594727 -27.700000762939453
      vertex 7.900000095367432 0 -27.700000762939453
    endloop
  endfacet
  facet normal 0 0 -1
    outer loop
      vertex 6.13300085067749 -26.329776763916016 -27.700000762939453
      vertex 8.763702392578125 -27.404075622558594 -27.700000762939453
      vertex 8.5955171585083 -27.899534225463867 -27.700000762939453
    endloop
  endfacet
  facet normal 0 0 -1
    outer loop
      vertex 7.780740261077881 0.9058666229248047 -27.700000762939453
      vertex 8.899999618530273 26.368799209594727 -27.700000762939453
      vertex 7.870056629180908 0.45684146881103516 -27.700000762939453
    endloop
  endfacet
  facet normal 0 0 -1
    outer loop
      vertex 5.944603443145752 -26.54460334777832 -27.700000762939453
      vertex 8.5955171585083 -27.899534225463867 -27.700000762939453
      vertex 8.364100456237793 -28.368799209594727 -27.700000762939453
    endloop
  endfacet
  facet normal 0 0 -1
    outer loop
      vertex 7.633577823638916 1.3393917083740234 -27.700000762939453
      vertex 8.899999618530273 26.368799209594727 -27.700000762939453
      vertex 7.780740261077881 0.9058666229248047 -27.700000762939453
    endloop
  endfacet
  facet normal 0 0 -1
    outer loop
      vertex 5.944603443145752 -26.54460334777832 -27.700000762939453
      vertex 8.364100456237793 -28.368799209594727 -27.700000762939453
      vertex 8.073412895202637 -28.80384635925293 -27.700000762939453
    endloop
  endfacet
  facet normal 0 0 -1
    outer loop
      vertex 7.431088924407959 1.75 -27.700000762939453
      vertex 8.899999618530273 26.368799209594727 -27.700000762939453
      vertex 7.633577823638916 1.3393917083740234 -27.700000762939453
    endloop
  endfacet
  facet normal 0 0 -1
    outer loop
      vertex 7.176736354827881 2.130664825439453 -27.700000762939453
      vertex 8.899999618530273 26.368799209594727 -27.700000762939453
      vertex 7.431088924407959 1.75 -27.700000762939453
    endloop
  endfacet
  facet normal 0 0 -1
    outer loop
      vertex 8.899999618530273 -26.368799209594727 -27.700000762939453
      vertex 7.870056629180908 -0.45684146881103516 -27.700000762939453
      vertex 7.900000095367432 0 -27.700000762939453
    endloop
  endfacet
  facet normal 0 0 -1
    outer loop
      vertex 8.899999618530273 -26.368799209594727 -27.700000762939453
      vertex 7.780740261077881 -0.9058666229248047 -27.700000762939453
      vertex 7.870056629180908 -0.45684146881103516 -27.700000762939453
    endloop
  endfacet
  facet normal 0 0 -1
    outer loop
      vertex 5.729777812957764 -26.733001708984375 -27.700000762939453
      vertex 8.073412895202637 -28.80384635925293 -27.700000762939453
      vertex 7.728426456451416 -29.197227478027344 -27.700000762939453
    endloop
  endfacet
  facet normal 0 0 -1
    outer loop
      vertex 8.899999618530273 -26.368799209594727 -27.700000762939453
      vertex 6.565711498260498 -24.71487808227539 -27.700000762939453
      vertex 6.509968280792236 -24.434635162353516 -27.700000762939453
    endloop
  endfacet
  facet normal 0 0 -1
    outer loop
      vertex 8.899999618530273 -26.368799209594727 -27.700000762939453
      vertex 6.509968280792236 -24.434635162353516 -27.700000762939453
      vertex 6.418121814727783 -24.164066314697266 -27.700000762939453
    endloop
  endfacet
  facet normal 0 0 -1
    outer loop
      vertex 5.492199420928955 -26.891746520996094 -27.700000762939453
      vertex 7.728426456451416 -29.197227478027344 -27.700000762939453
      vertex 7.335045337677002 -29.542213439941406 -27.700000762939453
    endloop
  endfacet
  facet normal 0 0 -1
    outer loop
      vertex 8.899999618530273 -26.368799209594727 -27.700000762939453
      vertex 7.633577823638916 -1.3393917083740234 -27.700000762939453
      vertex 7.780740261077881 -0.9058666229248047 -27.700000762939453
    endloop
  endfacet
  facet normal 0 0 -1
    outer loop
      vertex 5.492199420928955 -26.891746520996094 -27.700000762939453
      vertex 7.335045337677002 -29.542213439941406 -27.700000762939453
      vertex 6.900000095367432 -29.832901000976562 -27.700000762939453
    endloop
  endfacet
  facet normal 0 0 -1
    outer loop
      vertex 8.899999618530273 -26.368799209594727 -27.700000762939453
      vertex 6.584399700164795 -25 -27.700000762939453
      vertex 6.565711498260498 -24.71487808227539 -27.700000762939453
    endloop
  endfacet
  facet normal 0 0 -1
    outer loop
      vertex 8.899999618530273 -26.368799209594727 -27.700000762939453
      vertex 6.418121814727783 -24.164066314697266 -27.700000762939453
      vertex 6.291745662689209 -23.907800674438477 -27.700000762939453
    endloop
  endfacet
  facet normal 0 0 -1
    outer loop
      vertex 8.899999618530273 -26.368799209594727 -27.700000762939453
      vertex 6.565711498260498 -25.28512191772461 -27.700000762939453
      vertex 6.584399700164795 -25 -27.700000762939453
    endloop
  endfacet
  facet normal 0 0 -1
    outer loop
      vertex 8.899999618530273 -26.368799209594727 -27.700000762939453
      vertex 6.509968280792236 -25.565364837646484 -27.700000762939453
      vertex 6.565711498260498 -25.28512191772461 -27.700000762939453
    endloop
  endfacet
  facet normal 0 0 -1
    outer loop
      vertex 5.235933780670166 -27.01812171936035 -27.700000762939453
      vertex 6.900000095367432 -29.832901000976562 -27.700000762939453
      vertex 6.4307332038879395 -30.06431770324707 -27.700000762939453
    endloop
  endfacet
  facet normal 0 0 -1
    outer loop
      vertex 8.899999618530273 -26.368799209594727 -27.700000762939453
      vertex 6.418121814727783 -25.835933685302734 -27.700000762939453
      vertex 6.509968280792236 -25.565364837646484 -27.700000762939453
    endloop
  endfacet
  facet normal 0 0 -1
    outer loop
      vertex 8.865778923034668 -26.890905380249023 -27.700000762939453
      vertex 6.291745662689209 -26.092199325561523 -27.700000762939453
      vertex 6.418121814727783 -25.835933685302734 -27.700000762939453
    endloop
  endfacet
  facet normal 0 0 -1
    outer loop
      vertex 8.763702392578125 -27.404075622558594 -27.700000762939453
      vertex 6.13300085067749 -26.329776763916016 -27.700000762939453
      vertex 6.291745662689209 -26.092199325561523 -27.700000762939453
    endloop
  endfacet
  facet normal 0 0 -1
    outer loop
      vertex 8.5955171585083 -27.899534225463867 -27.700000762939453
      vertex 5.944603443145752 -26.54460334777832 -27.700000762939453
      vertex 6.13300085067749 -26.329776763916016 -27.700000762939453
    endloop
  endfacet
  facet normal 0 0 -1
    outer loop
      vertex 5.235933780670166 -27.01812171936035 -27.700000762939453
      vertex 6.4307332038879395 -30.06431770324707 -27.700000762939453
      vertex 5.935275554656982 -30.23250389099121 -27.700000762939453
    endloop
  endfacet
  facet normal 0 0 -1
    outer loop
      vertex 8.073412895202637 -28.80384635925293 -27.700000762939453
      vertex 5.729777812957764 -26.733001708984375 -27.700000762939453
      vertex 5.944603443145752 -26.54460334777832 -27.700000762939453
    endloop
  endfacet
  facet normal 0 0 -1
    outer loop
      vertex 7.728426456451416 -29.197227478027344 -27.700000762939453
      vertex 5.492199420928955 -26.891746520996094 -27.700000762939453
      vertex 5.729777812957764 -26.733001708984375 -27.700000762939453
    endloop
  endfacet
  facet normal 0 0 -1
    outer loop
      vertex 4.9653639793396 -27.109968185424805 -27.700000762939453
      vertex 5.935275554656982 -30.23250389099121 -27.700000762939453
      vertex 5.422104358673096 -30.334579467773438 -27.700000762939453
    endloop
  endfacet
  facet normal 0 0 -1
    outer loop
      vertex 6.900000095367432 -29.832901000976562 -27.700000762939453
      vertex 5.235933780670166 -27.01812171936035 -27.700000762939453
      vertex 5.492199420928955 -26.891746520996094 -27.700000762939453
    endloop
  endfacet
  facet normal 0 0 -1
    outer loop
      vertex 5.935275554656982 -30.23250389099121 -27.700000762939453
      vertex 4.9653639793396 -27.109968185424805 -27.700000762939453
      vertex 5.235933780670166 -27.01812171936035 -27.700000762939453
    endloop
  endfacet
  facet normal 0 0 -1
    outer loop
      vertex 4.685121059417725 -27.16571044921875 -27.700000762939453
      vertex 5.422104358673096 -30.334579467773438 -27.700000762939453
      vertex 4.900000095367432 -30.368799209594727 -27.700000762939453
    endloop
  endfacet
  facet normal 0 0 -1
    outer loop
      vertex 5.422104358673096 -30.334579467773438 -27.700000762939453
      vertex 4.685121059417725 -27.16571044921875 -27.700000762939453
      vertex 4.9653639793396 -27.109968185424805 -27.700000762939453
    endloop
  endfacet
  facet normal 0 0 -1
    outer loop
      vertex 4.900000095367432 -30.368799209594727 -27.700000762939453
      vertex 4.400000095367432 -27.184398651123047 -27.700000762939453
      vertex 4.685121059417725 -27.16571044921875 -27.700000762939453
    endloop
  endfacet
  facet normal 0 0 -1
    outer loop
      vertex 3.9000000953674316 -30.368799209594727 -27.700000762939453
      vertex 4.400000095367432 -27.184398651123047 -27.700000762939453
      vertex 4.900000095367432 -30.368799209594727 -27.700000762939453
    endloop
  endfacet
  facet normal 0 0 -1
    outer loop
      vertex 4.400000095367432 -27.184398651123047 -27.700000762939453
      vertex 3.9000000953674316 -30.368799209594727 -27.700000762939453
      vertex 4.114879131317139 -27.16571044921875 -27.700000762939453
    endloop
  endfacet
  facet normal 0 0 -1
    outer loop
      vertex 3.377894878387451 -30.334579467773438 -27.700000762939453
      vertex 4.114879131317139 -27.16571044921875 -27.700000762939453
      vertex 3.9000000953674316 -30.368799209594727 -27.700000762939453
    endloop
  endfacet
  facet normal 0 0 -1
    outer loop
      vertex 4.114879131317139 -27.16571044921875 -27.700000762939453
      vertex 3.377894878387451 -30.334579467773438 -27.700000762939453
      vertex 3.8346362113952637 -27.109968185424805 -27.700000762939453
    endloop
  endfacet
  facet normal 0 0 -1
    outer loop
      vertex 2.8647236824035645 -30.23250389099121 -27.700000762939453
      vertex 3.8346362113952637 -27.109968185424805 -27.700000762939453
      vertex 3.377894878387451 -30.334579467773438 -27.700000762939453
    endloop
  endfacet
  facet normal 0 0 -1
    outer loop
      vertex 3.8346362113952637 -27.109968185424805 -27.700000762939453
      vertex 2.8647236824035645 -30.23250389099121 -27.700000762939453
      vertex 3.5640664100646973 -27.01812171936035 -27.700000762939453
    endloop
  endfacet
  facet normal 0 0 -1
    outer loop
      vertex 2.3692660331726074 -30.06431770324707 -27.700000762939453
      vertex 3.5640664100646973 -27.01812171936035 -27.700000762939453
      vertex 2.8647236824035645 -30.23250389099121 -27.700000762939453
    endloop
  endfacet
  facet normal 0 0 -1
    outer loop
      vertex 1.899999976158142 -29.832901000976562 -27.700000762939453
      vertex 3.5640664100646973 -27.01812171936035 -27.700000762939453
      vertex 2.3692660331726074 -30.06431770324707 -27.700000762939453
    endloop
  endfacet
  facet normal 0 0 -1
    outer loop
      vertex 3.5640664100646973 -27.01812171936035 -27.700000762939453
      vertex 1.899999976158142 -29.832901000976562 -27.700000762939453
      vertex 3.307800769805908 -26.891746520996094 -27.700000762939453
    endloop
  endfacet
  facet normal 0 0 -1
    outer loop
      vertex 1.4649537801742554 -29.542213439941406 -27.700000762939453
      vertex 3.307800769805908 -26.891746520996094 -27.700000762939453
      vertex 1.899999976158142 -29.832901000976562 -27.700000762939453
    endloop
  endfacet
  facet normal 0 0 -1
    outer loop
      vertex 1.0715726613998413 -29.197227478027344 -27.700000762939453
      vertex 3.307800769805908 -26.891746520996094 -27.700000762939453
      vertex 1.4649537801742554 -29.542213439941406 -27.700000762939453
    endloop
  endfacet
  facet normal 0 0 -1
    outer loop
      vertex 3.307800769805908 -26.891746520996094 -27.700000762939453
      vertex 1.0715726613998413 -29.197227478027344 -27.700000762939453
      vertex 3.0702223777770996 -26.733001708984375 -27.700000762939453
    endloop
  endfacet
  facet normal 0 0 -1
    outer loop
      vertex 0.7265857458114624 -28.80384635925293 -27.700000762939453
      vertex 3.0702223777770996 -26.733001708984375 -27.700000762939453
      vertex 1.0715726613998413 -29.197227478027344 -27.700000762939453
    endloop
  endfacet
  facet normal 0 0 -1
    outer loop
      vertex 3.0702223777770996 -26.733001708984375 -27.700000762939453
      vertex 0.7265857458114624 -28.80384635925293 -27.700000762939453
      vertex 2.8553967475891113 -26.54460334777832 -27.700000762939453
    endloop
  endfacet
  facet normal 0 0 -1
    outer loop
      vertex 0.43589821457862854 -28.368799209594727 -27.700000762939453
      vertex 2.8553967475891113 -26.54460334777832 -27.700000762939453
      vertex 0.7265857458114624 -28.80384635925293 -27.700000762939453
    endloop
  endfacet
  facet normal 0 0 -1
    outer loop
      vertex 0.20448151230812073 -27.899534225463867 -27.700000762939453
      vertex 2.8553967475891113 -26.54460334777832 -27.700000762939453
      vertex 0.43589821457862854 -28.368799209594727 -27.700000762939453
    endloop
  endfacet
  facet normal 0 0 -1
    outer loop
      vertex 2.8553967475891113 -26.54460334777832 -27.700000762939453
      vertex 0.20448151230812073 -27.899534225463867 -27.700000762939453
      vertex 2.666999340057373 -26.329776763916016 -27.700000762939453
    endloop
  endfacet
  facet normal 0 0 -1
    outer loop
      vertex 0.03629627078771591 -27.404075622558594 -27.700000762939453
      vertex 2.666999340057373 -26.329776763916016 -27.700000762939453
      vertex 0.20448151230812073 -27.899534225463867 -27.700000762939453
    endloop
  endfacet
  facet normal 0 0 -1
    outer loop
      vertex 2.2156004905700684 -25 -27.700000762939453
      vertex -0.10000000149011612 -26.368799209594727 -27.700000762939453
      vertex 1.9251264333724976 -2.4748735427856445 -27.700000762939453
    endloop
  endfacet
  facet normal 0 0 -1
    outer loop
      vertex 2.666999340057373 -26.329776763916016 -27.700000762939453
      vertex 0.03629627078771591 -27.404075622558594 -27.700000762939453
      vertex 2.5082545280456543 -26.092199325561523 -27.700000762939453
    endloop
  endfacet
  facet normal 0 0 -1
    outer loop
      vertex 1.9251264333724976 -2.4748735427856445 -27.700000762939453
      vertex -0.10000000149011612 -26.368799209594727 -27.700000762939453
      vertex 1.6232637166976929 -2.130664825439453 -27.700000762939453
    endloop
  endfacet
  facet normal 0 0 -1
    outer loop
      vertex 1.6232637166976929 -2.130664825439453 -27.700000762939453
      vertex -0.10000000149011612 -26.368799209594727 -27.700000762939453
      vertex 1.3689111471176147 -1.75 -27.700000762939453
    endloop
  endfacet
  facet normal 0 0 -1
    outer loop
      vertex -0.06578025966882706 -26.890905380249023 -27.700000762939453
      vertex 2.5082545280456543 -26.092199325561523 -27.700000762939453
      vertex 0.03629627078771591 -27.404075622558594 -27.700000762939453
    endloop
  endfacet
  facet normal 0 0 -1
    outer loop
      vertex 1.3689111471176147 -1.75 -27.700000762939453
      vertex -0.10000000149011612 -26.368799209594727 -27.700000762939453
      vertex 1.1664222478866577 -1.3393917083740234 -27.700000762939453
    endloop
  endfacet
  facet normal 0 0 -1
    outer loop
      vertex 1.1664222478866577 -1.3393917083740234 -27.700000762939453
      vertex -0.10000000149011612 -26.368799209594727 -27.700000762939453
      vertex 1.0192598104476929 -0.9058666229248047 -27.700000762939453
    endloop
  endfacet
  facet normal 0 0 -1
    outer loop
      vertex 1.0192598104476929 -0.9058666229248047 -27.700000762939453
      vertex -0.10000000149011612 -26.368799209594727 -27.700000762939453
      vertex 0.9299434423446655 -0.45684146881103516 -27.700000762939453
    endloop
  endfacet
  facet normal 0 0 -1
    outer loop
      vertex 2.5082545280456543 -26.092199325561523 -27.700000762939453
      vertex -0.06578025966882706 -26.890905380249023 -27.700000762939453
      vertex 2.38187837600708 -25.835933685302734 -27.700000762939453
    endloop
  endfacet
  facet normal 0 0 -1
    outer loop
      vertex 6.874873638153076 2.4748735427856445 -27.700000762939453
      vertex 8.899999618530273 26.368799209594727 -27.700000762939453
      vertex 7.176736354827881 2.130664825439453 -27.700000762939453
    endloop
  endfacet
  facet normal 0 0 -1
    outer loop
      vertex 6.13300085067749 23.670223236083984 -27.700000762939453
      vertex 8.899999618530273 26.368799209594727 -27.700000762939453
      vertex 6.874873638153076 2.4748735427856445 -27.700000762939453
    endloop
  endfacet
  facet normal 0 0 -1
    outer loop
      vertex 6.418121814727783 25.835933685302734 -27.700000762939453
      vertex 8.899999618530273 26.368799209594727 -27.700000762939453
      vertex 6.509968280792236 25.565364837646484 -27.700000762939453
    endloop
  endfacet
  facet normal 0 0 -1
    outer loop
      vertex 6.291745662689209 26.092199325561523 -27.700000762939453
      vertex 8.865778923034668 26.890905380249023 -27.700000762939453
      vertex 6.418121814727783 25.835933685302734 -27.700000762939453
    endloop
  endfacet
  facet normal 0 0 -1
    outer loop
      vertex 8.899999618530273 26.368799209594727 -27.700000762939453
      vertex 6.418121814727783 25.835933685302734 -27.700000762939453
      vertex 8.865778923034668 26.890905380249023 -27.700000762939453
    endloop
  endfacet
  facet normal 0 0 -1
    outer loop
      vertex 8.865778923034668 26.890905380249023 -27.700000762939453
      vertex 6.291745662689209 26.092199325561523 -27.700000762939453
      vertex 8.763702392578125 27.404075622558594 -27.700000762939453
    endloop
  endfacet
  facet normal 0 0 -1
    outer loop
      vertex 6.509968280792236 25.565364837646484 -27.700000762939453
      vertex 8.899999618530273 26.368799209594727 -27.700000762939453
      vertex 6.565711498260498 25.28512191772461 -27.700000762939453
    endloop
  endfacet
  facet normal 0 0 -1
    outer loop
      vertex 6.13300085067749 26.329776763916016 -27.700000762939453
      vertex 8.763702392578125 27.404075622558594 -27.700000762939453
      vertex 6.291745662689209 26.092199325561523 -27.700000762939453
    endloop
  endfacet
  facet normal 0 0 -1
    outer loop
      vertex 6.565711498260498 25.28512191772461 -27.700000762939453
      vertex 8.899999618530273 26.368799209594727 -27.700000762939453
      vertex 6.584399700164795 25 -27.700000762939453
    endloop
  endfacet
  facet normal 0 0 -1
    outer loop
      vertex 8.763702392578125 27.404075622558594 -27.700000762939453
      vertex 6.13300085067749 26.329776763916016 -27.700000762939453
      vertex 8.5955171585083 27.899534225463867 -27.700000762939453
    endloop
  endfacet
  facet normal 0 0 -1
    outer loop
      vertex 5.944603443145752 26.54460334777832 -27.700000762939453
      vertex 8.5955171585083 27.899534225463867 -27.700000762939453
      vertex 6.13300085067749 26.329776763916016 -27.700000762939453
    endloop
  endfacet
  facet normal 0 0 -1
    outer loop
      vertex 8.5955171585083 27.899534225463867 -27.700000762939453
      vertex 5.944603443145752 26.54460334777832 -27.700000762939453
      vertex 8.364100456237793 28.368799209594727 -27.700000762939453
    endloop
  endfacet
  facet normal 0 0 -1
    outer loop
      vertex 8.364100456237793 28.368799209594727 -27.700000762939453
      vertex 5.944603443145752 26.54460334777832 -27.700000762939453
      vertex 8.073412895202637 28.80384635925293 -27.700000762939453
    endloop
  endfacet
  facet normal 0 0 -1
    outer loop
      vertex 5.729777812957764 26.733001708984375 -27.700000762939453
      vertex 8.073412895202637 28.80384635925293 -27.700000762939453
      vertex 5.944603443145752 26.54460334777832 -27.700000762939453
    endloop
  endfacet
  facet normal 0 0 -1
    outer loop
      vertex 8.073412895202637 28.80384635925293 -27.700000762939453
      vertex 5.729777812957764 26.733001708984375 -27.700000762939453
      vertex 7.728426456451416 29.197227478027344 -27.700000762939453
    endloop
  endfacet
  facet normal 0 0 -1
    outer loop
      vertex 5.492199420928955 26.891746520996094 -27.700000762939453
      vertex 7.728426456451416 29.197227478027344 -27.700000762939453
      vertex 5.729777812957764 26.733001708984375 -27.700000762939453
    endloop
  endfacet
  facet normal 0 0 -1
    outer loop
      vertex 7.728426456451416 29.197227478027344 -27.700000762939453
      vertex 5.492199420928955 26.891746520996094 -27.700000762939453
      vertex 7.335045337677002 29.542213439941406 -27.700000762939453
    endloop
  endfacet
  facet normal 0 0 -1
    outer loop
      vertex 7.335045337677002 29.542213439941406 -27.700000762939453
      vertex 5.492199420928955 26.891746520996094 -27.700000762939453
      vertex 6.900000095367432 29.832901000976562 -27.700000762939453
    endloop
  endfacet
  facet normal 0 0 -1
    outer loop
      vertex 5.235933780670166 27.01812171936035 -27.700000762939453
      vertex 6.900000095367432 29.832901000976562 -27.700000762939453
      vertex 5.492199420928955 26.891746520996094 -27.700000762939453
    endloop
  endfacet
  facet normal 0 0 -1
    outer loop
      vertex 6.900000095367432 29.832901000976562 -27.700000762939453
      vertex 5.235933780670166 27.01812171936035 -27.700000762939453
      vertex 6.4307332038879395 30.06431770324707 -27.700000762939453
    endloop
  endfacet
  facet normal 0 0 -1
    outer loop
      vertex 6.4307332038879395 30.06431770324707 -27.700000762939453
      vertex 5.235933780670166 27.01812171936035 -27.700000762939453
      vertex 5.935275554656982 30.23250389099121 -27.700000762939453
    endloop
  endfacet
  facet normal 0 0 -1
    outer loop
      vertex 4.9653639793396 27.109968185424805 -27.700000762939453
      vertex 5.935275554656982 30.23250389099121 -27.700000762939453
      vertex 5.235933780670166 27.01812171936035 -27.700000762939453
    endloop
  endfacet
  facet normal 0 0 -1
    outer loop
      vertex 5.935275554656982 30.23250389099121 -27.700000762939453
      vertex 4.9653639793396 27.109968185424805 -27.700000762939453
      vertex 5.422104358673096 30.334579467773438 -27.700000762939453
    endloop
  endfacet
  facet normal 0 0 -1
    outer loop
      vertex 4.685121059417725 27.16571044921875 -27.700000762939453
      vertex 5.422104358673096 30.334579467773438 -27.700000762939453
      vertex 4.9653639793396 27.109968185424805 -27.700000762939453
    endloop
  endfacet
  facet normal 0 0 -1
    outer loop
      vertex 5.422104358673096 30.334579467773438 -27.700000762939453
      vertex 4.685121059417725 27.16571044921875 -27.700000762939453
      vertex 4.900000095367432 30.368799209594727 -27.700000762939453
    endloop
  endfacet
  facet normal 0 0 -1
    outer loop
      vertex 4.400000095367432 27.184398651123047 -27.700000762939453
      vertex 4.900000095367432 30.368799209594727 -27.700000762939453
      vertex 4.685121059417725 27.16571044921875 -27.700000762939453
    endloop
  endfacet
  facet normal 0 0 -1
    outer loop
      vertex 3.9000000953674316 30.368799209594727 -27.700000762939453
      vertex 4.400000095367432 27.184398651123047 -27.700000762939453
      vertex 4.114879131317139 27.16571044921875 -27.700000762939453
    endloop
  endfacet
  facet normal 0 0 -1
    outer loop
      vertex 4.400000095367432 27.184398651123047 -27.700000762939453
      vertex 3.9000000953674316 30.368799209594727 -27.700000762939453
      vertex 4.900000095367432 30.368799209594727 -27.700000762939453
    endloop
  endfacet
  facet normal 0 0 -1
    outer loop
      vertex 3.377894878387451 30.334579467773438 -27.700000762939453
      vertex 4.114879131317139 27.16571044921875 -27.700000762939453
      vertex 3.8346362113952637 27.109968185424805 -27.700000762939453
    endloop
  endfacet
  facet normal 0 0 -1
    outer loop
      vertex 2.8647236824035645 30.23250389099121 -27.700000762939453
      vertex 3.8346362113952637 27.109968185424805 -27.700000762939453
      vertex 3.5640664100646973 27.01812171936035 -27.700000762939453
    endloop
  endfacet
  facet normal 0 0 -1
    outer loop
      vertex 4.114879131317139 27.16571044921875 -27.700000762939453
      vertex 3.377894878387451 30.334579467773438 -27.700000762939453
      vertex 3.9000000953674316 30.368799209594727 -27.700000762939453
    endloop
  endfacet
  facet normal 0 0 -1
    outer loop
      vertex 1.899999976158142 29.832901000976562 -27.700000762939453
      vertex 3.5640664100646973 27.01812171936035 -27.700000762939453
      vertex 3.307800769805908 26.891746520996094 -27.700000762939453
    endloop
  endfacet
  facet normal 0 0 -1
    outer loop
      vertex 1.0715726613998413 29.197227478027344 -27.700000762939453
      vertex 3.307800769805908 26.891746520996094 -27.700000762939453
      vertex 3.0702223777770996 26.733001708984375 -27.700000762939453
    endloop
  endfacet
  facet normal 0 0 -1
    outer loop
      vertex 3.8346362113952637 27.109968185424805 -27.700000762939453
      vertex 2.8647236824035645 30.23250389099121 -27.700000762939453
      vertex 3.377894878387451 30.334579467773438 -27.700000762939453
    endloop
  endfacet
  facet normal 0 0 -1
    outer loop
      vertex 0.7265857458114624 28.80384635925293 -27.700000762939453
      vertex 3.0702223777770996 26.733001708984375 -27.700000762939453
      vertex 2.8553967475891113 26.54460334777832 -27.700000762939453
    endloop
  endfacet
  facet normal 0 0 -1
    outer loop
      vertex 0.20448151230812073 27.899534225463867 -27.700000762939453
      vertex 2.8553967475891113 26.54460334777832 -27.700000762939453
      vertex 2.666999340057373 26.329776763916016 -27.700000762939453
    endloop
  endfacet
  facet normal 0 0 -1
    outer loop
      vertex 0.03629627078771591 27.404075622558594 -27.700000762939453
      vertex 2.666999340057373 26.329776763916016 -27.700000762939453
      vertex 2.5082545280456543 26.092199325561523 -27.700000762939453
    endloop
  endfacet
  facet normal 0 0 -1
    outer loop
      vertex -0.06578025966882706 26.890905380249023 -27.700000762939453
      vertex 2.5082545280456543 26.092199325561523 -27.700000762939453
      vertex 2.38187837600708 25.835933685302734 -27.700000762939453
    endloop
  endfacet
  facet normal 0 0 -1
    outer loop
      vertex 3.5640664100646973 27.01812171936035 -27.700000762939453
      vertex 2.3692660331726074 30.06431770324707 -27.700000762939453
      vertex 2.8647236824035645 30.23250389099121 -27.700000762939453
    endloop
  endfacet
  facet normal 0 0 -1
    outer loop
      vertex -0.10000000149011612 26.368799209594727 -27.700000762939453
      vertex 2.38187837600708 25.835933685302734 -27.700000762939453
      vertex 2.290031909942627 25.565364837646484 -27.700000762939453
    endloop
  endfacet
  facet normal 0 0 -1
    outer loop
      vertex -0.10000000149011612 26.368799209594727 -27.700000762939453
      vertex 2.290031909942627 25.565364837646484 -27.700000762939453
      vertex 2.2342886924743652 25.28512191772461 -27.700000762939453
    endloop
  endfacet
  facet normal 0 0 -1
    outer loop
      vertex -0.10000000149011612 26.368799209594727 -27.700000762939453
      vertex 2.2342886924743652 25.28512191772461 -27.700000762939453
      vertex 2.2156004905700684 25 -27.700000762939453
    endloop
  endfacet
  facet normal 0 0 -1
    outer loop
      vertex 3.5640664100646973 27.01812171936035 -27.700000762939453
      vertex 1.899999976158142 29.832901000976562 -27.700000762939453
      vertex 2.3692660331726074 30.06431770324707 -27.700000762939453
    endloop
  endfacet
  facet normal 0 0 -1
    outer loop
      vertex 2.2342886924743652 24.71487808227539 -27.700000762939453
      vertex -0.10000000149011612 26.368799209594727 -27.700000762939453
      vertex 2.2156004905700684 25 -27.700000762939453
    endloop
  endfacet
  facet normal 0 0 -1
    outer loop
      vertex -0.10000000149011612 26.368799209594727 -27.700000762939453
      vertex 1.9251264333724976 2.4748735427856445 -27.700000762939453
      vertex 1.6232637166976929 2.130664825439453 -27.700000762939453
    endloop
  endfacet
  facet normal 0 0 -1
    outer loop
      vertex 2.38187837600708 25.835933685302734 -27.700000762939453
      vertex -0.10000000149011612 26.368799209594727 -27.700000762939453
      vertex -0.06578025966882706 26.890905380249023 -27.700000762939453
    endloop
  endfacet
  facet normal 0 0 -1
    outer loop
      vertex -0.10000000149011612 26.368799209594727 -27.700000762939453
      vertex 1.6232637166976929 2.130664825439453 -27.700000762939453
      vertex 1.3689111471176147 1.75 -27.700000762939453
    endloop
  endfacet
  facet normal 0 0 -1
    outer loop
      vertex -0.10000000149011612 26.368799209594727 -27.700000762939453
      vertex 1.3689111471176147 1.75 -27.700000762939453
      vertex 1.1664222478866577 1.3393917083740234 -27.700000762939453
    endloop
  endfacet
  facet normal 0 0 -1
    outer loop
      vertex 3.307800769805908 26.891746520996094 -27.700000762939453
      vertex 1.4649537801742554 29.542213439941406 -27.700000762939453
      vertex 1.899999976158142 29.832901000976562 -27.700000762939453
    endloop
  endfacet
  facet normal 0 0 -1
    outer loop
      vertex -0.10000000149011612 26.368799209594727 -27.700000762939453
      vertex 1.1664222478866577 1.3393917083740234 -27.700000762939453
      vertex 1.0192598104476929 0.9058666229248047 -27.700000762939453
    endloop
  endfacet
  facet normal 0 0 -1
    outer loop
      vertex -0.10000000149011612 26.368799209594727 -27.700000762939453
      vertex 1.0192598104476929 0.9058666229248047 -27.700000762939453
      vertex 0.9299434423446655 0.45684146881103516 -27.700000762939453
    endloop
  endfacet
  facet normal 0 0 -1
    outer loop
      vertex -0.10000000149011612 26.368799209594727 -27.700000762939453
      vertex 0.9299434423446655 0.45684146881103516 -27.700000762939453
      vertex 0.8999999761581421 0 -27.700000762939453
    endloop
  endfacet
  facet normal 0 0 -1
    outer loop
      vertex 0.9299434423446655 -0.45684146881103516 -27.700000762939453
      vertex -0.10000000149011612 -26.368799209594727 -27.700000762939453
      vertex 0.8999999761581421 0 -27.700000762939453
    endloop
  endfacet
  facet normal 0 0 -1
    outer loop
      vertex -0.10000000149011612 26.368799209594727 -27.700000762939453
      vertex 0.8999999761581421 0 -27.700000762939453
      vertex -0.10000000149011612 -26.368799209594727 -27.700000762939453
    endloop
  endfacet
  facet normal 0 0 -1
    outer loop
      vertex -0.10000000149011612 -26.368799209594727 -27.700000762939453
      vertex 2.38187837600708 -25.835933685302734 -27.700000762939453
      vertex -0.06578025966882706 -26.890905380249023 -27.700000762939453
    endloop
  endfacet
  facet normal 0 0 -1
    outer loop
      vertex 3.307800769805908 26.891746520996094 -27.700000762939453
      vertex 1.0715726613998413 29.197227478027344 -27.700000762939453
      vertex 1.4649537801742554 29.542213439941406 -27.700000762939453
    endloop
  endfacet
  facet normal 0 0 -1
    outer loop
      vertex 2.38187837600708 -25.835933685302734 -27.700000762939453
      vertex -0.10000000149011612 -26.368799209594727 -27.700000762939453
      vertex 2.290031909942627 -25.565364837646484 -27.700000762939453
    endloop
  endfacet
  facet normal 0 0 -1
    outer loop
      vertex 3.0702223777770996 26.733001708984375 -27.700000762939453
      vertex 0.7265857458114624 28.80384635925293 -27.700000762939453
      vertex 1.0715726613998413 29.197227478027344 -27.700000762939453
    endloop
  endfacet
  facet normal 0 0 -1
    outer loop
      vertex 2.290031909942627 -25.565364837646484 -27.700000762939453
      vertex -0.10000000149011612 -26.368799209594727 -27.700000762939453
      vertex 2.2342886924743652 -25.28512191772461 -27.700000762939453
    endloop
  endfacet
  facet normal 0 0 -1
    outer loop
      vertex 2.8553967475891113 26.54460334777832 -27.700000762939453
      vertex 0.43589821457862854 28.368799209594727 -27.700000762939453
      vertex 0.7265857458114624 28.80384635925293 -27.700000762939453
    endloop
  endfacet
  facet normal 0 0 -1
    outer loop
      vertex 2.2342886924743652 -25.28512191772461 -27.700000762939453
      vertex -0.10000000149011612 -26.368799209594727 -27.700000762939453
      vertex 2.2156004905700684 -25 -27.700000762939453
    endloop
  endfacet
  facet normal 0 0 -1
    outer loop
      vertex 2.8553967475891113 26.54460334777832 -27.700000762939453
      vertex 0.20448151230812073 27.899534225463867 -27.700000762939453
      vertex 0.43589821457862854 28.368799209594727 -27.700000762939453
    endloop
  endfacet
  facet normal 0 0 -1
    outer loop
      vertex 2.666999340057373 26.329776763916016 -27.700000762939453
      vertex 0.03629627078771591 27.404075622558594 -27.700000762939453
      vertex 0.20448151230812073 27.899534225463867 -27.700000762939453
    endloop
  endfacet
  facet normal 0 0 -1
    outer loop
      vertex 2.5082545280456543 26.092199325561523 -27.700000762939453
      vertex -0.06578025966882706 26.890905380249023 -27.700000762939453
      vertex 0.03629627078771591 27.404075622558594 -27.700000762939453
    endloop
  endfacet
  facet normal 0 0 -1
    outer loop
      vertex 8.899999618530273 -26.368799209594727 -27.700000762939453
      vertex 7.431088924407959 -1.75 -27.700000762939453
      vertex 7.633577823638916 -1.3393917083740234 -27.700000762939453
    endloop
  endfacet
  facet normal 0 0 -1
    outer loop
      vertex 6.13300085067749 -23.670223236083984 -27.700000762939453
      vertex 8.899999618530273 -26.368799209594727 -27.700000762939453
      vertex 6.291745662689209 -23.907800674438477 -27.700000762939453
    endloop
  endfacet
  facet normal 0 0 -1
    outer loop
      vertex 8.899999618530273 -26.368799209594727 -27.700000762939453
      vertex 7.176736354827881 -2.130664825439453 -27.700000762939453
      vertex 7.431088924407959 -1.75 -27.700000762939453
    endloop
  endfacet
  facet normal 0 0 -1
    outer loop
      vertex 6.874873638153076 -2.4748735427856445 -27.700000762939453
      vertex 8.899999618530273 -26.368799209594727 -27.700000762939453
      vertex 6.13300085067749 -23.670223236083984 -27.700000762939453
    endloop
  endfacet
  facet normal 0 0 -1
    outer loop
      vertex 8.899999618530273 -26.368799209594727 -27.700000762939453
      vertex 6.874873638153076 -2.4748735427856445 -27.700000762939453
      vertex 7.176736354827881 -2.130664825439453 -27.700000762939453
    endloop
  endfacet
  facet normal 0 0 -1
    outer loop
      vertex 5.944603443145752 -23.45539665222168 -27.700000762939453
      vertex 6.874873638153076 -2.4748735427856445 -27.700000762939453
      vertex 6.13300085067749 -23.670223236083984 -27.700000762939453
    endloop
  endfacet
  facet normal 0 0 -1
    outer loop
      vertex 6.874873638153076 -2.4748735427856445 -27.700000762939453
      vertex 5.944603443145752 -23.45539665222168 -27.700000762939453
      vertex 6.530664920806885 -2.776736259460449 -27.700000762939453
    endloop
  endfacet
  facet normal 0 0 -1
    outer loop
      vertex 5.729777812957764 -23.266998291015625 -27.700000762939453
      vertex 6.530664920806885 -2.776736259460449 -27.700000762939453
      vertex 5.944603443145752 -23.45539665222168 -27.700000762939453
    endloop
  endfacet
  facet normal 0 0 -1
    outer loop
      vertex 6.530664920806885 -2.776736259460449 -27.700000762939453
      vertex 5.729777812957764 -23.266998291015625 -27.700000762939453
      vertex 6.150000095367432 -3.0310888290405273 -27.700000762939453
    endloop
  endfacet
  facet normal 0 0 -1
    outer loop
      vertex 5.492199420928955 -23.108253479003906 -27.700000762939453
      vertex 6.150000095367432 -3.0310888290405273 -27.700000762939453
      vertex 5.729777812957764 -23.266998291015625 -27.700000762939453
    endloop
  endfacet
  facet normal 0 0 -1
    outer loop
      vertex 6.150000095367432 -3.0310888290405273 -27.700000762939453
      vertex 5.492199420928955 -23.108253479003906 -27.700000762939453
      vertex 5.739391803741455 -3.2335777282714844 -27.700000762939453
    endloop
  endfacet
  facet normal 0 0 -1
    outer loop
      vertex 5.235933780670166 -22.98187828063965 -27.700000762939453
      vertex 5.739391803741455 -3.2335777282714844 -27.700000762939453
      vertex 5.492199420928955 -23.108253479003906 -27.700000762939453
    endloop
  endfacet
  facet normal 0 0 -1
    outer loop
      vertex 5.739391803741455 -3.2335777282714844 -27.700000762939453
      vertex 5.235933780670166 -22.98187828063965 -27.700000762939453
      vertex 5.305866718292236 -3.380740165710449 -27.700000762939453
    endloop
  endfacet
  facet normal 0 0 -1
    outer loop
      vertex 4.9653639793396 -22.890031814575195 -27.700000762939453
      vertex 5.305866718292236 -3.380740165710449 -27.700000762939453
      vertex 5.235933780670166 -22.98187828063965 -27.700000762939453
    endloop
  endfacet
  facet normal 0 0 -1
    outer loop
      vertex 4.9653639793396 -22.890031814575195 -27.700000762939453
      vertex 4.856841564178467 -3.4700565338134766 -27.700000762939453
      vertex 5.305866718292236 -3.380740165710449 -27.700000762939453
    endloop
  endfacet
  facet normal 0 0 -1
    outer loop
      vertex 4.685121059417725 -22.83428955078125 -27.700000762939453
      vertex 4.856841564178467 -3.4700565338134766 -27.700000762939453
      vertex 4.9653639793396 -22.890031814575195 -27.700000762939453
    endloop
  endfacet
  facet normal 0 0 -1
    outer loop
      vertex 4.400000095367432 -22.815601348876953 -27.700000762939453
      vertex 4.856841564178467 -3.4700565338134766 -27.700000762939453
      vertex 4.685121059417725 -22.83428955078125 -27.700000762939453
    endloop
  endfacet
  facet normal 0 0 -1
    outer loop
      vertex 4.400000095367432 -22.815601348876953 -27.700000762939453
      vertex 4.400000095367432 -3.5 -27.700000762939453
      vertex 4.856841564178467 -3.4700565338134766 -27.700000762939453
    endloop
  endfacet
  facet normal 0 0 -1
    outer loop
      vertex 4.114879131317139 -22.83428955078125 -27.700000762939453
      vertex 4.400000095367432 -3.5 -27.700000762939453
      vertex 4.400000095367432 -22.815601348876953 -27.700000762939453
    endloop
  endfacet
  facet normal 0 0 -1
    outer loop
      vertex 4.114879131317139 -22.83428955078125 -27.700000762939453
      vertex 3.9431586265563965 -3.4700565338134766 -27.700000762939453
      vertex 4.400000095367432 -3.5 -27.700000762939453
    endloop
  endfacet
  facet normal 0 0 -1
    outer loop
      vertex 3.8346362113952637 -22.890031814575195 -27.700000762939453
      vertex 3.9431586265563965 -3.4700565338134766 -27.700000762939453
      vertex 4.114879131317139 -22.83428955078125 -27.700000762939453
    endloop
  endfacet
  facet normal 0 0 -1
    outer loop
      vertex 3.494133472442627 -3.380740165710449 -27.700000762939453
      vertex 3.8346362113952637 -22.890031814575195 -27.700000762939453
      vertex 3.5640664100646973 -22.98187828063965 -27.700000762939453
    endloop
  endfacet
  facet normal 0 0 -1
    outer loop
      vertex 3.8346362113952637 -22.890031814575195 -27.700000762939453
      vertex 3.494133472442627 -3.380740165710449 -27.700000762939453
      vertex 3.9431586265563965 -3.4700565338134766 -27.700000762939453
    endloop
  endfacet
  facet normal 0 0 -1
    outer loop
      vertex 3.060608386993408 -3.2335777282714844 -27.700000762939453
      vertex 3.5640664100646973 -22.98187828063965 -27.700000762939453
      vertex 3.307800769805908 -23.108253479003906 -27.700000762939453
    endloop
  endfacet
  facet normal 0 0 -1
    outer loop
      vertex 2.6500000953674316 -3.0310888290405273 -27.700000762939453
      vertex 3.307800769805908 -23.108253479003906 -27.700000762939453
      vertex 3.0702223777770996 -23.266998291015625 -27.700000762939453
    endloop
  endfacet
  facet normal 0 0 -1
    outer loop
      vertex 3.5640664100646973 -22.98187828063965 -27.700000762939453
      vertex 3.060608386993408 -3.2335777282714844 -27.700000762939453
      vertex 3.494133472442627 -3.380740165710449 -27.700000762939453
    endloop
  endfacet
  facet normal 0 0 -1
    outer loop
      vertex 2.2693352699279785 -2.776736259460449 -27.700000762939453
      vertex 3.0702223777770996 -23.266998291015625 -27.700000762939453
      vertex 2.8553967475891113 -23.45539665222168 -27.700000762939453
    endloop
  endfacet
  facet normal 0 0 -1
    outer loop
      vertex 1.9251264333724976 -2.4748735427856445 -27.700000762939453
      vertex 2.8553967475891113 -23.45539665222168 -27.700000762939453
      vertex 2.666999340057373 -23.670223236083984 -27.700000762939453
    endloop
  endfacet
  facet normal 0 0 -1
    outer loop
      vertex 3.307800769805908 -23.108253479003906 -27.700000762939453
      vertex 2.6500000953674316 -3.0310888290405273 -27.700000762939453
      vertex 3.060608386993408 -3.2335777282714844 -27.700000762939453
    endloop
  endfacet
  facet normal 0 0 -1
    outer loop
      vertex 1.9251264333724976 -2.4748735427856445 -27.700000762939453
      vertex 2.666999340057373 -23.670223236083984 -27.700000762939453
      vertex 2.5082545280456543 -23.907800674438477 -27.700000762939453
    endloop
  endfacet
  facet normal 0 0 -1
    outer loop
      vertex 1.9251264333724976 -2.4748735427856445 -27.700000762939453
      vertex 2.5082545280456543 -23.907800674438477 -27.700000762939453
      vertex 2.38187837600708 -24.164066314697266 -27.700000762939453
    endloop
  endfacet
  facet normal 0 0 -1
    outer loop
      vertex 1.9251264333724976 -2.4748735427856445 -27.700000762939453
      vertex 2.38187837600708 -24.164066314697266 -27.700000762939453
      vertex 2.290031909942627 -24.434635162353516 -27.700000762939453
    endloop
  endfacet
  facet normal 0 0 -1
    outer loop
      vertex 3.0702223777770996 -23.266998291015625 -27.700000762939453
      vertex 2.2693352699279785 -2.776736259460449 -27.700000762939453
      vertex 2.6500000953674316 -3.0310888290405273 -27.700000762939453
    endloop
  endfacet
  facet normal 0 0 -1
    outer loop
      vertex 1.9251264333724976 -2.4748735427856445 -27.700000762939453
      vertex 2.290031909942627 -24.434635162353516 -27.700000762939453
      vertex 2.2342886924743652 -24.71487808227539 -27.700000762939453
    endloop
  endfacet
  facet normal 0 0 -1
    outer loop
      vertex 1.9251264333724976 -2.4748735427856445 -27.700000762939453
      vertex 2.2342886924743652 -24.71487808227539 -27.700000762939453
      vertex 2.2156004905700684 -25 -27.700000762939453
    endloop
  endfacet
  facet normal 0 0 -1
    outer loop
      vertex 2.8553967475891113 -23.45539665222168 -27.700000762939453
      vertex 1.9251264333724976 -2.4748735427856445 -27.700000762939453
      vertex 2.2693352699279785 -2.776736259460449 -27.700000762939453
    endloop
  endfacet
  facet normal -1 0 0
    outer loop
      vertex -0.10000000149011612 -26.368799209594727 -27.700000762939453
      vertex -0.10000000149011612 26.368799209594727 -20.30000114440918
      vertex -0.10000000149011612 26.368799209594727 -27.700000762939453
    endloop
  endfacet
  facet normal -1 0 0
    outer loop
      vertex -0.10000000149011612 26.368799209594727 -20.30000114440918
      vertex -0.10000000149011612 -26.368799209594727 -27.700000762939453
      vertex -0.10000000149011612 -26.368799209594727 -20.30000114440918
    endloop
  endfacet
  facet normal 0 1 0
    outer loop
      vertex 4.900000095367432 30.368799209594727 -27.700000762939453
      vertex 3.9000000953674316 30.368799209594727 -20.30000114440918
      vertex 4.900000095367432 30.368799209594727 -20.30000114440918
    endloop
  endfacet
  facet normal 0 1 0
    outer loop
      vertex 3.9000000953674316 30.368799209594727 -20.30000114440918
      vertex 4.900000095367432 30.368799209594727 -27.700000762939453
      vertex 3.9000000953674316 30.368799209594727 -27.700000762939453
    endloop
  endfacet
  facet normal 0 -1 0
    outer loop
      vertex 3.9000000953674316 -30.368799209594727 -27.700000762939453
      vertex 4.900000095367432 -30.368799209594727 -20.30000114440918
      vertex 3.9000000953674316 -30.368799209594727 -20.30000114440918
    endloop
  endfacet
  facet normal 0 -1 0
    outer loop
      vertex 4.900000095367432 -30.368799209594727 -20.30000114440918
      vertex 3.9000000953674316 -30.368799209594727 -27.700000762939453
      vertex 4.900000095367432 -30.368799209594727 -27.700000762939453
    endloop
  endfacet
  facet normal -0.4422891401434827 -0.8968725196543479 0
    outer loop
      vertex 1.899999976158142 -29.832901000976562 -27.700000762939453
      vertex 2.3692660331726074 -30.06431770324707 -20.30000114440918
      vertex 1.899999976158142 -29.832901000976562 -20.30000114440918
    endloop
  endfacet
  facet normal -0.4422891401434827 -0.8968725196543479 0
    outer loop
      vertex 2.3692660331726074 -30.06431770324707 -20.30000114440918
      vertex 1.899999976158142 -29.832901000976562 -27.700000762939453
      vertex 2.3692660331726074 -30.06431770324707 -27.700000762939453
    endloop
  endfacet
  facet normal -0.9978590360648115 -0.06540140781210511 0
    outer loop
      vertex -0.06578025966882706 -26.890905380249023 -27.700000762939453
      vertex -0.10000000149011612 -26.368799209594727 -20.30000114440918
      vertex -0.10000000149011612 -26.368799209594727 -27.700000762939453
    endloop
  endfacet
  facet normal -0.9978590360648115 -0.06540140781210511 0
    outer loop
      vertex -0.10000000149011612 -26.368799209594727 -20.30000114440918
      vertex -0.06578025966882706 -26.890905380249023 -27.700000762939453
      vertex -0.06578025966882706 -26.890905380249023 -20.30000114440918
    endloop
  endfacet
  facet normal -0.3214411424216225 -0.9469295601884451 0
    outer loop
      vertex 2.3692660331726074 -30.06431770324707 -27.700000762939453
      vertex 2.8647236824035645 -30.23250389099121 -20.30000114440918
      vertex 2.3692660331726074 -30.06431770324707 -20.30000114440918
    endloop
  endfacet
  facet normal -0.3214411424216225 -0.9469295601884451 0
    outer loop
      vertex 2.8647236824035645 -30.23250389099121 -20.30000114440918
      vertex 2.3692660331726074 -30.06431770324707 -27.700000762939453
      vertex 2.8647236824035645 -30.23250389099121 -27.700000762939453
    endloop
  endfacet
  facet normal -0.8314710960987639 -0.5555680123552112 0
    outer loop
      vertex 0.7265857458114624 -28.80384635925293 -27.700000762939453
      vertex 0.43589821457862854 -28.368799209594727 -20.30000114440918
      vertex 0.43589821457862854 -28.368799209594727 -27.700000762939453
    endloop
  endfacet
  facet normal -0.8314710960987639 -0.5555680123552112 0
    outer loop
      vertex 0.43589821457862854 -28.368799209594727 -20.30000114440918
      vertex 0.7265857458114624 -28.80384635925293 -27.700000762939453
      vertex 0.7265857458114624 -28.80384635925293 -20.30000114440918
    endloop
  endfacet
  facet normal -0.9807850526863782 -0.1950914668225611 0
    outer loop
      vertex 0.03629627078771591 -27.404075622558594 -27.700000762939453
      vertex -0.06578025966882706 -26.890905380249023 -20.30000114440918
      vertex -0.06578025966882706 -26.890905380249023 -27.700000762939453
    endloop
  endfacet
  facet normal -0.9807850526863782 -0.1950914668225611 0
    outer loop
      vertex -0.06578025966882706 -26.890905380249023 -20.30000114440918
      vertex 0.03629627078771591 -27.404075622558594 -27.700000762939453
      vertex 0.03629627078771591 -27.404075622558594 -20.30000114440918
    endloop
  endfacet
  facet normal -0.06540152676295097 -0.9978590282685601 0
    outer loop
      vertex 3.377894878387451 -30.334579467773438 -27.700000762939453
      vertex 3.9000000953674316 -30.368799209594727 -20.30000114440918
      vertex 3.377894878387451 -30.334579467773438 -20.30000114440918
    endloop
  endfacet
  facet normal -0.06540152676295097 -0.9978590282685601 0
    outer loop
      vertex 3.9000000953674316 -30.368799209594727 -20.30000114440918
      vertex 3.377894878387451 -30.334579467773438 -27.700000762939453
      vertex 3.9000000953674316 -30.368799209594727 -27.700000762939453
    endloop
  endfacet
  facet normal -0.9469302989706783 -0.3214389660437917 0
    outer loop
      vertex 0.20448151230812073 -27.899534225463867 -27.700000762939453
      vertex 0.03629627078771591 -27.404075622558594 -20.30000114440918
      vertex 0.03629627078771591 -27.404075622558594 -27.700000762939453
    endloop
  endfacet
  facet normal -0.9469302989706783 -0.3214389660437917 0
    outer loop
      vertex 0.03629627078771591 -27.404075622558594 -20.30000114440918
      vertex 0.20448151230812073 -27.899534225463867 -27.700000762939453
      vertex 0.20448151230812073 -27.899534225463867 -20.30000114440918
    endloop
  endfacet
  facet normal -0.6593457932372825 -0.751839826652126 0
    outer loop
      vertex 1.0715726613998413 -29.197227478027344 -27.700000762939453
      vertex 1.4649537801742554 -29.542213439941406 -20.30000114440918
      vertex 1.0715726613998413 -29.197227478027344 -20.30000114440918
    endloop
  endfacet
  facet normal -0.6593457932372825 -0.751839826652126 0
    outer loop
      vertex 1.4649537801742554 -29.542213439941406 -20.30000114440918
      vertex 1.0715726613998413 -29.197227478027344 -27.700000762939453
      vertex 1.4649537801742554 -29.542213439941406 -27.700000762939453
    endloop
  endfacet
  facet normal -0.8968721185310063 -0.4422899535391963 0
    outer loop
      vertex 0.43589821457862854 -28.368799209594727 -27.700000762939453
      vertex 0.20448151230812073 -27.899534225463867 -20.30000114440918
      vertex 0.20448151230812073 -27.899534225463867 -27.700000762939453
    endloop
  endfacet
  facet normal -0.8968721185310063 -0.4422899535391963 0
    outer loop
      vertex 0.20448151230812073 -27.899534225463867 -20.30000114440918
      vertex 0.43589821457862854 -28.368799209594727 -27.700000762939453
      vertex 0.43589821457862854 -28.368799209594727 -20.30000114440918
    endloop
  endfacet
  facet normal -0.1950893647510419 -0.9807854708146093 0
    outer loop
      vertex 2.8647236824035645 -30.23250389099121 -27.700000762939453
      vertex 3.377894878387451 -30.334579467773438 -20.30000114440918
      vertex 2.8647236824035645 -30.23250389099121 -20.30000114440918
    endloop
  endfacet
  facet normal -0.1950893647510419 -0.9807854708146093 0
    outer loop
      vertex 3.377894878387451 -30.334579467773438 -20.30000114440918
      vertex 2.8647236824035645 -30.23250389099121 -27.700000762939453
      vertex 3.377894878387451 -30.334579467773438 -27.700000762939453
    endloop
  endfacet
  facet normal -0.7518389231060841 -0.6593468235327169 0
    outer loop
      vertex 1.0715726613998413 -29.197227478027344 -27.700000762939453
      vertex 0.7265857458114624 -28.80384635925293 -20.30000114440918
      vertex 0.7265857458114624 -28.80384635925293 -27.700000762939453
    endloop
  endfacet
  facet normal -0.7518389231060841 -0.6593468235327169 0
    outer loop
      vertex 0.7265857458114624 -28.80384635925293 -20.30000114440918
      vertex 1.0715726613998413 -29.197227478027344 -27.700000762939453
      vertex 1.0715726613998413 -29.197227478027344 -20.30000114440918
    endloop
  endfacet
  facet normal -0.5555688937018074 -0.8314705072045248 0
    outer loop
      vertex 1.4649537801742554 -29.542213439941406 -27.700000762939453
      vertex 1.899999976158142 -29.832901000976562 -20.30000114440918
      vertex 1.4649537801742554 -29.542213439941406 -20.30000114440918
    endloop
  endfacet
  facet normal -0.5555688937018074 -0.8314705072045248 0
    outer loop
      vertex 1.899999976158142 -29.832901000976562 -20.30000114440918
      vertex 1.4649537801742554 -29.542213439941406 -27.700000762939453
      vertex 1.899999976158142 -29.832901000976562 -27.700000762939453
    endloop
  endfacet
  facet normal -0.9978590360648115 0.06540140781210511 0
    outer loop
      vertex -0.10000000149011612 26.368799209594727 -27.700000762939453
      vertex -0.06578025966882706 26.890905380249023 -20.30000114440918
      vertex -0.06578025966882706 26.890905380249023 -27.700000762939453
    endloop
  endfacet
  facet normal -0.9978590360648115 0.06540140781210511 0
    outer loop
      vertex -0.06578025966882706 26.890905380249023 -20.30000114440918
      vertex -0.10000000149011612 26.368799209594727 -27.700000762939453
      vertex -0.10000000149011612 26.368799209594727 -20.30000114440918
    endloop
  endfacet
  facet normal -0.3214411424216225 0.9469295601884451 0
    outer loop
      vertex 2.8647236824035645 30.23250389099121 -27.700000762939453
      vertex 2.3692660331726074 30.06431770324707 -20.30000114440918
      vertex 2.8647236824035645 30.23250389099121 -20.30000114440918
    endloop
  endfacet
  facet normal -0.3214411424216225 0.9469295601884451 0
    outer loop
      vertex 2.3692660331726074 30.06431770324707 -20.30000114440918
      vertex 2.8647236824035645 30.23250389099121 -27.700000762939453
      vertex 2.3692660331726074 30.06431770324707 -27.700000762939453
    endloop
  endfacet
  facet normal -0.9807850526863782 0.1950914668225611 0
    outer loop
      vertex -0.06578025966882706 26.890905380249023 -27.700000762939453
      vertex 0.03629627078771591 27.404075622558594 -20.30000114440918
      vertex 0.03629627078771591 27.404075622558594 -27.700000762939453
    endloop
  endfacet
  facet normal -0.9807850526863782 0.1950914668225611 0
    outer loop
      vertex 0.03629627078771591 27.404075622558594 -20.30000114440918
      vertex -0.06578025966882706 26.890905380249023 -27.700000762939453
      vertex -0.06578025966882706 26.890905380249023 -20.30000114440918
    endloop
  endfacet
  facet normal -0.9469302989706783 0.3214389660437917 0
    outer loop
      vertex 0.03629627078771591 27.404075622558594 -27.700000762939453
      vertex 0.20448151230812073 27.899534225463867 -20.30000114440918
      vertex 0.20448151230812073 27.899534225463867 -27.700000762939453
    endloop
  endfacet
  facet normal -0.9469302989706783 0.3214389660437917 0
    outer loop
      vertex 0.20448151230812073 27.899534225463867 -20.30000114440918
      vertex 0.03629627078771591 27.404075622558594 -27.700000762939453
      vertex 0.03629627078771591 27.404075622558594 -20.30000114440918
    endloop
  endfacet
  facet normal -0.7518389231060841 0.6593468235327169 0
    outer loop
      vertex 0.7265857458114624 28.80384635925293 -27.700000762939453
      vertex 1.0715726613998413 29.197227478027344 -20.30000114440918
      vertex 1.0715726613998413 29.197227478027344 -27.700000762939453
    endloop
  endfacet
  facet normal -0.7518389231060841 0.6593468235327169 0
    outer loop
      vertex 1.0715726613998413 29.197227478027344 -20.30000114440918
      vertex 0.7265857458114624 28.80384635925293 -27.700000762939453
      vertex 0.7265857458114624 28.80384635925293 -20.30000114440918
    endloop
  endfacet
  facet normal -0.8968721185310063 0.4422899535391963 0
    outer loop
      vertex 0.20448151230812073 27.899534225463867 -27.700000762939453
      vertex 0.43589821457862854 28.368799209594727 -20.30000114440918
      vertex 0.43589821457862854 28.368799209594727 -27.700000762939453
    endloop
  endfacet
  facet normal -0.8968721185310063 0.4422899535391963 0
    outer loop
      vertex 0.43589821457862854 28.368799209594727 -20.30000114440918
      vertex 0.20448151230812073 27.899534225463867 -27.700000762939453
      vertex 0.20448151230812073 27.899534225463867 -20.30000114440918
    endloop
  endfacet
  facet normal -0.06540152676295097 0.9978590282685601 0
    outer loop
      vertex 3.9000000953674316 30.368799209594727 -27.700000762939453
      vertex 3.377894878387451 30.334579467773438 -20.30000114440918
      vertex 3.9000000953674316 30.368799209594727 -20.30000114440918
    endloop
  endfacet
  facet normal -0.06540152676295097 0.9978590282685601 0
    outer loop
      vertex 3.377894878387451 30.334579467773438 -20.30000114440918
      vertex 3.9000000953674316 30.368799209594727 -27.700000762939453
      vertex 3.377894878387451 30.334579467773438 -27.700000762939453
    endloop
  endfacet
  facet normal -0.4422891401434827 0.8968725196543479 0
    outer loop
      vertex 2.3692660331726074 30.06431770324707 -27.700000762939453
      vertex 1.899999976158142 29.832901000976562 -20.30000114440918
      vertex 2.3692660331726074 30.06431770324707 -20.30000114440918
    endloop
  endfacet
  facet normal -0.4422891401434827 0.8968725196543479 0
    outer loop
      vertex 1.899999976158142 29.832901000976562 -20.30000114440918
      vertex 2.3692660331726074 30.06431770324707 -27.700000762939453
      vertex 1.899999976158142 29.832901000976562 -27.700000762939453
    endloop
  endfacet
  facet normal -0.1950893647510419 0.9807854708146093 0
    outer loop
      vertex 3.377894878387451 30.334579467773438 -27.700000762939453
      vertex 2.8647236824035645 30.23250389099121 -20.30000114440918
      vertex 3.377894878387451 30.334579467773438 -20.30000114440918
    endloop
  endfacet
  facet normal -0.1950893647510419 0.9807854708146093 0
    outer loop
      vertex 2.8647236824035645 30.23250389099121 -20.30000114440918
      vertex 3.377894878387451 30.334579467773438 -27.700000762939453
      vertex 2.8647236824035645 30.23250389099121 -27.700000762939453
    endloop
  endfacet
  facet normal -0.8314710960987639 0.5555680123552112 0
    outer loop
      vertex 0.43589821457862854 28.368799209594727 -27.700000762939453
      vertex 0.7265857458114624 28.80384635925293 -20.30000114440918
      vertex 0.7265857458114624 28.80384635925293 -27.700000762939453
    endloop
  endfacet
  facet normal -0.8314710960987639 0.5555680123552112 0
    outer loop
      vertex 0.7265857458114624 28.80384635925293 -20.30000114440918
      vertex 0.43589821457862854 28.368799209594727 -27.700000762939453
      vertex 0.43589821457862854 28.368799209594727 -20.30000114440918
    endloop
  endfacet
  facet normal -0.5555688937018074 0.8314705072045248 0
    outer loop
      vertex 1.899999976158142 29.832901000976562 -27.700000762939453
      vertex 1.4649537801742554 29.542213439941406 -20.30000114440918
      vertex 1.899999976158142 29.832901000976562 -20.30000114440918
    endloop
  endfacet
  facet normal -0.5555688937018074 0.8314705072045248 0
    outer loop
      vertex 1.4649537801742554 29.542213439941406 -20.30000114440918
      vertex 1.899999976158142 29.832901000976562 -27.700000762939453
      vertex 1.4649537801742554 29.542213439941406 -27.700000762939453
    endloop
  endfacet
  facet normal -0.6593457932372825 0.751839826652126 0
    outer loop
      vertex 1.4649537801742554 29.542213439941406 -27.700000762939453
      vertex 1.0715726613998413 29.197227478027344 -20.30000114440918
      vertex 1.4649537801742554 29.542213439941406 -20.30000114440918
    endloop
  endfacet
  facet normal -0.6593457932372825 0.751839826652126 0
    outer loop
      vertex 1.0715726613998413 29.197227478027344 -20.30000114440918
      vertex 1.4649537801742554 29.542213439941406 -27.700000762939453
      vertex 1.0715726613998413 29.197227478027344 -27.700000762939453
    endloop
  endfacet
  facet normal 0.9978589171125452 -0.06540322269566341 0
    outer loop
      vertex 8.865778923034668 -26.890905380249023 -20.30000114440918
      vertex 8.899999618530273 -26.368799209594727 -27.700000762939453
      vertex 8.899999618530273 -26.368799209594727 -20.30000114440918
    endloop
  endfacet
  facet normal 0.9978589171125452 -0.06540322269566341 0
    outer loop
      vertex 8.899999618530273 -26.368799209594727 -27.700000762939453
      vertex 8.865778923034668 -26.890905380249023 -20.30000114440918
      vertex 8.865778923034668 -26.890905380249023 -27.700000762939453
    endloop
  endfacet
  facet normal 0.6593457932372825 -0.751839826652126 0
    outer loop
      vertex 7.335045337677002 -29.542213439941406 -27.700000762939453
      vertex 7.728426456451416 -29.197227478027344 -20.30000114440918
      vertex 7.335045337677002 -29.542213439941406 -20.30000114440918
    endloop
  endfacet
  facet normal 0.6593457932372825 -0.751839826652126 0
    outer loop
      vertex 7.728426456451416 -29.197227478027344 -20.30000114440918
      vertex 7.335045337677002 -29.542213439941406 -27.700000762939453
      vertex 7.728426456451416 -29.197227478027344 -27.700000762939453
    endloop
  endfacet
  facet normal 0.8968721185310063 -0.4422899535391963 0
    outer loop
      vertex 8.364100456237793 -28.368799209594727 -20.30000114440918
      vertex 8.5955171585083 -27.899534225463867 -27.700000762939453
      vertex 8.5955171585083 -27.899534225463867 -20.30000114440918
    endloop
  endfacet
  facet normal 0.8968721185310063 -0.4422899535391963 0
    outer loop
      vertex 8.5955171585083 -27.899534225463867 -27.700000762939453
      vertex 8.364100456237793 -28.368799209594727 -20.30000114440918
      vertex 8.364100456237793 -28.368799209594727 -27.700000762939453
    endloop
  endfacet
  facet normal 0.7518393748790101 -0.659346308385464 0
    outer loop
      vertex 7.728426456451416 -29.197227478027344 -20.30000114440918
      vertex 8.073412895202637 -28.80384635925293 -27.700000762939453
      vertex 8.073412895202637 -28.80384635925293 -20.30000114440918
    endloop
  endfacet
  facet normal 0.7518393748790101 -0.659346308385464 0
    outer loop
      vertex 8.073412895202637 -28.80384635925293 -27.700000762939453
      vertex 7.728426456451416 -29.197227478027344 -20.30000114440918
      vertex 7.728426456451416 -29.197227478027344 -27.700000762939453
    endloop
  endfacet
  facet normal 0.1950893647510419 -0.9807854708146093 0
    outer loop
      vertex 5.422104358673096 -30.334579467773438 -27.700000762939453
      vertex 5.935275554656982 -30.23250389099121 -20.30000114440918
      vertex 5.422104358673096 -30.334579467773438 -20.30000114440918
    endloop
  endfacet
  facet normal 0.1950893647510419 -0.9807854708146093 0
    outer loop
      vertex 5.935275554656982 -30.23250389099121 -20.30000114440918
      vertex 5.422104358673096 -30.334579467773438 -27.700000762939453
      vertex 5.935275554656982 -30.23250389099121 -27.700000762939453
    endloop
  endfacet
  facet normal 0.9807850526863782 -0.1950914668225611 0
    outer loop
      vertex 8.763702392578125 -27.404075622558594 -20.30000114440918
      vertex 8.865778923034668 -26.890905380249023 -27.700000762939453
      vertex 8.865778923034668 -26.890905380249023 -20.30000114440918
    endloop
  endfacet
  facet normal 0.9807850526863782 -0.1950914668225611 0
    outer loop
      vertex 8.865778923034668 -26.890905380249023 -27.700000762939453
      vertex 8.763702392578125 -27.404075622558594 -20.30000114440918
      vertex 8.763702392578125 -27.404075622558594 -27.700000762939453
    endloop
  endfacet
  facet normal 0.5555697356722431 -0.8314699446192112 0
    outer loop
      vertex 6.900000095367432 -29.832901000976562 -27.700000762939453
      vertex 7.335045337677002 -29.542213439941406 -20.30000114440918
      vertex 6.900000095367432 -29.832901000976562 -20.30000114440918
    endloop
  endfacet
  facet normal 0.5555697356722431 -0.8314699446192112 0
    outer loop
      vertex 7.335045337677002 -29.542213439941406 -20.30000114440918
      vertex 6.900000095367432 -29.832901000976562 -27.700000762939453
      vertex 7.335045337677002 -29.542213439941406 -27.700000762939453
    endloop
  endfacet
  facet normal 0.44228850750418897 -0.8968728316376392 0
    outer loop
      vertex 6.4307332038879395 -30.06431770324707 -27.700000762939453
      vertex 6.900000095367432 -29.832901000976562 -20.30000114440918
      vertex 6.4307332038879395 -30.06431770324707 -20.30000114440918
    endloop
  endfacet
  facet normal 0.44228850750418897 -0.8968728316376392 0
    outer loop
      vertex 6.900000095367432 -29.832901000976562 -20.30000114440918
      vertex 6.4307332038879395 -30.06431770324707 -27.700000762939453
      vertex 6.900000095367432 -29.832901000976562 -27.700000762939453
    endloop
  endfacet
  facet normal 0.9469303033049615 -0.32143895327538274 0
    outer loop
      vertex 8.5955171585083 -27.899534225463867 -20.30000114440918
      vertex 8.763702392578125 -27.404075622558594 -27.700000762939453
      vertex 8.763702392578125 -27.404075622558594 -20.30000114440918
    endloop
  endfacet
  facet normal 0.9469303033049615 -0.32143895327538274 0
    outer loop
      vertex 8.763702392578125 -27.404075622558594 -27.700000762939453
      vertex 8.5955171585083 -27.899534225463867 -20.30000114440918
      vertex 8.5955171585083 -27.899534225463867 -27.700000762939453
    endloop
  endfacet
  facet normal 0.06540164571422856 -0.9978590204722662 0
    outer loop
      vertex 4.900000095367432 -30.368799209594727 -27.700000762939453
      vertex 5.422104358673096 -30.334579467773438 -20.30000114440918
      vertex 4.900000095367432 -30.368799209594727 -20.30000114440918
    endloop
  endfacet
  facet normal 0.06540164571422856 -0.9978590204722662 0
    outer loop
      vertex 5.422104358673096 -30.334579467773438 -20.30000114440918
      vertex 4.900000095367432 -30.368799209594727 -27.700000762939453
      vertex 5.422104358673096 -30.334579467773438 -27.700000762939453
    endloop
  endfacet
  facet normal 0.3214411424216225 -0.9469295601884451 0
    outer loop
      vertex 5.935275554656982 -30.23250389099121 -27.700000762939453
      vertex 6.4307332038879395 -30.06431770324707 -20.30000114440918
      vertex 5.935275554656982 -30.23250389099121 -20.30000114440918
    endloop
  endfacet
  facet normal 0.3214411424216225 -0.9469295601884451 0
    outer loop
      vertex 6.4307332038879395 -30.06431770324707 -20.30000114440918
      vertex 5.935275554656982 -30.23250389099121 -27.700000762939453
      vertex 6.4307332038879395 -30.06431770324707 -27.700000762939453
    endloop
  endfacet
  facet normal 0.8314710697872808 -0.5555680517333541 0
    outer loop
      vertex 8.073412895202637 -28.80384635925293 -20.30000114440918
      vertex 8.364100456237793 -28.368799209594727 -27.700000762939453
      vertex 8.364100456237793 -28.368799209594727 -20.30000114440918
    endloop
  endfacet
  facet normal 0.8314710697872808 -0.5555680517333541 0
    outer loop
      vertex 8.364100456237793 -28.368799209594727 -27.700000762939453
      vertex 8.073412895202637 -28.80384635925293 -20.30000114440918
      vertex 8.073412895202637 -28.80384635925293 -27.700000762939453
    endloop
  endfacet
  facet normal 0.9978589171125452 0.06540322269566341 0
    outer loop
      vertex 8.899999618530273 26.368799209594727 -20.30000114440918
      vertex 8.865778923034668 26.890905380249023 -27.700000762939453
      vertex 8.865778923034668 26.890905380249023 -20.30000114440918
    endloop
  endfacet
  facet normal 0.9978589171125452 0.06540322269566341 0
    outer loop
      vertex 8.865778923034668 26.890905380249023 -27.700000762939453
      vertex 8.899999618530273 26.368799209594727 -20.30000114440918
      vertex 8.899999618530273 26.368799209594727 -27.700000762939453
    endloop
  endfacet
  facet normal 0.9469303033049615 0.32143895327538274 0
    outer loop
      vertex 8.763702392578125 27.404075622558594 -20.30000114440918
      vertex 8.5955171585083 27.899534225463867 -27.700000762939453
      vertex 8.5955171585083 27.899534225463867 -20.30000114440918
    endloop
  endfacet
  facet normal 0.9469303033049615 0.32143895327538274 0
    outer loop
      vertex 8.5955171585083 27.899534225463867 -27.700000762939453
      vertex 8.763702392578125 27.404075622558594 -20.30000114440918
      vertex 8.763702392578125 27.404075622558594 -27.700000762939453
    endloop
  endfacet
  facet normal 0.8314710697872808 0.5555680517333541 0
    outer loop
      vertex 8.364100456237793 28.368799209594727 -20.30000114440918
      vertex 8.073412895202637 28.80384635925293 -27.700000762939453
      vertex 8.073412895202637 28.80384635925293 -20.30000114440918
    endloop
  endfacet
  facet normal 0.8314710697872808 0.5555680517333541 0
    outer loop
      vertex 8.073412895202637 28.80384635925293 -27.700000762939453
      vertex 8.364100456237793 28.368799209594727 -20.30000114440918
      vertex 8.364100456237793 28.368799209594727 -27.700000762939453
    endloop
  endfacet
  facet normal 0.9807850526863782 0.1950914668225611 0
    outer loop
      vertex 8.865778923034668 26.890905380249023 -20.30000114440918
      vertex 8.763702392578125 27.404075622558594 -27.700000762939453
      vertex 8.763702392578125 27.404075622558594 -20.30000114440918
    endloop
  endfacet
  facet normal 0.9807850526863782 0.1950914668225611 0
    outer loop
      vertex 8.763702392578125 27.404075622558594 -27.700000762939453
      vertex 8.865778923034668 26.890905380249023 -20.30000114440918
      vertex 8.865778923034668 26.890905380249023 -27.700000762939453
    endloop
  endfacet
  facet normal 0.06540164571422856 0.9978590204722662 0
    outer loop
      vertex 5.422104358673096 30.334579467773438 -27.700000762939453
      vertex 4.900000095367432 30.368799209594727 -20.30000114440918
      vertex 5.422104358673096 30.334579467773438 -20.30000114440918
    endloop
  endfacet
  facet normal 0.06540164571422856 0.9978590204722662 0
    outer loop
      vertex 4.900000095367432 30.368799209594727 -20.30000114440918
      vertex 5.422104358673096 30.334579467773438 -27.700000762939453
      vertex 4.900000095367432 30.368799209594727 -27.700000762939453
    endloop
  endfacet
  facet normal 0.8968721185310063 0.4422899535391963 0
    outer loop
      vertex 8.5955171585083 27.899534225463867 -20.30000114440918
      vertex 8.364100456237793 28.368799209594727 -27.700000762939453
      vertex 8.364100456237793 28.368799209594727 -20.30000114440918
    endloop
  endfacet
  facet normal 0.8968721185310063 0.4422899535391963 0
    outer loop
      vertex 8.364100456237793 28.368799209594727 -27.700000762939453
      vertex 8.5955171585083 27.899534225463867 -20.30000114440918
      vertex 8.5955171585083 27.899534225463867 -27.700000762939453
    endloop
  endfacet
  facet normal 0.5555697356722431 0.8314699446192112 0
    outer loop
      vertex 7.335045337677002 29.542213439941406 -27.700000762939453
      vertex 6.900000095367432 29.832901000976562 -20.30000114440918
      vertex 7.335045337677002 29.542213439941406 -20.30000114440918
    endloop
  endfacet
  facet normal 0.5555697356722431 0.8314699446192112 0
    outer loop
      vertex 6.900000095367432 29.832901000976562 -20.30000114440918
      vertex 7.335045337677002 29.542213439941406 -27.700000762939453
      vertex 6.900000095367432 29.832901000976562 -27.700000762939453
    endloop
  endfacet
  facet normal 0.7518393748790101 0.659346308385464 0
    outer loop
      vertex 8.073412895202637 28.80384635925293 -20.30000114440918
      vertex 7.728426456451416 29.197227478027344 -27.700000762939453
      vertex 7.728426456451416 29.197227478027344 -20.30000114440918
    endloop
  endfacet
  facet normal 0.7518393748790101 0.659346308385464 0
    outer loop
      vertex 7.728426456451416 29.197227478027344 -27.700000762939453
      vertex 8.073412895202637 28.80384635925293 -20.30000114440918
      vertex 8.073412895202637 28.80384635925293 -27.700000762939453
    endloop
  endfacet
  facet normal 0.1950893647510419 0.9807854708146093 0
    outer loop
      vertex 5.935275554656982 30.23250389099121 -27.700000762939453
      vertex 5.422104358673096 30.334579467773438 -20.30000114440918
      vertex 5.935275554656982 30.23250389099121 -20.30000114440918
    endloop
  endfacet
  facet normal 0.1950893647510419 0.9807854708146093 0
    outer loop
      vertex 5.422104358673096 30.334579467773438 -20.30000114440918
      vertex 5.935275554656982 30.23250389099121 -27.700000762939453
      vertex 5.422104358673096 30.334579467773438 -27.700000762939453
    endloop
  endfacet
  facet normal 0.6593457932372825 0.751839826652126 0
    outer loop
      vertex 7.728426456451416 29.197227478027344 -27.700000762939453
      vertex 7.335045337677002 29.542213439941406 -20.30000114440918
      vertex 7.728426456451416 29.197227478027344 -20.30000114440918
    endloop
  endfacet
  facet normal 0.6593457932372825 0.751839826652126 0
    outer loop
      vertex 7.335045337677002 29.542213439941406 -20.30000114440918
      vertex 7.728426456451416 29.197227478027344 -27.700000762939453
      vertex 7.335045337677002 29.542213439941406 -27.700000762939453
    endloop
  endfacet
  facet normal 0.3214411424216225 0.9469295601884451 0
    outer loop
      vertex 6.4307332038879395 30.06431770324707 -27.700000762939453
      vertex 5.935275554656982 30.23250389099121 -20.30000114440918
      vertex 6.4307332038879395 30.06431770324707 -20.30000114440918
    endloop
  endfacet
  facet normal 0.3214411424216225 0.9469295601884451 0
    outer loop
      vertex 5.935275554656982 30.23250389099121 -20.30000114440918
      vertex 6.4307332038879395 30.06431770324707 -27.700000762939453
      vertex 5.935275554656982 30.23250389099121 -27.700000762939453
    endloop
  endfacet
  facet normal 0.44228850750418897 0.8968728316376392 0
    outer loop
      vertex 6.900000095367432 29.832901000976562 -27.700000762939453
      vertex 6.4307332038879395 30.06431770324707 -20.30000114440918
      vertex 6.900000095367432 29.832901000976562 -20.30000114440918
    endloop
  endfacet
  facet normal 0.44228850750418897 0.8968728316376392 0
    outer loop
      vertex 6.4307332038879395 30.06431770324707 -20.30000114440918
      vertex 6.900000095367432 29.832901000976562 -27.700000762939453
      vertex 6.4307332038879395 30.06431770324707 -27.700000762939453
    endloop
  endfacet
  facet normal -0.6593465791328392 -0.751839137439534 0
    outer loop
      vertex 5.729777812957764 1.7330007553100586 -23.309999465942383
      vertex 5.944603443145752 1.5446033477783203 -20.30000114440918
      vertex 5.729777812957764 1.7330007553100586 -20.30000114440918
    endloop
  endfacet
  facet normal -0.6593465791328392 -0.751839137439534 0
    outer loop
      vertex 5.944603443145752 1.5446033477783203 -20.30000114440918
      vertex 5.729777812957764 1.7330007553100586 -23.309999465942383
      vertex 5.944603443145752 1.5446033477783203 -23.309999465942383
    endloop
  endfacet
  facet normal -0.9978588349360876 -0.06540447645225649 0
    outer loop
      vertex 6.584399700164795 0 -23.309999465942383
      vertex 6.565711498260498 0.28512096405029297 -20.30000114440918
      vertex 6.565711498260498 0.28512096405029297 -23.309999465942383
    endloop
  endfacet
  facet normal -0.9978588349360876 -0.06540447645225649 0
    outer loop
      vertex 6.565711498260498 0.28512096405029297 -20.30000114440918
      vertex 6.584399700164795 0 -23.309999465942383
      vertex 6.584399700164795 0 -20.30000114440918
    endloop
  endfacet
  facet normal 0.9807856588717693 -0.19508841931665097 0
    outer loop
      vertex 2.2342886924743652 0.28512096405029297 -20.30000114440918
      vertex 2.290031909942627 0.565363883972168 -23.309999465942383
      vertex 2.290031909942627 0.565363883972168 -20.30000114440918
    endloop
  endfacet
  facet normal 0.9807856588717693 -0.19508841931665097 0
    outer loop
      vertex 2.290031909942627 0.565363883972168 -23.309999465942383
      vertex 2.2342886924743652 0.28512096405029297 -20.30000114440918
      vertex 2.2342886924743652 0.28512096405029297 -23.309999465942383
    endloop
  endfacet
  facet normal -0.9978588349360876 0.06540447645225649 0
    outer loop
      vertex 6.565711498260498 -0.28512096405029297 -23.309999465942383
      vertex 6.584399700164795 0 -20.30000114440918
      vertex 6.584399700164795 0 -23.309999465942383
    endloop
  endfacet
  facet normal -0.9978588349360876 0.06540447645225649 0
    outer loop
      vertex 6.584399700164795 0 -20.30000114440918
      vertex 6.565711498260498 -0.28512096405029297 -23.309999465942383
      vertex 6.565711498260498 -0.28512096405029297 -20.30000114440918
    endloop
  endfacet
  facet normal -0.19508841931665097 -0.9807856588717693 0
    outer loop
      vertex 4.685121059417725 2.1657114028930664 -23.309999465942383
      vertex 4.9653639793396 2.1099681854248047 -20.30000114440918
      vertex 4.685121059417725 2.1657114028930664 -20.30000114440918
    endloop
  endfacet
  facet normal -0.19508841931665097 -0.9807856588717693 0
    outer loop
      vertex 4.9653639793396 2.1099681854248047 -20.30000114440918
      vertex 4.685121059417725 2.1657114028930664 -23.309999465942383
      vertex 4.9653639793396 2.1099681854248047 -23.309999465942383
    endloop
  endfacet
  facet normal 0.06540447645225649 0.9978588349360876 0
    outer loop
      vertex 4.400000095367432 -2.1843996047973633 -23.309999465942383
      vertex 4.114879131317139 -2.1657114028930664 -20.30000114440918
      vertex 4.400000095367432 -2.1843996047973633 -20.30000114440918
    endloop
  endfacet
  facet normal 0.06540447645225649 0.9978588349360876 0
    outer loop
      vertex 4.114879131317139 -2.1657114028930664 -20.30000114440918
      vertex 4.400000095367432 -2.1843996047973633 -23.309999465942383
      vertex 4.114879131317139 -2.1657114028930664 -23.309999465942383
    endloop
  endfacet
  facet normal -0.5555702466339771 -0.8314696032057105 0
    outer loop
      vertex 5.492199420928955 1.8917455673217773 -23.309999465942383
      vertex 5.729777812957764 1.7330007553100586 -20.30000114440918
      vertex 5.492199420928955 1.8917455673217773 -20.30000114440918
    endloop
  endfacet
  facet normal -0.5555702466339771 -0.8314696032057105 0
    outer loop
      vertex 5.729777812957764 1.7330007553100586 -20.30000114440918
      vertex 5.492199420928955 1.8917455673217773 -23.309999465942383
      vertex 5.729777812957764 1.7330007553100586 -23.309999465942383
    endloop
  endfacet
  facet normal -0.06540447645225649 -0.9978588349360876 0
    outer loop
      vertex 4.400000095367432 2.1843996047973633 -23.309999465942383
      vertex 4.685121059417725 2.1657114028930664 -20.30000114440918
      vertex 4.400000095367432 2.1843996047973633 -20.30000114440918
    endloop
  endfacet
  facet normal -0.06540447645225649 -0.9978588349360876 0
    outer loop
      vertex 4.685121059417725 2.1657114028930664 -20.30000114440918
      vertex 4.400000095367432 2.1843996047973633 -23.309999465942383
      vertex 4.685121059417725 2.1657114028930664 -23.309999465942383
    endloop
  endfacet
  facet normal -0.751839137439534 -0.6593465791328392 0
    outer loop
      vertex 6.13300085067749 1.329777717590332 -23.309999465942383
      vertex 5.944603443145752 1.5446033477783203 -20.30000114440918
      vertex 5.944603443145752 1.5446033477783203 -23.309999465942383
    endloop
  endfacet
  facet normal -0.751839137439534 -0.6593465791328392 0
    outer loop
      vertex 5.944603443145752 1.5446033477783203 -20.30000114440918
      vertex 6.13300085067749 1.329777717590332 -23.309999465942383
      vertex 6.13300085067749 1.329777717590332 -20.30000114440918
    endloop
  endfacet
  facet normal 0.19508841931665097 -0.9807856588717693 0
    outer loop
      vertex 3.8346362113952637 2.1099681854248047 -23.309999465942383
      vertex 4.114879131317139 2.1657114028930664 -20.30000114440918
      vertex 3.8346362113952637 2.1099681854248047 -20.30000114440918
    endloop
  endfacet
  facet normal 0.19508841931665097 -0.9807856588717693 0
    outer loop
      vertex 4.114879131317139 2.1657114028930664 -20.30000114440918
      vertex 3.8346362113952637 2.1099681854248047 -23.309999465942383
      vertex 4.114879131317139 2.1657114028930664 -23.309999465942383
    endloop
  endfacet
  facet normal -0.9807856588717693 -0.19508841931665097 0
    outer loop
      vertex 6.565711498260498 0.28512096405029297 -23.309999465942383
      vertex 6.509968280792236 0.565363883972168 -20.30000114440918
      vertex 6.509968280792236 0.565363883972168 -23.309999465942383
    endloop
  endfacet
  facet normal -0.9807856588717693 -0.19508841931665097 0
    outer loop
      vertex 6.509968280792236 0.565363883972168 -20.30000114440918
      vertex 6.565711498260498 0.28512096405029297 -23.309999465942383
      vertex 6.565711498260498 0.28512096405029297 -20.30000114440918
    endloop
  endfacet
  facet normal 0.9469297090543757 0.32144070387895096 0
    outer loop
      vertex 2.38187837600708 -0.8359336853027344 -20.30000114440918
      vertex 2.290031909942627 -0.565363883972168 -23.309999465942383
      vertex 2.290031909942627 -0.565363883972168 -20.30000114440918
    endloop
  endfacet
  facet normal 0.9469297090543757 0.32144070387895096 0
    outer loop
      vertex 2.290031909942627 -0.565363883972168 -23.309999465942383
      vertex 2.38187837600708 -0.8359336853027344 -20.30000114440918
      vertex 2.38187837600708 -0.8359336853027344 -23.309999465942383
    endloop
  endfacet
  facet normal 0.06540447645225649 -0.9978588349360876 0
    outer loop
      vertex 4.114879131317139 2.1657114028930664 -23.309999465942383
      vertex 4.400000095367432 2.1843996047973633 -20.30000114440918
      vertex 4.114879131317139 2.1657114028930664 -20.30000114440918
    endloop
  endfacet
  facet normal 0.06540447645225649 -0.9978588349360876 0
    outer loop
      vertex 4.400000095367432 2.1843996047973633 -20.30000114440918
      vertex 4.114879131317139 2.1657114028930664 -23.309999465942383
      vertex 4.400000095367432 2.1843996047973633 -23.309999465942383
    endloop
  endfacet
  facet normal 0.8314696032057105 0.5555702466339771 0
    outer loop
      vertex 2.666999340057373 -1.329777717590332 -20.30000114440918
      vertex 2.5082545280456543 -1.0921993255615234 -23.309999465942383
      vertex 2.5082545280456543 -1.0921993255615234 -20.30000114440918
    endloop
  endfacet
  facet normal 0.8314696032057105 0.5555702466339771 0
    outer loop
      vertex 2.5082545280456543 -1.0921993255615234 -23.309999465942383
      vertex 2.666999340057373 -1.329777717590332 -20.30000114440918
      vertex 2.666999340057373 -1.329777717590332 -23.309999465942383
    endloop
  endfacet
  facet normal -0.9807856588717693 0.19508841931665097 0
    outer loop
      vertex 6.509968280792236 -0.565363883972168 -23.309999465942383
      vertex 6.565711498260498 -0.28512096405029297 -20.30000114440918
      vertex 6.565711498260498 -0.28512096405029297 -23.309999465942383
    endloop
  endfacet
  facet normal -0.9807856588717693 0.19508841931665097 0
    outer loop
      vertex 6.565711498260498 -0.28512096405029297 -20.30000114440918
      vertex 6.509968280792236 -0.565363883972168 -23.309999465942383
      vertex 6.509968280792236 -0.565363883972168 -20.30000114440918
    endloop
  endfacet
  facet normal -0.44228847541139593 -0.8968728474640444 0
    outer loop
      vertex 5.235933780670166 2.0181217193603516 -23.309999465942383
      vertex 5.492199420928955 1.8917455673217773 -20.30000114440918
      vertex 5.235933780670166 2.0181217193603516 -20.30000114440918
    endloop
  endfacet
  facet normal -0.44228847541139593 -0.8968728474640444 0
    outer loop
      vertex 5.492199420928955 1.8917455673217773 -20.30000114440918
      vertex 5.235933780670166 2.0181217193603516 -23.309999465942383
      vertex 5.492199420928955 1.8917455673217773 -23.309999465942383
    endloop
  endfacet
  facet normal -0.8968728474640444 0.44228847541139593 0
    outer loop
      vertex 6.291745662689209 -1.0921993255615234 -23.309999465942383
      vertex 6.418121814727783 -0.8359336853027344 -20.30000114440918
      vertex 6.418121814727783 -0.8359336853027344 -23.309999465942383
    endloop
  endfacet
  facet normal -0.8968728474640444 0.44228847541139593 0
    outer loop
      vertex 6.418121814727783 -0.8359336853027344 -20.30000114440918
      vertex 6.291745662689209 -1.0921993255615234 -23.309999465942383
      vertex 6.291745662689209 -1.0921993255615234 -20.30000114440918
    endloop
  endfacet
  facet normal -0.8968728474640444 -0.44228847541139593 0
    outer loop
      vertex 6.418121814727783 0.8359336853027344 -23.309999465942383
      vertex 6.291745662689209 1.0921993255615234 -20.30000114440918
      vertex 6.291745662689209 1.0921993255615234 -23.309999465942383
    endloop
  endfacet
  facet normal -0.8968728474640444 -0.44228847541139593 0
    outer loop
      vertex 6.291745662689209 1.0921993255615234 -20.30000114440918
      vertex 6.418121814727783 0.8359336853027344 -23.309999465942383
      vertex 6.418121814727783 0.8359336853027344 -20.30000114440918
    endloop
  endfacet
  facet normal 0.751839137439534 0.6593465791328392 0
    outer loop
      vertex 2.8553967475891113 -1.5446033477783203 -20.30000114440918
      vertex 2.666999340057373 -1.329777717590332 -23.309999465942383
      vertex 2.666999340057373 -1.329777717590332 -20.30000114440918
    endloop
  endfacet
  facet normal 0.751839137439534 0.6593465791328392 0
    outer loop
      vertex 2.666999340057373 -1.329777717590332 -23.309999465942383
      vertex 2.8553967475891113 -1.5446033477783203 -20.30000114440918
      vertex 2.8553967475891113 -1.5446033477783203 -23.309999465942383
    endloop
  endfacet
  facet normal 0.9978588349360876 -0.06540447645225649 0
    outer loop
      vertex 2.2156004905700684 0 -20.30000114440918
      vertex 2.2342886924743652 0.28512096405029297 -23.309999465942383
      vertex 2.2342886924743652 0.28512096405029297 -20.30000114440918
    endloop
  endfacet
  facet normal 0.9978588349360876 -0.06540447645225649 0
    outer loop
      vertex 2.2342886924743652 0.28512096405029297 -23.309999465942383
      vertex 2.2156004905700684 0 -20.30000114440918
      vertex 2.2156004905700684 0 -23.309999465942383
    endloop
  endfacet
  facet normal -0.9469297090543757 0.32144070387895096 0
    outer loop
      vertex 6.418121814727783 -0.8359336853027344 -23.309999465942383
      vertex 6.509968280792236 -0.565363883972168 -20.30000114440918
      vertex 6.509968280792236 -0.565363883972168 -23.309999465942383
    endloop
  endfacet
  facet normal -0.9469297090543757 0.32144070387895096 0
    outer loop
      vertex 6.509968280792236 -0.565363883972168 -20.30000114440918
      vertex 6.418121814727783 -0.8359336853027344 -23.309999465942383
      vertex 6.418121814727783 -0.8359336853027344 -20.30000114440918
    endloop
  endfacet
  facet normal -0.6593465791328392 0.751839137439534 0
    outer loop
      vertex 5.944603443145752 -1.5446033477783203 -23.309999465942383
      vertex 5.729777812957764 -1.7330007553100586 -20.30000114440918
      vertex 5.944603443145752 -1.5446033477783203 -20.30000114440918
    endloop
  endfacet
  facet normal -0.6593465791328392 0.751839137439534 0
    outer loop
      vertex 5.729777812957764 -1.7330007553100586 -20.30000114440918
      vertex 5.944603443145752 -1.5446033477783203 -23.309999465942383
      vertex 5.729777812957764 -1.7330007553100586 -23.309999465942383
    endloop
  endfacet
  facet normal 0.8314696032057105 -0.5555702466339771 0
    outer loop
      vertex 2.5082545280456543 1.0921993255615234 -20.30000114440918
      vertex 2.666999340057373 1.329777717590332 -23.309999465942383
      vertex 2.666999340057373 1.329777717590332 -20.30000114440918
    endloop
  endfacet
  facet normal 0.8314696032057105 -0.5555702466339771 0
    outer loop
      vertex 2.666999340057373 1.329777717590332 -23.309999465942383
      vertex 2.5082545280456543 1.0921993255615234 -20.30000114440918
      vertex 2.5082545280456543 1.0921993255615234 -23.309999465942383
    endloop
  endfacet
  facet normal 0.44228847541139593 -0.8968728474640444 0
    outer loop
      vertex 3.307800769805908 1.8917455673217773 -23.309999465942383
      vertex 3.5640664100646973 2.0181217193603516 -20.30000114440918
      vertex 3.307800769805908 1.8917455673217773 -20.30000114440918
    endloop
  endfacet
  facet normal 0.44228847541139593 -0.8968728474640444 0
    outer loop
      vertex 3.5640664100646973 2.0181217193603516 -20.30000114440918
      vertex 3.307800769805908 1.8917455673217773 -23.309999465942383
      vertex 3.5640664100646973 2.0181217193603516 -23.309999465942383
    endloop
  endfacet
  facet normal -0.8314696032057105 -0.5555702466339771 0
    outer loop
      vertex 6.291745662689209 1.0921993255615234 -23.309999465942383
      vertex 6.13300085067749 1.329777717590332 -20.30000114440918
      vertex 6.13300085067749 1.329777717590332 -23.309999465942383
    endloop
  endfacet
  facet normal -0.8314696032057105 -0.5555702466339771 0
    outer loop
      vertex 6.13300085067749 1.329777717590332 -20.30000114440918
      vertex 6.291745662689209 1.0921993255615234 -23.309999465942383
      vertex 6.291745662689209 1.0921993255615234 -20.30000114440918
    endloop
  endfacet
  facet normal 0.5555702466339771 0.8314696032057105 0
    outer loop
      vertex 3.307800769805908 -1.8917455673217773 -23.309999465942383
      vertex 3.0702223777770996 -1.7330007553100586 -20.30000114440918
      vertex 3.307800769805908 -1.8917455673217773 -20.30000114440918
    endloop
  endfacet
  facet normal 0.5555702466339771 0.8314696032057105 0
    outer loop
      vertex 3.0702223777770996 -1.7330007553100586 -20.30000114440918
      vertex 3.307800769805908 -1.8917455673217773 -23.309999465942383
      vertex 3.0702223777770996 -1.7330007553100586 -23.309999465942383
    endloop
  endfacet
  facet normal 0.751839137439534 -0.6593465791328392 0
    outer loop
      vertex 2.666999340057373 1.329777717590332 -20.30000114440918
      vertex 2.8553967475891113 1.5446033477783203 -23.309999465942383
      vertex 2.8553967475891113 1.5446033477783203 -20.30000114440918
    endloop
  endfacet
  facet normal 0.751839137439534 -0.6593465791328392 0
    outer loop
      vertex 2.8553967475891113 1.5446033477783203 -23.309999465942383
      vertex 2.666999340057373 1.329777717590332 -20.30000114440918
      vertex 2.666999340057373 1.329777717590332 -23.309999465942383
    endloop
  endfacet
  facet normal -0.5555702466339771 0.8314696032057105 0
    outer loop
      vertex 5.729777812957764 -1.7330007553100586 -23.309999465942383
      vertex 5.492199420928955 -1.8917455673217773 -20.30000114440918
      vertex 5.729777812957764 -1.7330007553100586 -20.30000114440918
    endloop
  endfacet
  facet normal -0.5555702466339771 0.8314696032057105 0
    outer loop
      vertex 5.492199420928955 -1.8917455673217773 -20.30000114440918
      vertex 5.729777812957764 -1.7330007553100586 -23.309999465942383
      vertex 5.492199420928955 -1.8917455673217773 -23.309999465942383
    endloop
  endfacet
  facet normal -0.9469297090543757 -0.32144070387895096 0
    outer loop
      vertex 6.509968280792236 0.565363883972168 -23.309999465942383
      vertex 6.418121814727783 0.8359336853027344 -20.30000114440918
      vertex 6.418121814727783 0.8359336853027344 -23.309999465942383
    endloop
  endfacet
  facet normal -0.9469297090543757 -0.32144070387895096 0
    outer loop
      vertex 6.418121814727783 0.8359336853027344 -20.30000114440918
      vertex 6.509968280792236 0.565363883972168 -23.309999465942383
      vertex 6.509968280792236 0.565363883972168 -20.30000114440918
    endloop
  endfacet
  facet normal -0.751839137439534 0.6593465791328392 0
    outer loop
      vertex 5.944603443145752 -1.5446033477783203 -23.309999465942383
      vertex 6.13300085067749 -1.329777717590332 -20.30000114440918
      vertex 6.13300085067749 -1.329777717590332 -23.309999465942383
    endloop
  endfacet
  facet normal -0.751839137439534 0.6593465791328392 0
    outer loop
      vertex 6.13300085067749 -1.329777717590332 -20.30000114440918
      vertex 5.944603443145752 -1.5446033477783203 -23.309999465942383
      vertex 5.944603443145752 -1.5446033477783203 -20.30000114440918
    endloop
  endfacet
  facet normal 0.32144070387895096 -0.9469297090543757 0
    outer loop
      vertex 3.5640664100646973 2.0181217193603516 -23.309999465942383
      vertex 3.8346362113952637 2.1099681854248047 -20.30000114440918
      vertex 3.5640664100646973 2.0181217193603516 -20.30000114440918
    endloop
  endfacet
  facet normal 0.32144070387895096 -0.9469297090543757 0
    outer loop
      vertex 3.8346362113952637 2.1099681854248047 -20.30000114440918
      vertex 3.5640664100646973 2.0181217193603516 -23.309999465942383
      vertex 3.8346362113952637 2.1099681854248047 -23.309999465942383
    endloop
  endfacet
  facet normal -0.19508841931665097 0.9807856588717693 0
    outer loop
      vertex 4.9653639793396 -2.1099681854248047 -23.309999465942383
      vertex 4.685121059417725 -2.1657114028930664 -20.30000114440918
      vertex 4.9653639793396 -2.1099681854248047 -20.30000114440918
    endloop
  endfacet
  facet normal -0.19508841931665097 0.9807856588717693 0
    outer loop
      vertex 4.685121059417725 -2.1657114028930664 -20.30000114440918
      vertex 4.9653639793396 -2.1099681854248047 -23.309999465942383
      vertex 4.685121059417725 -2.1657114028930664 -23.309999465942383
    endloop
  endfacet
  facet normal 0.8968728474640444 -0.44228847541139593 0
    outer loop
      vertex 2.38187837600708 0.8359336853027344 -20.30000114440918
      vertex 2.5082545280456543 1.0921993255615234 -23.309999465942383
      vertex 2.5082545280456543 1.0921993255615234 -20.30000114440918
    endloop
  endfacet
  facet normal 0.8968728474640444 -0.44228847541139593 0
    outer loop
      vertex 2.5082545280456543 1.0921993255615234 -23.309999465942383
      vertex 2.38187837600708 0.8359336853027344 -20.30000114440918
      vertex 2.38187837600708 0.8359336853027344 -23.309999465942383
    endloop
  endfacet
  facet normal -0.44228847541139593 0.8968728474640444 0
    outer loop
      vertex 5.492199420928955 -1.8917455673217773 -23.309999465942383
      vertex 5.235933780670166 -2.0181217193603516 -20.30000114440918
      vertex 5.492199420928955 -1.8917455673217773 -20.30000114440918
    endloop
  endfacet
  facet normal -0.44228847541139593 0.8968728474640444 0
    outer loop
      vertex 5.235933780670166 -2.0181217193603516 -20.30000114440918
      vertex 5.492199420928955 -1.8917455673217773 -23.309999465942383
      vertex 5.235933780670166 -2.0181217193603516 -23.309999465942383
    endloop
  endfacet
  facet normal -0.8314696032057105 0.5555702466339771 0
    outer loop
      vertex 6.13300085067749 -1.329777717590332 -23.309999465942383
      vertex 6.291745662689209 -1.0921993255615234 -20.30000114440918
      vertex 6.291745662689209 -1.0921993255615234 -23.309999465942383
    endloop
  endfacet
  facet normal -0.8314696032057105 0.5555702466339771 0
    outer loop
      vertex 6.291745662689209 -1.0921993255615234 -20.30000114440918
      vertex 6.13300085067749 -1.329777717590332 -23.309999465942383
      vertex 6.13300085067749 -1.329777717590332 -20.30000114440918
    endloop
  endfacet
  facet normal -0.06540447645225649 0.9978588349360876 0
    outer loop
      vertex 4.685121059417725 -2.1657114028930664 -23.309999465942383
      vertex 4.400000095367432 -2.1843996047973633 -20.30000114440918
      vertex 4.685121059417725 -2.1657114028930664 -20.30000114440918
    endloop
  endfacet
  facet normal -0.06540447645225649 0.9978588349360876 0
    outer loop
      vertex 4.400000095367432 -2.1843996047973633 -20.30000114440918
      vertex 4.685121059417725 -2.1657114028930664 -23.309999465942383
      vertex 4.400000095367432 -2.1843996047973633 -23.309999465942383
    endloop
  endfacet
  facet normal -0.32144070387895096 -0.9469297090543757 0
    outer loop
      vertex 4.9653639793396 2.1099681854248047 -23.309999465942383
      vertex 5.235933780670166 2.0181217193603516 -20.30000114440918
      vertex 4.9653639793396 2.1099681854248047 -20.30000114440918
    endloop
  endfacet
  facet normal -0.32144070387895096 -0.9469297090543757 0
    outer loop
      vertex 5.235933780670166 2.0181217193603516 -20.30000114440918
      vertex 4.9653639793396 2.1099681854248047 -23.309999465942383
      vertex 5.235933780670166 2.0181217193603516 -23.309999465942383
    endloop
  endfacet
  facet normal -0.32144070387895096 0.9469297090543757 0
    outer loop
      vertex 5.235933780670166 -2.0181217193603516 -23.309999465942383
      vertex 4.9653639793396 -2.1099681854248047 -20.30000114440918
      vertex 5.235933780670166 -2.0181217193603516 -20.30000114440918
    endloop
  endfacet
  facet normal -0.32144070387895096 0.9469297090543757 0
    outer loop
      vertex 4.9653639793396 -2.1099681854248047 -20.30000114440918
      vertex 5.235933780670166 -2.0181217193603516 -23.309999465942383
      vertex 4.9653639793396 -2.1099681854248047 -23.309999465942383
    endloop
  endfacet
  facet normal 0.9469297090543757 -0.32144070387895096 0
    outer loop
      vertex 2.290031909942627 0.565363883972168 -20.30000114440918
      vertex 2.38187837600708 0.8359336853027344 -23.309999465942383
      vertex 2.38187837600708 0.8359336853027344 -20.30000114440918
    endloop
  endfacet
  facet normal 0.9469297090543757 -0.32144070387895096 0
    outer loop
      vertex 2.38187837600708 0.8359336853027344 -23.309999465942383
      vertex 2.290031909942627 0.565363883972168 -20.30000114440918
      vertex 2.290031909942627 0.565363883972168 -23.309999465942383
    endloop
  endfacet
  facet normal 0.5555702466339771 -0.8314696032057105 0
    outer loop
      vertex 3.0702223777770996 1.7330007553100586 -23.309999465942383
      vertex 3.307800769805908 1.8917455673217773 -20.30000114440918
      vertex 3.0702223777770996 1.7330007553100586 -20.30000114440918
    endloop
  endfacet
  facet normal 0.5555702466339771 -0.8314696032057105 0
    outer loop
      vertex 3.307800769805908 1.8917455673217773 -20.30000114440918
      vertex 3.0702223777770996 1.7330007553100586 -23.309999465942383
      vertex 3.307800769805908 1.8917455673217773 -23.309999465942383
    endloop
  endfacet
  facet normal 0.8968728474640444 0.44228847541139593 0
    outer loop
      vertex 2.5082545280456543 -1.0921993255615234 -20.30000114440918
      vertex 2.38187837600708 -0.8359336853027344 -23.309999465942383
      vertex 2.38187837600708 -0.8359336853027344 -20.30000114440918
    endloop
  endfacet
  facet normal 0.8968728474640444 0.44228847541139593 0
    outer loop
      vertex 2.38187837600708 -0.8359336853027344 -23.309999465942383
      vertex 2.5082545280456543 -1.0921993255615234 -20.30000114440918
      vertex 2.5082545280456543 -1.0921993255615234 -23.309999465942383
    endloop
  endfacet
  facet normal 0.44228847541139593 0.8968728474640444 0
    outer loop
      vertex 3.5640664100646973 -2.0181217193603516 -23.309999465942383
      vertex 3.307800769805908 -1.8917455673217773 -20.30000114440918
      vertex 3.5640664100646973 -2.0181217193603516 -20.30000114440918
    endloop
  endfacet
  facet normal 0.44228847541139593 0.8968728474640444 0
    outer loop
      vertex 3.307800769805908 -1.8917455673217773 -20.30000114440918
      vertex 3.5640664100646973 -2.0181217193603516 -23.309999465942383
      vertex 3.307800769805908 -1.8917455673217773 -23.309999465942383
    endloop
  endfacet
  facet normal 0.6593465791328392 -0.751839137439534 0
    outer loop
      vertex 2.8553967475891113 1.5446033477783203 -23.309999465942383
      vertex 3.0702223777770996 1.7330007553100586 -20.30000114440918
      vertex 2.8553967475891113 1.5446033477783203 -20.30000114440918
    endloop
  endfacet
  facet normal 0.6593465791328392 -0.751839137439534 0
    outer loop
      vertex 3.0702223777770996 1.7330007553100586 -20.30000114440918
      vertex 2.8553967475891113 1.5446033477783203 -23.309999465942383
      vertex 3.0702223777770996 1.7330007553100586 -23.309999465942383
    endloop
  endfacet
  facet normal 0.6593465791328392 0.751839137439534 0
    outer loop
      vertex 3.0702223777770996 -1.7330007553100586 -23.309999465942383
      vertex 2.8553967475891113 -1.5446033477783203 -20.30000114440918
      vertex 3.0702223777770996 -1.7330007553100586 -20.30000114440918
    endloop
  endfacet
  facet normal 0.6593465791328392 0.751839137439534 0
    outer loop
      vertex 2.8553967475891113 -1.5446033477783203 -20.30000114440918
      vertex 3.0702223777770996 -1.7330007553100586 -23.309999465942383
      vertex 2.8553967475891113 -1.5446033477783203 -23.309999465942383
    endloop
  endfacet
  facet normal 0.19508841931665097 0.9807856588717693 0
    outer loop
      vertex 4.114879131317139 -2.1657114028930664 -23.309999465942383
      vertex 3.8346362113952637 -2.1099681854248047 -20.30000114440918
      vertex 4.114879131317139 -2.1657114028930664 -20.30000114440918
    endloop
  endfacet
  facet normal 0.19508841931665097 0.9807856588717693 0
    outer loop
      vertex 3.8346362113952637 -2.1099681854248047 -20.30000114440918
      vertex 4.114879131317139 -2.1657114028930664 -23.309999465942383
      vertex 3.8346362113952637 -2.1099681854248047 -23.309999465942383
    endloop
  endfacet
  facet normal 0.32144070387895096 0.9469297090543757 0
    outer loop
      vertex 3.8346362113952637 -2.1099681854248047 -23.309999465942383
      vertex 3.5640664100646973 -2.0181217193603516 -20.30000114440918
      vertex 3.8346362113952637 -2.1099681854248047 -20.30000114440918
    endloop
  endfacet
  facet normal 0.32144070387895096 0.9469297090543757 0
    outer loop
      vertex 3.5640664100646973 -2.0181217193603516 -20.30000114440918
      vertex 3.8346362113952637 -2.1099681854248047 -23.309999465942383
      vertex 3.5640664100646973 -2.0181217193603516 -23.309999465942383
    endloop
  endfacet
  facet normal 0.9807856588717693 0.19508841931665097 0
    outer loop
      vertex 2.290031909942627 -0.565363883972168 -20.30000114440918
      vertex 2.2342886924743652 -0.28512096405029297 -23.309999465942383
      vertex 2.2342886924743652 -0.28512096405029297 -20.30000114440918
    endloop
  endfacet
  facet normal 0.9807856588717693 0.19508841931665097 0
    outer loop
      vertex 2.2342886924743652 -0.28512096405029297 -23.309999465942383
      vertex 2.290031909942627 -0.565363883972168 -20.30000114440918
      vertex 2.290031909942627 -0.565363883972168 -23.309999465942383
    endloop
  endfacet
  facet normal 0.9978588349360876 0.06540447645225649 0
    outer loop
      vertex 2.2342886924743652 -0.28512096405029297 -20.30000114440918
      vertex 2.2156004905700684 0 -23.309999465942383
      vertex 2.2156004905700684 0 -20.30000114440918
    endloop
  endfacet
  facet normal 0.9978588349360876 0.06540447645225649 0
    outer loop
      vertex 2.2156004905700684 0 -23.309999465942383
      vertex 2.2342886924743652 -0.28512096405029297 -20.30000114440918
      vertex 2.2342886924743652 -0.28512096405029297 -23.309999465942383
    endloop
  endfacet
  facet normal -0.7518400530488212 0.6593455350812242 0
    outer loop
      vertex 6.874873638153076 -2.4748735427856445 -27.700000762939453
      vertex 7.176736354827881 -2.130664825439453 -23.309999465942383
      vertex 7.176736354827881 -2.130664825439453 -27.700000762939453
    endloop
  endfacet
  facet normal -0.7518400530488212 0.6593455350812242 0
    outer loop
      vertex 7.176736354827881 -2.130664825439453 -23.309999465942383
      vertex 6.874873638153076 -2.4748735427856445 -27.700000762939453
      vertex 6.874873638153076 -2.4748735427856445 -23.309999465942383
    endloop
  endfacet
  facet normal -0.9807854009010495 -0.19508971623170607 0
    outer loop
      vertex 7.870056629180908 0.45684146881103516 -27.700000762939453
      vertex 7.780740261077881 0.9058666229248047 -23.309999465942383
      vertex 7.780740261077881 0.9058666229248047 -27.700000762939453
    endloop
  endfacet
  facet normal -0.9807854009010495 -0.19508971623170607 0
    outer loop
      vertex 7.780740261077881 0.9058666229248047 -23.309999465942383
      vertex 7.870056629180908 0.45684146881103516 -27.700000762939453
      vertex 7.870056629180908 0.45684146881103516 -23.309999465942383
    endloop
  endfacet
  facet normal -0.9978588527659149 -0.0654042044267184 0
    outer loop
      vertex 7.900000095367432 0 -27.700000762939453
      vertex 7.870056629180908 0.45684146881103516 -23.309999465942383
      vertex 7.870056629180908 0.45684146881103516 -27.700000762939453
    endloop
  endfacet
  facet normal -0.9978588527659149 -0.0654042044267184 0
    outer loop
      vertex 7.870056629180908 0.45684146881103516 -23.309999465942383
      vertex 7.900000095367432 0 -27.700000762939453
      vertex 7.900000095367432 0 -23.309999465942383
    endloop
  endfacet
  facet normal -0.19508971623170607 0.9807854009010495 0
    outer loop
      vertex 5.305866718292236 -3.380740165710449 -27.700000762939453
      vertex 4.856841564178467 -3.4700565338134766 -23.309999465942383
      vertex 5.305866718292236 -3.380740165710449 -23.309999465942383
    endloop
  endfacet
  facet normal -0.19508971623170607 0.9807854009010495 0
    outer loop
      vertex 4.856841564178467 -3.4700565338134766 -23.309999465942383
      vertex 5.305866718292236 -3.380740165710449 -27.700000762939453
      vertex 4.856841564178467 -3.4700565338134766 -27.700000762939453
    endloop
  endfacet
  facet normal -0.6593455350812242 0.7518400530488212 0
    outer loop
      vertex 6.874873638153076 -2.4748735427856445 -27.700000762939453
      vertex 6.530664920806885 -2.776736259460449 -23.309999465942383
      vertex 6.874873638153076 -2.4748735427856445 -23.309999465942383
    endloop
  endfacet
  facet normal -0.6593455350812242 0.7518400530488212 0
    outer loop
      vertex 6.530664920806885 -2.776736259460449 -23.309999465942383
      vertex 6.874873638153076 -2.4748735427856445 -27.700000762939453
      vertex 6.530664920806885 -2.776736259460449 -27.700000762939453
    endloop
  endfacet
  facet normal 0.19508971623170607 0.9807854009010495 0
    outer loop
      vertex 3.9431586265563965 -3.4700565338134766 -27.700000762939453
      vertex 3.494133472442627 -3.380740165710449 -23.309999465942383
      vertex 3.9431586265563965 -3.4700565338134766 -23.309999465942383
    endloop
  endfacet
  facet normal 0.19508971623170607 0.9807854009010495 0
    outer loop
      vertex 3.494133472442627 -3.380740165710449 -23.309999465942383
      vertex 3.9431586265563965 -3.4700565338134766 -27.700000762939453
      vertex 3.494133472442627 -3.380740165710449 -27.700000762939453
    endloop
  endfacet
  facet normal -0.9978588527659149 0.0654042044267184 0
    outer loop
      vertex 7.870056629180908 -0.45684146881103516 -27.700000762939453
      vertex 7.900000095367432 0 -23.309999465942383
      vertex 7.900000095367432 0 -27.700000762939453
    endloop
  endfacet
  facet normal -0.9978588527659149 0.0654042044267184 0
    outer loop
      vertex 7.900000095367432 0 -23.309999465942383
      vertex 7.870056629180908 -0.45684146881103516 -27.700000762939453
      vertex 7.870056629180908 -0.45684146881103516 -23.309999465942383
    endloop
  endfacet
  facet normal 0.7518400530488212 0.6593455350812242 0
    outer loop
      vertex 1.9251264333724976 -2.4748735427856445 -23.309999465942383
      vertex 1.6232637166976929 -2.130664825439453 -27.700000762939453
      vertex 1.6232637166976929 -2.130664825439453 -23.309999465942383
    endloop
  endfacet
  facet normal 0.7518400530488212 0.6593455350812242 0
    outer loop
      vertex 1.6232637166976929 -2.130664825439453 -27.700000762939453
      vertex 1.9251264333724976 -2.4748735427856445 -23.309999465942383
      vertex 1.9251264333724976 -2.4748735427856445 -27.700000762939453
    endloop
  endfacet
  facet normal -0.4422874573947884 0.8968733494932568 0
    outer loop
      vertex 6.150000095367432 -3.0310888290405273 -27.700000762939453
      vertex 5.739391803741455 -3.2335777282714844 -23.309999465942383
      vertex 6.150000095367432 -3.0310888290405273 -23.309999465942383
    endloop
  endfacet
  facet normal -0.4422874573947884 0.8968733494932568 0
    outer loop
      vertex 5.739391803741455 -3.2335777282714844 -23.309999465942383
      vertex 6.150000095367432 -3.0310888290405273 -27.700000762939453
      vertex 5.739391803741455 -3.2335777282714844 -27.700000762939453
    endloop
  endfacet
  facet normal -0.4422874573947884 -0.8968733494932568 0
    outer loop
      vertex 5.739391803741455 3.2335777282714844 -27.700000762939453
      vertex 6.150000095367432 3.0310888290405273 -23.309999465942383
      vertex 5.739391803741455 3.2335777282714844 -23.309999465942383
    endloop
  endfacet
  facet normal -0.4422874573947884 -0.8968733494932568 0
    outer loop
      vertex 6.150000095367432 3.0310888290405273 -23.309999465942383
      vertex 5.739391803741455 3.2335777282714844 -27.700000762939453
      vertex 6.150000095367432 3.0310888290405273 -27.700000762939453
    endloop
  endfacet
  facet normal -0.3214404462713611 -0.9469297965007059 0
    outer loop
      vertex 5.305866718292236 3.380740165710449 -27.700000762939453
      vertex 5.739391803741455 3.2335777282714844 -23.309999465942383
      vertex 5.305866718292236 3.380740165710449 -23.309999465942383
    endloop
  endfacet
  facet normal -0.3214404462713611 -0.9469297965007059 0
    outer loop
      vertex 5.739391803741455 3.2335777282714844 -23.309999465942383
      vertex 5.305866718292236 3.380740165710449 -27.700000762939453
      vertex 5.739391803741455 3.2335777282714844 -27.700000762939453
    endloop
  endfacet
  facet normal -0.5555709352218309 0.8314691431055878 0
    outer loop
      vertex 6.530664920806885 -2.776736259460449 -27.700000762939453
      vertex 6.150000095367432 -3.0310888290405273 -23.309999465942383
      vertex 6.530664920806885 -2.776736259460449 -23.309999465942383
    endloop
  endfacet
  facet normal -0.5555709352218309 0.8314691431055878 0
    outer loop
      vertex 6.150000095367432 -3.0310888290405273 -23.309999465942383
      vertex 6.530664920806885 -2.776736259460449 -27.700000762939453
      vertex 6.150000095367432 -3.0310888290405273 -27.700000762939453
    endloop
  endfacet
  facet normal -0.9469297965007059 -0.3214404462713611 0
    outer loop
      vertex 7.780740261077881 0.9058666229248047 -27.700000762939453
      vertex 7.633577823638916 1.3393917083740234 -23.309999465942383
      vertex 7.633577823638916 1.3393917083740234 -27.700000762939453
    endloop
  endfacet
  facet normal -0.9469297965007059 -0.3214404462713611 0
    outer loop
      vertex 7.633577823638916 1.3393917083740234 -23.309999465942383
      vertex 7.780740261077881 0.9058666229248047 -27.700000762939453
      vertex 7.780740261077881 0.9058666229248047 -23.309999465942383
    endloop
  endfacet
  facet normal -0.9807854009010495 0.19508971623170607 0
    outer loop
      vertex 7.780740261077881 -0.9058666229248047 -27.700000762939453
      vertex 7.870056629180908 -0.45684146881103516 -23.309999465942383
      vertex 7.870056629180908 -0.45684146881103516 -27.700000762939453
    endloop
  endfacet
  facet normal -0.9807854009010495 0.19508971623170607 0
    outer loop
      vertex 7.870056629180908 -0.45684146881103516 -23.309999465942383
      vertex 7.780740261077881 -0.9058666229248047 -27.700000762939453
      vertex 7.780740261077881 -0.9058666229248047 -23.309999465942383
    endloop
  endfacet
  facet normal 0.8314691431055878 0.5555709352218309 0
    outer loop
      vertex 1.6232637166976929 -2.130664825439453 -23.309999465942383
      vertex 1.3689111471176147 -1.75 -27.700000762939453
      vertex 1.3689111471176147 -1.75 -23.309999465942383
    endloop
  endfacet
  facet normal 0.8314691431055878 0.5555709352218309 0
    outer loop
      vertex 1.3689111471176147 -1.75 -27.700000762939453
      vertex 1.6232637166976929 -2.130664825439453 -23.309999465942383
      vertex 1.6232637166976929 -2.130664825439453 -27.700000762939453
    endloop
  endfacet
  facet normal -0.0654042044267184 -0.9978588527659149 0
    outer loop
      vertex 4.400000095367432 3.5 -27.700000762939453
      vertex 4.856841564178467 3.4700565338134766 -23.309999465942383
      vertex 4.400000095367432 3.5 -23.309999465942383
    endloop
  endfacet
  facet normal -0.0654042044267184 -0.9978588527659149 0
    outer loop
      vertex 4.856841564178467 3.4700565338134766 -23.309999465942383
      vertex 4.400000095367432 3.5 -27.700000762939453
      vertex 4.856841564178467 3.4700565338134766 -27.700000762939453
    endloop
  endfacet
  facet normal -0.3214404462713611 0.9469297965007059 0
    outer loop
      vertex 5.739391803741455 -3.2335777282714844 -27.700000762939453
      vertex 5.305866718292236 -3.380740165710449 -23.309999465942383
      vertex 5.739391803741455 -3.2335777282714844 -23.309999465942383
    endloop
  endfacet
  facet normal -0.3214404462713611 0.9469297965007059 0
    outer loop
      vertex 5.305866718292236 -3.380740165710449 -23.309999465942383
      vertex 5.739391803741455 -3.2335777282714844 -27.700000762939453
      vertex 5.305866718292236 -3.380740165710449 -27.700000762939453
    endloop
  endfacet
  facet normal -0.8968733494932568 -0.4422874573947884 0
    outer loop
      vertex 7.633577823638916 1.3393917083740234 -27.700000762939453
      vertex 7.431088924407959 1.75 -23.309999465942383
      vertex 7.431088924407959 1.75 -27.700000762939453
    endloop
  endfacet
  facet normal -0.8968733494932568 -0.4422874573947884 0
    outer loop
      vertex 7.431088924407959 1.75 -23.309999465942383
      vertex 7.633577823638916 1.3393917083740234 -27.700000762939453
      vertex 7.633577823638916 1.3393917083740234 -23.309999465942383
    endloop
  endfacet
  facet normal -0.8314691431055878 -0.5555709352218309 0
    outer loop
      vertex 7.431088924407959 1.75 -27.700000762939453
      vertex 7.176736354827881 2.130664825439453 -23.309999465942383
      vertex 7.176736354827881 2.130664825439453 -27.700000762939453
    endloop
  endfacet
  facet normal -0.8314691431055878 -0.5555709352218309 0
    outer loop
      vertex 7.176736354827881 2.130664825439453 -23.309999465942383
      vertex 7.431088924407959 1.75 -27.700000762939453
      vertex 7.431088924407959 1.75 -23.309999465942383
    endloop
  endfacet
  facet normal 0.4422874573947884 -0.8968733494932568 0
    outer loop
      vertex 2.6500000953674316 3.0310888290405273 -27.700000762939453
      vertex 3.060608386993408 3.2335777282714844 -23.309999465942383
      vertex 2.6500000953674316 3.0310888290405273 -23.309999465942383
    endloop
  endfacet
  facet normal 0.4422874573947884 -0.8968733494932568 0
    outer loop
      vertex 3.060608386993408 3.2335777282714844 -23.309999465942383
      vertex 2.6500000953674316 3.0310888290405273 -27.700000762939453
      vertex 3.060608386993408 3.2335777282714844 -27.700000762939453
    endloop
  endfacet
  facet normal -0.9469297965007059 0.3214404462713611 0
    outer loop
      vertex 7.633577823638916 -1.3393917083740234 -27.700000762939453
      vertex 7.780740261077881 -0.9058666229248047 -23.309999465942383
      vertex 7.780740261077881 -0.9058666229248047 -27.700000762939453
    endloop
  endfacet
  facet normal -0.9469297965007059 0.3214404462713611 0
    outer loop
      vertex 7.780740261077881 -0.9058666229248047 -23.309999465942383
      vertex 7.633577823638916 -1.3393917083740234 -27.700000762939453
      vertex 7.633577823638916 -1.3393917083740234 -23.309999465942383
    endloop
  endfacet
  facet normal 0.5555709352218309 0.8314691431055878 0
    outer loop
      vertex 2.6500000953674316 -3.0310888290405273 -27.700000762939453
      vertex 2.2693352699279785 -2.776736259460449 -23.309999465942383
      vertex 2.6500000953674316 -3.0310888290405273 -23.309999465942383
    endloop
  endfacet
  facet normal 0.5555709352218309 0.8314691431055878 0
    outer loop
      vertex 2.2693352699279785 -2.776736259460449 -23.309999465942383
      vertex 2.6500000953674316 -3.0310888290405273 -27.700000762939453
      vertex 2.2693352699279785 -2.776736259460449 -27.700000762939453
    endloop
  endfacet
  facet normal 0.0654042044267184 -0.9978588527659149 0
    outer loop
      vertex 3.9431586265563965 3.4700565338134766 -27.700000762939453
      vertex 4.400000095367432 3.5 -23.309999465942383
      vertex 3.9431586265563965 3.4700565338134766 -23.309999465942383
    endloop
  endfacet
  facet normal 0.0654042044267184 -0.9978588527659149 0
    outer loop
      vertex 4.400000095367432 3.5 -23.309999465942383
      vertex 3.9431586265563965 3.4700565338134766 -27.700000762939453
      vertex 4.400000095367432 3.5 -27.700000762939453
    endloop
  endfacet
  facet normal 0.9469297965007059 -0.3214404462713611 0
    outer loop
      vertex 1.0192598104476929 0.9058666229248047 -23.309999465942383
      vertex 1.1664222478866577 1.3393917083740234 -27.700000762939453
      vertex 1.1664222478866577 1.3393917083740234 -23.309999465942383
    endloop
  endfacet
  facet normal 0.9469297965007059 -0.3214404462713611 0
    outer loop
      vertex 1.1664222478866577 1.3393917083740234 -27.700000762939453
      vertex 1.0192598104476929 0.9058666229248047 -23.309999465942383
      vertex 1.0192598104476929 0.9058666229248047 -27.700000762939453
    endloop
  endfacet
  facet normal 0.9469297965007059 0.3214404462713611 0
    outer loop
      vertex 1.1664222478866577 -1.3393917083740234 -23.309999465942383
      vertex 1.0192598104476929 -0.9058666229248047 -27.700000762939453
      vertex 1.0192598104476929 -0.9058666229248047 -23.309999465942383
    endloop
  endfacet
  facet normal 0.9469297965007059 0.3214404462713611 0
    outer loop
      vertex 1.0192598104476929 -0.9058666229248047 -27.700000762939453
      vertex 1.1664222478866577 -1.3393917083740234 -23.309999465942383
      vertex 1.1664222478866577 -1.3393917083740234 -27.700000762939453
    endloop
  endfacet
  facet normal 0.5555709352218309 -0.8314691431055878 0
    outer loop
      vertex 2.2693352699279785 2.776736259460449 -27.700000762939453
      vertex 2.6500000953674316 3.0310888290405273 -23.309999465942383
      vertex 2.2693352699279785 2.776736259460449 -23.309999465942383
    endloop
  endfacet
  facet normal 0.5555709352218309 -0.8314691431055878 0
    outer loop
      vertex 2.6500000953674316 3.0310888290405273 -23.309999465942383
      vertex 2.2693352699279785 2.776736259460449 -27.700000762939453
      vertex 2.6500000953674316 3.0310888290405273 -27.700000762939453
    endloop
  endfacet
  facet normal -0.7518400530488212 -0.6593455350812242 0
    outer loop
      vertex 7.176736354827881 2.130664825439453 -27.700000762939453
      vertex 6.874873638153076 2.4748735427856445 -23.309999465942383
      vertex 6.874873638153076 2.4748735427856445 -27.700000762939453
    endloop
  endfacet
  facet normal -0.7518400530488212 -0.6593455350812242 0
    outer loop
      vertex 6.874873638153076 2.4748735427856445 -23.309999465942383
      vertex 7.176736354827881 2.130664825439453 -27.700000762939453
      vertex 7.176736354827881 2.130664825439453 -23.309999465942383
    endloop
  endfacet
  facet normal -0.19508971623170607 -0.9807854009010495 0
    outer loop
      vertex 4.856841564178467 3.4700565338134766 -27.700000762939453
      vertex 5.305866718292236 3.380740165710449 -23.309999465942383
      vertex 4.856841564178467 3.4700565338134766 -23.309999465942383
    endloop
  endfacet
  facet normal -0.19508971623170607 -0.9807854009010495 0
    outer loop
      vertex 5.305866718292236 3.380740165710449 -23.309999465942383
      vertex 4.856841564178467 3.4700565338134766 -27.700000762939453
      vertex 5.305866718292236 3.380740165710449 -27.700000762939453
    endloop
  endfacet
  facet normal 0.3214404462713611 -0.9469297965007059 0
    outer loop
      vertex 3.060608386993408 3.2335777282714844 -27.700000762939453
      vertex 3.494133472442627 3.380740165710449 -23.309999465942383
      vertex 3.060608386993408 3.2335777282714844 -23.309999465942383
    endloop
  endfacet
  facet normal 0.3214404462713611 -0.9469297965007059 0
    outer loop
      vertex 3.494133472442627 3.380740165710449 -23.309999465942383
      vertex 3.060608386993408 3.2335777282714844 -27.700000762939453
      vertex 3.494133472442627 3.380740165710449 -27.700000762939453
    endloop
  endfacet
  facet normal 0.8968733494932568 0.4422874573947884 0
    outer loop
      vertex 1.3689111471176147 -1.75 -23.309999465942383
      vertex 1.1664222478866577 -1.3393917083740234 -27.700000762939453
      vertex 1.1664222478866577 -1.3393917083740234 -23.309999465942383
    endloop
  endfacet
  facet normal 0.8968733494932568 0.4422874573947884 0
    outer loop
      vertex 1.1664222478866577 -1.3393917083740234 -27.700000762939453
      vertex 1.3689111471176147 -1.75 -23.309999465942383
      vertex 1.3689111471176147 -1.75 -27.700000762939453
    endloop
  endfacet
  facet normal 0.19508971623170607 -0.9807854009010495 0
    outer loop
      vertex 3.494133472442627 3.380740165710449 -27.700000762939453
      vertex 3.9431586265563965 3.4700565338134766 -23.309999465942383
      vertex 3.494133472442627 3.380740165710449 -23.309999465942383
    endloop
  endfacet
  facet normal 0.19508971623170607 -0.9807854009010495 0
    outer loop
      vertex 3.9431586265563965 3.4700565338134766 -23.309999465942383
      vertex 3.494133472442627 3.380740165710449 -27.700000762939453
      vertex 3.9431586265563965 3.4700565338134766 -27.700000762939453
    endloop
  endfacet
  facet normal 0.0654042044267184 0.9978588527659149 0
    outer loop
      vertex 4.400000095367432 -3.5 -27.700000762939453
      vertex 3.9431586265563965 -3.4700565338134766 -23.309999465942383
      vertex 4.400000095367432 -3.5 -23.309999465942383
    endloop
  endfacet
  facet normal 0.0654042044267184 0.9978588527659149 0
    outer loop
      vertex 3.9431586265563965 -3.4700565338134766 -23.309999465942383
      vertex 4.400000095367432 -3.5 -27.700000762939453
      vertex 3.9431586265563965 -3.4700565338134766 -27.700000762939453
    endloop
  endfacet
  facet normal 0.7518400530488212 -0.6593455350812242 0
    outer loop
      vertex 1.6232637166976929 2.130664825439453 -23.309999465942383
      vertex 1.9251264333724976 2.4748735427856445 -27.700000762939453
      vertex 1.9251264333724976 2.4748735427856445 -23.309999465942383
    endloop
  endfacet
  facet normal 0.7518400530488212 -0.6593455350812242 0
    outer loop
      vertex 1.9251264333724976 2.4748735427856445 -27.700000762939453
      vertex 1.6232637166976929 2.130664825439453 -23.309999465942383
      vertex 1.6232637166976929 2.130664825439453 -27.700000762939453
    endloop
  endfacet
  facet normal -0.8968733494932568 0.4422874573947884 0
    outer loop
      vertex 7.431088924407959 -1.75 -27.700000762939453
      vertex 7.633577823638916 -1.3393917083740234 -23.309999465942383
      vertex 7.633577823638916 -1.3393917083740234 -27.700000762939453
    endloop
  endfacet
  facet normal -0.8968733494932568 0.4422874573947884 0
    outer loop
      vertex 7.633577823638916 -1.3393917083740234 -23.309999465942383
      vertex 7.431088924407959 -1.75 -27.700000762939453
      vertex 7.431088924407959 -1.75 -23.309999465942383
    endloop
  endfacet
  facet normal -0.5555709352218309 -0.8314691431055878 0
    outer loop
      vertex 6.150000095367432 3.0310888290405273 -27.700000762939453
      vertex 6.530664920806885 2.776736259460449 -23.309999465942383
      vertex 6.150000095367432 3.0310888290405273 -23.309999465942383
    endloop
  endfacet
  facet normal -0.5555709352218309 -0.8314691431055878 0
    outer loop
      vertex 6.530664920806885 2.776736259460449 -23.309999465942383
      vertex 6.150000095367432 3.0310888290405273 -27.700000762939453
      vertex 6.530664920806885 2.776736259460449 -27.700000762939453
    endloop
  endfacet
  facet normal -0.6593455350812242 -0.7518400530488212 0
    outer loop
      vertex 6.530664920806885 2.776736259460449 -27.700000762939453
      vertex 6.874873638153076 2.4748735427856445 -23.309999465942383
      vertex 6.530664920806885 2.776736259460449 -23.309999465942383
    endloop
  endfacet
  facet normal -0.6593455350812242 -0.7518400530488212 0
    outer loop
      vertex 6.874873638153076 2.4748735427856445 -23.309999465942383
      vertex 6.530664920806885 2.776736259460449 -27.700000762939453
      vertex 6.874873638153076 2.4748735427856445 -27.700000762939453
    endloop
  endfacet
  facet normal -0.8314691431055878 0.5555709352218309 0
    outer loop
      vertex 7.176736354827881 -2.130664825439453 -27.700000762939453
      vertex 7.431088924407959 -1.75 -23.309999465942383
      vertex 7.431088924407959 -1.75 -27.700000762939453
    endloop
  endfacet
  facet normal -0.8314691431055878 0.5555709352218309 0
    outer loop
      vertex 7.431088924407959 -1.75 -23.309999465942383
      vertex 7.176736354827881 -2.130664825439453 -27.700000762939453
      vertex 7.176736354827881 -2.130664825439453 -23.309999465942383
    endloop
  endfacet
  facet normal 0.9978588527659149 -0.0654042044267184 0
    outer loop
      vertex 0.8999999761581421 0 -23.309999465942383
      vertex 0.9299434423446655 0.45684146881103516 -27.700000762939453
      vertex 0.9299434423446655 0.45684146881103516 -23.309999465942383
    endloop
  endfacet
  facet normal 0.9978588527659149 -0.0654042044267184 0
    outer loop
      vertex 0.9299434423446655 0.45684146881103516 -27.700000762939453
      vertex 0.8999999761581421 0 -23.309999465942383
      vertex 0.8999999761581421 0 -27.700000762939453
    endloop
  endfacet
  facet normal 0.4422874573947884 0.8968733494932568 0
    outer loop
      vertex 3.060608386993408 -3.2335777282714844 -27.700000762939453
      vertex 2.6500000953674316 -3.0310888290405273 -23.309999465942383
      vertex 3.060608386993408 -3.2335777282714844 -23.309999465942383
    endloop
  endfacet
  facet normal 0.4422874573947884 0.8968733494932568 0
    outer loop
      vertex 2.6500000953674316 -3.0310888290405273 -23.309999465942383
      vertex 3.060608386993408 -3.2335777282714844 -27.700000762939453
      vertex 2.6500000953674316 -3.0310888290405273 -27.700000762939453
    endloop
  endfacet
  facet normal 0.9807854009010495 -0.19508971623170607 0
    outer loop
      vertex 0.9299434423446655 0.45684146881103516 -23.309999465942383
      vertex 1.0192598104476929 0.9058666229248047 -27.700000762939453
      vertex 1.0192598104476929 0.9058666229248047 -23.309999465942383
    endloop
  endfacet
  facet normal 0.9807854009010495 -0.19508971623170607 0
    outer loop
      vertex 1.0192598104476929 0.9058666229248047 -27.700000762939453
      vertex 0.9299434423446655 0.45684146881103516 -23.309999465942383
      vertex 0.9299434423446655 0.45684146881103516 -27.700000762939453
    endloop
  endfacet
  facet normal -0.0654042044267184 0.9978588527659149 0
    outer loop
      vertex 4.856841564178467 -3.4700565338134766 -27.700000762939453
      vertex 4.400000095367432 -3.5 -23.309999465942383
      vertex 4.856841564178467 -3.4700565338134766 -23.309999465942383
    endloop
  endfacet
  facet normal -0.0654042044267184 0.9978588527659149 0
    outer loop
      vertex 4.400000095367432 -3.5 -23.309999465942383
      vertex 4.856841564178467 -3.4700565338134766 -27.700000762939453
      vertex 4.400000095367432 -3.5 -27.700000762939453
    endloop
  endfacet
  facet normal 0.9978588527659149 0.0654042044267184 0
    outer loop
      vertex 0.9299434423446655 -0.45684146881103516 -23.309999465942383
      vertex 0.8999999761581421 0 -27.700000762939453
      vertex 0.8999999761581421 0 -23.309999465942383
    endloop
  endfacet
  facet normal 0.9978588527659149 0.0654042044267184 0
    outer loop
      vertex 0.8999999761581421 0 -27.700000762939453
      vertex 0.9299434423446655 -0.45684146881103516 -23.309999465942383
      vertex 0.9299434423446655 -0.45684146881103516 -27.700000762939453
    endloop
  endfacet
  facet normal 0.8968733494932568 -0.4422874573947884 0
    outer loop
      vertex 1.1664222478866577 1.3393917083740234 -23.309999465942383
      vertex 1.3689111471176147 1.75 -27.700000762939453
      vertex 1.3689111471176147 1.75 -23.309999465942383
    endloop
  endfacet
  facet normal 0.8968733494932568 -0.4422874573947884 0
    outer loop
      vertex 1.3689111471176147 1.75 -27.700000762939453
      vertex 1.1664222478866577 1.3393917083740234 -23.309999465942383
      vertex 1.1664222478866577 1.3393917083740234 -27.700000762939453
    endloop
  endfacet
  facet normal 0 0 -1
    outer loop
      vertex 6.584399700164795 0 -23.309999465942383
      vertex 7.900000095367432 0 -23.309999465942383
      vertex 7.870056629180908 -0.45684146881103516 -23.309999465942383
    endloop
  endfacet
  facet normal 0 0 -1
    outer loop
      vertex 6.565711498260498 -0.28512096405029297 -23.309999465942383
      vertex 7.870056629180908 -0.45684146881103516 -23.309999465942383
      vertex 7.780740261077881 -0.9058666229248047 -23.309999465942383
    endloop
  endfacet
  facet normal 0 0 -1
    outer loop
      vertex 7.900000095367432 0 -23.309999465942383
      vertex 6.584399700164795 0 -23.309999465942383
      vertex 7.870056629180908 0.45684146881103516 -23.309999465942383
    endloop
  endfacet
  facet normal 0 0 -1
    outer loop
      vertex 6.509968280792236 -0.565363883972168 -23.309999465942383
      vertex 7.780740261077881 -0.9058666229248047 -23.309999465942383
      vertex 7.633577823638916 -1.3393917083740234 -23.309999465942383
    endloop
  endfacet
  facet normal 0 0 -1
    outer loop
      vertex 6.565711498260498 0.28512096405029297 -23.309999465942383
      vertex 7.870056629180908 0.45684146881103516 -23.309999465942383
      vertex 6.584399700164795 0 -23.309999465942383
    endloop
  endfacet
  facet normal 0 0 -1
    outer loop
      vertex 6.418121814727783 -0.8359336853027344 -23.309999465942383
      vertex 7.633577823638916 -1.3393917083740234 -23.309999465942383
      vertex 7.431088924407959 -1.75 -23.309999465942383
    endloop
  endfacet
  facet normal 0 0 -1
    outer loop
      vertex 7.870056629180908 0.45684146881103516 -23.309999465942383
      vertex 6.565711498260498 0.28512096405029297 -23.309999465942383
      vertex 7.780740261077881 0.9058666229248047 -23.309999465942383
    endloop
  endfacet
  facet normal 0 0 -1
    outer loop
      vertex 6.291745662689209 -1.0921993255615234 -23.309999465942383
      vertex 7.431088924407959 -1.75 -23.309999465942383
      vertex 7.176736354827881 -2.130664825439453 -23.309999465942383
    endloop
  endfacet
  facet normal 0 0 -1
    outer loop
      vertex 6.509968280792236 0.565363883972168 -23.309999465942383
      vertex 7.780740261077881 0.9058666229248047 -23.309999465942383
      vertex 6.565711498260498 0.28512096405029297 -23.309999465942383
    endloop
  endfacet
  facet normal 0 0 -1
    outer loop
      vertex 6.13300085067749 -1.329777717590332 -23.309999465942383
      vertex 7.176736354827881 -2.130664825439453 -23.309999465942383
      vertex 6.874873638153076 -2.4748735427856445 -23.309999465942383
    endloop
  endfacet
  facet normal 0 0 -1
    outer loop
      vertex 7.780740261077881 0.9058666229248047 -23.309999465942383
      vertex 6.509968280792236 0.565363883972168 -23.309999465942383
      vertex 7.633577823638916 1.3393917083740234 -23.309999465942383
    endloop
  endfacet
  facet normal 0 0 -1
    outer loop
      vertex 6.418121814727783 0.8359336853027344 -23.309999465942383
      vertex 7.633577823638916 1.3393917083740234 -23.309999465942383
      vertex 6.509968280792236 0.565363883972168 -23.309999465942383
    endloop
  endfacet
  facet normal 0 0 -1
    outer loop
      vertex 7.870056629180908 -0.45684146881103516 -23.309999465942383
      vertex 6.565711498260498 -0.28512096405029297 -23.309999465942383
      vertex 6.584399700164795 0 -23.309999465942383
    endloop
  endfacet
  facet normal 0 0 -1
    outer loop
      vertex 5.944603443145752 -1.5446033477783203 -23.309999465942383
      vertex 6.874873638153076 -2.4748735427856445 -23.309999465942383
      vertex 6.530664920806885 -2.776736259460449 -23.309999465942383
    endloop
  endfacet
  facet normal 0 0 -1
    outer loop
      vertex 7.780740261077881 -0.9058666229248047 -23.309999465942383
      vertex 6.509968280792236 -0.565363883972168 -23.309999465942383
      vertex 6.565711498260498 -0.28512096405029297 -23.309999465942383
    endloop
  endfacet
  facet normal 0 0 -1
    outer loop
      vertex 7.633577823638916 -1.3393917083740234 -23.309999465942383
      vertex 6.418121814727783 -0.8359336853027344 -23.309999465942383
      vertex 6.509968280792236 -0.565363883972168 -23.309999465942383
    endloop
  endfacet
  facet normal 0 0 -1
    outer loop
      vertex 7.431088924407959 -1.75 -23.309999465942383
      vertex 6.291745662689209 -1.0921993255615234 -23.309999465942383
      vertex 6.418121814727783 -0.8359336853027344 -23.309999465942383
    endloop
  endfacet
  facet normal 0 0 -1
    outer loop
      vertex 5.729777812957764 -1.7330007553100586 -23.309999465942383
      vertex 6.530664920806885 -2.776736259460449 -23.309999465942383
      vertex 6.150000095367432 -3.0310888290405273 -23.309999465942383
    endloop
  endfacet
  facet normal 0 0 -1
    outer loop
      vertex 7.176736354827881 -2.130664825439453 -23.309999465942383
      vertex 6.13300085067749 -1.329777717590332 -23.309999465942383
      vertex 6.291745662689209 -1.0921993255615234 -23.309999465942383
    endloop
  endfacet
  facet normal 0 0 -1
    outer loop
      vertex 6.874873638153076 -2.4748735427856445 -23.309999465942383
      vertex 5.944603443145752 -1.5446033477783203 -23.309999465942383
      vertex 6.13300085067749 -1.329777717590332 -23.309999465942383
    endloop
  endfacet
  facet normal 0 0 -1
    outer loop
      vertex 5.492199420928955 -1.8917455673217773 -23.309999465942383
      vertex 6.150000095367432 -3.0310888290405273 -23.309999465942383
      vertex 5.739391803741455 -3.2335777282714844 -23.309999465942383
    endloop
  endfacet
  facet normal 0 0 -1
    outer loop
      vertex 6.530664920806885 -2.776736259460449 -23.309999465942383
      vertex 5.729777812957764 -1.7330007553100586 -23.309999465942383
      vertex 5.944603443145752 -1.5446033477783203 -23.309999465942383
    endloop
  endfacet
  facet normal 0 0 -1
    outer loop
      vertex 6.150000095367432 -3.0310888290405273 -23.309999465942383
      vertex 5.492199420928955 -1.8917455673217773 -23.309999465942383
      vertex 5.729777812957764 -1.7330007553100586 -23.309999465942383
    endloop
  endfacet
  facet normal 0 0 -1
    outer loop
      vertex 5.235933780670166 -2.0181217193603516 -23.309999465942383
      vertex 5.739391803741455 -3.2335777282714844 -23.309999465942383
      vertex 5.305866718292236 -3.380740165710449 -23.309999465942383
    endloop
  endfacet
  facet normal 0 0 -1
    outer loop
      vertex 5.739391803741455 -3.2335777282714844 -23.309999465942383
      vertex 5.235933780670166 -2.0181217193603516 -23.309999465942383
      vertex 5.492199420928955 -1.8917455673217773 -23.309999465942383
    endloop
  endfacet
  facet normal 0 0 -1
    outer loop
      vertex 5.305866718292236 -3.380740165710449 -23.309999465942383
      vertex 4.9653639793396 -2.1099681854248047 -23.309999465942383
      vertex 5.235933780670166 -2.0181217193603516 -23.309999465942383
    endloop
  endfacet
  facet normal 0 0 -1
    outer loop
      vertex 4.856841564178467 -3.4700565338134766 -23.309999465942383
      vertex 4.9653639793396 -2.1099681854248047 -23.309999465942383
      vertex 5.305866718292236 -3.380740165710449 -23.309999465942383
    endloop
  endfacet
  facet normal 0 0 -1
    outer loop
      vertex 4.856841564178467 -3.4700565338134766 -23.309999465942383
      vertex 4.685121059417725 -2.1657114028930664 -23.309999465942383
      vertex 4.9653639793396 -2.1099681854248047 -23.309999465942383
    endloop
  endfacet
  facet normal 0 0 -1
    outer loop
      vertex 4.400000095367432 -3.5 -23.309999465942383
      vertex 4.685121059417725 -2.1657114028930664 -23.309999465942383
      vertex 4.856841564178467 -3.4700565338134766 -23.309999465942383
    endloop
  endfacet
  facet normal 0 0 -1
    outer loop
      vertex 4.400000095367432 -3.5 -23.309999465942383
      vertex 4.400000095367432 -2.1843996047973633 -23.309999465942383
      vertex 4.685121059417725 -2.1657114028930664 -23.309999465942383
    endloop
  endfacet
  facet normal 0 0 -1
    outer loop
      vertex 4.400000095367432 -3.5 -23.309999465942383
      vertex 4.114879131317139 -2.1657114028930664 -23.309999465942383
      vertex 4.400000095367432 -2.1843996047973633 -23.309999465942383
    endloop
  endfacet
  facet normal 0 0 -1
    outer loop
      vertex 3.9431586265563965 -3.4700565338134766 -23.309999465942383
      vertex 4.114879131317139 -2.1657114028930664 -23.309999465942383
      vertex 4.400000095367432 -3.5 -23.309999465942383
    endloop
  endfacet
  facet normal 0 0 -1
    outer loop
      vertex 3.9431586265563965 -3.4700565338134766 -23.309999465942383
      vertex 3.8346362113952637 -2.1099681854248047 -23.309999465942383
      vertex 4.114879131317139 -2.1657114028930664 -23.309999465942383
    endloop
  endfacet
  facet normal 0 0 -1
    outer loop
      vertex 3.494133472442627 -3.380740165710449 -23.309999465942383
      vertex 3.8346362113952637 -2.1099681854248047 -23.309999465942383
      vertex 3.9431586265563965 -3.4700565338134766 -23.309999465942383
    endloop
  endfacet
  facet normal 0 0 -1
    outer loop
      vertex 3.8346362113952637 -2.1099681854248047 -23.309999465942383
      vertex 3.494133472442627 -3.380740165710449 -23.309999465942383
      vertex 3.5640664100646973 -2.0181217193603516 -23.309999465942383
    endloop
  endfacet
  facet normal 0 0 -1
    outer loop
      vertex 3.060608386993408 -3.2335777282714844 -23.309999465942383
      vertex 3.5640664100646973 -2.0181217193603516 -23.309999465942383
      vertex 3.494133472442627 -3.380740165710449 -23.309999465942383
    endloop
  endfacet
  facet normal 0 0 -1
    outer loop
      vertex 3.5640664100646973 -2.0181217193603516 -23.309999465942383
      vertex 3.060608386993408 -3.2335777282714844 -23.309999465942383
      vertex 3.307800769805908 -1.8917455673217773 -23.309999465942383
    endloop
  endfacet
  facet normal 0 0 -1
    outer loop
      vertex 2.6500000953674316 -3.0310888290405273 -23.309999465942383
      vertex 3.307800769805908 -1.8917455673217773 -23.309999465942383
      vertex 3.060608386993408 -3.2335777282714844 -23.309999465942383
    endloop
  endfacet
  facet normal 0 0 -1
    outer loop
      vertex 3.307800769805908 -1.8917455673217773 -23.309999465942383
      vertex 2.6500000953674316 -3.0310888290405273 -23.309999465942383
      vertex 3.0702223777770996 -1.7330007553100586 -23.309999465942383
    endloop
  endfacet
  facet normal 0 0 -1
    outer loop
      vertex 2.2693352699279785 -2.776736259460449 -23.309999465942383
      vertex 3.0702223777770996 -1.7330007553100586 -23.309999465942383
      vertex 2.6500000953674316 -3.0310888290405273 -23.309999465942383
    endloop
  endfacet
  facet normal 0 0 -1
    outer loop
      vertex 3.0702223777770996 -1.7330007553100586 -23.309999465942383
      vertex 2.2693352699279785 -2.776736259460449 -23.309999465942383
      vertex 2.8553967475891113 -1.5446033477783203 -23.309999465942383
    endloop
  endfacet
  facet normal 0 0 -1
    outer loop
      vertex 1.9251264333724976 -2.4748735427856445 -23.309999465942383
      vertex 2.8553967475891113 -1.5446033477783203 -23.309999465942383
      vertex 2.2693352699279785 -2.776736259460449 -23.309999465942383
    endloop
  endfacet
  facet normal 0 0 -1
    outer loop
      vertex 2.8553967475891113 -1.5446033477783203 -23.309999465942383
      vertex 1.9251264333724976 -2.4748735427856445 -23.309999465942383
      vertex 2.666999340057373 -1.329777717590332 -23.309999465942383
    endloop
  endfacet
  facet normal 0 0 -1
    outer loop
      vertex 1.6232637166976929 -2.130664825439453 -23.309999465942383
      vertex 2.666999340057373 -1.329777717590332 -23.309999465942383
      vertex 1.9251264333724976 -2.4748735427856445 -23.309999465942383
    endloop
  endfacet
  facet normal 0 0 -1
    outer loop
      vertex 2.666999340057373 -1.329777717590332 -23.309999465942383
      vertex 1.6232637166976929 -2.130664825439453 -23.309999465942383
      vertex 2.5082545280456543 -1.0921993255615234 -23.309999465942383
    endloop
  endfacet
  facet normal 0 0 -1
    outer loop
      vertex 1.3689111471176147 -1.75 -23.309999465942383
      vertex 2.5082545280456543 -1.0921993255615234 -23.309999465942383
      vertex 1.6232637166976929 -2.130664825439453 -23.309999465942383
    endloop
  endfacet
  facet normal 0 0 -1
    outer loop
      vertex 2.5082545280456543 -1.0921993255615234 -23.309999465942383
      vertex 1.3689111471176147 -1.75 -23.309999465942383
      vertex 2.38187837600708 -0.8359336853027344 -23.309999465942383
    endloop
  endfacet
  facet normal 0 0 -1
    outer loop
      vertex 1.1664222478866577 -1.3393917083740234 -23.309999465942383
      vertex 2.38187837600708 -0.8359336853027344 -23.309999465942383
      vertex 1.3689111471176147 -1.75 -23.309999465942383
    endloop
  endfacet
  facet normal 0 0 -1
    outer loop
      vertex 7.633577823638916 1.3393917083740234 -23.309999465942383
      vertex 6.418121814727783 0.8359336853027344 -23.309999465942383
      vertex 7.431088924407959 1.75 -23.309999465942383
    endloop
  endfacet
  facet normal 0 0 -1
    outer loop
      vertex 6.291745662689209 1.0921993255615234 -23.309999465942383
      vertex 7.431088924407959 1.75 -23.309999465942383
      vertex 6.418121814727783 0.8359336853027344 -23.309999465942383
    endloop
  endfacet
  facet normal 0 0 -1
    outer loop
      vertex 7.431088924407959 1.75 -23.309999465942383
      vertex 6.291745662689209 1.0921993255615234 -23.309999465942383
      vertex 7.176736354827881 2.130664825439453 -23.309999465942383
    endloop
  endfacet
  facet normal 0 0 -1
    outer loop
      vertex 6.13300085067749 1.329777717590332 -23.309999465942383
      vertex 7.176736354827881 2.130664825439453 -23.309999465942383
      vertex 6.291745662689209 1.0921993255615234 -23.309999465942383
    endloop
  endfacet
  facet normal 0 0 -1
    outer loop
      vertex 7.176736354827881 2.130664825439453 -23.309999465942383
      vertex 6.13300085067749 1.329777717590332 -23.309999465942383
      vertex 6.874873638153076 2.4748735427856445 -23.309999465942383
    endloop
  endfacet
  facet normal 0 0 -1
    outer loop
      vertex 5.944603443145752 1.5446033477783203 -23.309999465942383
      vertex 6.874873638153076 2.4748735427856445 -23.309999465942383
      vertex 6.13300085067749 1.329777717590332 -23.309999465942383
    endloop
  endfacet
  facet normal 0 0 -1
    outer loop
      vertex 6.874873638153076 2.4748735427856445 -23.309999465942383
      vertex 5.944603443145752 1.5446033477783203 -23.309999465942383
      vertex 6.530664920806885 2.776736259460449 -23.309999465942383
    endloop
  endfacet
  facet normal 0 0 -1
    outer loop
      vertex 5.729777812957764 1.7330007553100586 -23.309999465942383
      vertex 6.530664920806885 2.776736259460449 -23.309999465942383
      vertex 5.944603443145752 1.5446033477783203 -23.309999465942383
    endloop
  endfacet
  facet normal 0 0 -1
    outer loop
      vertex 6.530664920806885 2.776736259460449 -23.309999465942383
      vertex 5.729777812957764 1.7330007553100586 -23.309999465942383
      vertex 6.150000095367432 3.0310888290405273 -23.309999465942383
    endloop
  endfacet
  facet normal 0 0 -1
    outer loop
      vertex 5.492199420928955 1.8917455673217773 -23.309999465942383
      vertex 6.150000095367432 3.0310888290405273 -23.309999465942383
      vertex 5.729777812957764 1.7330007553100586 -23.309999465942383
    endloop
  endfacet
  facet normal 0 0 -1
    outer loop
      vertex 6.150000095367432 3.0310888290405273 -23.309999465942383
      vertex 5.492199420928955 1.8917455673217773 -23.309999465942383
      vertex 5.739391803741455 3.2335777282714844 -23.309999465942383
    endloop
  endfacet
  facet normal 0 0 -1
    outer loop
      vertex 5.235933780670166 2.0181217193603516 -23.309999465942383
      vertex 5.739391803741455 3.2335777282714844 -23.309999465942383
      vertex 5.492199420928955 1.8917455673217773 -23.309999465942383
    endloop
  endfacet
  facet normal 0 0 -1
    outer loop
      vertex 5.739391803741455 3.2335777282714844 -23.309999465942383
      vertex 5.235933780670166 2.0181217193603516 -23.309999465942383
      vertex 5.305866718292236 3.380740165710449 -23.309999465942383
    endloop
  endfacet
  facet normal 0 0 -1
    outer loop
      vertex 4.9653639793396 2.1099681854248047 -23.309999465942383
      vertex 5.305866718292236 3.380740165710449 -23.309999465942383
      vertex 5.235933780670166 2.0181217193603516 -23.309999465942383
    endloop
  endfacet
  facet normal 0 0 -1
    outer loop
      vertex 4.9653639793396 2.1099681854248047 -23.309999465942383
      vertex 4.856841564178467 3.4700565338134766 -23.309999465942383
      vertex 5.305866718292236 3.380740165710449 -23.309999465942383
    endloop
  endfacet
  facet normal 0 0 -1
    outer loop
      vertex 4.685121059417725 2.1657114028930664 -23.309999465942383
      vertex 4.856841564178467 3.4700565338134766 -23.309999465942383
      vertex 4.9653639793396 2.1099681854248047 -23.309999465942383
    endloop
  endfacet
  facet normal 0 0 -1
    outer loop
      vertex 4.400000095367432 2.1843996047973633 -23.309999465942383
      vertex 4.856841564178467 3.4700565338134766 -23.309999465942383
      vertex 4.685121059417725 2.1657114028930664 -23.309999465942383
    endloop
  endfacet
  facet normal 0 0 -1
    outer loop
      vertex 4.400000095367432 2.1843996047973633 -23.309999465942383
      vertex 4.400000095367432 3.5 -23.309999465942383
      vertex 4.856841564178467 3.4700565338134766 -23.309999465942383
    endloop
  endfacet
  facet normal 0 0 -1
    outer loop
      vertex 4.114879131317139 2.1657114028930664 -23.309999465942383
      vertex 4.400000095367432 3.5 -23.309999465942383
      vertex 4.400000095367432 2.1843996047973633 -23.309999465942383
    endloop
  endfacet
  facet normal 0 0 -1
    outer loop
      vertex 4.114879131317139 2.1657114028930664 -23.309999465942383
      vertex 3.9431586265563965 3.4700565338134766 -23.309999465942383
      vertex 4.400000095367432 3.5 -23.309999465942383
    endloop
  endfacet
  facet normal 0 0 -1
    outer loop
      vertex 3.8346362113952637 2.1099681854248047 -23.309999465942383
      vertex 3.9431586265563965 3.4700565338134766 -23.309999465942383
      vertex 4.114879131317139 2.1657114028930664 -23.309999465942383
    endloop
  endfacet
  facet normal 0 0 -1
    outer loop
      vertex 3.494133472442627 3.380740165710449 -23.309999465942383
      vertex 3.8346362113952637 2.1099681854248047 -23.309999465942383
      vertex 3.5640664100646973 2.0181217193603516 -23.309999465942383
    endloop
  endfacet
  facet normal 0 0 -1
    outer loop
      vertex 3.8346362113952637 2.1099681854248047 -23.309999465942383
      vertex 3.494133472442627 3.380740165710449 -23.309999465942383
      vertex 3.9431586265563965 3.4700565338134766 -23.309999465942383
    endloop
  endfacet
  facet normal 0 0 -1
    outer loop
      vertex 3.060608386993408 3.2335777282714844 -23.309999465942383
      vertex 3.5640664100646973 2.0181217193603516 -23.309999465942383
      vertex 3.307800769805908 1.8917455673217773 -23.309999465942383
    endloop
  endfacet
  facet normal 0 0 -1
    outer loop
      vertex 2.6500000953674316 3.0310888290405273 -23.309999465942383
      vertex 3.307800769805908 1.8917455673217773 -23.309999465942383
      vertex 3.0702223777770996 1.7330007553100586 -23.309999465942383
    endloop
  endfacet
  facet normal 0 0 -1
    outer loop
      vertex 3.5640664100646973 2.0181217193603516 -23.309999465942383
      vertex 3.060608386993408 3.2335777282714844 -23.309999465942383
      vertex 3.494133472442627 3.380740165710449 -23.309999465942383
    endloop
  endfacet
  facet normal 0 0 -1
    outer loop
      vertex 2.2693352699279785 2.776736259460449 -23.309999465942383
      vertex 3.0702223777770996 1.7330007553100586 -23.309999465942383
      vertex 2.8553967475891113 1.5446033477783203 -23.309999465942383
    endloop
  endfacet
  facet normal 0 0 -1
    outer loop
      vertex 1.9251264333724976 2.4748735427856445 -23.309999465942383
      vertex 2.8553967475891113 1.5446033477783203 -23.309999465942383
      vertex 2.666999340057373 1.329777717590332 -23.309999465942383
    endloop
  endfacet
  facet normal 0 0 -1
    outer loop
      vertex 3.307800769805908 1.8917455673217773 -23.309999465942383
      vertex 2.6500000953674316 3.0310888290405273 -23.309999465942383
      vertex 3.060608386993408 3.2335777282714844 -23.309999465942383
    endloop
  endfacet
  facet normal 0 0 -1
    outer loop
      vertex 1.6232637166976929 2.130664825439453 -23.309999465942383
      vertex 2.666999340057373 1.329777717590332 -23.309999465942383
      vertex 2.5082545280456543 1.0921993255615234 -23.309999465942383
    endloop
  endfacet
  facet normal 0 0 -1
    outer loop
      vertex 1.3689111471176147 1.75 -23.309999465942383
      vertex 2.5082545280456543 1.0921993255615234 -23.309999465942383
      vertex 2.38187837600708 0.8359336853027344 -23.309999465942383
    endloop
  endfacet
  facet normal 0 0 -1
    outer loop
      vertex 1.1664222478866577 1.3393917083740234 -23.309999465942383
      vertex 2.38187837600708 0.8359336853027344 -23.309999465942383
      vertex 2.290031909942627 0.565363883972168 -23.309999465942383
    endloop
  endfacet
  facet normal 0 0 -1
    outer loop
      vertex 3.0702223777770996 1.7330007553100586 -23.309999465942383
      vertex 2.2693352699279785 2.776736259460449 -23.309999465942383
      vertex 2.6500000953674316 3.0310888290405273 -23.309999465942383
    endloop
  endfacet
  facet normal 0 0 -1
    outer loop
      vertex 1.0192598104476929 0.9058666229248047 -23.309999465942383
      vertex 2.290031909942627 0.565363883972168 -23.309999465942383
      vertex 2.2342886924743652 0.28512096405029297 -23.309999465942383
    endloop
  endfacet
  facet normal 0 0 -1
    outer loop
      vertex 0.9299434423446655 0.45684146881103516 -23.309999465942383
      vertex 2.2342886924743652 0.28512096405029297 -23.309999465942383
      vertex 2.2156004905700684 0 -23.309999465942383
    endloop
  endfacet
  facet normal 0 0 -1
    outer loop
      vertex 2.38187837600708 -0.8359336853027344 -23.309999465942383
      vertex 1.1664222478866577 -1.3393917083740234 -23.309999465942383
      vertex 2.290031909942627 -0.565363883972168 -23.309999465942383
    endloop
  endfacet
  facet normal 0 0 -1
    outer loop
      vertex 2.8553967475891113 1.5446033477783203 -23.309999465942383
      vertex 1.9251264333724976 2.4748735427856445 -23.309999465942383
      vertex 2.2693352699279785 2.776736259460449 -23.309999465942383
    endloop
  endfacet
  facet normal 0 0 -1
    outer loop
      vertex 1.0192598104476929 -0.9058666229248047 -23.309999465942383
      vertex 2.290031909942627 -0.565363883972168 -23.309999465942383
      vertex 1.1664222478866577 -1.3393917083740234 -23.309999465942383
    endloop
  endfacet
  facet normal 0 0 -1
    outer loop
      vertex 2.666999340057373 1.329777717590332 -23.309999465942383
      vertex 1.6232637166976929 2.130664825439453 -23.309999465942383
      vertex 1.9251264333724976 2.4748735427856445 -23.309999465942383
    endloop
  endfacet
  facet normal 0 0 -1
    outer loop
      vertex 2.290031909942627 -0.565363883972168 -23.309999465942383
      vertex 1.0192598104476929 -0.9058666229248047 -23.309999465942383
      vertex 2.2342886924743652 -0.28512096405029297 -23.309999465942383
    endloop
  endfacet
  facet normal 0 0 -1
    outer loop
      vertex 2.5082545280456543 1.0921993255615234 -23.309999465942383
      vertex 1.3689111471176147 1.75 -23.309999465942383
      vertex 1.6232637166976929 2.130664825439453 -23.309999465942383
    endloop
  endfacet
  facet normal 0 0 -1
    outer loop
      vertex 0.9299434423446655 -0.45684146881103516 -23.309999465942383
      vertex 2.2342886924743652 -0.28512096405029297 -23.309999465942383
      vertex 1.0192598104476929 -0.9058666229248047 -23.309999465942383
    endloop
  endfacet
  facet normal 0 0 -1
    outer loop
      vertex 2.38187837600708 0.8359336853027344 -23.309999465942383
      vertex 1.1664222478866577 1.3393917083740234 -23.309999465942383
      vertex 1.3689111471176147 1.75 -23.309999465942383
    endloop
  endfacet
  facet normal 0 0 -1
    outer loop
      vertex 2.2342886924743652 -0.28512096405029297 -23.309999465942383
      vertex 0.9299434423446655 -0.45684146881103516 -23.309999465942383
      vertex 2.2156004905700684 0 -23.309999465942383
    endloop
  endfacet
  facet normal 0 0 -1
    outer loop
      vertex 2.290031909942627 0.565363883972168 -23.309999465942383
      vertex 1.0192598104476929 0.9058666229248047 -23.309999465942383
      vertex 1.1664222478866577 1.3393917083740234 -23.309999465942383
    endloop
  endfacet
  facet normal 0 0 -1
    outer loop
      vertex 0.8999999761581421 0 -23.309999465942383
      vertex 2.2156004905700684 0 -23.309999465942383
      vertex 0.9299434423446655 -0.45684146881103516 -23.309999465942383
    endloop
  endfacet
  facet normal 0 0 -1
    outer loop
      vertex 2.2342886924743652 0.28512096405029297 -23.309999465942383
      vertex 0.9299434423446655 0.45684146881103516 -23.309999465942383
      vertex 1.0192598104476929 0.9058666229248047 -23.309999465942383
    endloop
  endfacet
  facet normal 0 0 -1
    outer loop
      vertex 2.2156004905700684 0 -23.309999465942383
      vertex 0.8999999761581421 0 -23.309999465942383
      vertex 0.9299434423446655 0.45684146881103516 -23.309999465942383
    endloop
  endfacet
  facet normal 0.8314691431055878 -0.5555709352218309 0
    outer loop
      vertex 1.3689111471176147 1.75 -23.309999465942383
      vertex 1.6232637166976929 2.130664825439453 -27.700000762939453
      vertex 1.6232637166976929 2.130664825439453 -23.309999465942383
    endloop
  endfacet
  facet normal 0.8314691431055878 -0.5555709352218309 0
    outer loop
      vertex 1.6232637166976929 2.130664825439453 -27.700000762939453
      vertex 1.3689111471176147 1.75 -23.309999465942383
      vertex 1.3689111471176147 1.75 -27.700000762939453
    endloop
  endfacet
  facet normal 0.6593454060032417 0.7518401662470691 0
    outer loop
      vertex 2.2693352699279785 -2.776736259460449 -27.700000762939453
      vertex 1.9251264333724976 -2.4748735427856445 -23.309999465942383
      vertex 2.2693352699279785 -2.776736259460449 -23.309999465942383
    endloop
  endfacet
  facet normal 0.6593454060032417 0.7518401662470691 0
    outer loop
      vertex 1.9251264333724976 -2.4748735427856445 -23.309999465942383
      vertex 2.2693352699279785 -2.776736259460449 -27.700000762939453
      vertex 1.9251264333724976 -2.4748735427856445 -27.700000762939453
    endloop
  endfacet
  facet normal 0.6593454060032417 -0.7518401662470691 0
    outer loop
      vertex 1.9251264333724976 2.4748735427856445 -27.700000762939453
      vertex 2.2693352699279785 2.776736259460449 -23.309999465942383
      vertex 1.9251264333724976 2.4748735427856445 -23.309999465942383
    endloop
  endfacet
  facet normal 0.6593454060032417 -0.7518401662470691 0
    outer loop
      vertex 2.2693352699279785 2.776736259460449 -23.309999465942383
      vertex 1.9251264333724976 2.4748735427856445 -27.700000762939453
      vertex 2.2693352699279785 2.776736259460449 -27.700000762939453
    endloop
  endfacet
  facet normal 0.3214404462713611 0.9469297965007059 0
    outer loop
      vertex 3.494133472442627 -3.380740165710449 -27.700000762939453
      vertex 3.060608386993408 -3.2335777282714844 -23.309999465942383
      vertex 3.494133472442627 -3.380740165710449 -23.309999465942383
    endloop
  endfacet
  facet normal 0.3214404462713611 0.9469297965007059 0
    outer loop
      vertex 3.060608386993408 -3.2335777282714844 -23.309999465942383
      vertex 3.494133472442627 -3.380740165710449 -27.700000762939453
      vertex 3.060608386993408 -3.2335777282714844 -27.700000762939453
    endloop
  endfacet
  facet normal 0.9807854009010495 0.19508971623170607 0
    outer loop
      vertex 1.0192598104476929 -0.9058666229248047 -23.309999465942383
      vertex 0.9299434423446655 -0.45684146881103516 -27.700000762939453
      vertex 0.9299434423446655 -0.45684146881103516 -23.309999465942383
    endloop
  endfacet
  facet normal 0.9807854009010495 0.19508971623170607 0
    outer loop
      vertex 0.9299434423446655 -0.45684146881103516 -27.700000762939453
      vertex 1.0192598104476929 -0.9058666229248047 -23.309999465942383
      vertex 1.0192598104476929 -0.9058666229248047 -27.700000762939453
    endloop
  endfacet
  facet normal -0.6593484657654931 -0.7518374828995229 0
    outer loop
      vertex 5.729777812957764 -23.266998291015625 -27.700000762939453
      vertex 5.944603443145752 -23.45539665222168 -24.690000534057617
      vertex 5.729777812957764 -23.266998291015625 -24.690000534057617
    endloop
  endfacet
  facet normal -0.6593484657654931 -0.7518374828995229 0
    outer loop
      vertex 5.944603443145752 -23.45539665222168 -24.690000534057617
      vertex 5.729777812957764 -23.266998291015625 -27.700000762939453
      vertex 5.944603443145752 -23.45539665222168 -27.700000762939453
    endloop
  endfacet
  facet normal -0.997858849213609 -0.06540425862351619 0
    outer loop
      vertex 6.584399700164795 -25 -27.700000762939453
      vertex 6.565711498260498 -24.71487808227539 -24.690000534057617
      vertex 6.565711498260498 -24.71487808227539 -27.700000762939453
    endloop
  endfacet
  facet normal -0.997858849213609 -0.06540425862351619 0
    outer loop
      vertex 6.565711498260498 -24.71487808227539 -24.690000534057617
      vertex 6.584399700164795 -25 -27.700000762939453
      vertex 6.584399700164795 -25 -24.690000534057617
    endloop
  endfacet
  facet normal 0.9807856588717693 -0.19508841931665097 0
    outer loop
      vertex 2.2342886924743652 -24.71487808227539 -24.690000534057617
      vertex 2.290031909942627 -24.434635162353516 -27.700000762939453
      vertex 2.290031909942627 -24.434635162353516 -24.690000534057617
    endloop
  endfacet
  facet normal 0.9807856588717693 -0.19508841931665097 0
    outer loop
      vertex 2.290031909942627 -24.434635162353516 -27.700000762939453
      vertex 2.2342886924743652 -24.71487808227539 -24.690000534057617
      vertex 2.2342886924743652 -24.71487808227539 -27.700000762939453
    endloop
  endfacet
  facet normal -0.997858849213609 0.06540425862351619 0
    outer loop
      vertex 6.565711498260498 -25.28512191772461 -27.700000762939453
      vertex 6.584399700164795 -25 -24.690000534057617
      vertex 6.584399700164795 -25 -27.700000762939453
    endloop
  endfacet
  facet normal -0.997858849213609 0.06540425862351619 0
    outer loop
      vertex 6.584399700164795 -25 -24.690000534057617
      vertex 6.565711498260498 -25.28512191772461 -27.700000762939453
      vertex 6.565711498260498 -25.28512191772461 -24.690000534057617
    endloop
  endfacet
  facet normal -0.1950852087020062 -0.980786297490791 0
    outer loop
      vertex 4.685121059417725 -22.83428955078125 -27.700000762939453
      vertex 4.9653639793396 -22.890031814575195 -24.690000534057617
      vertex 4.685121059417725 -22.83428955078125 -24.690000534057617
    endloop
  endfacet
  facet normal -0.1950852087020062 -0.980786297490791 0
    outer loop
      vertex 4.9653639793396 -22.890031814575195 -24.690000534057617
      vertex 4.685121059417725 -22.83428955078125 -27.700000762939453
      vertex 4.9653639793396 -22.890031814575195 -27.700000762939453
    endloop
  endfacet
  facet normal 0.06540447645225649 0.9978588349360877 0
    outer loop
      vertex 4.400000095367432 -27.184398651123047 -27.700000762939453
      vertex 4.114879131317139 -27.16571044921875 -24.690000534057617
      vertex 4.400000095367432 -27.184398651123047 -24.690000534057617
    endloop
  endfacet
  facet normal 0.06540447645225649 0.9978588349360877 0
    outer loop
      vertex 4.114879131317139 -27.16571044921875 -24.690000534057617
      vertex 4.400000095367432 -27.184398651123047 -27.700000762939453
      vertex 4.114879131317139 -27.16571044921875 -27.700000762939453
    endloop
  endfacet
  facet normal -0.5555702466339771 -0.8314696032057105 0
    outer loop
      vertex 5.492199420928955 -23.108253479003906 -27.700000762939453
      vertex 5.729777812957764 -23.266998291015625 -24.690000534057617
      vertex 5.492199420928955 -23.108253479003906 -24.690000534057617
    endloop
  endfacet
  facet normal -0.5555702466339771 -0.8314696032057105 0
    outer loop
      vertex 5.729777812957764 -23.266998291015625 -24.690000534057617
      vertex 5.492199420928955 -23.108253479003906 -27.700000762939453
      vertex 5.729777812957764 -23.266998291015625 -27.700000762939453
    endloop
  endfacet
  facet normal -0.06540447645225649 -0.9978588349360877 0
    outer loop
      vertex 4.400000095367432 -22.815601348876953 -27.700000762939453
      vertex 4.685121059417725 -22.83428955078125 -24.690000534057617
      vertex 4.400000095367432 -22.815601348876953 -24.690000534057617
    endloop
  endfacet
  facet normal -0.06540447645225649 -0.9978588349360877 0
    outer loop
      vertex 4.685121059417725 -22.83428955078125 -24.690000534057617
      vertex 4.400000095367432 -22.815601348876953 -27.700000762939453
      vertex 4.685121059417725 -22.83428955078125 -27.700000762939453
    endloop
  endfacet
  facet normal -0.7518405884308109 -0.6593449245941094 0
    outer loop
      vertex 6.13300085067749 -23.670223236083984 -27.700000762939453
      vertex 5.944603443145752 -23.45539665222168 -24.690000534057617
      vertex 5.944603443145752 -23.45539665222168 -27.700000762939453
    endloop
  endfacet
  facet normal -0.7518405884308109 -0.6593449245941094 0
    outer loop
      vertex 5.944603443145752 -23.45539665222168 -24.690000534057617
      vertex 6.13300085067749 -23.670223236083984 -27.700000762939453
      vertex 6.13300085067749 -23.670223236083984 -24.690000534057617
    endloop
  endfacet
  facet normal 0.1950852087020062 -0.980786297490791 0
    outer loop
      vertex 3.8346362113952637 -22.890031814575195 -27.700000762939453
      vertex 4.114879131317139 -22.83428955078125 -24.690000534057617
      vertex 3.8346362113952637 -22.890031814575195 -24.690000534057617
    endloop
  endfacet
  facet normal 0.1950852087020062 -0.980786297490791 0
    outer loop
      vertex 4.114879131317139 -22.83428955078125 -24.690000534057617
      vertex 3.8346362113952637 -22.890031814575195 -27.700000762939453
      vertex 4.114879131317139 -22.83428955078125 -27.700000762939453
    endloop
  endfacet
  facet normal -0.9807856588717693 -0.19508841931665097 0
    outer loop
      vertex 6.565711498260498 -24.71487808227539 -27.700000762939453
      vertex 6.509968280792236 -24.434635162353516 -24.690000534057617
      vertex 6.509968280792236 -24.434635162353516 -27.700000762939453
    endloop
  endfacet
  facet normal -0.9807856588717693 -0.19508841931665097 0
    outer loop
      vertex 6.509968280792236 -24.434635162353516 -24.690000534057617
      vertex 6.565711498260498 -24.71487808227539 -27.700000762939453
      vertex 6.565711498260498 -24.71487808227539 -24.690000534057617
    endloop
  endfacet
  facet normal 0.9469293641947869 0.3214417197963834 0
    outer loop
      vertex 2.38187837600708 -25.835933685302734 -24.690000534057617
      vertex 2.290031909942627 -25.565364837646484 -27.700000762939453
      vertex 2.290031909942627 -25.565364837646484 -24.690000534057617
    endloop
  endfacet
  facet normal 0.9469293641947869 0.3214417197963834 0
    outer loop
      vertex 2.290031909942627 -25.565364837646484 -27.700000762939453
      vertex 2.38187837600708 -25.835933685302734 -24.690000534057617
      vertex 2.38187837600708 -25.835933685302734 -27.700000762939453
    endloop
  endfacet
  facet normal 0.06540447645225649 -0.9978588349360877 0
    outer loop
      vertex 4.114879131317139 -22.83428955078125 -27.700000762939453
      vertex 4.400000095367432 -22.815601348876953 -24.690000534057617
      vertex 4.114879131317139 -22.83428955078125 -24.690000534057617
    endloop
  endfacet
  facet normal 0.06540447645225649 -0.9978588349360877 0
    outer loop
      vertex 4.400000095367432 -22.815601348876953 -24.690000534057617
      vertex 4.114879131317139 -22.83428955078125 -27.700000762939453
      vertex 4.400000095367432 -22.815601348876953 -27.700000762939453
    endloop
  endfacet
  facet normal 0.8314685730110579 0.5555717884260818 0
    outer loop
      vertex 2.666999340057373 -26.329776763916016 -24.690000534057617
      vertex 2.5082545280456543 -26.092199325561523 -27.700000762939453
      vertex 2.5082545280456543 -26.092199325561523 -24.690000534057617
    endloop
  endfacet
  facet normal 0.8314685730110579 0.5555717884260818 0
    outer loop
      vertex 2.5082545280456543 -26.092199325561523 -27.700000762939453
      vertex 2.666999340057373 -26.329776763916016 -24.690000534057617
      vertex 2.666999340057373 -26.329776763916016 -27.700000762939453
    endloop
  endfacet
  facet normal -0.9807856588717693 0.19508841931665097 0
    outer loop
      vertex 6.509968280792236 -25.565364837646484 -27.700000762939453
      vertex 6.565711498260498 -25.28512191772461 -24.690000534057617
      vertex 6.565711498260498 -25.28512191772461 -27.700000762939453
    endloop
  endfacet
  facet normal -0.9807856588717693 0.19508841931665097 0
    outer loop
      vertex 6.565711498260498 -25.28512191772461 -24.690000534057617
      vertex 6.509968280792236 -25.565364837646484 -27.700000762939453
      vertex 6.509968280792236 -25.565364837646484 -24.690000534057617
    endloop
  endfacet
  facet normal -0.44228579066482615 -0.8968741714287404 0
    outer loop
      vertex 5.235933780670166 -22.98187828063965 -27.700000762939453
      vertex 5.492199420928955 -23.108253479003906 -24.690000534057617
      vertex 5.235933780670166 -22.98187828063965 -24.690000534057617
    endloop
  endfacet
  facet normal -0.44228579066482615 -0.8968741714287404 0
    outer loop
      vertex 5.492199420928955 -23.108253479003906 -24.690000534057617
      vertex 5.235933780670166 -22.98187828063965 -27.700000762939453
      vertex 5.492199420928955 -23.108253479003906 -27.700000762939453
    endloop
  endfacet
  facet normal -0.8968728474640444 0.44228847541139593 0
    outer loop
      vertex 6.291745662689209 -26.092199325561523 -27.700000762939453
      vertex 6.418121814727783 -25.835933685302734 -24.690000534057617
      vertex 6.418121814727783 -25.835933685302734 -27.700000762939453
    endloop
  endfacet
  facet normal -0.8968728474640444 0.44228847541139593 0
    outer loop
      vertex 6.418121814727783 -25.835933685302734 -24.690000534057617
      vertex 6.291745662689209 -26.092199325561523 -27.700000762939453
      vertex 6.291745662689209 -26.092199325561523 -24.690000534057617
    endloop
  endfacet
  facet normal -0.8968728474640444 -0.44228847541139593 0
    outer loop
      vertex 6.418121814727783 -24.164066314697266 -27.700000762939453
      vertex 6.291745662689209 -23.907800674438477 -24.690000534057617
      vertex 6.291745662689209 -23.907800674438477 -27.700000762939453
    endloop
  endfacet
  facet normal -0.8968728474640444 -0.44228847541139593 0
    outer loop
      vertex 6.291745662689209 -23.907800674438477 -24.690000534057617
      vertex 6.418121814727783 -24.164066314697266 -27.700000762939453
      vertex 6.418121814727783 -24.164066314697266 -24.690000534057617
    endloop
  endfacet
  facet normal 0.7518405884308109 0.6593449245941094 0
    outer loop
      vertex 2.8553967475891113 -26.54460334777832 -24.690000534057617
      vertex 2.666999340057373 -26.329776763916016 -27.700000762939453
      vertex 2.666999340057373 -26.329776763916016 -24.690000534057617
    endloop
  endfacet
  facet normal 0.7518405884308109 0.6593449245941094 0
    outer loop
      vertex 2.666999340057373 -26.329776763916016 -27.700000762939453
      vertex 2.8553967475891113 -26.54460334777832 -24.690000534057617
      vertex 2.8553967475891113 -26.54460334777832 -27.700000762939453
    endloop
  endfacet
  facet normal 0.997858849213609 -0.06540425862351619 0
    outer loop
      vertex 2.2156004905700684 -25 -24.690000534057617
      vertex 2.2342886924743652 -24.71487808227539 -27.700000762939453
      vertex 2.2342886924743652 -24.71487808227539 -24.690000534057617
    endloop
  endfacet
  facet normal 0.997858849213609 -0.06540425862351619 0
    outer loop
      vertex 2.2342886924743652 -24.71487808227539 -27.700000762939453
      vertex 2.2156004905700684 -25 -24.690000534057617
      vertex 2.2156004905700684 -25 -27.700000762939453
    endloop
  endfacet
  facet normal -0.9469293641947869 0.3214417197963834 0
    outer loop
      vertex 6.418121814727783 -25.835933685302734 -27.700000762939453
      vertex 6.509968280792236 -25.565364837646484 -24.690000534057617
      vertex 6.509968280792236 -25.565364837646484 -27.700000762939453
    endloop
  endfacet
  facet normal -0.9469293641947869 0.3214417197963834 0
    outer loop
      vertex 6.509968280792236 -25.565364837646484 -24.690000534057617
      vertex 6.418121814727783 -25.835933685302734 -27.700000762939453
      vertex 6.418121814727783 -25.835933685302734 -24.690000534057617
    endloop
  endfacet
  facet normal -0.6593484657654931 0.7518374828995229 0
    outer loop
      vertex 5.944603443145752 -26.54460334777832 -27.700000762939453
      vertex 5.729777812957764 -26.733001708984375 -24.690000534057617
      vertex 5.944603443145752 -26.54460334777832 -24.690000534057617
    endloop
  endfacet
  facet normal -0.6593484657654931 0.7518374828995229 0
    outer loop
      vertex 5.729777812957764 -26.733001708984375 -24.690000534057617
      vertex 5.944603443145752 -26.54460334777832 -27.700000762939453
      vertex 5.729777812957764 -26.733001708984375 -27.700000762939453
    endloop
  endfacet
  facet normal 0.8314685730110579 -0.5555717884260818 0
    outer loop
      vertex 2.5082545280456543 -23.907800674438477 -24.690000534057617
      vertex 2.666999340057373 -23.670223236083984 -27.700000762939453
      vertex 2.666999340057373 -23.670223236083984 -24.690000534057617
    endloop
  endfacet
  facet normal 0.8314685730110579 -0.5555717884260818 0
    outer loop
      vertex 2.666999340057373 -23.670223236083984 -27.700000762939453
      vertex 2.5082545280456543 -23.907800674438477 -24.690000534057617
      vertex 2.5082545280456543 -23.907800674438477 -27.700000762939453
    endloop
  endfacet
  facet normal 0.44228579066482615 -0.8968741714287404 0
    outer loop
      vertex 3.307800769805908 -23.108253479003906 -27.700000762939453
      vertex 3.5640664100646973 -22.98187828063965 -24.690000534057617
      vertex 3.307800769805908 -23.108253479003906 -24.690000534057617
    endloop
  endfacet
  facet normal 0.44228579066482615 -0.8968741714287404 0
    outer loop
      vertex 3.5640664100646973 -22.98187828063965 -24.690000534057617
      vertex 3.307800769805908 -23.108253479003906 -27.700000762939453
      vertex 3.5640664100646973 -22.98187828063965 -27.700000762939453
    endloop
  endfacet
  facet normal -0.8314685730110579 -0.5555717884260818 0
    outer loop
      vertex 6.291745662689209 -23.907800674438477 -27.700000762939453
      vertex 6.13300085067749 -23.670223236083984 -24.690000534057617
      vertex 6.13300085067749 -23.670223236083984 -27.700000762939453
    endloop
  endfacet
  facet normal -0.8314685730110579 -0.5555717884260818 0
    outer loop
      vertex 6.13300085067749 -23.670223236083984 -24.690000534057617
      vertex 6.291745662689209 -23.907800674438477 -27.700000762939453
      vertex 6.291745662689209 -23.907800674438477 -24.690000534057617
    endloop
  endfacet
  facet normal 0.5555702466339771 0.8314696032057105 0
    outer loop
      vertex 3.307800769805908 -26.891746520996094 -27.700000762939453
      vertex 3.0702223777770996 -26.733001708984375 -24.690000534057617
      vertex 3.307800769805908 -26.891746520996094 -24.690000534057617
    endloop
  endfacet
  facet normal 0.5555702466339771 0.8314696032057105 0
    outer loop
      vertex 3.0702223777770996 -26.733001708984375 -24.690000534057617
      vertex 3.307800769805908 -26.891746520996094 -27.700000762939453
      vertex 3.0702223777770996 -26.733001708984375 -27.700000762939453
    endloop
  endfacet
  facet normal 0.7518405884308109 -0.6593449245941094 0
    outer loop
      vertex 2.666999340057373 -23.670223236083984 -24.690000534057617
      vertex 2.8553967475891113 -23.45539665222168 -27.700000762939453
      vertex 2.8553967475891113 -23.45539665222168 -24.690000534057617
    endloop
  endfacet
  facet normal 0.7518405884308109 -0.6593449245941094 0
    outer loop
      vertex 2.8553967475891113 -23.45539665222168 -27.700000762939453
      vertex 2.666999340057373 -23.670223236083984 -24.690000534057617
      vertex 2.666999340057373 -23.670223236083984 -27.700000762939453
    endloop
  endfacet
  facet normal -0.5555702466339771 0.8314696032057105 0
    outer loop
      vertex 5.729777812957764 -26.733001708984375 -27.700000762939453
      vertex 5.492199420928955 -26.891746520996094 -24.690000534057617
      vertex 5.729777812957764 -26.733001708984375 -24.690000534057617
    endloop
  endfacet
  facet normal -0.5555702466339771 0.8314696032057105 0
    outer loop
      vertex 5.492199420928955 -26.891746520996094 -24.690000534057617
      vertex 5.729777812957764 -26.733001708984375 -27.700000762939453
      vertex 5.492199420928955 -26.891746520996094 -27.700000762939453
    endloop
  endfacet
  facet normal -0.9469293641947869 -0.3214417197963834 0
    outer loop
      vertex 6.509968280792236 -24.434635162353516 -27.700000762939453
      vertex 6.418121814727783 -24.164066314697266 -24.690000534057617
      vertex 6.418121814727783 -24.164066314697266 -27.700000762939453
    endloop
  endfacet
  facet normal -0.9469293641947869 -0.3214417197963834 0
    outer loop
      vertex 6.418121814727783 -24.164066314697266 -24.690000534057617
      vertex 6.509968280792236 -24.434635162353516 -27.700000762939453
      vertex 6.509968280792236 -24.434635162353516 -24.690000534057617
    endloop
  endfacet
  facet normal -0.7518405884308109 0.6593449245941094 0
    outer loop
      vertex 5.944603443145752 -26.54460334777832 -27.700000762939453
      vertex 6.13300085067749 -26.329776763916016 -24.690000534057617
      vertex 6.13300085067749 -26.329776763916016 -27.700000762939453
    endloop
  endfacet
  facet normal -0.7518405884308109 0.6593449245941094 0
    outer loop
      vertex 6.13300085067749 -26.329776763916016 -24.690000534057617
      vertex 5.944603443145752 -26.54460334777832 -27.700000762939453
      vertex 5.944603443145752 -26.54460334777832 -24.690000534057617
    endloop
  endfacet
  facet normal 0.32144070387895096 -0.9469297090543756 0
    outer loop
      vertex 3.5640664100646973 -22.98187828063965 -27.700000762939453
      vertex 3.8346362113952637 -22.890031814575195 -24.690000534057617
      vertex 3.5640664100646973 -22.98187828063965 -24.690000534057617
    endloop
  endfacet
  facet normal 0.32144070387895096 -0.9469297090543756 0
    outer loop
      vertex 3.8346362113952637 -22.890031814575195 -24.690000534057617
      vertex 3.5640664100646973 -22.98187828063965 -27.700000762939453
      vertex 3.8346362113952637 -22.890031814575195 -27.700000762939453
    endloop
  endfacet
  facet normal -0.1950852087020062 0.980786297490791 0
    outer loop
      vertex 4.9653639793396 -27.109968185424805 -27.700000762939453
      vertex 4.685121059417725 -27.16571044921875 -24.690000534057617
      vertex 4.9653639793396 -27.109968185424805 -24.690000534057617
    endloop
  endfacet
  facet normal -0.1950852087020062 0.980786297490791 0
    outer loop
      vertex 4.685121059417725 -27.16571044921875 -24.690000534057617
      vertex 4.9653639793396 -27.109968185424805 -27.700000762939453
      vertex 4.685121059417725 -27.16571044921875 -27.700000762939453
    endloop
  endfacet
  facet normal 0.8968728474640444 -0.44228847541139593 0
    outer loop
      vertex 2.38187837600708 -24.164066314697266 -24.690000534057617
      vertex 2.5082545280456543 -23.907800674438477 -27.700000762939453
      vertex 2.5082545280456543 -23.907800674438477 -24.690000534057617
    endloop
  endfacet
  facet normal 0.8968728474640444 -0.44228847541139593 0
    outer loop
      vertex 2.5082545280456543 -23.907800674438477 -27.700000762939453
      vertex 2.38187837600708 -24.164066314697266 -24.690000534057617
      vertex 2.38187837600708 -24.164066314697266 -27.700000762939453
    endloop
  endfacet
  facet normal -0.44228579066482615 0.8968741714287404 0
    outer loop
      vertex 5.492199420928955 -26.891746520996094 -27.700000762939453
      vertex 5.235933780670166 -27.01812171936035 -24.690000534057617
      vertex 5.492199420928955 -26.891746520996094 -24.690000534057617
    endloop
  endfacet
  facet normal -0.44228579066482615 0.8968741714287404 0
    outer loop
      vertex 5.235933780670166 -27.01812171936035 -24.690000534057617
      vertex 5.492199420928955 -26.891746520996094 -27.700000762939453
      vertex 5.235933780670166 -27.01812171936035 -27.700000762939453
    endloop
  endfacet
  facet normal -0.8314685730110579 0.5555717884260818 0
    outer loop
      vertex 6.13300085067749 -26.329776763916016 -27.700000762939453
      vertex 6.291745662689209 -26.092199325561523 -24.690000534057617
      vertex 6.291745662689209 -26.092199325561523 -27.700000762939453
    endloop
  endfacet
  facet normal -0.8314685730110579 0.5555717884260818 0
    outer loop
      vertex 6.291745662689209 -26.092199325561523 -24.690000534057617
      vertex 6.13300085067749 -26.329776763916016 -27.700000762939453
      vertex 6.13300085067749 -26.329776763916016 -24.690000534057617
    endloop
  endfacet
  facet normal -0.06540447645225649 0.9978588349360877 0
    outer loop
      vertex 4.685121059417725 -27.16571044921875 -27.700000762939453
      vertex 4.400000095367432 -27.184398651123047 -24.690000534057617
      vertex 4.685121059417725 -27.16571044921875 -24.690000534057617
    endloop
  endfacet
  facet normal -0.06540447645225649 0.9978588349360877 0
    outer loop
      vertex 4.400000095367432 -27.184398651123047 -24.690000534057617
      vertex 4.685121059417725 -27.16571044921875 -27.700000762939453
      vertex 4.400000095367432 -27.184398651123047 -27.700000762939453
    endloop
  endfacet
  facet normal -0.32144070387895096 -0.9469297090543756 0
    outer loop
      vertex 4.9653639793396 -22.890031814575195 -27.700000762939453
      vertex 5.235933780670166 -22.98187828063965 -24.690000534057617
      vertex 4.9653639793396 -22.890031814575195 -24.690000534057617
    endloop
  endfacet
  facet normal -0.32144070387895096 -0.9469297090543756 0
    outer loop
      vertex 5.235933780670166 -22.98187828063965 -24.690000534057617
      vertex 4.9653639793396 -22.890031814575195 -27.700000762939453
      vertex 5.235933780670166 -22.98187828063965 -27.700000762939453
    endloop
  endfacet
  facet normal -0.32144070387895096 0.9469297090543756 0
    outer loop
      vertex 5.235933780670166 -27.01812171936035 -27.700000762939453
      vertex 4.9653639793396 -27.109968185424805 -24.690000534057617
      vertex 5.235933780670166 -27.01812171936035 -24.690000534057617
    endloop
  endfacet
  facet normal -0.32144070387895096 0.9469297090543756 0
    outer loop
      vertex 4.9653639793396 -27.109968185424805 -24.690000534057617
      vertex 5.235933780670166 -27.01812171936035 -27.700000762939453
      vertex 4.9653639793396 -27.109968185424805 -27.700000762939453
    endloop
  endfacet
  facet normal 0.9469293641947869 -0.3214417197963834 0
    outer loop
      vertex 2.290031909942627 -24.434635162353516 -24.690000534057617
      vertex 2.38187837600708 -24.164066314697266 -27.700000762939453
      vertex 2.38187837600708 -24.164066314697266 -24.690000534057617
    endloop
  endfacet
  facet normal 0.9469293641947869 -0.3214417197963834 0
    outer loop
      vertex 2.38187837600708 -24.164066314697266 -27.700000762939453
      vertex 2.290031909942627 -24.434635162353516 -24.690000534057617
      vertex 2.290031909942627 -24.434635162353516 -27.700000762939453
    endloop
  endfacet
  facet normal 0.5555702466339771 -0.8314696032057105 0
    outer loop
      vertex 3.0702223777770996 -23.266998291015625 -27.700000762939453
      vertex 3.307800769805908 -23.108253479003906 -24.690000534057617
      vertex 3.0702223777770996 -23.266998291015625 -24.690000534057617
    endloop
  endfacet
  facet normal 0.5555702466339771 -0.8314696032057105 0
    outer loop
      vertex 3.307800769805908 -23.108253479003906 -24.690000534057617
      vertex 3.0702223777770996 -23.266998291015625 -27.700000762939453
      vertex 3.307800769805908 -23.108253479003906 -27.700000762939453
    endloop
  endfacet
  facet normal 0.8968728474640444 0.44228847541139593 0
    outer loop
      vertex 2.5082545280456543 -26.092199325561523 -24.690000534057617
      vertex 2.38187837600708 -25.835933685302734 -27.700000762939453
      vertex 2.38187837600708 -25.835933685302734 -24.690000534057617
    endloop
  endfacet
  facet normal 0.8968728474640444 0.44228847541139593 0
    outer loop
      vertex 2.38187837600708 -25.835933685302734 -27.700000762939453
      vertex 2.5082545280456543 -26.092199325561523 -24.690000534057617
      vertex 2.5082545280456543 -26.092199325561523 -27.700000762939453
    endloop
  endfacet
  facet normal 0.44228579066482615 0.8968741714287404 0
    outer loop
      vertex 3.5640664100646973 -27.01812171936035 -27.700000762939453
      vertex 3.307800769805908 -26.891746520996094 -24.690000534057617
      vertex 3.5640664100646973 -27.01812171936035 -24.690000534057617
    endloop
  endfacet
  facet normal 0.44228579066482615 0.8968741714287404 0
    outer loop
      vertex 3.307800769805908 -26.891746520996094 -24.690000534057617
      vertex 3.5640664100646973 -27.01812171936035 -27.700000762939453
      vertex 3.307800769805908 -26.891746520996094 -27.700000762939453
    endloop
  endfacet
  facet normal 0.6593484657654931 -0.7518374828995229 0
    outer loop
      vertex 2.8553967475891113 -23.45539665222168 -27.700000762939453
      vertex 3.0702223777770996 -23.266998291015625 -24.690000534057617
      vertex 2.8553967475891113 -23.45539665222168 -24.690000534057617
    endloop
  endfacet
  facet normal 0.6593484657654931 -0.7518374828995229 0
    outer loop
      vertex 3.0702223777770996 -23.266998291015625 -24.690000534057617
      vertex 2.8553967475891113 -23.45539665222168 -27.700000762939453
      vertex 3.0702223777770996 -23.266998291015625 -27.700000762939453
    endloop
  endfacet
  facet normal 0.6593484657654931 0.7518374828995229 0
    outer loop
      vertex 3.0702223777770996 -26.733001708984375 -27.700000762939453
      vertex 2.8553967475891113 -26.54460334777832 -24.690000534057617
      vertex 3.0702223777770996 -26.733001708984375 -24.690000534057617
    endloop
  endfacet
  facet normal 0.6593484657654931 0.7518374828995229 0
    outer loop
      vertex 2.8553967475891113 -26.54460334777832 -24.690000534057617
      vertex 3.0702223777770996 -26.733001708984375 -27.700000762939453
      vertex 2.8553967475891113 -26.54460334777832 -27.700000762939453
    endloop
  endfacet
  facet normal 0.1950852087020062 0.980786297490791 0
    outer loop
      vertex 4.114879131317139 -27.16571044921875 -27.700000762939453
      vertex 3.8346362113952637 -27.109968185424805 -24.690000534057617
      vertex 4.114879131317139 -27.16571044921875 -24.690000534057617
    endloop
  endfacet
  facet normal 0.1950852087020062 0.980786297490791 0
    outer loop
      vertex 3.8346362113952637 -27.109968185424805 -24.690000534057617
      vertex 4.114879131317139 -27.16571044921875 -27.700000762939453
      vertex 3.8346362113952637 -27.109968185424805 -27.700000762939453
    endloop
  endfacet
  facet normal 0.32144070387895096 0.9469297090543756 0
    outer loop
      vertex 3.8346362113952637 -27.109968185424805 -27.700000762939453
      vertex 3.5640664100646973 -27.01812171936035 -24.690000534057617
      vertex 3.8346362113952637 -27.109968185424805 -24.690000534057617
    endloop
  endfacet
  facet normal 0.32144070387895096 0.9469297090543756 0
    outer loop
      vertex 3.5640664100646973 -27.01812171936035 -24.690000534057617
      vertex 3.8346362113952637 -27.109968185424805 -27.700000762939453
      vertex 3.5640664100646973 -27.01812171936035 -27.700000762939453
    endloop
  endfacet
  facet normal 0.9807856588717693 0.19508841931665097 0
    outer loop
      vertex 2.290031909942627 -25.565364837646484 -24.690000534057617
      vertex 2.2342886924743652 -25.28512191772461 -27.700000762939453
      vertex 2.2342886924743652 -25.28512191772461 -24.690000534057617
    endloop
  endfacet
  facet normal 0.9807856588717693 0.19508841931665097 0
    outer loop
      vertex 2.2342886924743652 -25.28512191772461 -27.700000762939453
      vertex 2.290031909942627 -25.565364837646484 -24.690000534057617
      vertex 2.290031909942627 -25.565364837646484 -27.700000762939453
    endloop
  endfacet
  facet normal 0.997858849213609 0.06540425862351619 0
    outer loop
      vertex 2.2342886924743652 -25.28512191772461 -24.690000534057617
      vertex 2.2156004905700684 -25 -27.700000762939453
      vertex 2.2156004905700684 -25 -24.690000534057617
    endloop
  endfacet
  facet normal 0.997858849213609 0.06540425862351619 0
    outer loop
      vertex 2.2156004905700684 -25 -27.700000762939453
      vertex 2.2342886924743652 -25.28512191772461 -24.690000534057617
      vertex 2.2342886924743652 -25.28512191772461 -27.700000762939453
    endloop
  endfacet
  facet normal -0.7518391474604448 0.6593465677062038 0
    outer loop
      vertex 6.874873638153076 -27.474872589111328 -24.690000534057617
      vertex 7.176736354827881 -27.130664825439453 -20.30000114440918
      vertex 7.176736354827881 -27.130664825439453 -24.690000534057617
    endloop
  endfacet
  facet normal -0.7518391474604448 0.6593465677062038 0
    outer loop
      vertex 7.176736354827881 -27.130664825439453 -20.30000114440918
      vertex 6.874873638153076 -27.474872589111328 -24.690000534057617
      vertex 6.874873638153076 -27.474872589111328 -20.30000114440918
    endloop
  endfacet
  facet normal -0.9807854801823622 -0.19508931765592227 0
    outer loop
      vertex 7.870056629180908 -24.54315948486328 -24.690000534057617
      vertex 7.780740261077881 -24.094133377075195 -20.30000114440918
      vertex 7.780740261077881 -24.094133377075195 -24.690000534057617
    endloop
  endfacet
  facet normal -0.9807854801823622 -0.19508931765592227 0
    outer loop
      vertex 7.780740261077881 -24.094133377075195 -20.30000114440918
      vertex 7.870056629180908 -24.54315948486328 -24.690000534057617
      vertex 7.870056629180908 -24.54315948486328 -20.30000114440918
    endloop
  endfacet
  facet normal -0.9978588438551216 -0.06540434037676629 0
    outer loop
      vertex 7.900000095367432 -25 -24.690000534057617
      vertex 7.870056629180908 -24.54315948486328 -20.30000114440918
      vertex 7.870056629180908 -24.54315948486328 -24.690000534057617
    endloop
  endfacet
  facet normal -0.9978588438551216 -0.06540434037676629 0
    outer loop
      vertex 7.870056629180908 -24.54315948486328 -20.30000114440918
      vertex 7.900000095367432 -25 -24.690000534057617
      vertex 7.900000095367432 -25 -20.30000114440918
    endloop
  endfacet
  facet normal -0.19508771244422501 0.9807857994757466 0
    outer loop
      vertex 5.305866718292236 -28.380741119384766 -24.690000534057617
      vertex 4.856841564178467 -28.470056533813477 -20.30000114440918
      vertex 5.305866718292236 -28.380741119384766 -20.30000114440918
    endloop
  endfacet
  facet normal -0.19508771244422501 0.9807857994757466 0
    outer loop
      vertex 4.856841564178467 -28.470056533813477 -20.30000114440918
      vertex 5.305866718292236 -28.380741119384766 -24.690000534057617
      vertex 4.856841564178467 -28.470056533813477 -24.690000534057617
    endloop
  endfacet
  facet normal -0.6593478900372552 0.7518379878028373 0
    outer loop
      vertex 6.874873638153076 -27.474872589111328 -24.690000534057617
      vertex 6.530664920806885 -27.776737213134766 -20.30000114440918
      vertex 6.874873638153076 -27.474872589111328 -20.30000114440918
    endloop
  endfacet
  facet normal -0.6593478900372552 0.7518379878028373 0
    outer loop
      vertex 6.530664920806885 -27.776737213134766 -20.30000114440918
      vertex 6.874873638153076 -27.474872589111328 -24.690000534057617
      vertex 6.530664920806885 -27.776737213134766 -24.690000534057617
    endloop
  endfacet
  facet normal 0.19508771244422501 0.9807857994757466 0
    outer loop
      vertex 3.9431586265563965 -28.470056533813477 -24.690000534057617
      vertex 3.494133472442627 -28.380741119384766 -20.30000114440918
      vertex 3.9431586265563965 -28.470056533813477 -20.30000114440918
    endloop
  endfacet
  facet normal 0.19508771244422501 0.9807857994757466 0
    outer loop
      vertex 3.494133472442627 -28.380741119384766 -20.30000114440918
      vertex 3.9431586265563965 -28.470056533813477 -24.690000534057617
      vertex 3.494133472442627 -28.380741119384766 -24.690000534057617
    endloop
  endfacet
  facet normal -0.9978588438551216 0.06540434037676629 0
    outer loop
      vertex 7.870056629180908 -25.45684051513672 -24.690000534057617
      vertex 7.900000095367432 -25 -20.30000114440918
      vertex 7.900000095367432 -25 -24.690000534057617
    endloop
  endfacet
  facet normal -0.9978588438551216 0.06540434037676629 0
    outer loop
      vertex 7.900000095367432 -25 -20.30000114440918
      vertex 7.870056629180908 -25.45684051513672 -24.690000534057617
      vertex 7.870056629180908 -25.45684051513672 -20.30000114440918
    endloop
  endfacet
  facet normal 0.7518391474604448 0.6593465677062038 0
    outer loop
      vertex 1.9251264333724976 -27.474872589111328 -20.30000114440918
      vertex 1.6232637166976929 -27.130664825439453 -24.690000534057617
      vertex 1.6232637166976929 -27.130664825439453 -20.30000114440918
    endloop
  endfacet
  facet normal 0.7518391474604448 0.6593465677062038 0
    outer loop
      vertex 1.6232637166976929 -27.130664825439453 -24.690000534057617
      vertex 1.9251264333724976 -27.474872589111328 -20.30000114440918
      vertex 1.9251264333724976 -27.474872589111328 -24.690000534057617
    endloop
  endfacet
  facet normal -0.4422857818103071 0.8968741757952703 0
    outer loop
      vertex 6.150000095367432 -28.031089782714844 -24.690000534057617
      vertex 5.739391803741455 -28.233577728271484 -20.30000114440918
      vertex 6.150000095367432 -28.031089782714844 -20.30000114440918
    endloop
  endfacet
  facet normal -0.4422857818103071 0.8968741757952703 0
    outer loop
      vertex 5.739391803741455 -28.233577728271484 -20.30000114440918
      vertex 6.150000095367432 -28.031089782714844 -24.690000534057617
      vertex 5.739391803741455 -28.233577728271484 -24.690000534057617
    endloop
  endfacet
  facet normal -0.4422857818103071 -0.8968741757952703 0
    outer loop
      vertex 5.739391803741455 -21.766422271728516 -24.690000534057617
      vertex 6.150000095367432 -21.968910217285156 -20.30000114440918
      vertex 5.739391803741455 -21.766422271728516 -20.30000114440918
    endloop
  endfacet
  facet normal -0.4422857818103071 -0.8968741757952703 0
    outer loop
      vertex 6.150000095367432 -21.968910217285156 -20.30000114440918
      vertex 5.739391803741455 -21.766422271728516 -24.690000534057617
      vertex 6.150000095367432 -21.968910217285156 -24.690000534057617
    endloop
  endfacet
  facet normal -0.3214423141074636 -0.9469291624515735 0
    outer loop
      vertex 5.305866718292236 -21.619258880615234 -24.690000534057617
      vertex 5.739391803741455 -21.766422271728516 -20.30000114440918
      vertex 5.305866718292236 -21.619258880615234 -20.30000114440918
    endloop
  endfacet
  facet normal -0.3214423141074636 -0.9469291624515735 0
    outer loop
      vertex 5.739391803741455 -21.766422271728516 -20.30000114440918
      vertex 5.305866718292236 -21.619258880615234 -24.690000534057617
      vertex 5.739391803741455 -21.766422271728516 -24.690000534057617
    endloop
  endfacet
  facet normal -0.5555709352218308 0.8314691431055877 0
    outer loop
      vertex 6.530664920806885 -27.776737213134766 -24.690000534057617
      vertex 6.150000095367432 -28.031089782714844 -20.30000114440918
      vertex 6.530664920806885 -27.776737213134766 -20.30000114440918
    endloop
  endfacet
  facet normal -0.5555709352218308 0.8314691431055877 0
    outer loop
      vertex 6.150000095367432 -28.031089782714844 -20.30000114440918
      vertex 6.530664920806885 -27.776737213134766 -24.690000534057617
      vertex 6.150000095367432 -28.031089782714844 -24.690000534057617
    endloop
  endfacet
  facet normal -0.9469297965007059 -0.32144044627136115 0
    outer loop
      vertex 7.780740261077881 -24.094133377075195 -24.690000534057617
      vertex 7.633577823638916 -23.660608291625977 -20.30000114440918
      vertex 7.633577823638916 -23.660608291625977 -24.690000534057617
    endloop
  endfacet
  facet normal -0.9469297965007059 -0.32144044627136115 0
    outer loop
      vertex 7.633577823638916 -23.660608291625977 -20.30000114440918
      vertex 7.780740261077881 -24.094133377075195 -24.690000534057617
      vertex 7.780740261077881 -24.094133377075195 -20.30000114440918
    endloop
  endfacet
  facet normal -0.9807854801823622 0.19508931765592227 0
    outer loop
      vertex 7.780740261077881 -25.905866622924805 -24.690000534057617
      vertex 7.870056629180908 -25.45684051513672 -20.30000114440918
      vertex 7.870056629180908 -25.45684051513672 -24.690000534057617
    endloop
  endfacet
  facet normal -0.9807854801823622 0.19508931765592227 0
    outer loop
      vertex 7.870056629180908 -25.45684051513672 -20.30000114440918
      vertex 7.780740261077881 -25.905866622924805 -24.690000534057617
      vertex 7.780740261077881 -25.905866622924805 -20.30000114440918
    endloop
  endfacet
  facet normal 0.8314691431055877 0.5555709352218308 0
    outer loop
      vertex 1.6232637166976929 -27.130664825439453 -20.30000114440918
      vertex 1.3689111471176147 -26.75 -24.690000534057617
      vertex 1.3689111471176147 -26.75 -20.30000114440918
    endloop
  endfacet
  facet normal 0.8314691431055877 0.5555709352218308 0
    outer loop
      vertex 1.3689111471176147 -26.75 -24.690000534057617
      vertex 1.6232637166976929 -27.130664825439453 -20.30000114440918
      vertex 1.6232637166976929 -27.130664825439453 -24.690000534057617
    endloop
  endfacet
  facet normal -0.0654042044267184 -0.997858852765915 0
    outer loop
      vertex 4.400000095367432 -21.5 -24.690000534057617
      vertex 4.856841564178467 -21.529943466186523 -20.30000114440918
      vertex 4.400000095367432 -21.5 -20.30000114440918
    endloop
  endfacet
  facet normal -0.0654042044267184 -0.997858852765915 0
    outer loop
      vertex 4.856841564178467 -21.529943466186523 -20.30000114440918
      vertex 4.400000095367432 -21.5 -24.690000534057617
      vertex 4.856841564178467 -21.529943466186523 -24.690000534057617
    endloop
  endfacet
  facet normal -0.3214423141074636 0.9469291624515735 0
    outer loop
      vertex 5.739391803741455 -28.233577728271484 -24.690000534057617
      vertex 5.305866718292236 -28.380741119384766 -20.30000114440918
      vertex 5.739391803741455 -28.233577728271484 -20.30000114440918
    endloop
  endfacet
  facet normal -0.3214423141074636 0.9469291624515735 0
    outer loop
      vertex 5.305866718292236 -28.380741119384766 -20.30000114440918
      vertex 5.739391803741455 -28.233577728271484 -24.690000534057617
      vertex 5.305866718292236 -28.380741119384766 -24.690000534057617
    endloop
  endfacet
  facet normal -0.8968733494932566 -0.44228745739478836 0
    outer loop
      vertex 7.633577823638916 -23.660608291625977 -24.690000534057617
      vertex 7.431088924407959 -23.25 -20.30000114440918
      vertex 7.431088924407959 -23.25 -24.690000534057617
    endloop
  endfacet
  facet normal -0.8968733494932566 -0.44228745739478836 0
    outer loop
      vertex 7.431088924407959 -23.25 -20.30000114440918
      vertex 7.633577823638916 -23.660608291625977 -24.690000534057617
      vertex 7.633577823638916 -23.660608291625977 -20.30000114440918
    endloop
  endfacet
  facet normal -0.8314691431055877 -0.5555709352218308 0
    outer loop
      vertex 7.431088924407959 -23.25 -24.690000534057617
      vertex 7.176736354827881 -22.869335174560547 -20.30000114440918
      vertex 7.176736354827881 -22.869335174560547 -24.690000534057617
    endloop
  endfacet
  facet normal -0.8314691431055877 -0.5555709352218308 0
    outer loop
      vertex 7.176736354827881 -22.869335174560547 -20.30000114440918
      vertex 7.431088924407959 -23.25 -24.690000534057617
      vertex 7.431088924407959 -23.25 -20.30000114440918
    endloop
  endfacet
  facet normal 0.4422857818103071 -0.8968741757952703 0
    outer loop
      vertex 2.6500000953674316 -21.968910217285156 -24.690000534057617
      vertex 3.060608386993408 -21.766422271728516 -20.30000114440918
      vertex 2.6500000953674316 -21.968910217285156 -20.30000114440918
    endloop
  endfacet
  facet normal 0.4422857818103071 -0.8968741757952703 0
    outer loop
      vertex 3.060608386993408 -21.766422271728516 -20.30000114440918
      vertex 2.6500000953674316 -21.968910217285156 -24.690000534057617
      vertex 3.060608386993408 -21.766422271728516 -24.690000534057617
    endloop
  endfacet
  facet normal -0.9469297965007059 0.32144044627136115 0
    outer loop
      vertex 7.633577823638916 -26.339391708374023 -24.690000534057617
      vertex 7.780740261077881 -25.905866622924805 -20.30000114440918
      vertex 7.780740261077881 -25.905866622924805 -24.690000534057617
    endloop
  endfacet
  facet normal -0.9469297965007059 0.32144044627136115 0
    outer loop
      vertex 7.780740261077881 -25.905866622924805 -20.30000114440918
      vertex 7.633577823638916 -26.339391708374023 -24.690000534057617
      vertex 7.633577823638916 -26.339391708374023 -20.30000114440918
    endloop
  endfacet
  facet normal 0.5555709352218308 0.8314691431055877 0
    outer loop
      vertex 2.6500000953674316 -28.031089782714844 -24.690000534057617
      vertex 2.2693352699279785 -27.776737213134766 -20.30000114440918
      vertex 2.6500000953674316 -28.031089782714844 -20.30000114440918
    endloop
  endfacet
  facet normal 0.5555709352218308 0.8314691431055877 0
    outer loop
      vertex 2.2693352699279785 -27.776737213134766 -20.30000114440918
      vertex 2.6500000953674316 -28.031089782714844 -24.690000534057617
      vertex 2.2693352699279785 -27.776737213134766 -24.690000534057617
    endloop
  endfacet
  facet normal 0.0654042044267184 -0.997858852765915 0
    outer loop
      vertex 3.9431586265563965 -21.529943466186523 -24.690000534057617
      vertex 4.400000095367432 -21.5 -20.30000114440918
      vertex 3.9431586265563965 -21.529943466186523 -20.30000114440918
    endloop
  endfacet
  facet normal 0.0654042044267184 -0.997858852765915 0
    outer loop
      vertex 4.400000095367432 -21.5 -20.30000114440918
      vertex 3.9431586265563965 -21.529943466186523 -24.690000534057617
      vertex 4.400000095367432 -21.5 -24.690000534057617
    endloop
  endfacet
  facet normal 0.9469297965007059 -0.32144044627136115 0
    outer loop
      vertex 1.0192598104476929 -24.094133377075195 -20.30000114440918
      vertex 1.1664222478866577 -23.660608291625977 -24.690000534057617
      vertex 1.1664222478866577 -23.660608291625977 -20.30000114440918
    endloop
  endfacet
  facet normal 0.9469297965007059 -0.32144044627136115 0
    outer loop
      vertex 1.1664222478866577 -23.660608291625977 -24.690000534057617
      vertex 1.0192598104476929 -24.094133377075195 -20.30000114440918
      vertex 1.0192598104476929 -24.094133377075195 -24.690000534057617
    endloop
  endfacet
  facet normal 0.9469297965007059 0.32144044627136115 0
    outer loop
      vertex 1.1664222478866577 -26.339391708374023 -20.30000114440918
      vertex 1.0192598104476929 -25.905866622924805 -24.690000534057617
      vertex 1.0192598104476929 -25.905866622924805 -20.30000114440918
    endloop
  endfacet
  facet normal 0.9469297965007059 0.32144044627136115 0
    outer loop
      vertex 1.0192598104476929 -25.905866622924805 -24.690000534057617
      vertex 1.1664222478866577 -26.339391708374023 -20.30000114440918
      vertex 1.1664222478866577 -26.339391708374023 -24.690000534057617
    endloop
  endfacet
  facet normal 0.5555709352218308 -0.8314691431055877 0
    outer loop
      vertex 2.2693352699279785 -22.223262786865234 -24.690000534057617
      vertex 2.6500000953674316 -21.968910217285156 -20.30000114440918
      vertex 2.2693352699279785 -22.223262786865234 -20.30000114440918
    endloop
  endfacet
  facet normal 0.5555709352218308 -0.8314691431055877 0
    outer loop
      vertex 2.6500000953674316 -21.968910217285156 -20.30000114440918
      vertex 2.2693352699279785 -22.223262786865234 -24.690000534057617
      vertex 2.6500000953674316 -21.968910217285156 -24.690000534057617
    endloop
  endfacet
  facet normal -0.7518391474604448 -0.6593465677062038 0
    outer loop
      vertex 7.176736354827881 -22.869335174560547 -24.690000534057617
      vertex 6.874873638153076 -22.525127410888672 -20.30000114440918
      vertex 6.874873638153076 -22.525127410888672 -24.690000534057617
    endloop
  endfacet
  facet normal -0.7518391474604448 -0.6593465677062038 0
    outer loop
      vertex 6.874873638153076 -22.525127410888672 -20.30000114440918
      vertex 7.176736354827881 -22.869335174560547 -24.690000534057617
      vertex 7.176736354827881 -22.869335174560547 -20.30000114440918
    endloop
  endfacet
  facet normal -0.19508771244422501 -0.9807857994757466 0
    outer loop
      vertex 4.856841564178467 -21.529943466186523 -24.690000534057617
      vertex 5.305866718292236 -21.619258880615234 -20.30000114440918
      vertex 4.856841564178467 -21.529943466186523 -20.30000114440918
    endloop
  endfacet
  facet normal -0.19508771244422501 -0.9807857994757466 0
    outer loop
      vertex 5.305866718292236 -21.619258880615234 -20.30000114440918
      vertex 4.856841564178467 -21.529943466186523 -24.690000534057617
      vertex 5.305866718292236 -21.619258880615234 -24.690000534057617
    endloop
  endfacet
  facet normal 0.3214423141074636 -0.9469291624515735 0
    outer loop
      vertex 3.060608386993408 -21.766422271728516 -24.690000534057617
      vertex 3.494133472442627 -21.619258880615234 -20.30000114440918
      vertex 3.060608386993408 -21.766422271728516 -20.30000114440918
    endloop
  endfacet
  facet normal 0.3214423141074636 -0.9469291624515735 0
    outer loop
      vertex 3.494133472442627 -21.619258880615234 -20.30000114440918
      vertex 3.060608386993408 -21.766422271728516 -24.690000534057617
      vertex 3.494133472442627 -21.619258880615234 -24.690000534057617
    endloop
  endfacet
  facet normal 0.8968733494932566 0.44228745739478836 0
    outer loop
      vertex 1.3689111471176147 -26.75 -20.30000114440918
      vertex 1.1664222478866577 -26.339391708374023 -24.690000534057617
      vertex 1.1664222478866577 -26.339391708374023 -20.30000114440918
    endloop
  endfacet
  facet normal 0.8968733494932566 0.44228745739478836 0
    outer loop
      vertex 1.1664222478866577 -26.339391708374023 -24.690000534057617
      vertex 1.3689111471176147 -26.75 -20.30000114440918
      vertex 1.3689111471176147 -26.75 -24.690000534057617
    endloop
  endfacet
  facet normal 0.19508771244422501 -0.9807857994757466 0
    outer loop
      vertex 3.494133472442627 -21.619258880615234 -24.690000534057617
      vertex 3.9431586265563965 -21.529943466186523 -20.30000114440918
      vertex 3.494133472442627 -21.619258880615234 -20.30000114440918
    endloop
  endfacet
  facet normal 0.19508771244422501 -0.9807857994757466 0
    outer loop
      vertex 3.9431586265563965 -21.529943466186523 -20.30000114440918
      vertex 3.494133472442627 -21.619258880615234 -24.690000534057617
      vertex 3.9431586265563965 -21.529943466186523 -24.690000534057617
    endloop
  endfacet
  facet normal 0.0654042044267184 0.997858852765915 0
    outer loop
      vertex 4.400000095367432 -28.5 -24.690000534057617
      vertex 3.9431586265563965 -28.470056533813477 -20.30000114440918
      vertex 4.400000095367432 -28.5 -20.30000114440918
    endloop
  endfacet
  facet normal 0.0654042044267184 0.997858852765915 0
    outer loop
      vertex 3.9431586265563965 -28.470056533813477 -20.30000114440918
      vertex 4.400000095367432 -28.5 -24.690000534057617
      vertex 3.9431586265563965 -28.470056533813477 -24.690000534057617
    endloop
  endfacet
  facet normal 0.7518391474604448 -0.6593465677062038 0
    outer loop
      vertex 1.6232637166976929 -22.869335174560547 -20.30000114440918
      vertex 1.9251264333724976 -22.525127410888672 -24.690000534057617
      vertex 1.9251264333724976 -22.525127410888672 -20.30000114440918
    endloop
  endfacet
  facet normal 0.7518391474604448 -0.6593465677062038 0
    outer loop
      vertex 1.9251264333724976 -22.525127410888672 -24.690000534057617
      vertex 1.6232637166976929 -22.869335174560547 -20.30000114440918
      vertex 1.6232637166976929 -22.869335174560547 -24.690000534057617
    endloop
  endfacet
  facet normal -0.8968733494932566 0.44228745739478836 0
    outer loop
      vertex 7.431088924407959 -26.75 -24.690000534057617
      vertex 7.633577823638916 -26.339391708374023 -20.30000114440918
      vertex 7.633577823638916 -26.339391708374023 -24.690000534057617
    endloop
  endfacet
  facet normal -0.8968733494932566 0.44228745739478836 0
    outer loop
      vertex 7.633577823638916 -26.339391708374023 -20.30000114440918
      vertex 7.431088924407959 -26.75 -24.690000534057617
      vertex 7.431088924407959 -26.75 -20.30000114440918
    endloop
  endfacet
  facet normal -0.5555709352218308 -0.8314691431055877 0
    outer loop
      vertex 6.150000095367432 -21.968910217285156 -24.690000534057617
      vertex 6.530664920806885 -22.223262786865234 -20.30000114440918
      vertex 6.150000095367432 -21.968910217285156 -20.30000114440918
    endloop
  endfacet
  facet normal -0.5555709352218308 -0.8314691431055877 0
    outer loop
      vertex 6.530664920806885 -22.223262786865234 -20.30000114440918
      vertex 6.150000095367432 -21.968910217285156 -24.690000534057617
      vertex 6.530664920806885 -22.223262786865234 -24.690000534057617
    endloop
  endfacet
  facet normal -0.6593478900372552 -0.7518379878028373 0
    outer loop
      vertex 6.530664920806885 -22.223262786865234 -24.690000534057617
      vertex 6.874873638153076 -22.525127410888672 -20.30000114440918
      vertex 6.530664920806885 -22.223262786865234 -20.30000114440918
    endloop
  endfacet
  facet normal -0.6593478900372552 -0.7518379878028373 0
    outer loop
      vertex 6.874873638153076 -22.525127410888672 -20.30000114440918
      vertex 6.530664920806885 -22.223262786865234 -24.690000534057617
      vertex 6.874873638153076 -22.525127410888672 -24.690000534057617
    endloop
  endfacet
  facet normal -0.8314691431055877 0.5555709352218308 0
    outer loop
      vertex 7.176736354827881 -27.130664825439453 -24.690000534057617
      vertex 7.431088924407959 -26.75 -20.30000114440918
      vertex 7.431088924407959 -26.75 -24.690000534057617
    endloop
  endfacet
  facet normal -0.8314691431055877 0.5555709352218308 0
    outer loop
      vertex 7.431088924407959 -26.75 -20.30000114440918
      vertex 7.176736354827881 -27.130664825439453 -24.690000534057617
      vertex 7.176736354827881 -27.130664825439453 -20.30000114440918
    endloop
  endfacet
  facet normal 0.9978588438551216 -0.06540434037676629 0
    outer loop
      vertex 0.8999999761581421 -25 -20.30000114440918
      vertex 0.9299434423446655 -24.54315948486328 -24.690000534057617
      vertex 0.9299434423446655 -24.54315948486328 -20.30000114440918
    endloop
  endfacet
  facet normal 0.9978588438551216 -0.06540434037676629 0
    outer loop
      vertex 0.9299434423446655 -24.54315948486328 -24.690000534057617
      vertex 0.8999999761581421 -25 -20.30000114440918
      vertex 0.8999999761581421 -25 -24.690000534057617
    endloop
  endfacet
  facet normal 0.4422857818103071 0.8968741757952703 0
    outer loop
      vertex 3.060608386993408 -28.233577728271484 -24.690000534057617
      vertex 2.6500000953674316 -28.031089782714844 -20.30000114440918
      vertex 3.060608386993408 -28.233577728271484 -20.30000114440918
    endloop
  endfacet
  facet normal 0.4422857818103071 0.8968741757952703 0
    outer loop
      vertex 2.6500000953674316 -28.031089782714844 -20.30000114440918
      vertex 3.060608386993408 -28.233577728271484 -24.690000534057617
      vertex 2.6500000953674316 -28.031089782714844 -24.690000534057617
    endloop
  endfacet
  facet normal 0.9807854801823622 -0.19508931765592227 0
    outer loop
      vertex 0.9299434423446655 -24.54315948486328 -20.30000114440918
      vertex 1.0192598104476929 -24.094133377075195 -24.690000534057617
      vertex 1.0192598104476929 -24.094133377075195 -20.30000114440918
    endloop
  endfacet
  facet normal 0.9807854801823622 -0.19508931765592227 0
    outer loop
      vertex 1.0192598104476929 -24.094133377075195 -24.690000534057617
      vertex 0.9299434423446655 -24.54315948486328 -20.30000114440918
      vertex 0.9299434423446655 -24.54315948486328 -24.690000534057617
    endloop
  endfacet
  facet normal -0.0654042044267184 0.997858852765915 0
    outer loop
      vertex 4.856841564178467 -28.470056533813477 -24.690000534057617
      vertex 4.400000095367432 -28.5 -20.30000114440918
      vertex 4.856841564178467 -28.470056533813477 -20.30000114440918
    endloop
  endfacet
  facet normal -0.0654042044267184 0.997858852765915 0
    outer loop
      vertex 4.400000095367432 -28.5 -20.30000114440918
      vertex 4.856841564178467 -28.470056533813477 -24.690000534057617
      vertex 4.400000095367432 -28.5 -24.690000534057617
    endloop
  endfacet
  facet normal 0.9978588438551216 0.06540434037676629 0
    outer loop
      vertex 0.9299434423446655 -25.45684051513672 -20.30000114440918
      vertex 0.8999999761581421 -25 -24.690000534057617
      vertex 0.8999999761581421 -25 -20.30000114440918
    endloop
  endfacet
  facet normal 0.9978588438551216 0.06540434037676629 0
    outer loop
      vertex 0.8999999761581421 -25 -24.690000534057617
      vertex 0.9299434423446655 -25.45684051513672 -20.30000114440918
      vertex 0.9299434423446655 -25.45684051513672 -24.690000534057617
    endloop
  endfacet
  facet normal 0.8968733494932566 -0.44228745739478836 0
    outer loop
      vertex 1.1664222478866577 -23.660608291625977 -20.30000114440918
      vertex 1.3689111471176147 -23.25 -24.690000534057617
      vertex 1.3689111471176147 -23.25 -20.30000114440918
    endloop
  endfacet
  facet normal 0.8968733494932566 -0.44228745739478836 0
    outer loop
      vertex 1.3689111471176147 -23.25 -24.690000534057617
      vertex 1.1664222478866577 -23.660608291625977 -20.30000114440918
      vertex 1.1664222478866577 -23.660608291625977 -24.690000534057617
    endloop
  endfacet
  facet normal 0 0 1
    outer loop
      vertex 6.584399700164795 -25 -24.690000534057617
      vertex 7.900000095367432 -25 -24.690000534057617
      vertex 7.870056629180908 -24.54315948486328 -24.690000534057617
    endloop
  endfacet
  facet normal 0 0 1
    outer loop
      vertex 6.565711498260498 -24.71487808227539 -24.690000534057617
      vertex 7.870056629180908 -24.54315948486328 -24.690000534057617
      vertex 7.780740261077881 -24.094133377075195 -24.690000534057617
    endloop
  endfacet
  facet normal 0 0 1
    outer loop
      vertex 7.900000095367432 -25 -24.690000534057617
      vertex 6.584399700164795 -25 -24.690000534057617
      vertex 7.870056629180908 -25.45684051513672 -24.690000534057617
    endloop
  endfacet
  facet normal 0 0 1
    outer loop
      vertex 6.509968280792236 -24.434635162353516 -24.690000534057617
      vertex 7.780740261077881 -24.094133377075195 -24.690000534057617
      vertex 7.633577823638916 -23.660608291625977 -24.690000534057617
    endloop
  endfacet
  facet normal 0 0 1
    outer loop
      vertex 6.565711498260498 -25.28512191772461 -24.690000534057617
      vertex 7.870056629180908 -25.45684051513672 -24.690000534057617
      vertex 6.584399700164795 -25 -24.690000534057617
    endloop
  endfacet
  facet normal 0 0 1
    outer loop
      vertex 6.418121814727783 -24.164066314697266 -24.690000534057617
      vertex 7.633577823638916 -23.660608291625977 -24.690000534057617
      vertex 7.431088924407959 -23.25 -24.690000534057617
    endloop
  endfacet
  facet normal 0 0 1
    outer loop
      vertex 7.870056629180908 -25.45684051513672 -24.690000534057617
      vertex 6.565711498260498 -25.28512191772461 -24.690000534057617
      vertex 7.780740261077881 -25.905866622924805 -24.690000534057617
    endloop
  endfacet
  facet normal 0 0 1
    outer loop
      vertex 6.291745662689209 -23.907800674438477 -24.690000534057617
      vertex 7.431088924407959 -23.25 -24.690000534057617
      vertex 7.176736354827881 -22.869335174560547 -24.690000534057617
    endloop
  endfacet
  facet normal 0 0 1
    outer loop
      vertex 6.509968280792236 -25.565364837646484 -24.690000534057617
      vertex 7.780740261077881 -25.905866622924805 -24.690000534057617
      vertex 6.565711498260498 -25.28512191772461 -24.690000534057617
    endloop
  endfacet
  facet normal 0 0 1
    outer loop
      vertex 6.13300085067749 -23.670223236083984 -24.690000534057617
      vertex 7.176736354827881 -22.869335174560547 -24.690000534057617
      vertex 6.874873638153076 -22.525127410888672 -24.690000534057617
    endloop
  endfacet
  facet normal 0 0 1
    outer loop
      vertex 7.780740261077881 -25.905866622924805 -24.690000534057617
      vertex 6.509968280792236 -25.565364837646484 -24.690000534057617
      vertex 7.633577823638916 -26.339391708374023 -24.690000534057617
    endloop
  endfacet
  facet normal 0 0 1
    outer loop
      vertex 6.418121814727783 -25.835933685302734 -24.690000534057617
      vertex 7.633577823638916 -26.339391708374023 -24.690000534057617
      vertex 6.509968280792236 -25.565364837646484 -24.690000534057617
    endloop
  endfacet
  facet normal 0 0 1
    outer loop
      vertex 7.870056629180908 -24.54315948486328 -24.690000534057617
      vertex 6.565711498260498 -24.71487808227539 -24.690000534057617
      vertex 6.584399700164795 -25 -24.690000534057617
    endloop
  endfacet
  facet normal 0 0 1
    outer loop
      vertex 5.944603443145752 -23.45539665222168 -24.690000534057617
      vertex 6.874873638153076 -22.525127410888672 -24.690000534057617
      vertex 6.530664920806885 -22.223262786865234 -24.690000534057617
    endloop
  endfacet
  facet normal 0 0 1
    outer loop
      vertex 7.780740261077881 -24.094133377075195 -24.690000534057617
      vertex 6.509968280792236 -24.434635162353516 -24.690000534057617
      vertex 6.565711498260498 -24.71487808227539 -24.690000534057617
    endloop
  endfacet
  facet normal 0 0 1
    outer loop
      vertex 7.633577823638916 -23.660608291625977 -24.690000534057617
      vertex 6.418121814727783 -24.164066314697266 -24.690000534057617
      vertex 6.509968280792236 -24.434635162353516 -24.690000534057617
    endloop
  endfacet
  facet normal 0 0 1
    outer loop
      vertex 7.431088924407959 -23.25 -24.690000534057617
      vertex 6.291745662689209 -23.907800674438477 -24.690000534057617
      vertex 6.418121814727783 -24.164066314697266 -24.690000534057617
    endloop
  endfacet
  facet normal 0 0 1
    outer loop
      vertex 5.729777812957764 -23.266998291015625 -24.690000534057617
      vertex 6.530664920806885 -22.223262786865234 -24.690000534057617
      vertex 6.150000095367432 -21.968910217285156 -24.690000534057617
    endloop
  endfacet
  facet normal 0 0 1
    outer loop
      vertex 7.176736354827881 -22.869335174560547 -24.690000534057617
      vertex 6.13300085067749 -23.670223236083984 -24.690000534057617
      vertex 6.291745662689209 -23.907800674438477 -24.690000534057617
    endloop
  endfacet
  facet normal 0 0 1
    outer loop
      vertex 6.874873638153076 -22.525127410888672 -24.690000534057617
      vertex 5.944603443145752 -23.45539665222168 -24.690000534057617
      vertex 6.13300085067749 -23.670223236083984 -24.690000534057617
    endloop
  endfacet
  facet normal 0 0 1
    outer loop
      vertex 5.492199420928955 -23.108253479003906 -24.690000534057617
      vertex 6.150000095367432 -21.968910217285156 -24.690000534057617
      vertex 5.739391803741455 -21.766422271728516 -24.690000534057617
    endloop
  endfacet
  facet normal 0 0 1
    outer loop
      vertex 6.530664920806885 -22.223262786865234 -24.690000534057617
      vertex 5.729777812957764 -23.266998291015625 -24.690000534057617
      vertex 5.944603443145752 -23.45539665222168 -24.690000534057617
    endloop
  endfacet
  facet normal 0 0 1
    outer loop
      vertex 6.150000095367432 -21.968910217285156 -24.690000534057617
      vertex 5.492199420928955 -23.108253479003906 -24.690000534057617
      vertex 5.729777812957764 -23.266998291015625 -24.690000534057617
    endloop
  endfacet
  facet normal 0 0 1
    outer loop
      vertex 5.235933780670166 -22.98187828063965 -24.690000534057617
      vertex 5.739391803741455 -21.766422271728516 -24.690000534057617
      vertex 5.305866718292236 -21.619258880615234 -24.690000534057617
    endloop
  endfacet
  facet normal 0 0 1
    outer loop
      vertex 5.739391803741455 -21.766422271728516 -24.690000534057617
      vertex 5.235933780670166 -22.98187828063965 -24.690000534057617
      vertex 5.492199420928955 -23.108253479003906 -24.690000534057617
    endloop
  endfacet
  facet normal 0 0 1
    outer loop
      vertex 5.305866718292236 -21.619258880615234 -24.690000534057617
      vertex 4.9653639793396 -22.890031814575195 -24.690000534057617
      vertex 5.235933780670166 -22.98187828063965 -24.690000534057617
    endloop
  endfacet
  facet normal 0 0 1
    outer loop
      vertex 4.856841564178467 -21.529943466186523 -24.690000534057617
      vertex 4.9653639793396 -22.890031814575195 -24.690000534057617
      vertex 5.305866718292236 -21.619258880615234 -24.690000534057617
    endloop
  endfacet
  facet normal 0 0 1
    outer loop
      vertex 4.856841564178467 -21.529943466186523 -24.690000534057617
      vertex 4.685121059417725 -22.83428955078125 -24.690000534057617
      vertex 4.9653639793396 -22.890031814575195 -24.690000534057617
    endloop
  endfacet
  facet normal 0 0 1
    outer loop
      vertex 4.400000095367432 -21.5 -24.690000534057617
      vertex 4.685121059417725 -22.83428955078125 -24.690000534057617
      vertex 4.856841564178467 -21.529943466186523 -24.690000534057617
    endloop
  endfacet
  facet normal 0 0 1
    outer loop
      vertex 4.400000095367432 -21.5 -24.690000534057617
      vertex 4.400000095367432 -22.815601348876953 -24.690000534057617
      vertex 4.685121059417725 -22.83428955078125 -24.690000534057617
    endloop
  endfacet
  facet normal 0 0 1
    outer loop
      vertex 4.400000095367432 -21.5 -24.690000534057617
      vertex 4.114879131317139 -22.83428955078125 -24.690000534057617
      vertex 4.400000095367432 -22.815601348876953 -24.690000534057617
    endloop
  endfacet
  facet normal 0 0 1
    outer loop
      vertex 3.9431586265563965 -21.529943466186523 -24.690000534057617
      vertex 4.114879131317139 -22.83428955078125 -24.690000534057617
      vertex 4.400000095367432 -21.5 -24.690000534057617
    endloop
  endfacet
  facet normal 0 0 1
    outer loop
      vertex 3.9431586265563965 -21.529943466186523 -24.690000534057617
      vertex 3.8346362113952637 -22.890031814575195 -24.690000534057617
      vertex 4.114879131317139 -22.83428955078125 -24.690000534057617
    endloop
  endfacet
  facet normal 0 0 1
    outer loop
      vertex 3.494133472442627 -21.619258880615234 -24.690000534057617
      vertex 3.8346362113952637 -22.890031814575195 -24.690000534057617
      vertex 3.9431586265563965 -21.529943466186523 -24.690000534057617
    endloop
  endfacet
  facet normal 0 0 1
    outer loop
      vertex 3.8346362113952637 -22.890031814575195 -24.690000534057617
      vertex 3.494133472442627 -21.619258880615234 -24.690000534057617
      vertex 3.5640664100646973 -22.98187828063965 -24.690000534057617
    endloop
  endfacet
  facet normal 0 0 1
    outer loop
      vertex 3.060608386993408 -21.766422271728516 -24.690000534057617
      vertex 3.5640664100646973 -22.98187828063965 -24.690000534057617
      vertex 3.494133472442627 -21.619258880615234 -24.690000534057617
    endloop
  endfacet
  facet normal 0 0 1
    outer loop
      vertex 3.5640664100646973 -22.98187828063965 -24.690000534057617
      vertex 3.060608386993408 -21.766422271728516 -24.690000534057617
      vertex 3.307800769805908 -23.108253479003906 -24.690000534057617
    endloop
  endfacet
  facet normal 0 0 1
    outer loop
      vertex 2.6500000953674316 -21.968910217285156 -24.690000534057617
      vertex 3.307800769805908 -23.108253479003906 -24.690000534057617
      vertex 3.060608386993408 -21.766422271728516 -24.690000534057617
    endloop
  endfacet
  facet normal 0 0 1
    outer loop
      vertex 3.307800769805908 -23.108253479003906 -24.690000534057617
      vertex 2.6500000953674316 -21.968910217285156 -24.690000534057617
      vertex 3.0702223777770996 -23.266998291015625 -24.690000534057617
    endloop
  endfacet
  facet normal 0 0 1
    outer loop
      vertex 2.2693352699279785 -22.223262786865234 -24.690000534057617
      vertex 3.0702223777770996 -23.266998291015625 -24.690000534057617
      vertex 2.6500000953674316 -21.968910217285156 -24.690000534057617
    endloop
  endfacet
  facet normal 0 0 1
    outer loop
      vertex 3.0702223777770996 -23.266998291015625 -24.690000534057617
      vertex 2.2693352699279785 -22.223262786865234 -24.690000534057617
      vertex 2.8553967475891113 -23.45539665222168 -24.690000534057617
    endloop
  endfacet
  facet normal 0 0 1
    outer loop
      vertex 1.9251264333724976 -22.525127410888672 -24.690000534057617
      vertex 2.8553967475891113 -23.45539665222168 -24.690000534057617
      vertex 2.2693352699279785 -22.223262786865234 -24.690000534057617
    endloop
  endfacet
  facet normal 0 0 1
    outer loop
      vertex 2.8553967475891113 -23.45539665222168 -24.690000534057617
      vertex 1.9251264333724976 -22.525127410888672 -24.690000534057617
      vertex 2.666999340057373 -23.670223236083984 -24.690000534057617
    endloop
  endfacet
  facet normal 0 0 1
    outer loop
      vertex 1.6232637166976929 -22.869335174560547 -24.690000534057617
      vertex 2.666999340057373 -23.670223236083984 -24.690000534057617
      vertex 1.9251264333724976 -22.525127410888672 -24.690000534057617
    endloop
  endfacet
  facet normal 0 0 1
    outer loop
      vertex 2.666999340057373 -23.670223236083984 -24.690000534057617
      vertex 1.6232637166976929 -22.869335174560547 -24.690000534057617
      vertex 2.5082545280456543 -23.907800674438477 -24.690000534057617
    endloop
  endfacet
  facet normal 0 0 1
    outer loop
      vertex 1.3689111471176147 -23.25 -24.690000534057617
      vertex 2.5082545280456543 -23.907800674438477 -24.690000534057617
      vertex 1.6232637166976929 -22.869335174560547 -24.690000534057617
    endloop
  endfacet
  facet normal 0 0 1
    outer loop
      vertex 2.5082545280456543 -23.907800674438477 -24.690000534057617
      vertex 1.3689111471176147 -23.25 -24.690000534057617
      vertex 2.38187837600708 -24.164066314697266 -24.690000534057617
    endloop
  endfacet
  facet normal 0 0 1
    outer loop
      vertex 1.1664222478866577 -23.660608291625977 -24.690000534057617
      vertex 2.38187837600708 -24.164066314697266 -24.690000534057617
      vertex 1.3689111471176147 -23.25 -24.690000534057617
    endloop
  endfacet
  facet normal 0 0 1
    outer loop
      vertex 7.633577823638916 -26.339391708374023 -24.690000534057617
      vertex 6.418121814727783 -25.835933685302734 -24.690000534057617
      vertex 7.431088924407959 -26.75 -24.690000534057617
    endloop
  endfacet
  facet normal 0 0 1
    outer loop
      vertex 6.291745662689209 -26.092199325561523 -24.690000534057617
      vertex 7.431088924407959 -26.75 -24.690000534057617
      vertex 6.418121814727783 -25.835933685302734 -24.690000534057617
    endloop
  endfacet
  facet normal 0 0 1
    outer loop
      vertex 7.431088924407959 -26.75 -24.690000534057617
      vertex 6.291745662689209 -26.092199325561523 -24.690000534057617
      vertex 7.176736354827881 -27.130664825439453 -24.690000534057617
    endloop
  endfacet
  facet normal 0 0 1
    outer loop
      vertex 6.13300085067749 -26.329776763916016 -24.690000534057617
      vertex 7.176736354827881 -27.130664825439453 -24.690000534057617
      vertex 6.291745662689209 -26.092199325561523 -24.690000534057617
    endloop
  endfacet
  facet normal 0 0 1
    outer loop
      vertex 7.176736354827881 -27.130664825439453 -24.690000534057617
      vertex 6.13300085067749 -26.329776763916016 -24.690000534057617
      vertex 6.874873638153076 -27.474872589111328 -24.690000534057617
    endloop
  endfacet
  facet normal 0 0 1
    outer loop
      vertex 5.944603443145752 -26.54460334777832 -24.690000534057617
      vertex 6.874873638153076 -27.474872589111328 -24.690000534057617
      vertex 6.13300085067749 -26.329776763916016 -24.690000534057617
    endloop
  endfacet
  facet normal 0 0 1
    outer loop
      vertex 6.874873638153076 -27.474872589111328 -24.690000534057617
      vertex 5.944603443145752 -26.54460334777832 -24.690000534057617
      vertex 6.530664920806885 -27.776737213134766 -24.690000534057617
    endloop
  endfacet
  facet normal 0 0 1
    outer loop
      vertex 5.729777812957764 -26.733001708984375 -24.690000534057617
      vertex 6.530664920806885 -27.776737213134766 -24.690000534057617
      vertex 5.944603443145752 -26.54460334777832 -24.690000534057617
    endloop
  endfacet
  facet normal 0 0 1
    outer loop
      vertex 6.530664920806885 -27.776737213134766 -24.690000534057617
      vertex 5.729777812957764 -26.733001708984375 -24.690000534057617
      vertex 6.150000095367432 -28.031089782714844 -24.690000534057617
    endloop
  endfacet
  facet normal 0 0 1
    outer loop
      vertex 5.492199420928955 -26.891746520996094 -24.690000534057617
      vertex 6.150000095367432 -28.031089782714844 -24.690000534057617
      vertex 5.729777812957764 -26.733001708984375 -24.690000534057617
    endloop
  endfacet
  facet normal 0 0 1
    outer loop
      vertex 6.150000095367432 -28.031089782714844 -24.690000534057617
      vertex 5.492199420928955 -26.891746520996094 -24.690000534057617
      vertex 5.739391803741455 -28.233577728271484 -24.690000534057617
    endloop
  endfacet
  facet normal 0 0 1
    outer loop
      vertex 5.235933780670166 -27.01812171936035 -24.690000534057617
      vertex 5.739391803741455 -28.233577728271484 -24.690000534057617
      vertex 5.492199420928955 -26.891746520996094 -24.690000534057617
    endloop
  endfacet
  facet normal 0 0 1
    outer loop
      vertex 5.739391803741455 -28.233577728271484 -24.690000534057617
      vertex 5.235933780670166 -27.01812171936035 -24.690000534057617
      vertex 5.305866718292236 -28.380741119384766 -24.690000534057617
    endloop
  endfacet
  facet normal 0 0 1
    outer loop
      vertex 4.9653639793396 -27.109968185424805 -24.690000534057617
      vertex 5.305866718292236 -28.380741119384766 -24.690000534057617
      vertex 5.235933780670166 -27.01812171936035 -24.690000534057617
    endloop
  endfacet
  facet normal 0 0 1
    outer loop
      vertex 4.9653639793396 -27.109968185424805 -24.690000534057617
      vertex 4.856841564178467 -28.470056533813477 -24.690000534057617
      vertex 5.305866718292236 -28.380741119384766 -24.690000534057617
    endloop
  endfacet
  facet normal 0 0 1
    outer loop
      vertex 4.685121059417725 -27.16571044921875 -24.690000534057617
      vertex 4.856841564178467 -28.470056533813477 -24.690000534057617
      vertex 4.9653639793396 -27.109968185424805 -24.690000534057617
    endloop
  endfacet
  facet normal 0 0 1
    outer loop
      vertex 4.400000095367432 -27.184398651123047 -24.690000534057617
      vertex 4.856841564178467 -28.470056533813477 -24.690000534057617
      vertex 4.685121059417725 -27.16571044921875 -24.690000534057617
    endloop
  endfacet
  facet normal 0 0 1
    outer loop
      vertex 4.400000095367432 -27.184398651123047 -24.690000534057617
      vertex 4.400000095367432 -28.5 -24.690000534057617
      vertex 4.856841564178467 -28.470056533813477 -24.690000534057617
    endloop
  endfacet
  facet normal 0 0 1
    outer loop
      vertex 4.114879131317139 -27.16571044921875 -24.690000534057617
      vertex 4.400000095367432 -28.5 -24.690000534057617
      vertex 4.400000095367432 -27.184398651123047 -24.690000534057617
    endloop
  endfacet
  facet normal 0 0 1
    outer loop
      vertex 4.114879131317139 -27.16571044921875 -24.690000534057617
      vertex 3.9431586265563965 -28.470056533813477 -24.690000534057617
      vertex 4.400000095367432 -28.5 -24.690000534057617
    endloop
  endfacet
  facet normal 0 0 1
    outer loop
      vertex 3.8346362113952637 -27.109968185424805 -24.690000534057617
      vertex 3.9431586265563965 -28.470056533813477 -24.690000534057617
      vertex 4.114879131317139 -27.16571044921875 -24.690000534057617
    endloop
  endfacet
  facet normal 0 0 1
    outer loop
      vertex 3.494133472442627 -28.380741119384766 -24.690000534057617
      vertex 3.8346362113952637 -27.109968185424805 -24.690000534057617
      vertex 3.5640664100646973 -27.01812171936035 -24.690000534057617
    endloop
  endfacet
  facet normal 0 0 1
    outer loop
      vertex 3.8346362113952637 -27.109968185424805 -24.690000534057617
      vertex 3.494133472442627 -28.380741119384766 -24.690000534057617
      vertex 3.9431586265563965 -28.470056533813477 -24.690000534057617
    endloop
  endfacet
  facet normal 0 0 1
    outer loop
      vertex 3.060608386993408 -28.233577728271484 -24.690000534057617
      vertex 3.5640664100646973 -27.01812171936035 -24.690000534057617
      vertex 3.307800769805908 -26.891746520996094 -24.690000534057617
    endloop
  endfacet
  facet normal 0 0 1
    outer loop
      vertex 2.6500000953674316 -28.031089782714844 -24.690000534057617
      vertex 3.307800769805908 -26.891746520996094 -24.690000534057617
      vertex 3.0702223777770996 -26.733001708984375 -24.690000534057617
    endloop
  endfacet
  facet normal 0 0 1
    outer loop
      vertex 3.5640664100646973 -27.01812171936035 -24.690000534057617
      vertex 3.060608386993408 -28.233577728271484 -24.690000534057617
      vertex 3.494133472442627 -28.380741119384766 -24.690000534057617
    endloop
  endfacet
  facet normal 0 0 1
    outer loop
      vertex 2.2693352699279785 -27.776737213134766 -24.690000534057617
      vertex 3.0702223777770996 -26.733001708984375 -24.690000534057617
      vertex 2.8553967475891113 -26.54460334777832 -24.690000534057617
    endloop
  endfacet
  facet normal 0 0 1
    outer loop
      vertex 1.9251264333724976 -27.474872589111328 -24.690000534057617
      vertex 2.8553967475891113 -26.54460334777832 -24.690000534057617
      vertex 2.666999340057373 -26.329776763916016 -24.690000534057617
    endloop
  endfacet
  facet normal 0 0 1
    outer loop
      vertex 3.307800769805908 -26.891746520996094 -24.690000534057617
      vertex 2.6500000953674316 -28.031089782714844 -24.690000534057617
      vertex 3.060608386993408 -28.233577728271484 -24.690000534057617
    endloop
  endfacet
  facet normal 0 0 1
    outer loop
      vertex 1.6232637166976929 -27.130664825439453 -24.690000534057617
      vertex 2.666999340057373 -26.329776763916016 -24.690000534057617
      vertex 2.5082545280456543 -26.092199325561523 -24.690000534057617
    endloop
  endfacet
  facet normal 0 0 1
    outer loop
      vertex 1.3689111471176147 -26.75 -24.690000534057617
      vertex 2.5082545280456543 -26.092199325561523 -24.690000534057617
      vertex 2.38187837600708 -25.835933685302734 -24.690000534057617
    endloop
  endfacet
  facet normal 0 0 1
    outer loop
      vertex 1.1664222478866577 -26.339391708374023 -24.690000534057617
      vertex 2.38187837600708 -25.835933685302734 -24.690000534057617
      vertex 2.290031909942627 -25.565364837646484 -24.690000534057617
    endloop
  endfacet
  facet normal 0 0 1
    outer loop
      vertex 3.0702223777770996 -26.733001708984375 -24.690000534057617
      vertex 2.2693352699279785 -27.776737213134766 -24.690000534057617
      vertex 2.6500000953674316 -28.031089782714844 -24.690000534057617
    endloop
  endfacet
  facet normal 0 0 1
    outer loop
      vertex 1.0192598104476929 -25.905866622924805 -24.690000534057617
      vertex 2.290031909942627 -25.565364837646484 -24.690000534057617
      vertex 2.2342886924743652 -25.28512191772461 -24.690000534057617
    endloop
  endfacet
  facet normal 0 0 1
    outer loop
      vertex 0.9299434423446655 -25.45684051513672 -24.690000534057617
      vertex 2.2342886924743652 -25.28512191772461 -24.690000534057617
      vertex 2.2156004905700684 -25 -24.690000534057617
    endloop
  endfacet
  facet normal 0 0 1
    outer loop
      vertex 2.38187837600708 -24.164066314697266 -24.690000534057617
      vertex 1.1664222478866577 -23.660608291625977 -24.690000534057617
      vertex 2.290031909942627 -24.434635162353516 -24.690000534057617
    endloop
  endfacet
  facet normal 0 0 1
    outer loop
      vertex 2.8553967475891113 -26.54460334777832 -24.690000534057617
      vertex 1.9251264333724976 -27.474872589111328 -24.690000534057617
      vertex 2.2693352699279785 -27.776737213134766 -24.690000534057617
    endloop
  endfacet
  facet normal 0 0 1
    outer loop
      vertex 1.0192598104476929 -24.094133377075195 -24.690000534057617
      vertex 2.290031909942627 -24.434635162353516 -24.690000534057617
      vertex 1.1664222478866577 -23.660608291625977 -24.690000534057617
    endloop
  endfacet
  facet normal 0 0 1
    outer loop
      vertex 2.666999340057373 -26.329776763916016 -24.690000534057617
      vertex 1.6232637166976929 -27.130664825439453 -24.690000534057617
      vertex 1.9251264333724976 -27.474872589111328 -24.690000534057617
    endloop
  endfacet
  facet normal 0 0 1
    outer loop
      vertex 2.290031909942627 -24.434635162353516 -24.690000534057617
      vertex 1.0192598104476929 -24.094133377075195 -24.690000534057617
      vertex 2.2342886924743652 -24.71487808227539 -24.690000534057617
    endloop
  endfacet
  facet normal 0 0 1
    outer loop
      vertex 2.5082545280456543 -26.092199325561523 -24.690000534057617
      vertex 1.3689111471176147 -26.75 -24.690000534057617
      vertex 1.6232637166976929 -27.130664825439453 -24.690000534057617
    endloop
  endfacet
  facet normal 0 0 1
    outer loop
      vertex 0.9299434423446655 -24.54315948486328 -24.690000534057617
      vertex 2.2342886924743652 -24.71487808227539 -24.690000534057617
      vertex 1.0192598104476929 -24.094133377075195 -24.690000534057617
    endloop
  endfacet
  facet normal 0 0 1
    outer loop
      vertex 2.38187837600708 -25.835933685302734 -24.690000534057617
      vertex 1.1664222478866577 -26.339391708374023 -24.690000534057617
      vertex 1.3689111471176147 -26.75 -24.690000534057617
    endloop
  endfacet
  facet normal 0 0 1
    outer loop
      vertex 2.2342886924743652 -24.71487808227539 -24.690000534057617
      vertex 0.9299434423446655 -24.54315948486328 -24.690000534057617
      vertex 2.2156004905700684 -25 -24.690000534057617
    endloop
  endfacet
  facet normal 0 0 1
    outer loop
      vertex 2.290031909942627 -25.565364837646484 -24.690000534057617
      vertex 1.0192598104476929 -25.905866622924805 -24.690000534057617
      vertex 1.1664222478866577 -26.339391708374023 -24.690000534057617
    endloop
  endfacet
  facet normal 0 0 1
    outer loop
      vertex 0.8999999761581421 -25 -24.690000534057617
      vertex 2.2156004905700684 -25 -24.690000534057617
      vertex 0.9299434423446655 -24.54315948486328 -24.690000534057617
    endloop
  endfacet
  facet normal 0 0 1
    outer loop
      vertex 2.2342886924743652 -25.28512191772461 -24.690000534057617
      vertex 0.9299434423446655 -25.45684051513672 -24.690000534057617
      vertex 1.0192598104476929 -25.905866622924805 -24.690000534057617
    endloop
  endfacet
  facet normal 0 0 1
    outer loop
      vertex 2.2156004905700684 -25 -24.690000534057617
      vertex 0.8999999761581421 -25 -24.690000534057617
      vertex 0.9299434423446655 -25.45684051513672 -24.690000534057617
    endloop
  endfacet
  facet normal 0.8314691431055877 -0.5555709352218308 0
    outer loop
      vertex 1.3689111471176147 -23.25 -20.30000114440918
      vertex 1.6232637166976929 -22.869335174560547 -24.690000534057617
      vertex 1.6232637166976929 -22.869335174560547 -20.30000114440918
    endloop
  endfacet
  facet normal 0.8314691431055877 -0.5555709352218308 0
    outer loop
      vertex 1.6232637166976929 -22.869335174560547 -24.690000534057617
      vertex 1.3689111471176147 -23.25 -20.30000114440918
      vertex 1.3689111471176147 -23.25 -24.690000534057617
    endloop
  endfacet
  facet normal 0.6593477609595209 0.7518381010015829 0
    outer loop
      vertex 2.2693352699279785 -27.776737213134766 -24.690000534057617
      vertex 1.9251264333724976 -27.474872589111328 -20.30000114440918
      vertex 2.2693352699279785 -27.776737213134766 -20.30000114440918
    endloop
  endfacet
  facet normal 0.6593477609595209 0.7518381010015829 0
    outer loop
      vertex 1.9251264333724976 -27.474872589111328 -20.30000114440918
      vertex 2.2693352699279785 -27.776737213134766 -24.690000534057617
      vertex 1.9251264333724976 -27.474872589111328 -24.690000534057617
    endloop
  endfacet
  facet normal 0.6593477609595209 -0.7518381010015829 0
    outer loop
      vertex 1.9251264333724976 -22.525127410888672 -24.690000534057617
      vertex 2.2693352699279785 -22.223262786865234 -20.30000114440918
      vertex 1.9251264333724976 -22.525127410888672 -20.30000114440918
    endloop
  endfacet
  facet normal 0.6593477609595209 -0.7518381010015829 0
    outer loop
      vertex 2.2693352699279785 -22.223262786865234 -20.30000114440918
      vertex 1.9251264333724976 -22.525127410888672 -24.690000534057617
      vertex 2.2693352699279785 -22.223262786865234 -24.690000534057617
    endloop
  endfacet
  facet normal 0.3214423141074636 0.9469291624515735 0
    outer loop
      vertex 3.494133472442627 -28.380741119384766 -24.690000534057617
      vertex 3.060608386993408 -28.233577728271484 -20.30000114440918
      vertex 3.494133472442627 -28.380741119384766 -20.30000114440918
    endloop
  endfacet
  facet normal 0.3214423141074636 0.9469291624515735 0
    outer loop
      vertex 3.060608386993408 -28.233577728271484 -20.30000114440918
      vertex 3.494133472442627 -28.380741119384766 -24.690000534057617
      vertex 3.060608386993408 -28.233577728271484 -24.690000534057617
    endloop
  endfacet
  facet normal 0.9807854801823622 0.19508931765592227 0
    outer loop
      vertex 1.0192598104476929 -25.905866622924805 -20.30000114440918
      vertex 0.9299434423446655 -25.45684051513672 -24.690000534057617
      vertex 0.9299434423446655 -25.45684051513672 -20.30000114440918
    endloop
  endfacet
  facet normal 0.9807854801823622 0.19508931765592227 0
    outer loop
      vertex 0.9299434423446655 -25.45684051513672 -24.690000534057617
      vertex 1.0192598104476929 -25.905866622924805 -20.30000114440918
      vertex 1.0192598104476929 -25.905866622924805 -24.690000534057617
    endloop
  endfacet
  facet normal -0.6593484657654931 -0.7518374828995229 0
    outer loop
      vertex 5.729777812957764 26.733001708984375 -27.700000762939453
      vertex 5.944603443145752 26.54460334777832 -24.690000534057617
      vertex 5.729777812957764 26.733001708984375 -24.690000534057617
    endloop
  endfacet
  facet normal -0.6593484657654931 -0.7518374828995229 0
    outer loop
      vertex 5.944603443145752 26.54460334777832 -24.690000534057617
      vertex 5.729777812957764 26.733001708984375 -27.700000762939453
      vertex 5.944603443145752 26.54460334777832 -27.700000762939453
    endloop
  endfacet
  facet normal -0.997858849213609 -0.06540425862351619 0
    outer loop
      vertex 6.584399700164795 25 -27.700000762939453
      vertex 6.565711498260498 25.28512191772461 -24.690000534057617
      vertex 6.565711498260498 25.28512191772461 -27.700000762939453
    endloop
  endfacet
  facet normal -0.997858849213609 -0.06540425862351619 0
    outer loop
      vertex 6.565711498260498 25.28512191772461 -24.690000534057617
      vertex 6.584399700164795 25 -27.700000762939453
      vertex 6.584399700164795 25 -24.690000534057617
    endloop
  endfacet
  facet normal 0.9807856588717693 -0.19508841931665097 0
    outer loop
      vertex 2.2342886924743652 25.28512191772461 -24.690000534057617
      vertex 2.290031909942627 25.565364837646484 -27.700000762939453
      vertex 2.290031909942627 25.565364837646484 -24.690000534057617
    endloop
  endfacet
  facet normal 0.9807856588717693 -0.19508841931665097 0
    outer loop
      vertex 2.290031909942627 25.565364837646484 -27.700000762939453
      vertex 2.2342886924743652 25.28512191772461 -24.690000534057617
      vertex 2.2342886924743652 25.28512191772461 -27.700000762939453
    endloop
  endfacet
  facet normal -0.997858849213609 0.06540425862351619 0
    outer loop
      vertex 6.565711498260498 24.71487808227539 -27.700000762939453
      vertex 6.584399700164795 25 -24.690000534057617
      vertex 6.584399700164795 25 -27.700000762939453
    endloop
  endfacet
  facet normal -0.997858849213609 0.06540425862351619 0
    outer loop
      vertex 6.584399700164795 25 -24.690000534057617
      vertex 6.565711498260498 24.71487808227539 -27.700000762939453
      vertex 6.565711498260498 24.71487808227539 -24.690000534057617
    endloop
  endfacet
  facet normal -0.1950852087020062 -0.980786297490791 0
    outer loop
      vertex 4.685121059417725 27.16571044921875 -27.700000762939453
      vertex 4.9653639793396 27.109968185424805 -24.690000534057617
      vertex 4.685121059417725 27.16571044921875 -24.690000534057617
    endloop
  endfacet
  facet normal -0.1950852087020062 -0.980786297490791 0
    outer loop
      vertex 4.9653639793396 27.109968185424805 -24.690000534057617
      vertex 4.685121059417725 27.16571044921875 -27.700000762939453
      vertex 4.9653639793396 27.109968185424805 -27.700000762939453
    endloop
  endfacet
  facet normal 0.06540447645225649 0.9978588349360877 0
    outer loop
      vertex 4.400000095367432 22.815601348876953 -27.700000762939453
      vertex 4.114879131317139 22.83428955078125 -24.690000534057617
      vertex 4.400000095367432 22.815601348876953 -24.690000534057617
    endloop
  endfacet
  facet normal 0.06540447645225649 0.9978588349360877 0
    outer loop
      vertex 4.114879131317139 22.83428955078125 -24.690000534057617
      vertex 4.400000095367432 22.815601348876953 -27.700000762939453
      vertex 4.114879131317139 22.83428955078125 -27.700000762939453
    endloop
  endfacet
  facet normal -0.5555702466339771 -0.8314696032057105 0
    outer loop
      vertex 5.492199420928955 26.891746520996094 -27.700000762939453
      vertex 5.729777812957764 26.733001708984375 -24.690000534057617
      vertex 5.492199420928955 26.891746520996094 -24.690000534057617
    endloop
  endfacet
  facet normal -0.5555702466339771 -0.8314696032057105 0
    outer loop
      vertex 5.729777812957764 26.733001708984375 -24.690000534057617
      vertex 5.492199420928955 26.891746520996094 -27.700000762939453
      vertex 5.729777812957764 26.733001708984375 -27.700000762939453
    endloop
  endfacet
  facet normal -0.06540447645225649 -0.9978588349360877 0
    outer loop
      vertex 4.400000095367432 27.184398651123047 -27.700000762939453
      vertex 4.685121059417725 27.16571044921875 -24.690000534057617
      vertex 4.400000095367432 27.184398651123047 -24.690000534057617
    endloop
  endfacet
  facet normal -0.06540447645225649 -0.9978588349360877 0
    outer loop
      vertex 4.685121059417725 27.16571044921875 -24.690000534057617
      vertex 4.400000095367432 27.184398651123047 -27.700000762939453
      vertex 4.685121059417725 27.16571044921875 -27.700000762939453
    endloop
  endfacet
  facet normal -0.7518405884308109 -0.6593449245941094 0
    outer loop
      vertex 6.13300085067749 26.329776763916016 -27.700000762939453
      vertex 5.944603443145752 26.54460334777832 -24.690000534057617
      vertex 5.944603443145752 26.54460334777832 -27.700000762939453
    endloop
  endfacet
  facet normal -0.7518405884308109 -0.6593449245941094 0
    outer loop
      vertex 5.944603443145752 26.54460334777832 -24.690000534057617
      vertex 6.13300085067749 26.329776763916016 -27.700000762939453
      vertex 6.13300085067749 26.329776763916016 -24.690000534057617
    endloop
  endfacet
  facet normal 0.1950852087020062 -0.980786297490791 0
    outer loop
      vertex 3.8346362113952637 27.109968185424805 -27.700000762939453
      vertex 4.114879131317139 27.16571044921875 -24.690000534057617
      vertex 3.8346362113952637 27.109968185424805 -24.690000534057617
    endloop
  endfacet
  facet normal 0.1950852087020062 -0.980786297490791 0
    outer loop
      vertex 4.114879131317139 27.16571044921875 -24.690000534057617
      vertex 3.8346362113952637 27.109968185424805 -27.700000762939453
      vertex 4.114879131317139 27.16571044921875 -27.700000762939453
    endloop
  endfacet
  facet normal -0.9807856588717693 -0.19508841931665097 0
    outer loop
      vertex 6.565711498260498 25.28512191772461 -27.700000762939453
      vertex 6.509968280792236 25.565364837646484 -24.690000534057617
      vertex 6.509968280792236 25.565364837646484 -27.700000762939453
    endloop
  endfacet
  facet normal -0.9807856588717693 -0.19508841931665097 0
    outer loop
      vertex 6.509968280792236 25.565364837646484 -24.690000534057617
      vertex 6.565711498260498 25.28512191772461 -27.700000762939453
      vertex 6.565711498260498 25.28512191772461 -24.690000534057617
    endloop
  endfacet
  facet normal 0.9469293641947869 0.3214417197963834 0
    outer loop
      vertex 2.38187837600708 24.164066314697266 -24.690000534057617
      vertex 2.290031909942627 24.434635162353516 -27.700000762939453
      vertex 2.290031909942627 24.434635162353516 -24.690000534057617
    endloop
  endfacet
  facet normal 0.9469293641947869 0.3214417197963834 0
    outer loop
      vertex 2.290031909942627 24.434635162353516 -27.700000762939453
      vertex 2.38187837600708 24.164066314697266 -24.690000534057617
      vertex 2.38187837600708 24.164066314697266 -27.700000762939453
    endloop
  endfacet
  facet normal 0.06540447645225649 -0.9978588349360877 0
    outer loop
      vertex 4.114879131317139 27.16571044921875 -27.700000762939453
      vertex 4.400000095367432 27.184398651123047 -24.690000534057617
      vertex 4.114879131317139 27.16571044921875 -24.690000534057617
    endloop
  endfacet
  facet normal 0.06540447645225649 -0.9978588349360877 0
    outer loop
      vertex 4.400000095367432 27.184398651123047 -24.690000534057617
      vertex 4.114879131317139 27.16571044921875 -27.700000762939453
      vertex 4.400000095367432 27.184398651123047 -27.700000762939453
    endloop
  endfacet
  facet normal 0.8314685730110579 0.5555717884260818 0
    outer loop
      vertex 2.666999340057373 23.670223236083984 -24.690000534057617
      vertex 2.5082545280456543 23.907800674438477 -27.700000762939453
      vertex 2.5082545280456543 23.907800674438477 -24.690000534057617
    endloop
  endfacet
  facet normal 0.8314685730110579 0.5555717884260818 0
    outer loop
      vertex 2.5082545280456543 23.907800674438477 -27.700000762939453
      vertex 2.666999340057373 23.670223236083984 -24.690000534057617
      vertex 2.666999340057373 23.670223236083984 -27.700000762939453
    endloop
  endfacet
  facet normal -0.9807856588717693 0.19508841931665097 0
    outer loop
      vertex 6.509968280792236 24.434635162353516 -27.700000762939453
      vertex 6.565711498260498 24.71487808227539 -24.690000534057617
      vertex 6.565711498260498 24.71487808227539 -27.700000762939453
    endloop
  endfacet
  facet normal -0.9807856588717693 0.19508841931665097 0
    outer loop
      vertex 6.565711498260498 24.71487808227539 -24.690000534057617
      vertex 6.509968280792236 24.434635162353516 -27.700000762939453
      vertex 6.509968280792236 24.434635162353516 -24.690000534057617
    endloop
  endfacet
  facet normal -0.44228579066482615 -0.8968741714287404 0
    outer loop
      vertex 5.235933780670166 27.01812171936035 -27.700000762939453
      vertex 5.492199420928955 26.891746520996094 -24.690000534057617
      vertex 5.235933780670166 27.01812171936035 -24.690000534057617
    endloop
  endfacet
  facet normal -0.44228579066482615 -0.8968741714287404 0
    outer loop
      vertex 5.492199420928955 26.891746520996094 -24.690000534057617
      vertex 5.235933780670166 27.01812171936035 -27.700000762939453
      vertex 5.492199420928955 26.891746520996094 -27.700000762939453
    endloop
  endfacet
  facet normal -0.8968728474640444 0.44228847541139593 0
    outer loop
      vertex 6.291745662689209 23.907800674438477 -27.700000762939453
      vertex 6.418121814727783 24.164066314697266 -24.690000534057617
      vertex 6.418121814727783 24.164066314697266 -27.700000762939453
    endloop
  endfacet
  facet normal -0.8968728474640444 0.44228847541139593 0
    outer loop
      vertex 6.418121814727783 24.164066314697266 -24.690000534057617
      vertex 6.291745662689209 23.907800674438477 -27.700000762939453
      vertex 6.291745662689209 23.907800674438477 -24.690000534057617
    endloop
  endfacet
  facet normal -0.8968728474640444 -0.44228847541139593 0
    outer loop
      vertex 6.418121814727783 25.835933685302734 -27.700000762939453
      vertex 6.291745662689209 26.092199325561523 -24.690000534057617
      vertex 6.291745662689209 26.092199325561523 -27.700000762939453
    endloop
  endfacet
  facet normal -0.8968728474640444 -0.44228847541139593 0
    outer loop
      vertex 6.291745662689209 26.092199325561523 -24.690000534057617
      vertex 6.418121814727783 25.835933685302734 -27.700000762939453
      vertex 6.418121814727783 25.835933685302734 -24.690000534057617
    endloop
  endfacet
  facet normal 0.7518405884308109 0.6593449245941094 0
    outer loop
      vertex 2.8553967475891113 23.45539665222168 -24.690000534057617
      vertex 2.666999340057373 23.670223236083984 -27.700000762939453
      vertex 2.666999340057373 23.670223236083984 -24.690000534057617
    endloop
  endfacet
  facet normal 0.7518405884308109 0.6593449245941094 0
    outer loop
      vertex 2.666999340057373 23.670223236083984 -27.700000762939453
      vertex 2.8553967475891113 23.45539665222168 -24.690000534057617
      vertex 2.8553967475891113 23.45539665222168 -27.700000762939453
    endloop
  endfacet
  facet normal 0.997858849213609 -0.06540425862351619 0
    outer loop
      vertex 2.2156004905700684 25 -24.690000534057617
      vertex 2.2342886924743652 25.28512191772461 -27.700000762939453
      vertex 2.2342886924743652 25.28512191772461 -24.690000534057617
    endloop
  endfacet
  facet normal 0.997858849213609 -0.06540425862351619 0
    outer loop
      vertex 2.2342886924743652 25.28512191772461 -27.700000762939453
      vertex 2.2156004905700684 25 -24.690000534057617
      vertex 2.2156004905700684 25 -27.700000762939453
    endloop
  endfacet
  facet normal -0.9469293641947869 0.3214417197963834 0
    outer loop
      vertex 6.418121814727783 24.164066314697266 -27.700000762939453
      vertex 6.509968280792236 24.434635162353516 -24.690000534057617
      vertex 6.509968280792236 24.434635162353516 -27.700000762939453
    endloop
  endfacet
  facet normal -0.9469293641947869 0.3214417197963834 0
    outer loop
      vertex 6.509968280792236 24.434635162353516 -24.690000534057617
      vertex 6.418121814727783 24.164066314697266 -27.700000762939453
      vertex 6.418121814727783 24.164066314697266 -24.690000534057617
    endloop
  endfacet
  facet normal -0.6593484657654931 0.7518374828995229 0
    outer loop
      vertex 5.944603443145752 23.45539665222168 -27.700000762939453
      vertex 5.729777812957764 23.266998291015625 -24.690000534057617
      vertex 5.944603443145752 23.45539665222168 -24.690000534057617
    endloop
  endfacet
  facet normal -0.6593484657654931 0.7518374828995229 0
    outer loop
      vertex 5.729777812957764 23.266998291015625 -24.690000534057617
      vertex 5.944603443145752 23.45539665222168 -27.700000762939453
      vertex 5.729777812957764 23.266998291015625 -27.700000762939453
    endloop
  endfacet
  facet normal 0.8314685730110579 -0.5555717884260818 0
    outer loop
      vertex 2.5082545280456543 26.092199325561523 -24.690000534057617
      vertex 2.666999340057373 26.329776763916016 -27.700000762939453
      vertex 2.666999340057373 26.329776763916016 -24.690000534057617
    endloop
  endfacet
  facet normal 0.8314685730110579 -0.5555717884260818 0
    outer loop
      vertex 2.666999340057373 26.329776763916016 -27.700000762939453
      vertex 2.5082545280456543 26.092199325561523 -24.690000534057617
      vertex 2.5082545280456543 26.092199325561523 -27.700000762939453
    endloop
  endfacet
  facet normal 0.44228579066482615 -0.8968741714287404 0
    outer loop
      vertex 3.307800769805908 26.891746520996094 -27.700000762939453
      vertex 3.5640664100646973 27.01812171936035 -24.690000534057617
      vertex 3.307800769805908 26.891746520996094 -24.690000534057617
    endloop
  endfacet
  facet normal 0.44228579066482615 -0.8968741714287404 0
    outer loop
      vertex 3.5640664100646973 27.01812171936035 -24.690000534057617
      vertex 3.307800769805908 26.891746520996094 -27.700000762939453
      vertex 3.5640664100646973 27.01812171936035 -27.700000762939453
    endloop
  endfacet
  facet normal -0.8314685730110579 -0.5555717884260818 0
    outer loop
      vertex 6.291745662689209 26.092199325561523 -27.700000762939453
      vertex 6.13300085067749 26.329776763916016 -24.690000534057617
      vertex 6.13300085067749 26.329776763916016 -27.700000762939453
    endloop
  endfacet
  facet normal -0.8314685730110579 -0.5555717884260818 0
    outer loop
      vertex 6.13300085067749 26.329776763916016 -24.690000534057617
      vertex 6.291745662689209 26.092199325561523 -27.700000762939453
      vertex 6.291745662689209 26.092199325561523 -24.690000534057617
    endloop
  endfacet
  facet normal 0.5555702466339771 0.8314696032057105 0
    outer loop
      vertex 3.307800769805908 23.108253479003906 -27.700000762939453
      vertex 3.0702223777770996 23.266998291015625 -24.690000534057617
      vertex 3.307800769805908 23.108253479003906 -24.690000534057617
    endloop
  endfacet
  facet normal 0.5555702466339771 0.8314696032057105 0
    outer loop
      vertex 3.0702223777770996 23.266998291015625 -24.690000534057617
      vertex 3.307800769805908 23.108253479003906 -27.700000762939453
      vertex 3.0702223777770996 23.266998291015625 -27.700000762939453
    endloop
  endfacet
  facet normal 0.7518405884308109 -0.6593449245941094 0
    outer loop
      vertex 2.666999340057373 26.329776763916016 -24.690000534057617
      vertex 2.8553967475891113 26.54460334777832 -27.700000762939453
      vertex 2.8553967475891113 26.54460334777832 -24.690000534057617
    endloop
  endfacet
  facet normal 0.7518405884308109 -0.6593449245941094 0
    outer loop
      vertex 2.8553967475891113 26.54460334777832 -27.700000762939453
      vertex 2.666999340057373 26.329776763916016 -24.690000534057617
      vertex 2.666999340057373 26.329776763916016 -27.700000762939453
    endloop
  endfacet
  facet normal -0.5555702466339771 0.8314696032057105 0
    outer loop
      vertex 5.729777812957764 23.266998291015625 -27.700000762939453
      vertex 5.492199420928955 23.108253479003906 -24.690000534057617
      vertex 5.729777812957764 23.266998291015625 -24.690000534057617
    endloop
  endfacet
  facet normal -0.5555702466339771 0.8314696032057105 0
    outer loop
      vertex 5.492199420928955 23.108253479003906 -24.690000534057617
      vertex 5.729777812957764 23.266998291015625 -27.700000762939453
      vertex 5.492199420928955 23.108253479003906 -27.700000762939453
    endloop
  endfacet
  facet normal -0.9469293641947869 -0.3214417197963834 0
    outer loop
      vertex 6.509968280792236 25.565364837646484 -27.700000762939453
      vertex 6.418121814727783 25.835933685302734 -24.690000534057617
      vertex 6.418121814727783 25.835933685302734 -27.700000762939453
    endloop
  endfacet
  facet normal -0.9469293641947869 -0.3214417197963834 0
    outer loop
      vertex 6.418121814727783 25.835933685302734 -24.690000534057617
      vertex 6.509968280792236 25.565364837646484 -27.700000762939453
      vertex 6.509968280792236 25.565364837646484 -24.690000534057617
    endloop
  endfacet
  facet normal -0.7518405884308109 0.6593449245941094 0
    outer loop
      vertex 5.944603443145752 23.45539665222168 -27.700000762939453
      vertex 6.13300085067749 23.670223236083984 -24.690000534057617
      vertex 6.13300085067749 23.670223236083984 -27.700000762939453
    endloop
  endfacet
  facet normal -0.7518405884308109 0.6593449245941094 0
    outer loop
      vertex 6.13300085067749 23.670223236083984 -24.690000534057617
      vertex 5.944603443145752 23.45539665222168 -27.700000762939453
      vertex 5.944603443145752 23.45539665222168 -24.690000534057617
    endloop
  endfacet
  facet normal 0.32144070387895096 -0.9469297090543756 0
    outer loop
      vertex 3.5640664100646973 27.01812171936035 -27.700000762939453
      vertex 3.8346362113952637 27.109968185424805 -24.690000534057617
      vertex 3.5640664100646973 27.01812171936035 -24.690000534057617
    endloop
  endfacet
  facet normal 0.32144070387895096 -0.9469297090543756 0
    outer loop
      vertex 3.8346362113952637 27.109968185424805 -24.690000534057617
      vertex 3.5640664100646973 27.01812171936035 -27.700000762939453
      vertex 3.8346362113952637 27.109968185424805 -27.700000762939453
    endloop
  endfacet
  facet normal -0.1950852087020062 0.980786297490791 0
    outer loop
      vertex 4.9653639793396 22.890031814575195 -27.700000762939453
      vertex 4.685121059417725 22.83428955078125 -24.690000534057617
      vertex 4.9653639793396 22.890031814575195 -24.690000534057617
    endloop
  endfacet
  facet normal -0.1950852087020062 0.980786297490791 0
    outer loop
      vertex 4.685121059417725 22.83428955078125 -24.690000534057617
      vertex 4.9653639793396 22.890031814575195 -27.700000762939453
      vertex 4.685121059417725 22.83428955078125 -27.700000762939453
    endloop
  endfacet
  facet normal 0.8968728474640444 -0.44228847541139593 0
    outer loop
      vertex 2.38187837600708 25.835933685302734 -24.690000534057617
      vertex 2.5082545280456543 26.092199325561523 -27.700000762939453
      vertex 2.5082545280456543 26.092199325561523 -24.690000534057617
    endloop
  endfacet
  facet normal 0.8968728474640444 -0.44228847541139593 0
    outer loop
      vertex 2.5082545280456543 26.092199325561523 -27.700000762939453
      vertex 2.38187837600708 25.835933685302734 -24.690000534057617
      vertex 2.38187837600708 25.835933685302734 -27.700000762939453
    endloop
  endfacet
  facet normal -0.44228579066482615 0.8968741714287404 0
    outer loop
      vertex 5.492199420928955 23.108253479003906 -27.700000762939453
      vertex 5.235933780670166 22.98187828063965 -24.690000534057617
      vertex 5.492199420928955 23.108253479003906 -24.690000534057617
    endloop
  endfacet
  facet normal -0.44228579066482615 0.8968741714287404 0
    outer loop
      vertex 5.235933780670166 22.98187828063965 -24.690000534057617
      vertex 5.492199420928955 23.108253479003906 -27.700000762939453
      vertex 5.235933780670166 22.98187828063965 -27.700000762939453
    endloop
  endfacet
  facet normal -0.8314685730110579 0.5555717884260818 0
    outer loop
      vertex 6.13300085067749 23.670223236083984 -27.700000762939453
      vertex 6.291745662689209 23.907800674438477 -24.690000534057617
      vertex 6.291745662689209 23.907800674438477 -27.700000762939453
    endloop
  endfacet
  facet normal -0.8314685730110579 0.5555717884260818 0
    outer loop
      vertex 6.291745662689209 23.907800674438477 -24.690000534057617
      vertex 6.13300085067749 23.670223236083984 -27.700000762939453
      vertex 6.13300085067749 23.670223236083984 -24.690000534057617
    endloop
  endfacet
  facet normal -0.06540447645225649 0.9978588349360877 0
    outer loop
      vertex 4.685121059417725 22.83428955078125 -27.700000762939453
      vertex 4.400000095367432 22.815601348876953 -24.690000534057617
      vertex 4.685121059417725 22.83428955078125 -24.690000534057617
    endloop
  endfacet
  facet normal -0.06540447645225649 0.9978588349360877 0
    outer loop
      vertex 4.400000095367432 22.815601348876953 -24.690000534057617
      vertex 4.685121059417725 22.83428955078125 -27.700000762939453
      vertex 4.400000095367432 22.815601348876953 -27.700000762939453
    endloop
  endfacet
  facet normal -0.32144070387895096 -0.9469297090543756 0
    outer loop
      vertex 4.9653639793396 27.109968185424805 -27.700000762939453
      vertex 5.235933780670166 27.01812171936035 -24.690000534057617
      vertex 4.9653639793396 27.109968185424805 -24.690000534057617
    endloop
  endfacet
  facet normal -0.32144070387895096 -0.9469297090543756 0
    outer loop
      vertex 5.235933780670166 27.01812171936035 -24.690000534057617
      vertex 4.9653639793396 27.109968185424805 -27.700000762939453
      vertex 5.235933780670166 27.01812171936035 -27.700000762939453
    endloop
  endfacet
  facet normal -0.32144070387895096 0.9469297090543756 0
    outer loop
      vertex 5.235933780670166 22.98187828063965 -27.700000762939453
      vertex 4.9653639793396 22.890031814575195 -24.690000534057617
      vertex 5.235933780670166 22.98187828063965 -24.690000534057617
    endloop
  endfacet
  facet normal -0.32144070387895096 0.9469297090543756 0
    outer loop
      vertex 4.9653639793396 22.890031814575195 -24.690000534057617
      vertex 5.235933780670166 22.98187828063965 -27.700000762939453
      vertex 4.9653639793396 22.890031814575195 -27.700000762939453
    endloop
  endfacet
  facet normal 0.9469293641947869 -0.3214417197963834 0
    outer loop
      vertex 2.290031909942627 25.565364837646484 -24.690000534057617
      vertex 2.38187837600708 25.835933685302734 -27.700000762939453
      vertex 2.38187837600708 25.835933685302734 -24.690000534057617
    endloop
  endfacet
  facet normal 0.9469293641947869 -0.3214417197963834 0
    outer loop
      vertex 2.38187837600708 25.835933685302734 -27.700000762939453
      vertex 2.290031909942627 25.565364837646484 -24.690000534057617
      vertex 2.290031909942627 25.565364837646484 -27.700000762939453
    endloop
  endfacet
  facet normal 0.5555702466339771 -0.8314696032057105 0
    outer loop
      vertex 3.0702223777770996 26.733001708984375 -27.700000762939453
      vertex 3.307800769805908 26.891746520996094 -24.690000534057617
      vertex 3.0702223777770996 26.733001708984375 -24.690000534057617
    endloop
  endfacet
  facet normal 0.5555702466339771 -0.8314696032057105 0
    outer loop
      vertex 3.307800769805908 26.891746520996094 -24.690000534057617
      vertex 3.0702223777770996 26.733001708984375 -27.700000762939453
      vertex 3.307800769805908 26.891746520996094 -27.700000762939453
    endloop
  endfacet
  facet normal 0.8968728474640444 0.44228847541139593 0
    outer loop
      vertex 2.5082545280456543 23.907800674438477 -24.690000534057617
      vertex 2.38187837600708 24.164066314697266 -27.700000762939453
      vertex 2.38187837600708 24.164066314697266 -24.690000534057617
    endloop
  endfacet
  facet normal 0.8968728474640444 0.44228847541139593 0
    outer loop
      vertex 2.38187837600708 24.164066314697266 -27.700000762939453
      vertex 2.5082545280456543 23.907800674438477 -24.690000534057617
      vertex 2.5082545280456543 23.907800674438477 -27.700000762939453
    endloop
  endfacet
  facet normal 0.44228579066482615 0.8968741714287404 0
    outer loop
      vertex 3.5640664100646973 22.98187828063965 -27.700000762939453
      vertex 3.307800769805908 23.108253479003906 -24.690000534057617
      vertex 3.5640664100646973 22.98187828063965 -24.690000534057617
    endloop
  endfacet
  facet normal 0.44228579066482615 0.8968741714287404 0
    outer loop
      vertex 3.307800769805908 23.108253479003906 -24.690000534057617
      vertex 3.5640664100646973 22.98187828063965 -27.700000762939453
      vertex 3.307800769805908 23.108253479003906 -27.700000762939453
    endloop
  endfacet
  facet normal 0.6593484657654931 -0.7518374828995229 0
    outer loop
      vertex 2.8553967475891113 26.54460334777832 -27.700000762939453
      vertex 3.0702223777770996 26.733001708984375 -24.690000534057617
      vertex 2.8553967475891113 26.54460334777832 -24.690000534057617
    endloop
  endfacet
  facet normal 0.6593484657654931 -0.7518374828995229 0
    outer loop
      vertex 3.0702223777770996 26.733001708984375 -24.690000534057617
      vertex 2.8553967475891113 26.54460334777832 -27.700000762939453
      vertex 3.0702223777770996 26.733001708984375 -27.700000762939453
    endloop
  endfacet
  facet normal 0.6593484657654931 0.7518374828995229 0
    outer loop
      vertex 3.0702223777770996 23.266998291015625 -27.700000762939453
      vertex 2.8553967475891113 23.45539665222168 -24.690000534057617
      vertex 3.0702223777770996 23.266998291015625 -24.690000534057617
    endloop
  endfacet
  facet normal 0.6593484657654931 0.7518374828995229 0
    outer loop
      vertex 2.8553967475891113 23.45539665222168 -24.690000534057617
      vertex 3.0702223777770996 23.266998291015625 -27.700000762939453
      vertex 2.8553967475891113 23.45539665222168 -27.700000762939453
    endloop
  endfacet
  facet normal 0.1950852087020062 0.980786297490791 0
    outer loop
      vertex 4.114879131317139 22.83428955078125 -27.700000762939453
      vertex 3.8346362113952637 22.890031814575195 -24.690000534057617
      vertex 4.114879131317139 22.83428955078125 -24.690000534057617
    endloop
  endfacet
  facet normal 0.1950852087020062 0.980786297490791 0
    outer loop
      vertex 3.8346362113952637 22.890031814575195 -24.690000534057617
      vertex 4.114879131317139 22.83428955078125 -27.700000762939453
      vertex 3.8346362113952637 22.890031814575195 -27.700000762939453
    endloop
  endfacet
  facet normal 0.32144070387895096 0.9469297090543756 0
    outer loop
      vertex 3.8346362113952637 22.890031814575195 -27.700000762939453
      vertex 3.5640664100646973 22.98187828063965 -24.690000534057617
      vertex 3.8346362113952637 22.890031814575195 -24.690000534057617
    endloop
  endfacet
  facet normal 0.32144070387895096 0.9469297090543756 0
    outer loop
      vertex 3.5640664100646973 22.98187828063965 -24.690000534057617
      vertex 3.8346362113952637 22.890031814575195 -27.700000762939453
      vertex 3.5640664100646973 22.98187828063965 -27.700000762939453
    endloop
  endfacet
  facet normal 0.9807856588717693 0.19508841931665097 0
    outer loop
      vertex 2.290031909942627 24.434635162353516 -24.690000534057617
      vertex 2.2342886924743652 24.71487808227539 -27.700000762939453
      vertex 2.2342886924743652 24.71487808227539 -24.690000534057617
    endloop
  endfacet
  facet normal 0.9807856588717693 0.19508841931665097 0
    outer loop
      vertex 2.2342886924743652 24.71487808227539 -27.700000762939453
      vertex 2.290031909942627 24.434635162353516 -24.690000534057617
      vertex 2.290031909942627 24.434635162353516 -27.700000762939453
    endloop
  endfacet
  facet normal 0.997858849213609 0.06540425862351619 0
    outer loop
      vertex 2.2342886924743652 24.71487808227539 -24.690000534057617
      vertex 2.2156004905700684 25 -27.700000762939453
      vertex 2.2156004905700684 25 -24.690000534057617
    endloop
  endfacet
  facet normal 0.997858849213609 0.06540425862351619 0
    outer loop
      vertex 2.2156004905700684 25 -27.700000762939453
      vertex 2.2342886924743652 24.71487808227539 -24.690000534057617
      vertex 2.2342886924743652 24.71487808227539 -27.700000762939453
    endloop
  endfacet
  facet normal -0.7518391474604448 0.6593465677062038 0
    outer loop
      vertex 6.874873638153076 22.525127410888672 -24.690000534057617
      vertex 7.176736354827881 22.869335174560547 -20.30000114440918
      vertex 7.176736354827881 22.869335174560547 -24.690000534057617
    endloop
  endfacet
  facet normal -0.7518391474604448 0.6593465677062038 0
    outer loop
      vertex 7.176736354827881 22.869335174560547 -20.30000114440918
      vertex 6.874873638153076 22.525127410888672 -24.690000534057617
      vertex 6.874873638153076 22.525127410888672 -20.30000114440918
    endloop
  endfacet
  facet normal -0.9807854801823622 -0.19508931765592227 0
    outer loop
      vertex 7.870056629180908 25.45684051513672 -24.690000534057617
      vertex 7.780740261077881 25.905866622924805 -20.30000114440918
      vertex 7.780740261077881 25.905866622924805 -24.690000534057617
    endloop
  endfacet
  facet normal -0.9807854801823622 -0.19508931765592227 0
    outer loop
      vertex 7.780740261077881 25.905866622924805 -20.30000114440918
      vertex 7.870056629180908 25.45684051513672 -24.690000534057617
      vertex 7.870056629180908 25.45684051513672 -20.30000114440918
    endloop
  endfacet
  facet normal -0.9978588438551216 -0.06540434037676629 0
    outer loop
      vertex 7.900000095367432 25 -24.690000534057617
      vertex 7.870056629180908 25.45684051513672 -20.30000114440918
      vertex 7.870056629180908 25.45684051513672 -24.690000534057617
    endloop
  endfacet
  facet normal -0.9978588438551216 -0.06540434037676629 0
    outer loop
      vertex 7.870056629180908 25.45684051513672 -20.30000114440918
      vertex 7.900000095367432 25 -24.690000534057617
      vertex 7.900000095367432 25 -20.30000114440918
    endloop
  endfacet
  facet normal -0.19508771244422501 0.9807857994757466 0
    outer loop
      vertex 5.305866718292236 21.619258880615234 -24.690000534057617
      vertex 4.856841564178467 21.529943466186523 -20.30000114440918
      vertex 5.305866718292236 21.619258880615234 -20.30000114440918
    endloop
  endfacet
  facet normal -0.19508771244422501 0.9807857994757466 0
    outer loop
      vertex 4.856841564178467 21.529943466186523 -20.30000114440918
      vertex 5.305866718292236 21.619258880615234 -24.690000534057617
      vertex 4.856841564178467 21.529943466186523 -24.690000534057617
    endloop
  endfacet
  facet normal -0.6593478900372552 0.7518379878028373 0
    outer loop
      vertex 6.874873638153076 22.525127410888672 -24.690000534057617
      vertex 6.530664920806885 22.223262786865234 -20.30000114440918
      vertex 6.874873638153076 22.525127410888672 -20.30000114440918
    endloop
  endfacet
  facet normal -0.6593478900372552 0.7518379878028373 0
    outer loop
      vertex 6.530664920806885 22.223262786865234 -20.30000114440918
      vertex 6.874873638153076 22.525127410888672 -24.690000534057617
      vertex 6.530664920806885 22.223262786865234 -24.690000534057617
    endloop
  endfacet
  facet normal 0.19508771244422501 0.9807857994757466 0
    outer loop
      vertex 3.9431586265563965 21.529943466186523 -24.690000534057617
      vertex 3.494133472442627 21.619258880615234 -20.30000114440918
      vertex 3.9431586265563965 21.529943466186523 -20.30000114440918
    endloop
  endfacet
  facet normal 0.19508771244422501 0.9807857994757466 0
    outer loop
      vertex 3.494133472442627 21.619258880615234 -20.30000114440918
      vertex 3.9431586265563965 21.529943466186523 -24.690000534057617
      vertex 3.494133472442627 21.619258880615234 -24.690000534057617
    endloop
  endfacet
  facet normal -0.9978588438551216 0.06540434037676629 0
    outer loop
      vertex 7.870056629180908 24.54315948486328 -24.690000534057617
      vertex 7.900000095367432 25 -20.30000114440918
      vertex 7.900000095367432 25 -24.690000534057617
    endloop
  endfacet
  facet normal -0.9978588438551216 0.06540434037676629 0
    outer loop
      vertex 7.900000095367432 25 -20.30000114440918
      vertex 7.870056629180908 24.54315948486328 -24.690000534057617
      vertex 7.870056629180908 24.54315948486328 -20.30000114440918
    endloop
  endfacet
  facet normal 0.7518391474604448 0.6593465677062038 0
    outer loop
      vertex 1.9251264333724976 22.525127410888672 -20.30000114440918
      vertex 1.6232637166976929 22.869335174560547 -24.690000534057617
      vertex 1.6232637166976929 22.869335174560547 -20.30000114440918
    endloop
  endfacet
  facet normal 0.7518391474604448 0.6593465677062038 0
    outer loop
      vertex 1.6232637166976929 22.869335174560547 -24.690000534057617
      vertex 1.9251264333724976 22.525127410888672 -20.30000114440918
      vertex 1.9251264333724976 22.525127410888672 -24.690000534057617
    endloop
  endfacet
  facet normal -0.4422857818103071 0.8968741757952703 0
    outer loop
      vertex 6.150000095367432 21.968910217285156 -24.690000534057617
      vertex 5.739391803741455 21.766422271728516 -20.30000114440918
      vertex 6.150000095367432 21.968910217285156 -20.30000114440918
    endloop
  endfacet
  facet normal -0.4422857818103071 0.8968741757952703 0
    outer loop
      vertex 5.739391803741455 21.766422271728516 -20.30000114440918
      vertex 6.150000095367432 21.968910217285156 -24.690000534057617
      vertex 5.739391803741455 21.766422271728516 -24.690000534057617
    endloop
  endfacet
  facet normal -0.4422857818103071 -0.8968741757952703 0
    outer loop
      vertex 5.739391803741455 28.233577728271484 -24.690000534057617
      vertex 6.150000095367432 28.031089782714844 -20.30000114440918
      vertex 5.739391803741455 28.233577728271484 -20.30000114440918
    endloop
  endfacet
  facet normal -0.4422857818103071 -0.8968741757952703 0
    outer loop
      vertex 6.150000095367432 28.031089782714844 -20.30000114440918
      vertex 5.739391803741455 28.233577728271484 -24.690000534057617
      vertex 6.150000095367432 28.031089782714844 -24.690000534057617
    endloop
  endfacet
  facet normal -0.3214423141074636 -0.9469291624515735 0
    outer loop
      vertex 5.305866718292236 28.380741119384766 -24.690000534057617
      vertex 5.739391803741455 28.233577728271484 -20.30000114440918
      vertex 5.305866718292236 28.380741119384766 -20.30000114440918
    endloop
  endfacet
  facet normal -0.3214423141074636 -0.9469291624515735 0
    outer loop
      vertex 5.739391803741455 28.233577728271484 -20.30000114440918
      vertex 5.305866718292236 28.380741119384766 -24.690000534057617
      vertex 5.739391803741455 28.233577728271484 -24.690000534057617
    endloop
  endfacet
  facet normal -0.5555709352218308 0.8314691431055877 0
    outer loop
      vertex 6.530664920806885 22.223262786865234 -24.690000534057617
      vertex 6.150000095367432 21.968910217285156 -20.30000114440918
      vertex 6.530664920806885 22.223262786865234 -20.30000114440918
    endloop
  endfacet
  facet normal -0.5555709352218308 0.8314691431055877 0
    outer loop
      vertex 6.150000095367432 21.968910217285156 -20.30000114440918
      vertex 6.530664920806885 22.223262786865234 -24.690000534057617
      vertex 6.150000095367432 21.968910217285156 -24.690000534057617
    endloop
  endfacet
  facet normal -0.9469297965007059 -0.32144044627136115 0
    outer loop
      vertex 7.780740261077881 25.905866622924805 -24.690000534057617
      vertex 7.633577823638916 26.339391708374023 -20.30000114440918
      vertex 7.633577823638916 26.339391708374023 -24.690000534057617
    endloop
  endfacet
  facet normal -0.9469297965007059 -0.32144044627136115 0
    outer loop
      vertex 7.633577823638916 26.339391708374023 -20.30000114440918
      vertex 7.780740261077881 25.905866622924805 -24.690000534057617
      vertex 7.780740261077881 25.905866622924805 -20.30000114440918
    endloop
  endfacet
  facet normal -0.9807854801823622 0.19508931765592227 0
    outer loop
      vertex 7.780740261077881 24.094133377075195 -24.690000534057617
      vertex 7.870056629180908 24.54315948486328 -20.30000114440918
      vertex 7.870056629180908 24.54315948486328 -24.690000534057617
    endloop
  endfacet
  facet normal -0.9807854801823622 0.19508931765592227 0
    outer loop
      vertex 7.870056629180908 24.54315948486328 -20.30000114440918
      vertex 7.780740261077881 24.094133377075195 -24.690000534057617
      vertex 7.780740261077881 24.094133377075195 -20.30000114440918
    endloop
  endfacet
  facet normal 0.8314691431055877 0.5555709352218308 0
    outer loop
      vertex 1.6232637166976929 22.869335174560547 -20.30000114440918
      vertex 1.3689111471176147 23.25 -24.690000534057617
      vertex 1.3689111471176147 23.25 -20.30000114440918
    endloop
  endfacet
  facet normal 0.8314691431055877 0.5555709352218308 0
    outer loop
      vertex 1.3689111471176147 23.25 -24.690000534057617
      vertex 1.6232637166976929 22.869335174560547 -20.30000114440918
      vertex 1.6232637166976929 22.869335174560547 -24.690000534057617
    endloop
  endfacet
  facet normal -0.0654042044267184 -0.997858852765915 0
    outer loop
      vertex 4.400000095367432 28.5 -24.690000534057617
      vertex 4.856841564178467 28.470056533813477 -20.30000114440918
      vertex 4.400000095367432 28.5 -20.30000114440918
    endloop
  endfacet
  facet normal -0.0654042044267184 -0.997858852765915 0
    outer loop
      vertex 4.856841564178467 28.470056533813477 -20.30000114440918
      vertex 4.400000095367432 28.5 -24.690000534057617
      vertex 4.856841564178467 28.470056533813477 -24.690000534057617
    endloop
  endfacet
  facet normal -0.3214423141074636 0.9469291624515735 0
    outer loop
      vertex 5.739391803741455 21.766422271728516 -24.690000534057617
      vertex 5.305866718292236 21.619258880615234 -20.30000114440918
      vertex 5.739391803741455 21.766422271728516 -20.30000114440918
    endloop
  endfacet
  facet normal -0.3214423141074636 0.9469291624515735 0
    outer loop
      vertex 5.305866718292236 21.619258880615234 -20.30000114440918
      vertex 5.739391803741455 21.766422271728516 -24.690000534057617
      vertex 5.305866718292236 21.619258880615234 -24.690000534057617
    endloop
  endfacet
  facet normal -0.8968733494932566 -0.44228745739478836 0
    outer loop
      vertex 7.633577823638916 26.339391708374023 -24.690000534057617
      vertex 7.431088924407959 26.75 -20.30000114440918
      vertex 7.431088924407959 26.75 -24.690000534057617
    endloop
  endfacet
  facet normal -0.8968733494932566 -0.44228745739478836 0
    outer loop
      vertex 7.431088924407959 26.75 -20.30000114440918
      vertex 7.633577823638916 26.339391708374023 -24.690000534057617
      vertex 7.633577823638916 26.339391708374023 -20.30000114440918
    endloop
  endfacet
  facet normal -0.8314691431055877 -0.5555709352218308 0
    outer loop
      vertex 7.431088924407959 26.75 -24.690000534057617
      vertex 7.176736354827881 27.130664825439453 -20.30000114440918
      vertex 7.176736354827881 27.130664825439453 -24.690000534057617
    endloop
  endfacet
  facet normal -0.8314691431055877 -0.5555709352218308 0
    outer loop
      vertex 7.176736354827881 27.130664825439453 -20.30000114440918
      vertex 7.431088924407959 26.75 -24.690000534057617
      vertex 7.431088924407959 26.75 -20.30000114440918
    endloop
  endfacet
  facet normal 0.4422857818103071 -0.8968741757952703 0
    outer loop
      vertex 2.6500000953674316 28.031089782714844 -24.690000534057617
      vertex 3.060608386993408 28.233577728271484 -20.30000114440918
      vertex 2.6500000953674316 28.031089782714844 -20.30000114440918
    endloop
  endfacet
  facet normal 0.4422857818103071 -0.8968741757952703 0
    outer loop
      vertex 3.060608386993408 28.233577728271484 -20.30000114440918
      vertex 2.6500000953674316 28.031089782714844 -24.690000534057617
      vertex 3.060608386993408 28.233577728271484 -24.690000534057617
    endloop
  endfacet
  facet normal -0.9469297965007059 0.32144044627136115 0
    outer loop
      vertex 7.633577823638916 23.660608291625977 -24.690000534057617
      vertex 7.780740261077881 24.094133377075195 -20.30000114440918
      vertex 7.780740261077881 24.094133377075195 -24.690000534057617
    endloop
  endfacet
  facet normal -0.9469297965007059 0.32144044627136115 0
    outer loop
      vertex 7.780740261077881 24.094133377075195 -20.30000114440918
      vertex 7.633577823638916 23.660608291625977 -24.690000534057617
      vertex 7.633577823638916 23.660608291625977 -20.30000114440918
    endloop
  endfacet
  facet normal 0.5555709352218308 0.8314691431055877 0
    outer loop
      vertex 2.6500000953674316 21.968910217285156 -24.690000534057617
      vertex 2.2693352699279785 22.223262786865234 -20.30000114440918
      vertex 2.6500000953674316 21.968910217285156 -20.30000114440918
    endloop
  endfacet
  facet normal 0.5555709352218308 0.8314691431055877 0
    outer loop
      vertex 2.2693352699279785 22.223262786865234 -20.30000114440918
      vertex 2.6500000953674316 21.968910217285156 -24.690000534057617
      vertex 2.2693352699279785 22.223262786865234 -24.690000534057617
    endloop
  endfacet
  facet normal 0.0654042044267184 -0.997858852765915 0
    outer loop
      vertex 3.9431586265563965 28.470056533813477 -24.690000534057617
      vertex 4.400000095367432 28.5 -20.30000114440918
      vertex 3.9431586265563965 28.470056533813477 -20.30000114440918
    endloop
  endfacet
  facet normal 0.0654042044267184 -0.997858852765915 0
    outer loop
      vertex 4.400000095367432 28.5 -20.30000114440918
      vertex 3.9431586265563965 28.470056533813477 -24.690000534057617
      vertex 4.400000095367432 28.5 -24.690000534057617
    endloop
  endfacet
  facet normal 0.9469297965007059 -0.32144044627136115 0
    outer loop
      vertex 1.0192598104476929 25.905866622924805 -20.30000114440918
      vertex 1.1664222478866577 26.339391708374023 -24.690000534057617
      vertex 1.1664222478866577 26.339391708374023 -20.30000114440918
    endloop
  endfacet
  facet normal 0.9469297965007059 -0.32144044627136115 0
    outer loop
      vertex 1.1664222478866577 26.339391708374023 -24.690000534057617
      vertex 1.0192598104476929 25.905866622924805 -20.30000114440918
      vertex 1.0192598104476929 25.905866622924805 -24.690000534057617
    endloop
  endfacet
  facet normal 0.9469297965007059 0.32144044627136115 0
    outer loop
      vertex 1.1664222478866577 23.660608291625977 -20.30000114440918
      vertex 1.0192598104476929 24.094133377075195 -24.690000534057617
      vertex 1.0192598104476929 24.094133377075195 -20.30000114440918
    endloop
  endfacet
  facet normal 0.9469297965007059 0.32144044627136115 0
    outer loop
      vertex 1.0192598104476929 24.094133377075195 -24.690000534057617
      vertex 1.1664222478866577 23.660608291625977 -20.30000114440918
      vertex 1.1664222478866577 23.660608291625977 -24.690000534057617
    endloop
  endfacet
  facet normal 0.5555709352218308 -0.8314691431055877 0
    outer loop
      vertex 2.2693352699279785 27.776737213134766 -24.690000534057617
      vertex 2.6500000953674316 28.031089782714844 -20.30000114440918
      vertex 2.2693352699279785 27.776737213134766 -20.30000114440918
    endloop
  endfacet
  facet normal 0.5555709352218308 -0.8314691431055877 0
    outer loop
      vertex 2.6500000953674316 28.031089782714844 -20.30000114440918
      vertex 2.2693352699279785 27.776737213134766 -24.690000534057617
      vertex 2.6500000953674316 28.031089782714844 -24.690000534057617
    endloop
  endfacet
  facet normal -0.7518391474604448 -0.6593465677062038 0
    outer loop
      vertex 7.176736354827881 27.130664825439453 -24.690000534057617
      vertex 6.874873638153076 27.474872589111328 -20.30000114440918
      vertex 6.874873638153076 27.474872589111328 -24.690000534057617
    endloop
  endfacet
  facet normal -0.7518391474604448 -0.6593465677062038 0
    outer loop
      vertex 6.874873638153076 27.474872589111328 -20.30000114440918
      vertex 7.176736354827881 27.130664825439453 -24.690000534057617
      vertex 7.176736354827881 27.130664825439453 -20.30000114440918
    endloop
  endfacet
  facet normal -0.19508771244422501 -0.9807857994757466 0
    outer loop
      vertex 4.856841564178467 28.470056533813477 -24.690000534057617
      vertex 5.305866718292236 28.380741119384766 -20.30000114440918
      vertex 4.856841564178467 28.470056533813477 -20.30000114440918
    endloop
  endfacet
  facet normal -0.19508771244422501 -0.9807857994757466 0
    outer loop
      vertex 5.305866718292236 28.380741119384766 -20.30000114440918
      vertex 4.856841564178467 28.470056533813477 -24.690000534057617
      vertex 5.305866718292236 28.380741119384766 -24.690000534057617
    endloop
  endfacet
  facet normal 0.3214423141074636 -0.9469291624515735 0
    outer loop
      vertex 3.060608386993408 28.233577728271484 -24.690000534057617
      vertex 3.494133472442627 28.380741119384766 -20.30000114440918
      vertex 3.060608386993408 28.233577728271484 -20.30000114440918
    endloop
  endfacet
  facet normal 0.3214423141074636 -0.9469291624515735 0
    outer loop
      vertex 3.494133472442627 28.380741119384766 -20.30000114440918
      vertex 3.060608386993408 28.233577728271484 -24.690000534057617
      vertex 3.494133472442627 28.380741119384766 -24.690000534057617
    endloop
  endfacet
  facet normal 0.8968733494932566 0.44228745739478836 0
    outer loop
      vertex 1.3689111471176147 23.25 -20.30000114440918
      vertex 1.1664222478866577 23.660608291625977 -24.690000534057617
      vertex 1.1664222478866577 23.660608291625977 -20.30000114440918
    endloop
  endfacet
  facet normal 0.8968733494932566 0.44228745739478836 0
    outer loop
      vertex 1.1664222478866577 23.660608291625977 -24.690000534057617
      vertex 1.3689111471176147 23.25 -20.30000114440918
      vertex 1.3689111471176147 23.25 -24.690000534057617
    endloop
  endfacet
  facet normal 0.19508771244422501 -0.9807857994757466 0
    outer loop
      vertex 3.494133472442627 28.380741119384766 -24.690000534057617
      vertex 3.9431586265563965 28.470056533813477 -20.30000114440918
      vertex 3.494133472442627 28.380741119384766 -20.30000114440918
    endloop
  endfacet
  facet normal 0.19508771244422501 -0.9807857994757466 0
    outer loop
      vertex 3.9431586265563965 28.470056533813477 -20.30000114440918
      vertex 3.494133472442627 28.380741119384766 -24.690000534057617
      vertex 3.9431586265563965 28.470056533813477 -24.690000534057617
    endloop
  endfacet
  facet normal 0.0654042044267184 0.997858852765915 0
    outer loop
      vertex 4.400000095367432 21.5 -24.690000534057617
      vertex 3.9431586265563965 21.529943466186523 -20.30000114440918
      vertex 4.400000095367432 21.5 -20.30000114440918
    endloop
  endfacet
  facet normal 0.0654042044267184 0.997858852765915 0
    outer loop
      vertex 3.9431586265563965 21.529943466186523 -20.30000114440918
      vertex 4.400000095367432 21.5 -24.690000534057617
      vertex 3.9431586265563965 21.529943466186523 -24.690000534057617
    endloop
  endfacet
  facet normal 0.7518391474604448 -0.6593465677062038 0
    outer loop
      vertex 1.6232637166976929 27.130664825439453 -20.30000114440918
      vertex 1.9251264333724976 27.474872589111328 -24.690000534057617
      vertex 1.9251264333724976 27.474872589111328 -20.30000114440918
    endloop
  endfacet
  facet normal 0.7518391474604448 -0.6593465677062038 0
    outer loop
      vertex 1.9251264333724976 27.474872589111328 -24.690000534057617
      vertex 1.6232637166976929 27.130664825439453 -20.30000114440918
      vertex 1.6232637166976929 27.130664825439453 -24.690000534057617
    endloop
  endfacet
  facet normal -0.8968733494932566 0.44228745739478836 0
    outer loop
      vertex 7.431088924407959 23.25 -24.690000534057617
      vertex 7.633577823638916 23.660608291625977 -20.30000114440918
      vertex 7.633577823638916 23.660608291625977 -24.690000534057617
    endloop
  endfacet
  facet normal -0.8968733494932566 0.44228745739478836 0
    outer loop
      vertex 7.633577823638916 23.660608291625977 -20.30000114440918
      vertex 7.431088924407959 23.25 -24.690000534057617
      vertex 7.431088924407959 23.25 -20.30000114440918
    endloop
  endfacet
  facet normal -0.5555709352218308 -0.8314691431055877 0
    outer loop
      vertex 6.150000095367432 28.031089782714844 -24.690000534057617
      vertex 6.530664920806885 27.776737213134766 -20.30000114440918
      vertex 6.150000095367432 28.031089782714844 -20.30000114440918
    endloop
  endfacet
  facet normal -0.5555709352218308 -0.8314691431055877 0
    outer loop
      vertex 6.530664920806885 27.776737213134766 -20.30000114440918
      vertex 6.150000095367432 28.031089782714844 -24.690000534057617
      vertex 6.530664920806885 27.776737213134766 -24.690000534057617
    endloop
  endfacet
  facet normal -0.6593478900372552 -0.7518379878028373 0
    outer loop
      vertex 6.530664920806885 27.776737213134766 -24.690000534057617
      vertex 6.874873638153076 27.474872589111328 -20.30000114440918
      vertex 6.530664920806885 27.776737213134766 -20.30000114440918
    endloop
  endfacet
  facet normal -0.6593478900372552 -0.7518379878028373 0
    outer loop
      vertex 6.874873638153076 27.474872589111328 -20.30000114440918
      vertex 6.530664920806885 27.776737213134766 -24.690000534057617
      vertex 6.874873638153076 27.474872589111328 -24.690000534057617
    endloop
  endfacet
  facet normal -0.8314691431055877 0.5555709352218308 0
    outer loop
      vertex 7.176736354827881 22.869335174560547 -24.690000534057617
      vertex 7.431088924407959 23.25 -20.30000114440918
      vertex 7.431088924407959 23.25 -24.690000534057617
    endloop
  endfacet
  facet normal -0.8314691431055877 0.5555709352218308 0
    outer loop
      vertex 7.431088924407959 23.25 -20.30000114440918
      vertex 7.176736354827881 22.869335174560547 -24.690000534057617
      vertex 7.176736354827881 22.869335174560547 -20.30000114440918
    endloop
  endfacet
  facet normal 0.9978588438551216 -0.06540434037676629 0
    outer loop
      vertex 0.8999999761581421 25 -20.30000114440918
      vertex 0.9299434423446655 25.45684051513672 -24.690000534057617
      vertex 0.9299434423446655 25.45684051513672 -20.30000114440918
    endloop
  endfacet
  facet normal 0.9978588438551216 -0.06540434037676629 0
    outer loop
      vertex 0.9299434423446655 25.45684051513672 -24.690000534057617
      vertex 0.8999999761581421 25 -20.30000114440918
      vertex 0.8999999761581421 25 -24.690000534057617
    endloop
  endfacet
  facet normal 0.4422857818103071 0.8968741757952703 0
    outer loop
      vertex 3.060608386993408 21.766422271728516 -24.690000534057617
      vertex 2.6500000953674316 21.968910217285156 -20.30000114440918
      vertex 3.060608386993408 21.766422271728516 -20.30000114440918
    endloop
  endfacet
  facet normal 0.4422857818103071 0.8968741757952703 0
    outer loop
      vertex 2.6500000953674316 21.968910217285156 -20.30000114440918
      vertex 3.060608386993408 21.766422271728516 -24.690000534057617
      vertex 2.6500000953674316 21.968910217285156 -24.690000534057617
    endloop
  endfacet
  facet normal 0.9807854801823622 -0.19508931765592227 0
    outer loop
      vertex 0.9299434423446655 25.45684051513672 -20.30000114440918
      vertex 1.0192598104476929 25.905866622924805 -24.690000534057617
      vertex 1.0192598104476929 25.905866622924805 -20.30000114440918
    endloop
  endfacet
  facet normal 0.9807854801823622 -0.19508931765592227 0
    outer loop
      vertex 1.0192598104476929 25.905866622924805 -24.690000534057617
      vertex 0.9299434423446655 25.45684051513672 -20.30000114440918
      vertex 0.9299434423446655 25.45684051513672 -24.690000534057617
    endloop
  endfacet
  facet normal -0.0654042044267184 0.997858852765915 0
    outer loop
      vertex 4.856841564178467 21.529943466186523 -24.690000534057617
      vertex 4.400000095367432 21.5 -20.30000114440918
      vertex 4.856841564178467 21.529943466186523 -20.30000114440918
    endloop
  endfacet
  facet normal -0.0654042044267184 0.997858852765915 0
    outer loop
      vertex 4.400000095367432 21.5 -20.30000114440918
      vertex 4.856841564178467 21.529943466186523 -24.690000534057617
      vertex 4.400000095367432 21.5 -24.690000534057617
    endloop
  endfacet
  facet normal 0.9978588438551216 0.06540434037676629 0
    outer loop
      vertex 0.9299434423446655 24.54315948486328 -20.30000114440918
      vertex 0.8999999761581421 25 -24.690000534057617
      vertex 0.8999999761581421 25 -20.30000114440918
    endloop
  endfacet
  facet normal 0.9978588438551216 0.06540434037676629 0
    outer loop
      vertex 0.8999999761581421 25 -24.690000534057617
      vertex 0.9299434423446655 24.54315948486328 -20.30000114440918
      vertex 0.9299434423446655 24.54315948486328 -24.690000534057617
    endloop
  endfacet
  facet normal 0.8968733494932566 -0.44228745739478836 0
    outer loop
      vertex 1.1664222478866577 26.339391708374023 -20.30000114440918
      vertex 1.3689111471176147 26.75 -24.690000534057617
      vertex 1.3689111471176147 26.75 -20.30000114440918
    endloop
  endfacet
  facet normal 0.8968733494932566 -0.44228745739478836 0
    outer loop
      vertex 1.3689111471176147 26.75 -24.690000534057617
      vertex 1.1664222478866577 26.339391708374023 -20.30000114440918
      vertex 1.1664222478866577 26.339391708374023 -24.690000534057617
    endloop
  endfacet
  facet normal 0 0 1
    outer loop
      vertex 6.584399700164795 25 -24.690000534057617
      vertex 7.900000095367432 25 -24.690000534057617
      vertex 7.870056629180908 25.45684051513672 -24.690000534057617
    endloop
  endfacet
  facet normal 0 0 1
    outer loop
      vertex 6.565711498260498 25.28512191772461 -24.690000534057617
      vertex 7.870056629180908 25.45684051513672 -24.690000534057617
      vertex 7.780740261077881 25.905866622924805 -24.690000534057617
    endloop
  endfacet
  facet normal 0 0 1
    outer loop
      vertex 7.900000095367432 25 -24.690000534057617
      vertex 6.584399700164795 25 -24.690000534057617
      vertex 7.870056629180908 24.54315948486328 -24.690000534057617
    endloop
  endfacet
  facet normal 0 0 1
    outer loop
      vertex 6.509968280792236 25.565364837646484 -24.690000534057617
      vertex 7.780740261077881 25.905866622924805 -24.690000534057617
      vertex 7.633577823638916 26.339391708374023 -24.690000534057617
    endloop
  endfacet
  facet normal 0 0 1
    outer loop
      vertex 6.565711498260498 24.71487808227539 -24.690000534057617
      vertex 7.870056629180908 24.54315948486328 -24.690000534057617
      vertex 6.584399700164795 25 -24.690000534057617
    endloop
  endfacet
  facet normal 0 0 1
    outer loop
      vertex 6.418121814727783 25.835933685302734 -24.690000534057617
      vertex 7.633577823638916 26.339391708374023 -24.690000534057617
      vertex 7.431088924407959 26.75 -24.690000534057617
    endloop
  endfacet
  facet normal 0 0 1
    outer loop
      vertex 7.870056629180908 24.54315948486328 -24.690000534057617
      vertex 6.565711498260498 24.71487808227539 -24.690000534057617
      vertex 7.780740261077881 24.094133377075195 -24.690000534057617
    endloop
  endfacet
  facet normal 0 0 1
    outer loop
      vertex 6.291745662689209 26.092199325561523 -24.690000534057617
      vertex 7.431088924407959 26.75 -24.690000534057617
      vertex 7.176736354827881 27.130664825439453 -24.690000534057617
    endloop
  endfacet
  facet normal 0 0 1
    outer loop
      vertex 6.509968280792236 24.434635162353516 -24.690000534057617
      vertex 7.780740261077881 24.094133377075195 -24.690000534057617
      vertex 6.565711498260498 24.71487808227539 -24.690000534057617
    endloop
  endfacet
  facet normal 0 0 1
    outer loop
      vertex 6.13300085067749 26.329776763916016 -24.690000534057617
      vertex 7.176736354827881 27.130664825439453 -24.690000534057617
      vertex 6.874873638153076 27.474872589111328 -24.690000534057617
    endloop
  endfacet
  facet normal 0 0 1
    outer loop
      vertex 7.780740261077881 24.094133377075195 -24.690000534057617
      vertex 6.509968280792236 24.434635162353516 -24.690000534057617
      vertex 7.633577823638916 23.660608291625977 -24.690000534057617
    endloop
  endfacet
  facet normal 0 0 1
    outer loop
      vertex 6.418121814727783 24.164066314697266 -24.690000534057617
      vertex 7.633577823638916 23.660608291625977 -24.690000534057617
      vertex 6.509968280792236 24.434635162353516 -24.690000534057617
    endloop
  endfacet
  facet normal 0 0 1
    outer loop
      vertex 7.870056629180908 25.45684051513672 -24.690000534057617
      vertex 6.565711498260498 25.28512191772461 -24.690000534057617
      vertex 6.584399700164795 25 -24.690000534057617
    endloop
  endfacet
  facet normal 0 0 1
    outer loop
      vertex 5.944603443145752 26.54460334777832 -24.690000534057617
      vertex 6.874873638153076 27.474872589111328 -24.690000534057617
      vertex 6.530664920806885 27.776737213134766 -24.690000534057617
    endloop
  endfacet
  facet normal 0 0 1
    outer loop
      vertex 7.780740261077881 25.905866622924805 -24.690000534057617
      vertex 6.509968280792236 25.565364837646484 -24.690000534057617
      vertex 6.565711498260498 25.28512191772461 -24.690000534057617
    endloop
  endfacet
  facet normal 0 0 1
    outer loop
      vertex 7.633577823638916 26.339391708374023 -24.690000534057617
      vertex 6.418121814727783 25.835933685302734 -24.690000534057617
      vertex 6.509968280792236 25.565364837646484 -24.690000534057617
    endloop
  endfacet
  facet normal 0 0 1
    outer loop
      vertex 7.431088924407959 26.75 -24.690000534057617
      vertex 6.291745662689209 26.092199325561523 -24.690000534057617
      vertex 6.418121814727783 25.835933685302734 -24.690000534057617
    endloop
  endfacet
  facet normal 0 0 1
    outer loop
      vertex 5.729777812957764 26.733001708984375 -24.690000534057617
      vertex 6.530664920806885 27.776737213134766 -24.690000534057617
      vertex 6.150000095367432 28.031089782714844 -24.690000534057617
    endloop
  endfacet
  facet normal 0 0 1
    outer loop
      vertex 7.176736354827881 27.130664825439453 -24.690000534057617
      vertex 6.13300085067749 26.329776763916016 -24.690000534057617
      vertex 6.291745662689209 26.092199325561523 -24.690000534057617
    endloop
  endfacet
  facet normal 0 0 1
    outer loop
      vertex 6.874873638153076 27.474872589111328 -24.690000534057617
      vertex 5.944603443145752 26.54460334777832 -24.690000534057617
      vertex 6.13300085067749 26.329776763916016 -24.690000534057617
    endloop
  endfacet
  facet normal 0 0 1
    outer loop
      vertex 5.492199420928955 26.891746520996094 -24.690000534057617
      vertex 6.150000095367432 28.031089782714844 -24.690000534057617
      vertex 5.739391803741455 28.233577728271484 -24.690000534057617
    endloop
  endfacet
  facet normal 0 0 1
    outer loop
      vertex 6.530664920806885 27.776737213134766 -24.690000534057617
      vertex 5.729777812957764 26.733001708984375 -24.690000534057617
      vertex 5.944603443145752 26.54460334777832 -24.690000534057617
    endloop
  endfacet
  facet normal 0 0 1
    outer loop
      vertex 6.150000095367432 28.031089782714844 -24.690000534057617
      vertex 5.492199420928955 26.891746520996094 -24.690000534057617
      vertex 5.729777812957764 26.733001708984375 -24.690000534057617
    endloop
  endfacet
  facet normal 0 0 1
    outer loop
      vertex 5.235933780670166 27.01812171936035 -24.690000534057617
      vertex 5.739391803741455 28.233577728271484 -24.690000534057617
      vertex 5.305866718292236 28.380741119384766 -24.690000534057617
    endloop
  endfacet
  facet normal 0 0 1
    outer loop
      vertex 5.739391803741455 28.233577728271484 -24.690000534057617
      vertex 5.235933780670166 27.01812171936035 -24.690000534057617
      vertex 5.492199420928955 26.891746520996094 -24.690000534057617
    endloop
  endfacet
  facet normal 0 0 1
    outer loop
      vertex 5.305866718292236 28.380741119384766 -24.690000534057617
      vertex 4.9653639793396 27.109968185424805 -24.690000534057617
      vertex 5.235933780670166 27.01812171936035 -24.690000534057617
    endloop
  endfacet
  facet normal 0 0 1
    outer loop
      vertex 4.856841564178467 28.470056533813477 -24.690000534057617
      vertex 4.9653639793396 27.109968185424805 -24.690000534057617
      vertex 5.305866718292236 28.380741119384766 -24.690000534057617
    endloop
  endfacet
  facet normal 0 0 1
    outer loop
      vertex 4.856841564178467 28.470056533813477 -24.690000534057617
      vertex 4.685121059417725 27.16571044921875 -24.690000534057617
      vertex 4.9653639793396 27.109968185424805 -24.690000534057617
    endloop
  endfacet
  facet normal 0 0 1
    outer loop
      vertex 4.400000095367432 28.5 -24.690000534057617
      vertex 4.685121059417725 27.16571044921875 -24.690000534057617
      vertex 4.856841564178467 28.470056533813477 -24.690000534057617
    endloop
  endfacet
  facet normal 0 0 1
    outer loop
      vertex 4.400000095367432 28.5 -24.690000534057617
      vertex 4.400000095367432 27.184398651123047 -24.690000534057617
      vertex 4.685121059417725 27.16571044921875 -24.690000534057617
    endloop
  endfacet
  facet normal 0 0 1
    outer loop
      vertex 4.400000095367432 28.5 -24.690000534057617
      vertex 4.114879131317139 27.16571044921875 -24.690000534057617
      vertex 4.400000095367432 27.184398651123047 -24.690000534057617
    endloop
  endfacet
  facet normal 0 0 1
    outer loop
      vertex 3.9431586265563965 28.470056533813477 -24.690000534057617
      vertex 4.114879131317139 27.16571044921875 -24.690000534057617
      vertex 4.400000095367432 28.5 -24.690000534057617
    endloop
  endfacet
  facet normal 0 0 1
    outer loop
      vertex 3.9431586265563965 28.470056533813477 -24.690000534057617
      vertex 3.8346362113952637 27.109968185424805 -24.690000534057617
      vertex 4.114879131317139 27.16571044921875 -24.690000534057617
    endloop
  endfacet
  facet normal 0 0 1
    outer loop
      vertex 3.494133472442627 28.380741119384766 -24.690000534057617
      vertex 3.8346362113952637 27.109968185424805 -24.690000534057617
      vertex 3.9431586265563965 28.470056533813477 -24.690000534057617
    endloop
  endfacet
  facet normal 0 0 1
    outer loop
      vertex 3.8346362113952637 27.109968185424805 -24.690000534057617
      vertex 3.494133472442627 28.380741119384766 -24.690000534057617
      vertex 3.5640664100646973 27.01812171936035 -24.690000534057617
    endloop
  endfacet
  facet normal 0 0 1
    outer loop
      vertex 3.060608386993408 28.233577728271484 -24.690000534057617
      vertex 3.5640664100646973 27.01812171936035 -24.690000534057617
      vertex 3.494133472442627 28.380741119384766 -24.690000534057617
    endloop
  endfacet
  facet normal 0 0 1
    outer loop
      vertex 3.5640664100646973 27.01812171936035 -24.690000534057617
      vertex 3.060608386993408 28.233577728271484 -24.690000534057617
      vertex 3.307800769805908 26.891746520996094 -24.690000534057617
    endloop
  endfacet
  facet normal 0 0 1
    outer loop
      vertex 2.6500000953674316 28.031089782714844 -24.690000534057617
      vertex 3.307800769805908 26.891746520996094 -24.690000534057617
      vertex 3.060608386993408 28.233577728271484 -24.690000534057617
    endloop
  endfacet
  facet normal 0 0 1
    outer loop
      vertex 3.307800769805908 26.891746520996094 -24.690000534057617
      vertex 2.6500000953674316 28.031089782714844 -24.690000534057617
      vertex 3.0702223777770996 26.733001708984375 -24.690000534057617
    endloop
  endfacet
  facet normal 0 0 1
    outer loop
      vertex 2.2693352699279785 27.776737213134766 -24.690000534057617
      vertex 3.0702223777770996 26.733001708984375 -24.690000534057617
      vertex 2.6500000953674316 28.031089782714844 -24.690000534057617
    endloop
  endfacet
  facet normal 0 0 1
    outer loop
      vertex 3.0702223777770996 26.733001708984375 -24.690000534057617
      vertex 2.2693352699279785 27.776737213134766 -24.690000534057617
      vertex 2.8553967475891113 26.54460334777832 -24.690000534057617
    endloop
  endfacet
  facet normal 0 0 1
    outer loop
      vertex 1.9251264333724976 27.474872589111328 -24.690000534057617
      vertex 2.8553967475891113 26.54460334777832 -24.690000534057617
      vertex 2.2693352699279785 27.776737213134766 -24.690000534057617
    endloop
  endfacet
  facet normal 0 0 1
    outer loop
      vertex 2.8553967475891113 26.54460334777832 -24.690000534057617
      vertex 1.9251264333724976 27.474872589111328 -24.690000534057617
      vertex 2.666999340057373 26.329776763916016 -24.690000534057617
    endloop
  endfacet
  facet normal 0 0 1
    outer loop
      vertex 1.6232637166976929 27.130664825439453 -24.690000534057617
      vertex 2.666999340057373 26.329776763916016 -24.690000534057617
      vertex 1.9251264333724976 27.474872589111328 -24.690000534057617
    endloop
  endfacet
  facet normal 0 0 1
    outer loop
      vertex 2.666999340057373 26.329776763916016 -24.690000534057617
      vertex 1.6232637166976929 27.130664825439453 -24.690000534057617
      vertex 2.5082545280456543 26.092199325561523 -24.690000534057617
    endloop
  endfacet
  facet normal 0 0 1
    outer loop
      vertex 1.3689111471176147 26.75 -24.690000534057617
      vertex 2.5082545280456543 26.092199325561523 -24.690000534057617
      vertex 1.6232637166976929 27.130664825439453 -24.690000534057617
    endloop
  endfacet
  facet normal 0 0 1
    outer loop
      vertex 2.5082545280456543 26.092199325561523 -24.690000534057617
      vertex 1.3689111471176147 26.75 -24.690000534057617
      vertex 2.38187837600708 25.835933685302734 -24.690000534057617
    endloop
  endfacet
  facet normal 0 0 1
    outer loop
      vertex 1.1664222478866577 26.339391708374023 -24.690000534057617
      vertex 2.38187837600708 25.835933685302734 -24.690000534057617
      vertex 1.3689111471176147 26.75 -24.690000534057617
    endloop
  endfacet
  facet normal 0 0 1
    outer loop
      vertex 7.633577823638916 23.660608291625977 -24.690000534057617
      vertex 6.418121814727783 24.164066314697266 -24.690000534057617
      vertex 7.431088924407959 23.25 -24.690000534057617
    endloop
  endfacet
  facet normal 0 0 1
    outer loop
      vertex 6.291745662689209 23.907800674438477 -24.690000534057617
      vertex 7.431088924407959 23.25 -24.690000534057617
      vertex 6.418121814727783 24.164066314697266 -24.690000534057617
    endloop
  endfacet
  facet normal 0 0 1
    outer loop
      vertex 7.431088924407959 23.25 -24.690000534057617
      vertex 6.291745662689209 23.907800674438477 -24.690000534057617
      vertex 7.176736354827881 22.869335174560547 -24.690000534057617
    endloop
  endfacet
  facet normal 0 0 1
    outer loop
      vertex 6.13300085067749 23.670223236083984 -24.690000534057617
      vertex 7.176736354827881 22.869335174560547 -24.690000534057617
      vertex 6.291745662689209 23.907800674438477 -24.690000534057617
    endloop
  endfacet
  facet normal 0 0 1
    outer loop
      vertex 7.176736354827881 22.869335174560547 -24.690000534057617
      vertex 6.13300085067749 23.670223236083984 -24.690000534057617
      vertex 6.874873638153076 22.525127410888672 -24.690000534057617
    endloop
  endfacet
  facet normal 0 0 1
    outer loop
      vertex 5.944603443145752 23.45539665222168 -24.690000534057617
      vertex 6.874873638153076 22.525127410888672 -24.690000534057617
      vertex 6.13300085067749 23.670223236083984 -24.690000534057617
    endloop
  endfacet
  facet normal 0 0 1
    outer loop
      vertex 6.874873638153076 22.525127410888672 -24.690000534057617
      vertex 5.944603443145752 23.45539665222168 -24.690000534057617
      vertex 6.530664920806885 22.223262786865234 -24.690000534057617
    endloop
  endfacet
  facet normal 0 0 1
    outer loop
      vertex 5.729777812957764 23.266998291015625 -24.690000534057617
      vertex 6.530664920806885 22.223262786865234 -24.690000534057617
      vertex 5.944603443145752 23.45539665222168 -24.690000534057617
    endloop
  endfacet
  facet normal 0 0 1
    outer loop
      vertex 6.530664920806885 22.223262786865234 -24.690000534057617
      vertex 5.729777812957764 23.266998291015625 -24.690000534057617
      vertex 6.150000095367432 21.968910217285156 -24.690000534057617
    endloop
  endfacet
  facet normal 0 0 1
    outer loop
      vertex 5.492199420928955 23.108253479003906 -24.690000534057617
      vertex 6.150000095367432 21.968910217285156 -24.690000534057617
      vertex 5.729777812957764 23.266998291015625 -24.690000534057617
    endloop
  endfacet
  facet normal 0 0 1
    outer loop
      vertex 6.150000095367432 21.968910217285156 -24.690000534057617
      vertex 5.492199420928955 23.108253479003906 -24.690000534057617
      vertex 5.739391803741455 21.766422271728516 -24.690000534057617
    endloop
  endfacet
  facet normal 0 0 1
    outer loop
      vertex 5.235933780670166 22.98187828063965 -24.690000534057617
      vertex 5.739391803741455 21.766422271728516 -24.690000534057617
      vertex 5.492199420928955 23.108253479003906 -24.690000534057617
    endloop
  endfacet
  facet normal 0 0 1
    outer loop
      vertex 5.739391803741455 21.766422271728516 -24.690000534057617
      vertex 5.235933780670166 22.98187828063965 -24.690000534057617
      vertex 5.305866718292236 21.619258880615234 -24.690000534057617
    endloop
  endfacet
  facet normal 0 0 1
    outer loop
      vertex 4.9653639793396 22.890031814575195 -24.690000534057617
      vertex 5.305866718292236 21.619258880615234 -24.690000534057617
      vertex 5.235933780670166 22.98187828063965 -24.690000534057617
    endloop
  endfacet
  facet normal 0 0 1
    outer loop
      vertex 4.9653639793396 22.890031814575195 -24.690000534057617
      vertex 4.856841564178467 21.529943466186523 -24.690000534057617
      vertex 5.305866718292236 21.619258880615234 -24.690000534057617
    endloop
  endfacet
  facet normal 0 0 1
    outer loop
      vertex 4.685121059417725 22.83428955078125 -24.690000534057617
      vertex 4.856841564178467 21.529943466186523 -24.690000534057617
      vertex 4.9653639793396 22.890031814575195 -24.690000534057617
    endloop
  endfacet
  facet normal 0 0 1
    outer loop
      vertex 4.400000095367432 22.815601348876953 -24.690000534057617
      vertex 4.856841564178467 21.529943466186523 -24.690000534057617
      vertex 4.685121059417725 22.83428955078125 -24.690000534057617
    endloop
  endfacet
  facet normal 0 0 1
    outer loop
      vertex 4.400000095367432 22.815601348876953 -24.690000534057617
      vertex 4.400000095367432 21.5 -24.690000534057617
      vertex 4.856841564178467 21.529943466186523 -24.690000534057617
    endloop
  endfacet
  facet normal 0 0 1
    outer loop
      vertex 4.114879131317139 22.83428955078125 -24.690000534057617
      vertex 4.400000095367432 21.5 -24.690000534057617
      vertex 4.400000095367432 22.815601348876953 -24.690000534057617
    endloop
  endfacet
  facet normal 0 0 1
    outer loop
      vertex 4.114879131317139 22.83428955078125 -24.690000534057617
      vertex 3.9431586265563965 21.529943466186523 -24.690000534057617
      vertex 4.400000095367432 21.5 -24.690000534057617
    endloop
  endfacet
  facet normal 0 0 1
    outer loop
      vertex 3.8346362113952637 22.890031814575195 -24.690000534057617
      vertex 3.9431586265563965 21.529943466186523 -24.690000534057617
      vertex 4.114879131317139 22.83428955078125 -24.690000534057617
    endloop
  endfacet
  facet normal 0 0 1
    outer loop
      vertex 3.494133472442627 21.619258880615234 -24.690000534057617
      vertex 3.8346362113952637 22.890031814575195 -24.690000534057617
      vertex 3.5640664100646973 22.98187828063965 -24.690000534057617
    endloop
  endfacet
  facet normal 0 0 1
    outer loop
      vertex 3.8346362113952637 22.890031814575195 -24.690000534057617
      vertex 3.494133472442627 21.619258880615234 -24.690000534057617
      vertex 3.9431586265563965 21.529943466186523 -24.690000534057617
    endloop
  endfacet
  facet normal 0 0 1
    outer loop
      vertex 3.060608386993408 21.766422271728516 -24.690000534057617
      vertex 3.5640664100646973 22.98187828063965 -24.690000534057617
      vertex 3.307800769805908 23.108253479003906 -24.690000534057617
    endloop
  endfacet
  facet normal 0 0 1
    outer loop
      vertex 2.6500000953674316 21.968910217285156 -24.690000534057617
      vertex 3.307800769805908 23.108253479003906 -24.690000534057617
      vertex 3.0702223777770996 23.266998291015625 -24.690000534057617
    endloop
  endfacet
  facet normal 0 0 1
    outer loop
      vertex 3.5640664100646973 22.98187828063965 -24.690000534057617
      vertex 3.060608386993408 21.766422271728516 -24.690000534057617
      vertex 3.494133472442627 21.619258880615234 -24.690000534057617
    endloop
  endfacet
  facet normal 0 0 1
    outer loop
      vertex 2.2693352699279785 22.223262786865234 -24.690000534057617
      vertex 3.0702223777770996 23.266998291015625 -24.690000534057617
      vertex 2.8553967475891113 23.45539665222168 -24.690000534057617
    endloop
  endfacet
  facet normal 0 0 1
    outer loop
      vertex 1.9251264333724976 22.525127410888672 -24.690000534057617
      vertex 2.8553967475891113 23.45539665222168 -24.690000534057617
      vertex 2.666999340057373 23.670223236083984 -24.690000534057617
    endloop
  endfacet
  facet normal 0 0 1
    outer loop
      vertex 3.307800769805908 23.108253479003906 -24.690000534057617
      vertex 2.6500000953674316 21.968910217285156 -24.690000534057617
      vertex 3.060608386993408 21.766422271728516 -24.690000534057617
    endloop
  endfacet
  facet normal 0 0 1
    outer loop
      vertex 1.6232637166976929 22.869335174560547 -24.690000534057617
      vertex 2.666999340057373 23.670223236083984 -24.690000534057617
      vertex 2.5082545280456543 23.907800674438477 -24.690000534057617
    endloop
  endfacet
  facet normal 0 0 1
    outer loop
      vertex 1.3689111471176147 23.25 -24.690000534057617
      vertex 2.5082545280456543 23.907800674438477 -24.690000534057617
      vertex 2.38187837600708 24.164066314697266 -24.690000534057617
    endloop
  endfacet
  facet normal 0 0 1
    outer loop
      vertex 1.1664222478866577 23.660608291625977 -24.690000534057617
      vertex 2.38187837600708 24.164066314697266 -24.690000534057617
      vertex 2.290031909942627 24.434635162353516 -24.690000534057617
    endloop
  endfacet
  facet normal 0 0 1
    outer loop
      vertex 3.0702223777770996 23.266998291015625 -24.690000534057617
      vertex 2.2693352699279785 22.223262786865234 -24.690000534057617
      vertex 2.6500000953674316 21.968910217285156 -24.690000534057617
    endloop
  endfacet
  facet normal 0 0 1
    outer loop
      vertex 1.0192598104476929 24.094133377075195 -24.690000534057617
      vertex 2.290031909942627 24.434635162353516 -24.690000534057617
      vertex 2.2342886924743652 24.71487808227539 -24.690000534057617
    endloop
  endfacet
  facet normal 0 0 1
    outer loop
      vertex 0.9299434423446655 24.54315948486328 -24.690000534057617
      vertex 2.2342886924743652 24.71487808227539 -24.690000534057617
      vertex 2.2156004905700684 25 -24.690000534057617
    endloop
  endfacet
  facet normal 0 0 1
    outer loop
      vertex 2.38187837600708 25.835933685302734 -24.690000534057617
      vertex 1.1664222478866577 26.339391708374023 -24.690000534057617
      vertex 2.290031909942627 25.565364837646484 -24.690000534057617
    endloop
  endfacet
  facet normal 0 0 1
    outer loop
      vertex 2.8553967475891113 23.45539665222168 -24.690000534057617
      vertex 1.9251264333724976 22.525127410888672 -24.690000534057617
      vertex 2.2693352699279785 22.223262786865234 -24.690000534057617
    endloop
  endfacet
  facet normal 0 0 1
    outer loop
      vertex 1.0192598104476929 25.905866622924805 -24.690000534057617
      vertex 2.290031909942627 25.565364837646484 -24.690000534057617
      vertex 1.1664222478866577 26.339391708374023 -24.690000534057617
    endloop
  endfacet
  facet normal 0 0 1
    outer loop
      vertex 2.666999340057373 23.670223236083984 -24.690000534057617
      vertex 1.6232637166976929 22.869335174560547 -24.690000534057617
      vertex 1.9251264333724976 22.525127410888672 -24.690000534057617
    endloop
  endfacet
  facet normal 0 0 1
    outer loop
      vertex 2.290031909942627 25.565364837646484 -24.690000534057617
      vertex 1.0192598104476929 25.905866622924805 -24.690000534057617
      vertex 2.2342886924743652 25.28512191772461 -24.690000534057617
    endloop
  endfacet
  facet normal 0 0 1
    outer loop
      vertex 2.5082545280456543 23.907800674438477 -24.690000534057617
      vertex 1.3689111471176147 23.25 -24.690000534057617
      vertex 1.6232637166976929 22.869335174560547 -24.690000534057617
    endloop
  endfacet
  facet normal 0 0 1
    outer loop
      vertex 0.9299434423446655 25.45684051513672 -24.690000534057617
      vertex 2.2342886924743652 25.28512191772461 -24.690000534057617
      vertex 1.0192598104476929 25.905866622924805 -24.690000534057617
    endloop
  endfacet
  facet normal 0 0 1
    outer loop
      vertex 2.38187837600708 24.164066314697266 -24.690000534057617
      vertex 1.1664222478866577 23.660608291625977 -24.690000534057617
      vertex 1.3689111471176147 23.25 -24.690000534057617
    endloop
  endfacet
  facet normal 0 0 1
    outer loop
      vertex 2.2342886924743652 25.28512191772461 -24.690000534057617
      vertex 0.9299434423446655 25.45684051513672 -24.690000534057617
      vertex 2.2156004905700684 25 -24.690000534057617
    endloop
  endfacet
  facet normal 0 0 1
    outer loop
      vertex 2.290031909942627 24.434635162353516 -24.690000534057617
      vertex 1.0192598104476929 24.094133377075195 -24.690000534057617
      vertex 1.1664222478866577 23.660608291625977 -24.690000534057617
    endloop
  endfacet
  facet normal 0 0 1
    outer loop
      vertex 0.8999999761581421 25 -24.690000534057617
      vertex 2.2156004905700684 25 -24.690000534057617
      vertex 0.9299434423446655 25.45684051513672 -24.690000534057617
    endloop
  endfacet
  facet normal 0 0 1
    outer loop
      vertex 2.2342886924743652 24.71487808227539 -24.690000534057617
      vertex 0.9299434423446655 24.54315948486328 -24.690000534057617
      vertex 1.0192598104476929 24.094133377075195 -24.690000534057617
    endloop
  endfacet
  facet normal 0 0 1
    outer loop
      vertex 2.2156004905700684 25 -24.690000534057617
      vertex 0.8999999761581421 25 -24.690000534057617
      vertex 0.9299434423446655 24.54315948486328 -24.690000534057617
    endloop
  endfacet
  facet normal 0.8314691431055877 -0.5555709352218308 0
    outer loop
      vertex 1.3689111471176147 26.75 -20.30000114440918
      vertex 1.6232637166976929 27.130664825439453 -24.690000534057617
      vertex 1.6232637166976929 27.130664825439453 -20.30000114440918
    endloop
  endfacet
  facet normal 0.8314691431055877 -0.5555709352218308 0
    outer loop
      vertex 1.6232637166976929 27.130664825439453 -24.690000534057617
      vertex 1.3689111471176147 26.75 -20.30000114440918
      vertex 1.3689111471176147 26.75 -24.690000534057617
    endloop
  endfacet
  facet normal 0.6593477609595209 0.7518381010015829 0
    outer loop
      vertex 2.2693352699279785 22.223262786865234 -24.690000534057617
      vertex 1.9251264333724976 22.525127410888672 -20.30000114440918
      vertex 2.2693352699279785 22.223262786865234 -20.30000114440918
    endloop
  endfacet
  facet normal 0.6593477609595209 0.7518381010015829 0
    outer loop
      vertex 1.9251264333724976 22.525127410888672 -20.30000114440918
      vertex 2.2693352699279785 22.223262786865234 -24.690000534057617
      vertex 1.9251264333724976 22.525127410888672 -24.690000534057617
    endloop
  endfacet
  facet normal 0.6593477609595209 -0.7518381010015829 0
    outer loop
      vertex 1.9251264333724976 27.474872589111328 -24.690000534057617
      vertex 2.2693352699279785 27.776737213134766 -20.30000114440918
      vertex 1.9251264333724976 27.474872589111328 -20.30000114440918
    endloop
  endfacet
  facet normal 0.6593477609595209 -0.7518381010015829 0
    outer loop
      vertex 2.2693352699279785 27.776737213134766 -20.30000114440918
      vertex 1.9251264333724976 27.474872589111328 -24.690000534057617
      vertex 2.2693352699279785 27.776737213134766 -24.690000534057617
    endloop
  endfacet
  facet normal 0.3214423141074636 0.9469291624515735 0
    outer loop
      vertex 3.494133472442627 21.619258880615234 -24.690000534057617
      vertex 3.060608386993408 21.766422271728516 -20.30000114440918
      vertex 3.494133472442627 21.619258880615234 -20.30000114440918
    endloop
  endfacet
  facet normal 0.3214423141074636 0.9469291624515735 0
    outer loop
      vertex 3.060608386993408 21.766422271728516 -20.30000114440918
      vertex 3.494133472442627 21.619258880615234 -24.690000534057617
      vertex 3.060608386993408 21.766422271728516 -24.690000534057617
    endloop
  endfacet
  facet normal 0.9807854801823622 0.19508931765592227 0
    outer loop
      vertex 1.0192598104476929 24.094133377075195 -20.30000114440918
      vertex 0.9299434423446655 24.54315948486328 -24.690000534057617
      vertex 0.9299434423446655 24.54315948486328 -20.30000114440918
    endloop
  endfacet
  facet normal 0.9807854801823622 0.19508931765592227 0
    outer loop
      vertex 0.9299434423446655 24.54315948486328 -24.690000534057617
      vertex 1.0192598104476929 24.094133377075195 -20.30000114440918
      vertex 1.0192598104476929 24.094133377075195 -24.690000534057617
    endloop
  endfacet
endsolid OpenSCAD_Model
