solid OpenSCAD_Model
  facet normal 1 0 0
    outer loop
      vertex 12 -33 -6.9850006103515625
      vertex 12 18 -12.0649995803833
      vertex 12 18 -6.9850006103515625
    endloop
  endfacet
  facet normal 1 0 0
    outer loop
      vertex 12 18 -12.0649995803833
      vertex 12 -33 -6.9850006103515625
      vertex 12 -33 -12.0649995803833
    endloop
  endfacet
  facet normal 0 0 1
    outer loop
      vertex 0 -28.492450714111328 -6.9850006103515625
      vertex -14.67986011505127 -4.229100227355957 -6.9850006103515625
      vertex -0.08492660522460938 -28.4951171875 -6.9850006103515625
    endloop
  endfacet
  facet normal 0 0 1
    outer loop
      vertex -0.25344181060791016 -28.516407012939453 -6.9850006103515625
      vertex -14.507834434509277 -23.17626953125 -6.9850006103515625
      vertex -14.496100425720215 -23.355300903320312 -6.9850006103515625
    endloop
  endfacet
  facet normal 0 0 1
    outer loop
      vertex -0.08492660522460938 -28.4951171875 -6.9850006103515625
      vertex -14.67986011505127 -4.229100227355957 -6.9850006103515625
      vertex -0.16951942443847656 -28.503114700317383 -6.9850006103515625
    endloop
  endfacet
  facet normal 0 0 1
    outer loop
      vertex -0.25344181060791016 -28.516407012939453 -6.9850006103515625
      vertex -14.54283618927002 -23.000303268432617 -6.9850006103515625
      vertex -14.507834434509277 -23.17626953125 -6.9850006103515625
    endloop
  endfacet
  facet normal 0 0 1
    outer loop
      vertex -14.779537200927734 -4.378277778625488 -6.9850006103515625
      vertex -0.16951942443847656 -28.503114700317383 -6.9850006103515625
      vertex -14.67986011505127 -4.229100227355957 -6.9850006103515625
    endloop
  endfacet
  facet normal 0 0 1
    outer loop
      vertex -0.25344181060791016 -28.516407012939453 -6.9850006103515625
      vertex -14.600507736206055 -22.830411911010742 -6.9850006103515625
      vertex -14.54283618927002 -23.000303268432617 -6.9850006103515625
    endloop
  endfacet
  facet normal 0 0 1
    outer loop
      vertex -0.16951942443847656 -28.503114700317383 -6.9850006103515625
      vertex -14.779537200927734 -4.378277778625488 -6.9850006103515625
      vertex -0.25344181060791016 -28.516407012939453 -6.9850006103515625
    endloop
  endfacet
  facet normal 0 0 1
    outer loop
      vertex -0.25344181060791016 -28.516407012939453 -6.9850006103515625
      vertex -14.67986011505127 -22.66950035095215 -6.9850006103515625
      vertex -14.600507736206055 -22.830411911010742 -6.9850006103515625
    endloop
  endfacet
  facet normal 0 0 1
    outer loop
      vertex -14.779537200927734 -22.520322799682617 -6.9850006103515625
      vertex -0.25344181060791016 -28.516407012939453 -6.9850006103515625
      vertex -14.779537200927734 -4.378277778625488 -6.9850006103515625
    endloop
  endfacet
  facet normal 0 0 1
    outer loop
      vertex -0.25344181060791016 -28.516407012939453 -6.9850006103515625
      vertex -14.779537200927734 -22.520322799682617 -6.9850006103515625
      vertex -14.67986011505127 -22.66950035095215 -6.9850006103515625
    endloop
  endfacet
  facet normal 0 0 1
    outer loop
      vertex -14.897832870483398 -4.5131683349609375 -6.9850006103515625
      vertex -14.779537200927734 -22.520322799682617 -6.9850006103515625
      vertex -14.779537200927734 -4.378277778625488 -6.9850006103515625
    endloop
  endfacet
  facet normal 0 0 1
    outer loop
      vertex -14.897832870483398 -4.5131683349609375 -6.9850006103515625
      vertex -14.897832870483398 -22.385433197021484 -6.9850006103515625
      vertex -14.779537200927734 -22.520322799682617 -6.9850006103515625
    endloop
  endfacet
  facet normal 0 0 1
    outer loop
      vertex -15.032723426818848 -4.631464004516602 -6.9850006103515625
      vertex -14.897832870483398 -22.385433197021484 -6.9850006103515625
      vertex -14.897832870483398 -4.5131683349609375 -6.9850006103515625
    endloop
  endfacet
  facet normal 0 0 1
    outer loop
      vertex -15.032723426818848 -4.631464004516602 -6.9850006103515625
      vertex -15.032723426818848 -22.267135620117188 -6.9850006103515625
      vertex -14.897832870483398 -22.385433197021484 -6.9850006103515625
    endloop
  endfacet
  facet normal 0 0 1
    outer loop
      vertex -15.181900024414062 -4.731141090393066 -6.9850006103515625
      vertex -15.032723426818848 -22.267135620117188 -6.9850006103515625
      vertex -15.032723426818848 -4.631464004516602 -6.9850006103515625
    endloop
  endfacet
  facet normal 0 0 1
    outer loop
      vertex -15.181900024414062 -4.731141090393066 -6.9850006103515625
      vertex -15.181900024414062 -22.16745948791504 -6.9850006103515625
      vertex -15.032723426818848 -22.267135620117188 -6.9850006103515625
    endloop
  endfacet
  facet normal 0 0 1
    outer loop
      vertex -15.342811584472656 -4.810493469238281 -6.9850006103515625
      vertex -15.181900024414062 -22.16745948791504 -6.9850006103515625
      vertex -15.181900024414062 -4.731141090393066 -6.9850006103515625
    endloop
  endfacet
  facet normal 0 0 1
    outer loop
      vertex -15.342811584472656 -4.810493469238281 -6.9850006103515625
      vertex -15.342811584472656 -22.088106155395508 -6.9850006103515625
      vertex -15.181900024414062 -22.16745948791504 -6.9850006103515625
    endloop
  endfacet
  facet normal 0 0 1
    outer loop
      vertex -15.512703895568848 -4.8681640625 -6.9850006103515625
      vertex -15.342811584472656 -22.088106155395508 -6.9850006103515625
      vertex -15.342811584472656 -4.810493469238281 -6.9850006103515625
    endloop
  endfacet
  facet normal 0 0 1
    outer loop
      vertex -15.512703895568848 -4.8681640625 -6.9850006103515625
      vertex -15.512703895568848 -22.03043556213379 -6.9850006103515625
      vertex -15.342811584472656 -22.088106155395508 -6.9850006103515625
    endloop
  endfacet
  facet normal 0 0 1
    outer loop
      vertex -15.688671112060547 -4.903165817260742 -6.9850006103515625
      vertex -15.512703895568848 -22.03043556213379 -6.9850006103515625
      vertex -15.512703895568848 -4.8681640625 -6.9850006103515625
    endloop
  endfacet
  facet normal 0 0 1
    outer loop
      vertex -15.688671112060547 -4.903165817260742 -6.9850006103515625
      vertex -15.688671112060547 -21.995433807373047 -6.9850006103515625
      vertex -15.512703895568848 -22.03043556213379 -6.9850006103515625
    endloop
  endfacet
  facet normal 0 0 1
    outer loop
      vertex -15.867700576782227 -4.914900779724121 -6.9850006103515625
      vertex -15.688671112060547 -21.995433807373047 -6.9850006103515625
      vertex -15.688671112060547 -4.903165817260742 -6.9850006103515625
    endloop
  endfacet
  facet normal 0 0 1
    outer loop
      vertex -15.867700576782227 -4.914900779724121 -6.9850006103515625
      vertex -15.867700576782227 -21.983699798583984 -6.9850006103515625
      vertex -15.688671112060547 -21.995433807373047 -6.9850006103515625
    endloop
  endfacet
  facet normal 0 0 1
    outer loop
      vertex -16.046730041503906 -4.903165817260742 -6.9850006103515625
      vertex -15.867700576782227 -21.983699798583984 -6.9850006103515625
      vertex -15.867700576782227 -4.914900779724121 -6.9850006103515625
    endloop
  endfacet
  facet normal 0 0 1
    outer loop
      vertex -16.046730041503906 -4.903165817260742 -6.9850006103515625
      vertex -16.046730041503906 -21.995433807373047 -6.9850006103515625
      vertex -15.867700576782227 -21.983699798583984 -6.9850006103515625
    endloop
  endfacet
  facet normal 0 0 1
    outer loop
      vertex -16.22269630432129 -4.8681640625 -6.9850006103515625
      vertex -16.046730041503906 -21.995433807373047 -6.9850006103515625
      vertex -16.046730041503906 -4.903165817260742 -6.9850006103515625
    endloop
  endfacet
  facet normal 0 0 1
    outer loop
      vertex -16.22269630432129 -4.8681640625 -6.9850006103515625
      vertex -16.22269630432129 -22.03043556213379 -6.9850006103515625
      vertex -16.046730041503906 -21.995433807373047 -6.9850006103515625
    endloop
  endfacet
  facet normal 0 0 1
    outer loop
      vertex -16.392589569091797 -4.810493469238281 -6.9850006103515625
      vertex -16.22269630432129 -22.03043556213379 -6.9850006103515625
      vertex -16.22269630432129 -4.8681640625 -6.9850006103515625
    endloop
  endfacet
  facet normal 0 0 1
    outer loop
      vertex -16.392589569091797 -4.810493469238281 -6.9850006103515625
      vertex -16.392589569091797 -22.088106155395508 -6.9850006103515625
      vertex -16.22269630432129 -22.03043556213379 -6.9850006103515625
    endloop
  endfacet
  facet normal 0 0 1
    outer loop
      vertex -16.55350112915039 -4.731141090393066 -6.9850006103515625
      vertex -16.392589569091797 -22.088106155395508 -6.9850006103515625
      vertex -16.392589569091797 -4.810493469238281 -6.9850006103515625
    endloop
  endfacet
  facet normal 0 0 1
    outer loop
      vertex -16.55350112915039 -4.731141090393066 -6.9850006103515625
      vertex -16.55350112915039 -22.16745948791504 -6.9850006103515625
      vertex -16.392589569091797 -22.088106155395508 -6.9850006103515625
    endloop
  endfacet
  facet normal 0 0 1
    outer loop
      vertex -16.702678680419922 -4.631464004516602 -6.9850006103515625
      vertex -16.55350112915039 -22.16745948791504 -6.9850006103515625
      vertex -16.55350112915039 -4.731141090393066 -6.9850006103515625
    endloop
  endfacet
  facet normal 0 0 1
    outer loop
      vertex -16.702678680419922 -4.631464004516602 -6.9850006103515625
      vertex -16.702678680419922 -22.267135620117188 -6.9850006103515625
      vertex -16.55350112915039 -22.16745948791504 -6.9850006103515625
    endloop
  endfacet
  facet normal 0 0 1
    outer loop
      vertex -16.837568283081055 -4.5131683349609375 -6.9850006103515625
      vertex -16.702678680419922 -22.267135620117188 -6.9850006103515625
      vertex -16.702678680419922 -4.631464004516602 -6.9850006103515625
    endloop
  endfacet
  facet normal 0 0 1
    outer loop
      vertex -16.837568283081055 -4.5131683349609375 -6.9850006103515625
      vertex -16.837568283081055 -22.385433197021484 -6.9850006103515625
      vertex -16.702678680419922 -22.267135620117188 -6.9850006103515625
    endloop
  endfacet
  facet normal 0 0 1
    outer loop
      vertex -16.95586395263672 -4.378277778625488 -6.9850006103515625
      vertex -16.837568283081055 -22.385433197021484 -6.9850006103515625
      vertex -16.837568283081055 -4.5131683349609375 -6.9850006103515625
    endloop
  endfacet
  facet normal 0 0 1
    outer loop
      vertex -16.95586395263672 -4.378277778625488 -6.9850006103515625
      vertex -16.95586395263672 -22.520322799682617 -6.9850006103515625
      vertex -16.837568283081055 -22.385433197021484 -6.9850006103515625
    endloop
  endfacet
  facet normal 0 0 1
    outer loop
      vertex -17.0555419921875 -4.229100227355957 -6.9850006103515625
      vertex -16.95586395263672 -22.520322799682617 -6.9850006103515625
      vertex -16.95586395263672 -4.378277778625488 -6.9850006103515625
    endloop
  endfacet
  facet normal 0 0 1
    outer loop
      vertex -17.0555419921875 -4.229100227355957 -6.9850006103515625
      vertex -17.0555419921875 -22.66950035095215 -6.9850006103515625
      vertex -16.95586395263672 -22.520322799682617 -6.9850006103515625
    endloop
  endfacet
  facet normal 0 0 1
    outer loop
      vertex -17.1348934173584 -4.068188667297363 -6.9850006103515625
      vertex -17.0555419921875 -22.66950035095215 -6.9850006103515625
      vertex -17.0555419921875 -4.229100227355957 -6.9850006103515625
    endloop
  endfacet
  facet normal 0 0 1
    outer loop
      vertex -17.1348934173584 -4.068188667297363 -6.9850006103515625
      vertex -17.1348934173584 -22.830411911010742 -6.9850006103515625
      vertex -17.0555419921875 -22.66950035095215 -6.9850006103515625
    endloop
  endfacet
  facet normal 0 0 1
    outer loop
      vertex -17.192564010620117 -3.898296356201172 -6.9850006103515625
      vertex -17.1348934173584 -22.830411911010742 -6.9850006103515625
      vertex -17.1348934173584 -4.068188667297363 -6.9850006103515625
    endloop
  endfacet
  facet normal 0 0 1
    outer loop
      vertex -17.192564010620117 -3.898296356201172 -6.9850006103515625
      vertex -17.192564010620117 -23.000303268432617 -6.9850006103515625
      vertex -17.1348934173584 -22.830411911010742 -6.9850006103515625
    endloop
  endfacet
  facet normal 0 0 1
    outer loop
      vertex -17.22756576538086 -3.722330093383789 -6.9850006103515625
      vertex -17.192564010620117 -23.000303268432617 -6.9850006103515625
      vertex -17.192564010620117 -3.898296356201172 -6.9850006103515625
    endloop
  endfacet
  facet normal 0 0 1
    outer loop
      vertex -17.22756576538086 -3.722330093383789 -6.9850006103515625
      vertex -17.22756576538086 -23.17626953125 -6.9850006103515625
      vertex -17.192564010620117 -23.000303268432617 -6.9850006103515625
    endloop
  endfacet
  facet normal 0 0 1
    outer loop
      vertex -19 -33 -6.9850006103515625
      vertex -17.22756576538086 -3.722330093383789 -6.9850006103515625
      vertex -17.239299774169922 -3.5433006286621094 -6.9850006103515625
    endloop
  endfacet
  facet normal 0 0 1
    outer loop
      vertex -17.22756576538086 -3.722330093383789 -6.9850006103515625
      vertex -19 -33 -6.9850006103515625
      vertex -17.22756576538086 -23.17626953125 -6.9850006103515625
    endloop
  endfacet
  facet normal 0 0 1
    outer loop
      vertex 1.328592300415039 14.351556777954102 -6.9850006103515625
      vertex 12 18 -6.9850006103515625
      vertex 1.3418846130371094 14.435480117797852 -6.9850006103515625
    endloop
  endfacet
  facet normal 0 0 1
    outer loop
      vertex 12 -33 -6.9850006103515625
      vertex 1.3498802185058594 -29.76007080078125 -6.9850006103515625
      vertex 1.3525495529174805 -29.844999313354492 -6.9850006103515625
    endloop
  endfacet
  facet normal 0 0 1
    outer loop
      vertex 1.3100566864013672 14.268633842468262 -6.9850006103515625
      vertex 12 18 -6.9850006103515625
      vertex 1.328592300415039 14.351556777954102 -6.9850006103515625
    endloop
  endfacet
  facet normal 0 0 1
    outer loop
      vertex 12 -33 -6.9850006103515625
      vertex 1.3418846130371094 -29.675479888916016 -6.9850006103515625
      vertex 1.3498802185058594 -29.76007080078125 -6.9850006103515625
    endloop
  endfacet
  facet normal 0 0 1
    outer loop
      vertex 1.286351203918457 14.18703842163086 -6.9850006103515625
      vertex 12 18 -6.9850006103515625
      vertex 1.3100566864013672 14.268633842468262 -6.9850006103515625
    endloop
  endfacet
  facet normal 0 0 1
    outer loop
      vertex 12 -33 -6.9850006103515625
      vertex 1.328592300415039 -29.591556549072266 -6.9850006103515625
      vertex 1.3418846130371094 -29.675479888916016 -6.9850006103515625
    endloop
  endfacet
  facet normal 0 0 1
    outer loop
      vertex 1.257568359375 14.10709285736084 -6.9850006103515625
      vertex 12 18 -6.9850006103515625
      vertex 1.286351203918457 14.18703842163086 -6.9850006103515625
    endloop
  endfacet
  facet normal 0 0 1
    outer loop
      vertex 12 -33 -6.9850006103515625
      vertex 1.3100566864013672 -29.50863265991211 -6.9850006103515625
      vertex 1.328592300415039 -29.591556549072266 -6.9850006103515625
    endloop
  endfacet
  facet normal 0 0 1
    outer loop
      vertex 1.2238235473632812 14.029111862182617 -6.9850006103515625
      vertex 12 18 -6.9850006103515625
      vertex 1.257568359375 14.10709285736084 -6.9850006103515625
    endloop
  endfacet
  facet normal 0 0 1
    outer loop
      vertex 12 -33 -6.9850006103515625
      vertex 1.286351203918457 -29.427038192749023 -6.9850006103515625
      vertex 1.3100566864013672 -29.50863265991211 -6.9850006103515625
    endloop
  endfacet
  facet normal 0 0 1
    outer loop
      vertex 1.1852483749389648 13.95340347290039 -6.9850006103515625
      vertex 12 18 -6.9850006103515625
      vertex 1.2238235473632812 14.029111862182617 -6.9850006103515625
    endloop
  endfacet
  facet normal 0 0 1
    outer loop
      vertex 12 -33 -6.9850006103515625
      vertex 1.257568359375 -29.347091674804688 -6.9850006103515625
      vertex 1.286351203918457 -29.427038192749023 -6.9850006103515625
    endloop
  endfacet
  facet normal 0 0 1
    outer loop
      vertex 1.1419954299926758 13.880267143249512 -6.9850006103515625
      vertex 12 18 -6.9850006103515625
      vertex 1.1852483749389648 13.95340347290039 -6.9850006103515625
    endloop
  endfacet
  facet normal 0 0 1
    outer loop
      vertex 12 -33 -6.9850006103515625
      vertex 1.2238235473632812 -29.26911163330078 -6.9850006103515625
      vertex 1.257568359375 -29.347091674804688 -6.9850006103515625
    endloop
  endfacet
  facet normal 0 0 1
    outer loop
      vertex 1.0942354202270508 13.809990882873535 -6.9850006103515625
      vertex 12 18 -6.9850006103515625
      vertex 1.1419954299926758 13.880267143249512 -6.9850006103515625
    endloop
  endfacet
  facet normal 0 0 1
    outer loop
      vertex 12 -33 -6.9850006103515625
      vertex 1.1852483749389648 -29.193403244018555 -6.9850006103515625
      vertex 1.2238235473632812 -29.26911163330078 -6.9850006103515625
    endloop
  endfacet
  facet normal 0 0 1
    outer loop
      vertex 1.0421571731567383 13.742851257324219 -6.9850006103515625
      vertex 12 18 -6.9850006103515625
      vertex 1.0942354202270508 13.809990882873535 -6.9850006103515625
    endloop
  endfacet
  facet normal 0 0 1
    outer loop
      vertex 12 -33 -6.9850006103515625
      vertex 1.1419954299926758 -29.12026596069336 -6.9850006103515625
      vertex 1.1852483749389648 -29.193403244018555 -6.9850006103515625
    endloop
  endfacet
  facet normal 0 0 1
    outer loop
      vertex 0.9859657287597656 13.679115295410156 -6.9850006103515625
      vertex 12 18 -6.9850006103515625
      vertex 1.0421571731567383 13.742851257324219 -6.9850006103515625
    endloop
  endfacet
  facet normal 0 0 1
    outer loop
      vertex 12 -33 -6.9850006103515625
      vertex 1.0942354202270508 -29.049991607666016 -6.9850006103515625
      vertex 1.1419954299926758 -29.12026596069336 -6.9850006103515625
    endloop
  endfacet
  facet normal 0 0 1
    outer loop
      vertex 0.9258832931518555 13.619032859802246 -6.9850006103515625
      vertex 12 18 -6.9850006103515625
      vertex 0.9859657287597656 13.679115295410156 -6.9850006103515625
    endloop
  endfacet
  facet normal 0 0 1
    outer loop
      vertex 12 -33 -6.9850006103515625
      vertex 1.0421571731567383 -28.982852935791016 -6.9850006103515625
      vertex 1.0942354202270508 -29.049991607666016 -6.9850006103515625
    endloop
  endfacet
  facet normal 0 0 1
    outer loop
      vertex 0.862147331237793 13.562841415405273 -6.9850006103515625
      vertex 12 18 -6.9850006103515625
      vertex 0.9258832931518555 13.619032859802246 -6.9850006103515625
    endloop
  endfacet
  facet normal 0 0 1
    outer loop
      vertex 12 -33 -6.9850006103515625
      vertex 0.9859657287597656 -28.91911506652832 -6.9850006103515625
      vertex 1.0421571731567383 -28.982852935791016 -6.9850006103515625
    endloop
  endfacet
  facet normal 0 0 1
    outer loop
      vertex 0.795008659362793 13.510763168334961 -6.9850006103515625
      vertex 12 18 -6.9850006103515625
      vertex 0.862147331237793 13.562841415405273 -6.9850006103515625
    endloop
  endfacet
  facet normal 0 0 1
    outer loop
      vertex 12 -33 -6.9850006103515625
      vertex 0.9258832931518555 -28.859031677246094 -6.9850006103515625
      vertex 0.9859657287597656 -28.91911506652832 -6.9850006103515625
    endloop
  endfacet
  facet normal 0 0 1
    outer loop
      vertex 12 18 -6.9850006103515625
      vertex 0.795008659362793 13.510763168334961 -6.9850006103515625
      vertex 12 -33 -6.9850006103515625
    endloop
  endfacet
  facet normal 0 0 1
    outer loop
      vertex 12 -33 -6.9850006103515625
      vertex 0.862147331237793 -28.802841186523438 -6.9850006103515625
      vertex 0.9258832931518555 -28.859031677246094 -6.9850006103515625
    endloop
  endfacet
  facet normal 0 0 1
    outer loop
      vertex 0.795008659362793 -28.750762939453125 -6.9850006103515625
      vertex 12 -33 -6.9850006103515625
      vertex 0.795008659362793 13.510763168334961 -6.9850006103515625
    endloop
  endfacet
  facet normal 0 0 1
    outer loop
      vertex 12 -33 -6.9850006103515625
      vertex 0.795008659362793 -28.750762939453125 -6.9850006103515625
      vertex 0.862147331237793 -28.802841186523438 -6.9850006103515625
    endloop
  endfacet
  facet normal 0 0 1
    outer loop
      vertex 0.7247323989868164 13.463004112243652 -6.9850006103515625
      vertex 0.795008659362793 -28.750762939453125 -6.9850006103515625
      vertex 0.795008659362793 13.510763168334961 -6.9850006103515625
    endloop
  endfacet
  facet normal 0 0 1
    outer loop
      vertex 0.7247323989868164 13.463004112243652 -6.9850006103515625
      vertex 0.7247323989868164 -28.7030029296875 -6.9850006103515625
      vertex 0.795008659362793 -28.750762939453125 -6.9850006103515625
    endloop
  endfacet
  facet normal 0 0 1
    outer loop
      vertex 0.6515951156616211 13.419751167297363 -6.9850006103515625
      vertex 0.7247323989868164 -28.7030029296875 -6.9850006103515625
      vertex 0.7247323989868164 13.463004112243652 -6.9850006103515625
    endloop
  endfacet
  facet normal 0 0 1
    outer loop
      vertex 0.6515951156616211 13.419751167297363 -6.9850006103515625
      vertex 0.6515951156616211 -28.659751892089844 -6.9850006103515625
      vertex 0.7247323989868164 -28.7030029296875 -6.9850006103515625
    endloop
  endfacet
  facet normal 0 0 1
    outer loop
      vertex 0.5758876800537109 13.381175994873047 -6.9850006103515625
      vertex 0.6515951156616211 -28.659751892089844 -6.9850006103515625
      vertex 0.6515951156616211 13.419751167297363 -6.9850006103515625
    endloop
  endfacet
  facet normal 0 0 1
    outer loop
      vertex 0.5758876800537109 13.381175994873047 -6.9850006103515625
      vertex 0.5758876800537109 -28.62117576599121 -6.9850006103515625
      vertex 0.6515951156616211 -28.659751892089844 -6.9850006103515625
    endloop
  endfacet
  facet normal 0 0 1
    outer loop
      vertex 0.4979066848754883 13.347430229187012 -6.9850006103515625
      vertex 0.5758876800537109 -28.62117576599121 -6.9850006103515625
      vertex 0.5758876800537109 13.381175994873047 -6.9850006103515625
    endloop
  endfacet
  facet normal 0 0 1
    outer loop
      vertex 0.4979066848754883 13.347430229187012 -6.9850006103515625
      vertex 0.4979066848754883 -28.58742904663086 -6.9850006103515625
      vertex 0.5758876800537109 -28.62117576599121 -6.9850006103515625
    endloop
  endfacet
  facet normal 0 0 1
    outer loop
      vertex 0.41796016693115234 13.318648338317871 -6.9850006103515625
      vertex 0.4979066848754883 -28.58742904663086 -6.9850006103515625
      vertex 0.4979066848754883 13.347430229187012 -6.9850006103515625
    endloop
  endfacet
  facet normal 0 0 1
    outer loop
      vertex 0.41796016693115234 13.318648338317871 -6.9850006103515625
      vertex 0.41796016693115234 -28.55864715576172 -6.9850006103515625
      vertex 0.4979066848754883 -28.58742904663086 -6.9850006103515625
    endloop
  endfacet
  facet normal 0 0 1
    outer loop
      vertex 0.25344181060791016 13.276407241821289 -6.9850006103515625
      vertex -14.507834434509277 -3.722330093383789 -6.9850006103515625
      vertex 0.33636474609375 13.294941902160645 -6.9850006103515625
    endloop
  endfacet
  facet normal 0 0 1
    outer loop
      vertex 0.33636474609375 13.294941902160645 -6.9850006103515625
      vertex -14.507834434509277 -3.722330093383789 -6.9850006103515625
      vertex 0.41796016693115234 13.318648338317871 -6.9850006103515625
    endloop
  endfacet
  facet normal 0 0 1
    outer loop
      vertex -14.507834434509277 -3.722330093383789 -6.9850006103515625
      vertex 0.25344181060791016 13.276407241821289 -6.9850006103515625
      vertex -14.496100425720215 -3.5433006286621094 -6.9850006103515625
    endloop
  endfacet
  facet normal 0 0 1
    outer loop
      vertex 0.41796016693115234 13.318648338317871 -6.9850006103515625
      vertex -14.507834434509277 -3.722330093383789 -6.9850006103515625
      vertex 0.41796016693115234 -28.55864715576172 -6.9850006103515625
    endloop
  endfacet
  facet normal 0 0 1
    outer loop
      vertex -14.496100425720215 -3.5433006286621094 -6.9850006103515625
      vertex 0.25344181060791016 13.276407241821289 -6.9850006103515625
      vertex 0.16951942443847656 13.263114929199219 -6.9850006103515625
    endloop
  endfacet
  facet normal 0 0 1
    outer loop
      vertex 0.41796016693115234 -28.55864715576172 -6.9850006103515625
      vertex -14.507834434509277 -3.722330093383789 -6.9850006103515625
      vertex 0.33636474609375 -28.534942626953125 -6.9850006103515625
    endloop
  endfacet
  facet normal 0 0 1
    outer loop
      vertex -14.496100425720215 -3.5433006286621094 -6.9850006103515625
      vertex 0.16951942443847656 13.263114929199219 -6.9850006103515625
      vertex 0.08492660522460938 13.255118370056152 -6.9850006103515625
    endloop
  endfacet
  facet normal 0 0 1
    outer loop
      vertex -14.54283618927002 -3.898296356201172 -6.9850006103515625
      vertex 0.33636474609375 -28.534942626953125 -6.9850006103515625
      vertex -14.507834434509277 -3.722330093383789 -6.9850006103515625
    endloop
  endfacet
  facet normal 0 0 1
    outer loop
      vertex -14.507834434509277 -3.3642711639404297 -6.9850006103515625
      vertex 0.08492660522460938 13.255118370056152 -6.9850006103515625
      vertex 0 13.252449989318848 -6.9850006103515625
    endloop
  endfacet
  facet normal 0 0 1
    outer loop
      vertex 0.33636474609375 -28.534942626953125 -6.9850006103515625
      vertex -14.54283618927002 -3.898296356201172 -6.9850006103515625
      vertex 0.25344181060791016 -28.516407012939453 -6.9850006103515625
    endloop
  endfacet
  facet normal 0 0 1
    outer loop
      vertex -14.507834434509277 -3.3642711639404297 -6.9850006103515625
      vertex 0 13.252449989318848 -6.9850006103515625
      vertex -0.08492660522460938 13.255118370056152 -6.9850006103515625
    endloop
  endfacet
  facet normal 0 0 1
    outer loop
      vertex 0.25344181060791016 -28.516407012939453 -6.9850006103515625
      vertex -14.54283618927002 -3.898296356201172 -6.9850006103515625
      vertex 0.16951942443847656 -28.503114700317383 -6.9850006103515625
    endloop
  endfacet
  facet normal 0 0 1
    outer loop
      vertex -14.54283618927002 -3.1883039474487305 -6.9850006103515625
      vertex -0.08492660522460938 13.255118370056152 -6.9850006103515625
      vertex -0.16951942443847656 13.263114929199219 -6.9850006103515625
    endloop
  endfacet
  facet normal 0 0 1
    outer loop
      vertex -14.600507736206055 -4.068188667297363 -6.9850006103515625
      vertex 0.16951942443847656 -28.503114700317383 -6.9850006103515625
      vertex -14.54283618927002 -3.898296356201172 -6.9850006103515625
    endloop
  endfacet
  facet normal 0 0 1
    outer loop
      vertex -14.54283618927002 -3.1883039474487305 -6.9850006103515625
      vertex -0.16951942443847656 13.263114929199219 -6.9850006103515625
      vertex -0.25344181060791016 13.276407241821289 -6.9850006103515625
    endloop
  endfacet
  facet normal 0 0 1
    outer loop
      vertex 0.16951942443847656 -28.503114700317383 -6.9850006103515625
      vertex -14.600507736206055 -4.068188667297363 -6.9850006103515625
      vertex 0.08492660522460938 -28.4951171875 -6.9850006103515625
    endloop
  endfacet
  facet normal 0 0 1
    outer loop
      vertex -14.600507736206055 -3.018411636352539 -6.9850006103515625
      vertex -0.25344181060791016 13.276407241821289 -6.9850006103515625
      vertex -0.33636474609375 13.294941902160645 -6.9850006103515625
    endloop
  endfacet
  facet normal 0 0 1
    outer loop
      vertex 0.08492660522460938 -28.4951171875 -6.9850006103515625
      vertex -14.600507736206055 -4.068188667297363 -6.9850006103515625
      vertex 0 -28.492450714111328 -6.9850006103515625
    endloop
  endfacet
  facet normal 0 0 1
    outer loop
      vertex -14.600507736206055 -3.018411636352539 -6.9850006103515625
      vertex -0.33636474609375 13.294941902160645 -6.9850006103515625
      vertex -0.41796016693115234 13.318648338317871 -6.9850006103515625
    endloop
  endfacet
  facet normal 0 0 1
    outer loop
      vertex -14.67986011505127 -4.229100227355957 -6.9850006103515625
      vertex 0 -28.492450714111328 -6.9850006103515625
      vertex -14.600507736206055 -4.068188667297363 -6.9850006103515625
    endloop
  endfacet
  facet normal 0 0 1
    outer loop
      vertex -14.67986011505127 -2.8575000762939453 -6.9850006103515625
      vertex -0.41796016693115234 13.318648338317871 -6.9850006103515625
      vertex -0.4979066848754883 13.347430229187012 -6.9850006103515625
    endloop
  endfacet
  facet normal 0 0 1
    outer loop
      vertex -0.25344181060791016 -28.516407012939453 -6.9850006103515625
      vertex -14.496100425720215 -23.355300903320312 -6.9850006103515625
      vertex -0.33636474609375 -28.534942626953125 -6.9850006103515625
    endloop
  endfacet
  facet normal 0 0 1
    outer loop
      vertex -14.67986011505127 -2.8575000762939453 -6.9850006103515625
      vertex -0.4979066848754883 13.347430229187012 -6.9850006103515625
      vertex -0.5758876800537109 13.381175994873047 -6.9850006103515625
    endloop
  endfacet
  facet normal 0 0 1
    outer loop
      vertex -0.33636474609375 -28.534942626953125 -6.9850006103515625
      vertex -14.496100425720215 -23.355300903320312 -6.9850006103515625
      vertex -0.41796016693115234 -28.55864715576172 -6.9850006103515625
    endloop
  endfacet
  facet normal 0 0 1
    outer loop
      vertex -14.779537200927734 -2.7083234786987305 -6.9850006103515625
      vertex -0.5758876800537109 13.381175994873047 -6.9850006103515625
      vertex -0.6515951156616211 13.419751167297363 -6.9850006103515625
    endloop
  endfacet
  facet normal 0 0 1
    outer loop
      vertex -0.41796016693115234 -28.55864715576172 -6.9850006103515625
      vertex -14.496100425720215 -23.355300903320312 -6.9850006103515625
      vertex -0.4979066848754883 -28.58742904663086 -6.9850006103515625
    endloop
  endfacet
  facet normal 0 0 1
    outer loop
      vertex -14.779537200927734 -2.7083234786987305 -6.9850006103515625
      vertex -0.6515951156616211 13.419751167297363 -6.9850006103515625
      vertex -0.7247323989868164 13.463004112243652 -6.9850006103515625
    endloop
  endfacet
  facet normal 0 0 1
    outer loop
      vertex -0.4979066848754883 -28.58742904663086 -6.9850006103515625
      vertex -14.496100425720215 -23.355300903320312 -6.9850006103515625
      vertex -0.5758876800537109 -28.62117576599121 -6.9850006103515625
    endloop
  endfacet
  facet normal 0 0 1
    outer loop
      vertex -14.897832870483398 -2.5734329223632812 -6.9850006103515625
      vertex -0.7247323989868164 13.463004112243652 -6.9850006103515625
      vertex -0.795008659362793 13.510763168334961 -6.9850006103515625
    endloop
  endfacet
  facet normal 0 0 1
    outer loop
      vertex -0.5758876800537109 -28.62117576599121 -6.9850006103515625
      vertex -14.496100425720215 -23.355300903320312 -6.9850006103515625
      vertex -0.6515951156616211 -28.659751892089844 -6.9850006103515625
    endloop
  endfacet
  facet normal 0 0 1
    outer loop
      vertex -14.897832870483398 -2.5734329223632812 -6.9850006103515625
      vertex -0.795008659362793 13.510763168334961 -6.9850006103515625
      vertex -0.862147331237793 13.562841415405273 -6.9850006103515625
    endloop
  endfacet
  facet normal 0 0 1
    outer loop
      vertex -0.6515951156616211 -28.659751892089844 -6.9850006103515625
      vertex -14.496100425720215 -23.355300903320312 -6.9850006103515625
      vertex -0.7247323989868164 -28.7030029296875 -6.9850006103515625
    endloop
  endfacet
  facet normal 0 0 1
    outer loop
      vertex -14.897832870483398 -2.5734329223632812 -6.9850006103515625
      vertex -0.862147331237793 13.562841415405273 -6.9850006103515625
      vertex -0.9258832931518555 13.619032859802246 -6.9850006103515625
    endloop
  endfacet
  facet normal 0 0 1
    outer loop
      vertex -0.7247323989868164 -28.7030029296875 -6.9850006103515625
      vertex -14.496100425720215 -23.355300903320312 -6.9850006103515625
      vertex -0.795008659362793 -28.750762939453125 -6.9850006103515625
    endloop
  endfacet
  facet normal 0 0 1
    outer loop
      vertex -15.032723426818848 -2.455137252807617 -6.9850006103515625
      vertex -0.9258832931518555 13.619032859802246 -6.9850006103515625
      vertex -0.9859657287597656 13.679115295410156 -6.9850006103515625
    endloop
  endfacet
  facet normal 0 0 1
    outer loop
      vertex -0.795008659362793 -28.750762939453125 -6.9850006103515625
      vertex -14.496100425720215 -23.355300903320312 -6.9850006103515625
      vertex -0.862147331237793 -28.802841186523438 -6.9850006103515625
    endloop
  endfacet
  facet normal 0 0 1
    outer loop
      vertex -15.032723426818848 -2.455137252807617 -6.9850006103515625
      vertex -0.9859657287597656 13.679115295410156 -6.9850006103515625
      vertex -1.0421571731567383 13.742851257324219 -6.9850006103515625
    endloop
  endfacet
  facet normal 0 0 1
    outer loop
      vertex -0.862147331237793 -28.802841186523438 -6.9850006103515625
      vertex -14.496100425720215 -23.355300903320312 -6.9850006103515625
      vertex -0.9258832931518555 -28.859031677246094 -6.9850006103515625
    endloop
  endfacet
  facet normal 0 0 1
    outer loop
      vertex -15.181900024414062 -2.3554601669311523 -6.9850006103515625
      vertex -1.0421571731567383 13.742851257324219 -6.9850006103515625
      vertex -1.0942354202270508 13.809990882873535 -6.9850006103515625
    endloop
  endfacet
  facet normal 0 0 1
    outer loop
      vertex -0.9258832931518555 -28.859031677246094 -6.9850006103515625
      vertex -14.496100425720215 -23.355300903320312 -6.9850006103515625
      vertex -0.9859657287597656 -28.91911506652832 -6.9850006103515625
    endloop
  endfacet
  facet normal 0 0 1
    outer loop
      vertex -15.181900024414062 -2.3554601669311523 -6.9850006103515625
      vertex -1.0942354202270508 13.809990882873535 -6.9850006103515625
      vertex -1.1419954299926758 13.880267143249512 -6.9850006103515625
    endloop
  endfacet
  facet normal 0 0 1
    outer loop
      vertex -0.9859657287597656 -28.91911506652832 -6.9850006103515625
      vertex -14.496100425720215 -23.355300903320312 -6.9850006103515625
      vertex -1.0421571731567383 -28.982852935791016 -6.9850006103515625
    endloop
  endfacet
  facet normal 0 0 1
    outer loop
      vertex -15.342811584472656 -2.276106834411621 -6.9850006103515625
      vertex -1.1419954299926758 13.880267143249512 -6.9850006103515625
      vertex -1.1852483749389648 13.95340347290039 -6.9850006103515625
    endloop
  endfacet
  facet normal 0 0 1
    outer loop
      vertex -14.507834434509277 -23.534330368041992 -6.9850006103515625
      vertex -1.0421571731567383 -28.982852935791016 -6.9850006103515625
      vertex -14.496100425720215 -23.355300903320312 -6.9850006103515625
    endloop
  endfacet
  facet normal 0 0 1
    outer loop
      vertex -15.342811584472656 -2.276106834411621 -6.9850006103515625
      vertex -1.1852483749389648 13.95340347290039 -6.9850006103515625
      vertex -1.2238235473632812 14.029111862182617 -6.9850006103515625
    endloop
  endfacet
  facet normal 0 0 1
    outer loop
      vertex -1.0421571731567383 -28.982852935791016 -6.9850006103515625
      vertex -14.507834434509277 -23.534330368041992 -6.9850006103515625
      vertex -1.0942354202270508 -29.049991607666016 -6.9850006103515625
    endloop
  endfacet
  facet normal 0 0 1
    outer loop
      vertex -19 18 -6.9850006103515625
      vertex -1.2238235473632812 14.029111862182617 -6.9850006103515625
      vertex -1.257568359375 14.10709285736084 -6.9850006103515625
    endloop
  endfacet
  facet normal 0 0 1
    outer loop
      vertex -1.0942354202270508 -29.049991607666016 -6.9850006103515625
      vertex -14.507834434509277 -23.534330368041992 -6.9850006103515625
      vertex -1.1419954299926758 -29.12026596069336 -6.9850006103515625
    endloop
  endfacet
  facet normal 0 0 1
    outer loop
      vertex -19 18 -6.9850006103515625
      vertex -1.257568359375 14.10709285736084 -6.9850006103515625
      vertex -1.286351203918457 14.18703842163086 -6.9850006103515625
    endloop
  endfacet
  facet normal 0 0 1
    outer loop
      vertex -14.54283618927002 -23.710296630859375 -6.9850006103515625
      vertex -1.1419954299926758 -29.12026596069336 -6.9850006103515625
      vertex -14.507834434509277 -23.534330368041992 -6.9850006103515625
    endloop
  endfacet
  facet normal 0 0 1
    outer loop
      vertex -19 18 -6.9850006103515625
      vertex -1.286351203918457 14.18703842163086 -6.9850006103515625
      vertex -1.3100566864013672 14.268633842468262 -6.9850006103515625
    endloop
  endfacet
  facet normal 0 0 1
    outer loop
      vertex -1.1419954299926758 -29.12026596069336 -6.9850006103515625
      vertex -14.54283618927002 -23.710296630859375 -6.9850006103515625
      vertex -1.1852483749389648 -29.193403244018555 -6.9850006103515625
    endloop
  endfacet
  facet normal 0 0 1
    outer loop
      vertex -19 18 -6.9850006103515625
      vertex -1.3100566864013672 14.268633842468262 -6.9850006103515625
      vertex -1.328592300415039 14.351556777954102 -6.9850006103515625
    endloop
  endfacet
  facet normal 0 0 1
    outer loop
      vertex -1.1852483749389648 -29.193403244018555 -6.9850006103515625
      vertex -14.54283618927002 -23.710296630859375 -6.9850006103515625
      vertex -1.2238235473632812 -29.26911163330078 -6.9850006103515625
    endloop
  endfacet
  facet normal 0 0 1
    outer loop
      vertex -19 18 -6.9850006103515625
      vertex -1.328592300415039 14.351556777954102 -6.9850006103515625
      vertex -1.3418846130371094 14.435480117797852 -6.9850006103515625
    endloop
  endfacet
  facet normal 0 0 1
    outer loop
      vertex -14.600507736206055 -23.88018798828125 -6.9850006103515625
      vertex -1.2238235473632812 -29.26911163330078 -6.9850006103515625
      vertex -14.54283618927002 -23.710296630859375 -6.9850006103515625
    endloop
  endfacet
  facet normal 0 0 1
    outer loop
      vertex -19 18 -6.9850006103515625
      vertex -1.3418846130371094 14.435480117797852 -6.9850006103515625
      vertex -1.3498802185058594 14.520071983337402 -6.9850006103515625
    endloop
  endfacet
  facet normal 0 0 1
    outer loop
      vertex -1.2238235473632812 -29.26911163330078 -6.9850006103515625
      vertex -14.600507736206055 -23.88018798828125 -6.9850006103515625
      vertex -1.257568359375 -29.347091674804688 -6.9850006103515625
    endloop
  endfacet
  facet normal 0 0 1
    outer loop
      vertex -19 18 -6.9850006103515625
      vertex -1.3498802185058594 14.520071983337402 -6.9850006103515625
      vertex -1.3525495529174805 14.604999542236328 -6.9850006103515625
    endloop
  endfacet
  facet normal 0 0 1
    outer loop
      vertex -1.257568359375 -29.347091674804688 -6.9850006103515625
      vertex -14.600507736206055 -23.88018798828125 -6.9850006103515625
      vertex -1.286351203918457 -29.427038192749023 -6.9850006103515625
    endloop
  endfacet
  facet normal 0 0 1
    outer loop
      vertex 1.3498802185058594 14.520071983337402 -6.9850006103515625
      vertex 12 18 -6.9850006103515625
      vertex 1.3525495529174805 14.604999542236328 -6.9850006103515625
    endloop
  endfacet
  facet normal 0 0 1
    outer loop
      vertex 12 18 -6.9850006103515625
      vertex 1.3498802185058594 14.689927101135254 -6.9850006103515625
      vertex 1.3525495529174805 14.604999542236328 -6.9850006103515625
    endloop
  endfacet
  facet normal 0 0 1
    outer loop
      vertex 12 18 -6.9850006103515625
      vertex 1.3418846130371094 14.774518966674805 -6.9850006103515625
      vertex 1.3498802185058594 14.689927101135254 -6.9850006103515625
    endloop
  endfacet
  facet normal 0 0 1
    outer loop
      vertex 12 18 -6.9850006103515625
      vertex 1.328592300415039 14.858442306518555 -6.9850006103515625
      vertex 1.3418846130371094 14.774518966674805 -6.9850006103515625
    endloop
  endfacet
  facet normal 0 0 1
    outer loop
      vertex 12 18 -6.9850006103515625
      vertex 1.3100566864013672 14.941365242004395 -6.9850006103515625
      vertex 1.328592300415039 14.858442306518555 -6.9850006103515625
    endloop
  endfacet
  facet normal 0 0 1
    outer loop
      vertex 12 18 -6.9850006103515625
      vertex 1.286351203918457 15.022960662841797 -6.9850006103515625
      vertex 1.3100566864013672 14.941365242004395 -6.9850006103515625
    endloop
  endfacet
  facet normal 0 0 1
    outer loop
      vertex 12 18 -6.9850006103515625
      vertex 1.257568359375 15.102906227111816 -6.9850006103515625
      vertex 1.286351203918457 15.022960662841797 -6.9850006103515625
    endloop
  endfacet
  facet normal 0 0 1
    outer loop
      vertex 12 18 -6.9850006103515625
      vertex 1.2238235473632812 15.180887222290039 -6.9850006103515625
      vertex 1.257568359375 15.102906227111816 -6.9850006103515625
    endloop
  endfacet
  facet normal 0 0 1
    outer loop
      vertex 12 18 -6.9850006103515625
      vertex 1.1852483749389648 15.256595611572266 -6.9850006103515625
      vertex 1.2238235473632812 15.180887222290039 -6.9850006103515625
    endloop
  endfacet
  facet normal 0 0 1
    outer loop
      vertex 12 18 -6.9850006103515625
      vertex 1.1419954299926758 15.329731941223145 -6.9850006103515625
      vertex 1.1852483749389648 15.256595611572266 -6.9850006103515625
    endloop
  endfacet
  facet normal 0 0 1
    outer loop
      vertex 12 18 -6.9850006103515625
      vertex 1.0942354202270508 15.400008201599121 -6.9850006103515625
      vertex 1.1419954299926758 15.329731941223145 -6.9850006103515625
    endloop
  endfacet
  facet normal 0 0 1
    outer loop
      vertex 12 18 -6.9850006103515625
      vertex 1.0421571731567383 15.467146873474121 -6.9850006103515625
      vertex 1.0942354202270508 15.400008201599121 -6.9850006103515625
    endloop
  endfacet
  facet normal 0 0 1
    outer loop
      vertex 12 18 -6.9850006103515625
      vertex 0.9859657287597656 15.5308837890625 -6.9850006103515625
      vertex 1.0421571731567383 15.467146873474121 -6.9850006103515625
    endloop
  endfacet
  facet normal 0 0 1
    outer loop
      vertex 12 18 -6.9850006103515625
      vertex 0.9258832931518555 15.59096622467041 -6.9850006103515625
      vertex 0.9859657287597656 15.5308837890625 -6.9850006103515625
    endloop
  endfacet
  facet normal 0 0 1
    outer loop
      vertex 12 18 -6.9850006103515625
      vertex 0.862147331237793 15.647157669067383 -6.9850006103515625
      vertex 0.9258832931518555 15.59096622467041 -6.9850006103515625
    endloop
  endfacet
  facet normal 0 0 1
    outer loop
      vertex 12 18 -6.9850006103515625
      vertex 0.795008659362793 15.699235916137695 -6.9850006103515625
      vertex 0.862147331237793 15.647157669067383 -6.9850006103515625
    endloop
  endfacet
  facet normal 0 0 1
    outer loop
      vertex 12 18 -6.9850006103515625
      vertex 0.7247323989868164 15.746994972229004 -6.9850006103515625
      vertex 0.795008659362793 15.699235916137695 -6.9850006103515625
    endloop
  endfacet
  facet normal 0 0 1
    outer loop
      vertex 12 18 -6.9850006103515625
      vertex 0.6515951156616211 15.790247917175293 -6.9850006103515625
      vertex 0.7247323989868164 15.746994972229004 -6.9850006103515625
    endloop
  endfacet
  facet normal 0 0 1
    outer loop
      vertex 12 18 -6.9850006103515625
      vertex 0.5758876800537109 15.82882308959961 -6.9850006103515625
      vertex 0.6515951156616211 15.790247917175293 -6.9850006103515625
    endloop
  endfacet
  facet normal 0 0 1
    outer loop
      vertex 12 18 -6.9850006103515625
      vertex 0.4979066848754883 15.862568855285645 -6.9850006103515625
      vertex 0.5758876800537109 15.82882308959961 -6.9850006103515625
    endloop
  endfacet
  facet normal 0 0 1
    outer loop
      vertex 12 18 -6.9850006103515625
      vertex 0.41796016693115234 15.891350746154785 -6.9850006103515625
      vertex 0.4979066848754883 15.862568855285645 -6.9850006103515625
    endloop
  endfacet
  facet normal 0 0 1
    outer loop
      vertex 12 18 -6.9850006103515625
      vertex 0.33636474609375 15.915056228637695 -6.9850006103515625
      vertex 0.41796016693115234 15.891350746154785 -6.9850006103515625
    endloop
  endfacet
  facet normal 0 0 1
    outer loop
      vertex 12 18 -6.9850006103515625
      vertex 0.25344181060791016 15.933591842651367 -6.9850006103515625
      vertex 0.33636474609375 15.915056228637695 -6.9850006103515625
    endloop
  endfacet
  facet normal 0 0 1
    outer loop
      vertex 12 18 -6.9850006103515625
      vertex 0.16951942443847656 15.946884155273438 -6.9850006103515625
      vertex 0.25344181060791016 15.933591842651367 -6.9850006103515625
    endloop
  endfacet
  facet normal 0 0 1
    outer loop
      vertex 12 18 -6.9850006103515625
      vertex 0.08492660522460938 15.954880714416504 -6.9850006103515625
      vertex 0.16951942443847656 15.946884155273438 -6.9850006103515625
    endloop
  endfacet
  facet normal 0 0 1
    outer loop
      vertex 12 18 -6.9850006103515625
      vertex 0 15.957549095153809 -6.9850006103515625
      vertex 0.08492660522460938 15.954880714416504 -6.9850006103515625
    endloop
  endfacet
  facet normal 0 0 1
    outer loop
      vertex 12 18 -6.9850006103515625
      vertex -0.08492660522460938 15.954880714416504 -6.9850006103515625
      vertex 0 15.957549095153809 -6.9850006103515625
    endloop
  endfacet
  facet normal 0 0 1
    outer loop
      vertex -19 18 -6.9850006103515625
      vertex -0.08492660522460938 15.954880714416504 -6.9850006103515625
      vertex 12 18 -6.9850006103515625
    endloop
  endfacet
  facet normal 0 0 1
    outer loop
      vertex -0.08492660522460938 15.954880714416504 -6.9850006103515625
      vertex -19 18 -6.9850006103515625
      vertex -0.16951942443847656 15.946884155273438 -6.9850006103515625
    endloop
  endfacet
  facet normal 0 0 1
    outer loop
      vertex -14.67986011505127 -24.041099548339844 -6.9850006103515625
      vertex -1.286351203918457 -29.427038192749023 -6.9850006103515625
      vertex -14.600507736206055 -23.88018798828125 -6.9850006103515625
    endloop
  endfacet
  facet normal 0 0 1
    outer loop
      vertex -19 18 -6.9850006103515625
      vertex -1.3525495529174805 14.604999542236328 -6.9850006103515625
      vertex -1.3498802185058594 14.689927101135254 -6.9850006103515625
    endloop
  endfacet
  facet normal 0 0 1
    outer loop
      vertex -19 18 -6.9850006103515625
      vertex -1.3498802185058594 14.689927101135254 -6.9850006103515625
      vertex -1.3418846130371094 14.774518966674805 -6.9850006103515625
    endloop
  endfacet
  facet normal 0 0 1
    outer loop
      vertex -19 18 -6.9850006103515625
      vertex -1.3418846130371094 14.774518966674805 -6.9850006103515625
      vertex -1.328592300415039 14.858442306518555 -6.9850006103515625
    endloop
  endfacet
  facet normal 0 0 1
    outer loop
      vertex -19 18 -6.9850006103515625
      vertex -1.328592300415039 14.858442306518555 -6.9850006103515625
      vertex -1.3100566864013672 14.941365242004395 -6.9850006103515625
    endloop
  endfacet
  facet normal 0 0 1
    outer loop
      vertex -19 18 -6.9850006103515625
      vertex -1.3100566864013672 14.941365242004395 -6.9850006103515625
      vertex -1.286351203918457 15.022960662841797 -6.9850006103515625
    endloop
  endfacet
  facet normal 0 0 1
    outer loop
      vertex -19 18 -6.9850006103515625
      vertex -1.286351203918457 15.022960662841797 -6.9850006103515625
      vertex -1.257568359375 15.102906227111816 -6.9850006103515625
    endloop
  endfacet
  facet normal 0 0 1
    outer loop
      vertex -19 18 -6.9850006103515625
      vertex -1.257568359375 15.102906227111816 -6.9850006103515625
      vertex -1.2238235473632812 15.180887222290039 -6.9850006103515625
    endloop
  endfacet
  facet normal 0 0 1
    outer loop
      vertex -19 18 -6.9850006103515625
      vertex -1.2238235473632812 15.180887222290039 -6.9850006103515625
      vertex -1.1852483749389648 15.256595611572266 -6.9850006103515625
    endloop
  endfacet
  facet normal 0 0 1
    outer loop
      vertex -19 18 -6.9850006103515625
      vertex -1.1852483749389648 15.256595611572266 -6.9850006103515625
      vertex -1.1419954299926758 15.329731941223145 -6.9850006103515625
    endloop
  endfacet
  facet normal 0 0 1
    outer loop
      vertex -19 18 -6.9850006103515625
      vertex -1.1419954299926758 15.329731941223145 -6.9850006103515625
      vertex -1.0942354202270508 15.400008201599121 -6.9850006103515625
    endloop
  endfacet
  facet normal 0 0 1
    outer loop
      vertex 0.08492660522460938 13.255118370056152 -6.9850006103515625
      vertex -14.507834434509277 -3.3642711639404297 -6.9850006103515625
      vertex -14.496100425720215 -3.5433006286621094 -6.9850006103515625
    endloop
  endfacet
  facet normal 0 0 1
    outer loop
      vertex -0.08492660522460938 13.255118370056152 -6.9850006103515625
      vertex -14.54283618927002 -3.1883039474487305 -6.9850006103515625
      vertex -14.507834434509277 -3.3642711639404297 -6.9850006103515625
    endloop
  endfacet
  facet normal 0 0 1
    outer loop
      vertex -0.25344181060791016 13.276407241821289 -6.9850006103515625
      vertex -14.600507736206055 -3.018411636352539 -6.9850006103515625
      vertex -14.54283618927002 -3.1883039474487305 -6.9850006103515625
    endloop
  endfacet
  facet normal 0 0 1
    outer loop
      vertex -0.41796016693115234 13.318648338317871 -6.9850006103515625
      vertex -14.67986011505127 -2.8575000762939453 -6.9850006103515625
      vertex -14.600507736206055 -3.018411636352539 -6.9850006103515625
    endloop
  endfacet
  facet normal 0 0 1
    outer loop
      vertex -0.5758876800537109 13.381175994873047 -6.9850006103515625
      vertex -14.779537200927734 -2.7083234786987305 -6.9850006103515625
      vertex -14.67986011505127 -2.8575000762939453 -6.9850006103515625
    endloop
  endfacet
  facet normal 0 0 1
    outer loop
      vertex -0.7247323989868164 13.463004112243652 -6.9850006103515625
      vertex -14.897832870483398 -2.5734329223632812 -6.9850006103515625
      vertex -14.779537200927734 -2.7083234786987305 -6.9850006103515625
    endloop
  endfacet
  facet normal 0 0 1
    outer loop
      vertex -0.9258832931518555 13.619032859802246 -6.9850006103515625
      vertex -15.032723426818848 -2.455137252807617 -6.9850006103515625
      vertex -14.897832870483398 -2.5734329223632812 -6.9850006103515625
    endloop
  endfacet
  facet normal 0 0 1
    outer loop
      vertex -19 18 -6.9850006103515625
      vertex -1.0942354202270508 15.400008201599121 -6.9850006103515625
      vertex -1.0421571731567383 15.467146873474121 -6.9850006103515625
    endloop
  endfacet
  facet normal 0 0 1
    outer loop
      vertex -1.0421571731567383 13.742851257324219 -6.9850006103515625
      vertex -15.181900024414062 -2.3554601669311523 -6.9850006103515625
      vertex -15.032723426818848 -2.455137252807617 -6.9850006103515625
    endloop
  endfacet
  facet normal 0 0 1
    outer loop
      vertex -1.1419954299926758 13.880267143249512 -6.9850006103515625
      vertex -15.342811584472656 -2.276106834411621 -6.9850006103515625
      vertex -15.181900024414062 -2.3554601669311523 -6.9850006103515625
    endloop
  endfacet
  facet normal 0 0 1
    outer loop
      vertex -1.2238235473632812 14.029111862182617 -6.9850006103515625
      vertex -19 18 -6.9850006103515625
      vertex -15.342811584472656 -2.276106834411621 -6.9850006103515625
    endloop
  endfacet
  facet normal 0 0 1
    outer loop
      vertex -15.342811584472656 -2.276106834411621 -6.9850006103515625
      vertex -19 18 -6.9850006103515625
      vertex -15.512703895568848 -2.2184362411499023 -6.9850006103515625
    endloop
  endfacet
  facet normal 0 0 1
    outer loop
      vertex -15.512703895568848 -2.2184362411499023 -6.9850006103515625
      vertex -19 18 -6.9850006103515625
      vertex -15.688671112060547 -2.18343448638916 -6.9850006103515625
    endloop
  endfacet
  facet normal 0 0 1
    outer loop
      vertex -15.688671112060547 -2.18343448638916 -6.9850006103515625
      vertex -19 18 -6.9850006103515625
      vertex -15.867700576782227 -2.1717004776000977 -6.9850006103515625
    endloop
  endfacet
  facet normal 0 0 1
    outer loop
      vertex -15.867700576782227 -2.1717004776000977 -6.9850006103515625
      vertex -19 18 -6.9850006103515625
      vertex -16.046730041503906 -2.18343448638916 -6.9850006103515625
    endloop
  endfacet
  facet normal 0 0 1
    outer loop
      vertex -16.046730041503906 -2.18343448638916 -6.9850006103515625
      vertex -19 18 -6.9850006103515625
      vertex -16.22269630432129 -2.2184362411499023 -6.9850006103515625
    endloop
  endfacet
  facet normal 0 0 1
    outer loop
      vertex -16.22269630432129 -2.2184362411499023 -6.9850006103515625
      vertex -19 18 -6.9850006103515625
      vertex -16.392589569091797 -2.276106834411621 -6.9850006103515625
    endloop
  endfacet
  facet normal 0 0 1
    outer loop
      vertex -16.392589569091797 -2.276106834411621 -6.9850006103515625
      vertex -19 18 -6.9850006103515625
      vertex -16.55350112915039 -2.3554601669311523 -6.9850006103515625
    endloop
  endfacet
  facet normal 0 0 1
    outer loop
      vertex -16.55350112915039 -2.3554601669311523 -6.9850006103515625
      vertex -19 18 -6.9850006103515625
      vertex -16.702678680419922 -2.455137252807617 -6.9850006103515625
    endloop
  endfacet
  facet normal 0 0 1
    outer loop
      vertex -16.702678680419922 -2.455137252807617 -6.9850006103515625
      vertex -19 18 -6.9850006103515625
      vertex -16.837568283081055 -2.5734329223632812 -6.9850006103515625
    endloop
  endfacet
  facet normal 0 0 1
    outer loop
      vertex -19 -33 -6.9850006103515625
      vertex -17.239299774169922 -3.5433006286621094 -6.9850006103515625
      vertex -19 18 -6.9850006103515625
    endloop
  endfacet
  facet normal 0 0 1
    outer loop
      vertex -17.22756576538086 -3.3642711639404297 -6.9850006103515625
      vertex -19 18 -6.9850006103515625
      vertex -17.239299774169922 -3.5433006286621094 -6.9850006103515625
    endloop
  endfacet
  facet normal 0 0 1
    outer loop
      vertex -17.192564010620117 -3.1883039474487305 -6.9850006103515625
      vertex -19 18 -6.9850006103515625
      vertex -17.22756576538086 -3.3642711639404297 -6.9850006103515625
    endloop
  endfacet
  facet normal 0 0 1
    outer loop
      vertex -17.1348934173584 -3.018411636352539 -6.9850006103515625
      vertex -19 18 -6.9850006103515625
      vertex -17.192564010620117 -3.1883039474487305 -6.9850006103515625
    endloop
  endfacet
  facet normal 0 0 1
    outer loop
      vertex -17.0555419921875 -2.8575000762939453 -6.9850006103515625
      vertex -19 18 -6.9850006103515625
      vertex -17.1348934173584 -3.018411636352539 -6.9850006103515625
    endloop
  endfacet
  facet normal 0 0 1
    outer loop
      vertex -16.95586395263672 -2.7083234786987305 -6.9850006103515625
      vertex -19 18 -6.9850006103515625
      vertex -17.0555419921875 -2.8575000762939453 -6.9850006103515625
    endloop
  endfacet
  facet normal 0 0 1
    outer loop
      vertex -16.837568283081055 -2.5734329223632812 -6.9850006103515625
      vertex -19 18 -6.9850006103515625
      vertex -16.95586395263672 -2.7083234786987305 -6.9850006103515625
    endloop
  endfacet
  facet normal 0 0 1
    outer loop
      vertex -0.9859657287597656 15.5308837890625 -6.9850006103515625
      vertex -19 18 -6.9850006103515625
      vertex -1.0421571731567383 15.467146873474121 -6.9850006103515625
    endloop
  endfacet
  facet normal 0 0 1
    outer loop
      vertex -0.9258832931518555 15.59096622467041 -6.9850006103515625
      vertex -19 18 -6.9850006103515625
      vertex -0.9859657287597656 15.5308837890625 -6.9850006103515625
    endloop
  endfacet
  facet normal 0 0 1
    outer loop
      vertex -0.862147331237793 15.647157669067383 -6.9850006103515625
      vertex -19 18 -6.9850006103515625
      vertex -0.9258832931518555 15.59096622467041 -6.9850006103515625
    endloop
  endfacet
  facet normal 0 0 1
    outer loop
      vertex -0.795008659362793 15.699235916137695 -6.9850006103515625
      vertex -19 18 -6.9850006103515625
      vertex -0.862147331237793 15.647157669067383 -6.9850006103515625
    endloop
  endfacet
  facet normal 0 0 1
    outer loop
      vertex -0.7247323989868164 15.746994972229004 -6.9850006103515625
      vertex -19 18 -6.9850006103515625
      vertex -0.795008659362793 15.699235916137695 -6.9850006103515625
    endloop
  endfacet
  facet normal 0 0 1
    outer loop
      vertex -0.6515951156616211 15.790247917175293 -6.9850006103515625
      vertex -19 18 -6.9850006103515625
      vertex -0.7247323989868164 15.746994972229004 -6.9850006103515625
    endloop
  endfacet
  facet normal 0 0 1
    outer loop
      vertex -0.5758876800537109 15.82882308959961 -6.9850006103515625
      vertex -19 18 -6.9850006103515625
      vertex -0.6515951156616211 15.790247917175293 -6.9850006103515625
    endloop
  endfacet
  facet normal 0 0 1
    outer loop
      vertex -0.4979066848754883 15.862568855285645 -6.9850006103515625
      vertex -19 18 -6.9850006103515625
      vertex -0.5758876800537109 15.82882308959961 -6.9850006103515625
    endloop
  endfacet
  facet normal 0 0 1
    outer loop
      vertex -0.41796016693115234 15.891350746154785 -6.9850006103515625
      vertex -19 18 -6.9850006103515625
      vertex -0.4979066848754883 15.862568855285645 -6.9850006103515625
    endloop
  endfacet
  facet normal 0 0 1
    outer loop
      vertex -0.33636474609375 15.915056228637695 -6.9850006103515625
      vertex -19 18 -6.9850006103515625
      vertex -0.41796016693115234 15.891350746154785 -6.9850006103515625
    endloop
  endfacet
  facet normal 0 0 1
    outer loop
      vertex -0.25344181060791016 15.933591842651367 -6.9850006103515625
      vertex -19 18 -6.9850006103515625
      vertex -0.33636474609375 15.915056228637695 -6.9850006103515625
    endloop
  endfacet
  facet normal 0 0 1
    outer loop
      vertex -0.16951942443847656 15.946884155273438 -6.9850006103515625
      vertex -19 18 -6.9850006103515625
      vertex -0.25344181060791016 15.933591842651367 -6.9850006103515625
    endloop
  endfacet
  facet normal 0 0 1
    outer loop
      vertex 1.3418846130371094 14.435480117797852 -6.9850006103515625
      vertex 12 18 -6.9850006103515625
      vertex 1.3498802185058594 14.520071983337402 -6.9850006103515625
    endloop
  endfacet
  facet normal 0 0 1
    outer loop
      vertex 1.3498802185058594 -29.929927825927734 -6.9850006103515625
      vertex 12 -33 -6.9850006103515625
      vertex 1.3525495529174805 -29.844999313354492 -6.9850006103515625
    endloop
  endfacet
  facet normal 0 0 1
    outer loop
      vertex 1.3418846130371094 -30.01451873779297 -6.9850006103515625
      vertex 12 -33 -6.9850006103515625
      vertex 1.3498802185058594 -29.929927825927734 -6.9850006103515625
    endloop
  endfacet
  facet normal 0 0 1
    outer loop
      vertex 1.328592300415039 -30.09844207763672 -6.9850006103515625
      vertex 12 -33 -6.9850006103515625
      vertex 1.3418846130371094 -30.01451873779297 -6.9850006103515625
    endloop
  endfacet
  facet normal 0 0 1
    outer loop
      vertex 1.3100566864013672 -30.181365966796875 -6.9850006103515625
      vertex 12 -33 -6.9850006103515625
      vertex 1.328592300415039 -30.09844207763672 -6.9850006103515625
    endloop
  endfacet
  facet normal 0 0 1
    outer loop
      vertex 1.286351203918457 -30.26296043395996 -6.9850006103515625
      vertex 12 -33 -6.9850006103515625
      vertex 1.3100566864013672 -30.181365966796875 -6.9850006103515625
    endloop
  endfacet
  facet normal 0 0 1
    outer loop
      vertex 1.257568359375 -30.342906951904297 -6.9850006103515625
      vertex 12 -33 -6.9850006103515625
      vertex 1.286351203918457 -30.26296043395996 -6.9850006103515625
    endloop
  endfacet
  facet normal 0 0 1
    outer loop
      vertex 1.2238235473632812 -30.420886993408203 -6.9850006103515625
      vertex 12 -33 -6.9850006103515625
      vertex 1.257568359375 -30.342906951904297 -6.9850006103515625
    endloop
  endfacet
  facet normal 0 0 1
    outer loop
      vertex 1.1852483749389648 -30.49659538269043 -6.9850006103515625
      vertex 12 -33 -6.9850006103515625
      vertex 1.2238235473632812 -30.420886993408203 -6.9850006103515625
    endloop
  endfacet
  facet normal 0 0 1
    outer loop
      vertex 1.1419954299926758 -30.569732666015625 -6.9850006103515625
      vertex 12 -33 -6.9850006103515625
      vertex 1.1852483749389648 -30.49659538269043 -6.9850006103515625
    endloop
  endfacet
  facet normal 0 0 1
    outer loop
      vertex 1.0942354202270508 -30.6400089263916 -6.9850006103515625
      vertex 12 -33 -6.9850006103515625
      vertex 1.1419954299926758 -30.569732666015625 -6.9850006103515625
    endloop
  endfacet
  facet normal 0 0 1
    outer loop
      vertex 1.0421571731567383 -30.7071475982666 -6.9850006103515625
      vertex 12 -33 -6.9850006103515625
      vertex 1.0942354202270508 -30.6400089263916 -6.9850006103515625
    endloop
  endfacet
  facet normal 0 0 1
    outer loop
      vertex 0.9859657287597656 -30.770883560180664 -6.9850006103515625
      vertex 12 -33 -6.9850006103515625
      vertex 1.0421571731567383 -30.7071475982666 -6.9850006103515625
    endloop
  endfacet
  facet normal 0 0 1
    outer loop
      vertex 0.9258832931518555 -30.83096694946289 -6.9850006103515625
      vertex 12 -33 -6.9850006103515625
      vertex 0.9859657287597656 -30.770883560180664 -6.9850006103515625
    endloop
  endfacet
  facet normal 0 0 1
    outer loop
      vertex 0.862147331237793 -30.887157440185547 -6.9850006103515625
      vertex 12 -33 -6.9850006103515625
      vertex 0.9258832931518555 -30.83096694946289 -6.9850006103515625
    endloop
  endfacet
  facet normal 0 0 1
    outer loop
      vertex 0.795008659362793 -30.93923568725586 -6.9850006103515625
      vertex 12 -33 -6.9850006103515625
      vertex 0.862147331237793 -30.887157440185547 -6.9850006103515625
    endloop
  endfacet
  facet normal 0 0 1
    outer loop
      vertex 0.7247323989868164 -30.986995697021484 -6.9850006103515625
      vertex 12 -33 -6.9850006103515625
      vertex 0.795008659362793 -30.93923568725586 -6.9850006103515625
    endloop
  endfacet
  facet normal 0 0 1
    outer loop
      vertex 0.6515951156616211 -31.03024673461914 -6.9850006103515625
      vertex 12 -33 -6.9850006103515625
      vertex 0.7247323989868164 -30.986995697021484 -6.9850006103515625
    endloop
  endfacet
  facet normal 0 0 1
    outer loop
      vertex 0.5758876800537109 -31.068824768066406 -6.9850006103515625
      vertex 12 -33 -6.9850006103515625
      vertex 0.6515951156616211 -31.03024673461914 -6.9850006103515625
    endloop
  endfacet
  facet normal 0 0 1
    outer loop
      vertex 0.4979066848754883 -31.102569580078125 -6.9850006103515625
      vertex 12 -33 -6.9850006103515625
      vertex 0.5758876800537109 -31.068824768066406 -6.9850006103515625
    endloop
  endfacet
  facet normal 0 0 1
    outer loop
      vertex 0.41796016693115234 -31.131351470947266 -6.9850006103515625
      vertex 12 -33 -6.9850006103515625
      vertex 0.4979066848754883 -31.102569580078125 -6.9850006103515625
    endloop
  endfacet
  facet normal 0 0 1
    outer loop
      vertex 0.33636474609375 -31.15505599975586 -6.9850006103515625
      vertex 12 -33 -6.9850006103515625
      vertex 0.41796016693115234 -31.131351470947266 -6.9850006103515625
    endloop
  endfacet
  facet normal 0 0 1
    outer loop
      vertex 0.25344181060791016 -31.17359161376953 -6.9850006103515625
      vertex 12 -33 -6.9850006103515625
      vertex 0.33636474609375 -31.15505599975586 -6.9850006103515625
    endloop
  endfacet
  facet normal 0 0 1
    outer loop
      vertex 0.16951942443847656 -31.1868839263916 -6.9850006103515625
      vertex 12 -33 -6.9850006103515625
      vertex 0.25344181060791016 -31.17359161376953 -6.9850006103515625
    endloop
  endfacet
  facet normal 0 0 1
    outer loop
      vertex 0.08492660522460938 -31.194881439208984 -6.9850006103515625
      vertex 12 -33 -6.9850006103515625
      vertex 0.16951942443847656 -31.1868839263916 -6.9850006103515625
    endloop
  endfacet
  facet normal 0 0 1
    outer loop
      vertex 0 -31.19754981994629 -6.9850006103515625
      vertex 12 -33 -6.9850006103515625
      vertex 0.08492660522460938 -31.194881439208984 -6.9850006103515625
    endloop
  endfacet
  facet normal 0 0 1
    outer loop
      vertex -0.08492660522460938 -31.194881439208984 -6.9850006103515625
      vertex 12 -33 -6.9850006103515625
      vertex 0 -31.19754981994629 -6.9850006103515625
    endloop
  endfacet
  facet normal 0 0 1
    outer loop
      vertex -19 -33 -6.9850006103515625
      vertex -0.08492660522460938 -31.194881439208984 -6.9850006103515625
      vertex -0.16951942443847656 -31.1868839263916 -6.9850006103515625
    endloop
  endfacet
  facet normal 0 0 1
    outer loop
      vertex -1.286351203918457 -29.427038192749023 -6.9850006103515625
      vertex -14.67986011505127 -24.041099548339844 -6.9850006103515625
      vertex -1.3100566864013672 -29.50863265991211 -6.9850006103515625
    endloop
  endfacet
  facet normal 0 0 1
    outer loop
      vertex -1.3100566864013672 -29.50863265991211 -6.9850006103515625
      vertex -14.67986011505127 -24.041099548339844 -6.9850006103515625
      vertex -1.328592300415039 -29.591556549072266 -6.9850006103515625
    endloop
  endfacet
  facet normal 0 0 1
    outer loop
      vertex -14.779537200927734 -24.190277099609375 -6.9850006103515625
      vertex -1.328592300415039 -29.591556549072266 -6.9850006103515625
      vertex -14.67986011505127 -24.041099548339844 -6.9850006103515625
    endloop
  endfacet
  facet normal 0 0 1
    outer loop
      vertex -1.328592300415039 -29.591556549072266 -6.9850006103515625
      vertex -14.779537200927734 -24.190277099609375 -6.9850006103515625
      vertex -1.3418846130371094 -29.675479888916016 -6.9850006103515625
    endloop
  endfacet
  facet normal 0 0 1
    outer loop
      vertex -1.3418846130371094 -29.675479888916016 -6.9850006103515625
      vertex -14.779537200927734 -24.190277099609375 -6.9850006103515625
      vertex -1.3498802185058594 -29.76007080078125 -6.9850006103515625
    endloop
  endfacet
  facet normal 0 0 1
    outer loop
      vertex -14.897832870483398 -24.325166702270508 -6.9850006103515625
      vertex -1.3498802185058594 -29.76007080078125 -6.9850006103515625
      vertex -14.779537200927734 -24.190277099609375 -6.9850006103515625
    endloop
  endfacet
  facet normal 0 0 1
    outer loop
      vertex -1.3498802185058594 -29.76007080078125 -6.9850006103515625
      vertex -14.897832870483398 -24.325166702270508 -6.9850006103515625
      vertex -1.3525495529174805 -29.844999313354492 -6.9850006103515625
    endloop
  endfacet
  facet normal 0 0 1
    outer loop
      vertex -1.3525495529174805 -29.844999313354492 -6.9850006103515625
      vertex -14.897832870483398 -24.325166702270508 -6.9850006103515625
      vertex -1.3498802185058594 -29.929927825927734 -6.9850006103515625
    endloop
  endfacet
  facet normal 0 0 1
    outer loop
      vertex -15.032723426818848 -24.443464279174805 -6.9850006103515625
      vertex -1.3498802185058594 -29.929927825927734 -6.9850006103515625
      vertex -14.897832870483398 -24.325166702270508 -6.9850006103515625
    endloop
  endfacet
  facet normal 0 0 1
    outer loop
      vertex -1.3498802185058594 -29.929927825927734 -6.9850006103515625
      vertex -15.032723426818848 -24.443464279174805 -6.9850006103515625
      vertex -1.3418846130371094 -30.01451873779297 -6.9850006103515625
    endloop
  endfacet
  facet normal 0 0 1
    outer loop
      vertex -1.3418846130371094 -30.01451873779297 -6.9850006103515625
      vertex -15.032723426818848 -24.443464279174805 -6.9850006103515625
      vertex -1.328592300415039 -30.09844207763672 -6.9850006103515625
    endloop
  endfacet
  facet normal 0 0 1
    outer loop
      vertex -19 -33 -6.9850006103515625
      vertex -1.328592300415039 -30.09844207763672 -6.9850006103515625
      vertex -15.032723426818848 -24.443464279174805 -6.9850006103515625
    endloop
  endfacet
  facet normal 0 0 1
    outer loop
      vertex -1.328592300415039 -30.09844207763672 -6.9850006103515625
      vertex -19 -33 -6.9850006103515625
      vertex -1.3100566864013672 -30.181365966796875 -6.9850006103515625
    endloop
  endfacet
  facet normal 0 0 1
    outer loop
      vertex -1.3100566864013672 -30.181365966796875 -6.9850006103515625
      vertex -19 -33 -6.9850006103515625
      vertex -1.286351203918457 -30.26296043395996 -6.9850006103515625
    endloop
  endfacet
  facet normal 0 0 1
    outer loop
      vertex -1.286351203918457 -30.26296043395996 -6.9850006103515625
      vertex -19 -33 -6.9850006103515625
      vertex -1.257568359375 -30.342906951904297 -6.9850006103515625
    endloop
  endfacet
  facet normal 0 0 1
    outer loop
      vertex -1.257568359375 -30.342906951904297 -6.9850006103515625
      vertex -19 -33 -6.9850006103515625
      vertex -1.2238235473632812 -30.420886993408203 -6.9850006103515625
    endloop
  endfacet
  facet normal 0 0 1
    outer loop
      vertex -1.2238235473632812 -30.420886993408203 -6.9850006103515625
      vertex -19 -33 -6.9850006103515625
      vertex -1.1852483749389648 -30.49659538269043 -6.9850006103515625
    endloop
  endfacet
  facet normal 0 0 1
    outer loop
      vertex -1.1852483749389648 -30.49659538269043 -6.9850006103515625
      vertex -19 -33 -6.9850006103515625
      vertex -1.1419954299926758 -30.569732666015625 -6.9850006103515625
    endloop
  endfacet
  facet normal 0 0 1
    outer loop
      vertex -1.1419954299926758 -30.569732666015625 -6.9850006103515625
      vertex -19 -33 -6.9850006103515625
      vertex -1.0942354202270508 -30.6400089263916 -6.9850006103515625
    endloop
  endfacet
  facet normal 0 0 1
    outer loop
      vertex -1.0942354202270508 -30.6400089263916 -6.9850006103515625
      vertex -19 -33 -6.9850006103515625
      vertex -1.0421571731567383 -30.7071475982666 -6.9850006103515625
    endloop
  endfacet
  facet normal 0 0 1
    outer loop
      vertex -1.0421571731567383 -30.7071475982666 -6.9850006103515625
      vertex -19 -33 -6.9850006103515625
      vertex -0.9859657287597656 -30.770883560180664 -6.9850006103515625
    endloop
  endfacet
  facet normal 0 0 1
    outer loop
      vertex -0.9859657287597656 -30.770883560180664 -6.9850006103515625
      vertex -19 -33 -6.9850006103515625
      vertex -0.9258832931518555 -30.83096694946289 -6.9850006103515625
    endloop
  endfacet
  facet normal 0 0 1
    outer loop
      vertex -0.9258832931518555 -30.83096694946289 -6.9850006103515625
      vertex -19 -33 -6.9850006103515625
      vertex -0.862147331237793 -30.887157440185547 -6.9850006103515625
    endloop
  endfacet
  facet normal 0 0 1
    outer loop
      vertex -0.862147331237793 -30.887157440185547 -6.9850006103515625
      vertex -19 -33 -6.9850006103515625
      vertex -0.795008659362793 -30.93923568725586 -6.9850006103515625
    endloop
  endfacet
  facet normal 0 0 1
    outer loop
      vertex -0.795008659362793 -30.93923568725586 -6.9850006103515625
      vertex -19 -33 -6.9850006103515625
      vertex -0.7247323989868164 -30.986995697021484 -6.9850006103515625
    endloop
  endfacet
  facet normal 0 0 1
    outer loop
      vertex -0.7247323989868164 -30.986995697021484 -6.9850006103515625
      vertex -19 -33 -6.9850006103515625
      vertex -0.6515951156616211 -31.03024673461914 -6.9850006103515625
    endloop
  endfacet
  facet normal 0 0 1
    outer loop
      vertex -19 -33 -6.9850006103515625
      vertex -15.032723426818848 -24.443464279174805 -6.9850006103515625
      vertex -15.181900024414062 -24.543140411376953 -6.9850006103515625
    endloop
  endfacet
  facet normal 0 0 1
    outer loop
      vertex -19 -33 -6.9850006103515625
      vertex -15.181900024414062 -24.543140411376953 -6.9850006103515625
      vertex -15.342811584472656 -24.622493743896484 -6.9850006103515625
    endloop
  endfacet
  facet normal 0 0 1
    outer loop
      vertex -19 -33 -6.9850006103515625
      vertex -15.342811584472656 -24.622493743896484 -6.9850006103515625
      vertex -15.512703895568848 -24.680164337158203 -6.9850006103515625
    endloop
  endfacet
  facet normal 0 0 1
    outer loop
      vertex -0.6515951156616211 -31.03024673461914 -6.9850006103515625
      vertex -19 -33 -6.9850006103515625
      vertex -0.5758876800537109 -31.068824768066406 -6.9850006103515625
    endloop
  endfacet
  facet normal 0 0 1
    outer loop
      vertex -19 -33 -6.9850006103515625
      vertex -15.512703895568848 -24.680164337158203 -6.9850006103515625
      vertex -15.688671112060547 -24.715166091918945 -6.9850006103515625
    endloop
  endfacet
  facet normal 0 0 1
    outer loop
      vertex -19 -33 -6.9850006103515625
      vertex -15.688671112060547 -24.715166091918945 -6.9850006103515625
      vertex -15.867700576782227 -24.726900100708008 -6.9850006103515625
    endloop
  endfacet
  facet normal 0 0 1
    outer loop
      vertex -19 -33 -6.9850006103515625
      vertex -15.867700576782227 -24.726900100708008 -6.9850006103515625
      vertex -16.046730041503906 -24.715166091918945 -6.9850006103515625
    endloop
  endfacet
  facet normal 0 0 1
    outer loop
      vertex -19 -33 -6.9850006103515625
      vertex -16.046730041503906 -24.715166091918945 -6.9850006103515625
      vertex -16.22269630432129 -24.680164337158203 -6.9850006103515625
    endloop
  endfacet
  facet normal 0 0 1
    outer loop
      vertex -19 -33 -6.9850006103515625
      vertex -16.22269630432129 -24.680164337158203 -6.9850006103515625
      vertex -16.392589569091797 -24.622493743896484 -6.9850006103515625
    endloop
  endfacet
  facet normal 0 0 1
    outer loop
      vertex -0.08492660522460938 -31.194881439208984 -6.9850006103515625
      vertex -19 -33 -6.9850006103515625
      vertex 12 -33 -6.9850006103515625
    endloop
  endfacet
  facet normal 0 0 1
    outer loop
      vertex -0.25344181060791016 -31.17359161376953 -6.9850006103515625
      vertex -19 -33 -6.9850006103515625
      vertex -0.16951942443847656 -31.1868839263916 -6.9850006103515625
    endloop
  endfacet
  facet normal 0 0 1
    outer loop
      vertex -0.33636474609375 -31.15505599975586 -6.9850006103515625
      vertex -19 -33 -6.9850006103515625
      vertex -0.25344181060791016 -31.17359161376953 -6.9850006103515625
    endloop
  endfacet
  facet normal 0 0 1
    outer loop
      vertex -0.41796016693115234 -31.131351470947266 -6.9850006103515625
      vertex -19 -33 -6.9850006103515625
      vertex -0.33636474609375 -31.15505599975586 -6.9850006103515625
    endloop
  endfacet
  facet normal 0 0 1
    outer loop
      vertex -0.4979066848754883 -31.102569580078125 -6.9850006103515625
      vertex -19 -33 -6.9850006103515625
      vertex -0.41796016693115234 -31.131351470947266 -6.9850006103515625
    endloop
  endfacet
  facet normal 0 0 1
    outer loop
      vertex -0.5758876800537109 -31.068824768066406 -6.9850006103515625
      vertex -19 -33 -6.9850006103515625
      vertex -0.4979066848754883 -31.102569580078125 -6.9850006103515625
    endloop
  endfacet
  facet normal 0 0 1
    outer loop
      vertex -16.55350112915039 -24.543140411376953 -6.9850006103515625
      vertex -19 -33 -6.9850006103515625
      vertex -16.392589569091797 -24.622493743896484 -6.9850006103515625
    endloop
  endfacet
  facet normal 0 0 1
    outer loop
      vertex -16.702678680419922 -24.443464279174805 -6.9850006103515625
      vertex -19 -33 -6.9850006103515625
      vertex -16.55350112915039 -24.543140411376953 -6.9850006103515625
    endloop
  endfacet
  facet normal 0 0 1
    outer loop
      vertex -16.837568283081055 -24.325166702270508 -6.9850006103515625
      vertex -19 -33 -6.9850006103515625
      vertex -16.702678680419922 -24.443464279174805 -6.9850006103515625
    endloop
  endfacet
  facet normal 0 0 1
    outer loop
      vertex -16.95586395263672 -24.190277099609375 -6.9850006103515625
      vertex -19 -33 -6.9850006103515625
      vertex -16.837568283081055 -24.325166702270508 -6.9850006103515625
    endloop
  endfacet
  facet normal 0 0 1
    outer loop
      vertex -17.0555419921875 -24.041099548339844 -6.9850006103515625
      vertex -19 -33 -6.9850006103515625
      vertex -16.95586395263672 -24.190277099609375 -6.9850006103515625
    endloop
  endfacet
  facet normal 0 0 1
    outer loop
      vertex -17.1348934173584 -23.88018798828125 -6.9850006103515625
      vertex -19 -33 -6.9850006103515625
      vertex -17.0555419921875 -24.041099548339844 -6.9850006103515625
    endloop
  endfacet
  facet normal 0 0 1
    outer loop
      vertex -17.192564010620117 -23.710296630859375 -6.9850006103515625
      vertex -19 -33 -6.9850006103515625
      vertex -17.1348934173584 -23.88018798828125 -6.9850006103515625
    endloop
  endfacet
  facet normal 0 0 1
    outer loop
      vertex -17.22756576538086 -23.534330368041992 -6.9850006103515625
      vertex -19 -33 -6.9850006103515625
      vertex -17.192564010620117 -23.710296630859375 -6.9850006103515625
    endloop
  endfacet
  facet normal 0 0 1
    outer loop
      vertex -17.239299774169922 -23.355300903320312 -6.9850006103515625
      vertex -19 -33 -6.9850006103515625
      vertex -17.22756576538086 -23.534330368041992 -6.9850006103515625
    endloop
  endfacet
  facet normal 0 0 1
    outer loop
      vertex -17.22756576538086 -23.17626953125 -6.9850006103515625
      vertex -19 -33 -6.9850006103515625
      vertex -17.239299774169922 -23.355300903320312 -6.9850006103515625
    endloop
  endfacet
  facet normal 0 0 -1
    outer loop
      vertex -14.507834434509277 -3.722330093383789 -9.42199993133545
      vertex -12.40000057220459 -33 -9.42199993133545
      vertex -14.507834434509277 -23.17626953125 -9.42199993133545
    endloop
  endfacet
  facet normal 0 0 -1
    outer loop
      vertex -12.40000057220459 -33 -9.42199993133545
      vertex -14.507834434509277 -3.722330093383789 -9.42199993133545
      vertex -14.496100425720215 -3.5433006286621094 -9.42199993133545
    endloop
  endfacet
  facet normal 0 0 -1
    outer loop
      vertex -14.54283618927002 -23.000303268432617 -9.42199993133545
      vertex -14.507834434509277 -3.722330093383789 -9.42199993133545
      vertex -14.507834434509277 -23.17626953125 -9.42199993133545
    endloop
  endfacet
  facet normal 0 0 -1
    outer loop
      vertex -14.54283618927002 -23.000303268432617 -9.42199993133545
      vertex -14.54283618927002 -3.898296356201172 -9.42199993133545
      vertex -14.507834434509277 -3.722330093383789 -9.42199993133545
    endloop
  endfacet
  facet normal 0 0 -1
    outer loop
      vertex -14.600507736206055 -22.830411911010742 -9.42199993133545
      vertex -14.54283618927002 -3.898296356201172 -9.42199993133545
      vertex -14.54283618927002 -23.000303268432617 -9.42199993133545
    endloop
  endfacet
  facet normal 0 0 -1
    outer loop
      vertex -14.600507736206055 -22.830411911010742 -9.42199993133545
      vertex -14.600507736206055 -4.068188667297363 -9.42199993133545
      vertex -14.54283618927002 -3.898296356201172 -9.42199993133545
    endloop
  endfacet
  facet normal 0 0 -1
    outer loop
      vertex -14.67986011505127 -22.66950035095215 -9.42199993133545
      vertex -14.600507736206055 -4.068188667297363 -9.42199993133545
      vertex -14.600507736206055 -22.830411911010742 -9.42199993133545
    endloop
  endfacet
  facet normal 0 0 -1
    outer loop
      vertex -14.67986011505127 -22.66950035095215 -9.42199993133545
      vertex -14.67986011505127 -4.229100227355957 -9.42199993133545
      vertex -14.600507736206055 -4.068188667297363 -9.42199993133545
    endloop
  endfacet
  facet normal 0 0 -1
    outer loop
      vertex -14.779537200927734 -22.520322799682617 -9.42199993133545
      vertex -14.67986011505127 -4.229100227355957 -9.42199993133545
      vertex -14.67986011505127 -22.66950035095215 -9.42199993133545
    endloop
  endfacet
  facet normal 0 0 -1
    outer loop
      vertex -14.779537200927734 -22.520322799682617 -9.42199993133545
      vertex -14.779537200927734 -4.378277778625488 -9.42199993133545
      vertex -14.67986011505127 -4.229100227355957 -9.42199993133545
    endloop
  endfacet
  facet normal 0 0 -1
    outer loop
      vertex -14.897832870483398 -22.385433197021484 -9.42199993133545
      vertex -14.779537200927734 -4.378277778625488 -9.42199993133545
      vertex -14.779537200927734 -22.520322799682617 -9.42199993133545
    endloop
  endfacet
  facet normal 0 0 -1
    outer loop
      vertex -14.897832870483398 -22.385433197021484 -9.42199993133545
      vertex -14.897832870483398 -4.5131683349609375 -9.42199993133545
      vertex -14.779537200927734 -4.378277778625488 -9.42199993133545
    endloop
  endfacet
  facet normal 0 0 -1
    outer loop
      vertex -15.032723426818848 -22.267135620117188 -9.42199993133545
      vertex -14.897832870483398 -4.5131683349609375 -9.42199993133545
      vertex -14.897832870483398 -22.385433197021484 -9.42199993133545
    endloop
  endfacet
  facet normal 0 0 -1
    outer loop
      vertex -15.032723426818848 -22.267135620117188 -9.42199993133545
      vertex -15.032723426818848 -4.631464004516602 -9.42199993133545
      vertex -14.897832870483398 -4.5131683349609375 -9.42199993133545
    endloop
  endfacet
  facet normal 0 0 -1
    outer loop
      vertex -15.181900024414062 -22.16745948791504 -9.42199993133545
      vertex -15.032723426818848 -4.631464004516602 -9.42199993133545
      vertex -15.032723426818848 -22.267135620117188 -9.42199993133545
    endloop
  endfacet
  facet normal 0 0 -1
    outer loop
      vertex -15.181900024414062 -22.16745948791504 -9.42199993133545
      vertex -15.181900024414062 -4.731141090393066 -9.42199993133545
      vertex -15.032723426818848 -4.631464004516602 -9.42199993133545
    endloop
  endfacet
  facet normal 0 0 -1
    outer loop
      vertex -15.342811584472656 -22.088106155395508 -9.42199993133545
      vertex -15.181900024414062 -4.731141090393066 -9.42199993133545
      vertex -15.181900024414062 -22.16745948791504 -9.42199993133545
    endloop
  endfacet
  facet normal 0 0 -1
    outer loop
      vertex -15.342811584472656 -22.088106155395508 -9.42199993133545
      vertex -15.342811584472656 -4.810493469238281 -9.42199993133545
      vertex -15.181900024414062 -4.731141090393066 -9.42199993133545
    endloop
  endfacet
  facet normal 0 0 -1
    outer loop
      vertex -15.512703895568848 -22.03043556213379 -9.42199993133545
      vertex -15.342811584472656 -4.810493469238281 -9.42199993133545
      vertex -15.342811584472656 -22.088106155395508 -9.42199993133545
    endloop
  endfacet
  facet normal 0 0 -1
    outer loop
      vertex -15.512703895568848 -22.03043556213379 -9.42199993133545
      vertex -15.512703895568848 -4.8681640625 -9.42199993133545
      vertex -15.342811584472656 -4.810493469238281 -9.42199993133545
    endloop
  endfacet
  facet normal 0 0 -1
    outer loop
      vertex -15.688671112060547 -21.995433807373047 -9.42199993133545
      vertex -15.512703895568848 -4.8681640625 -9.42199993133545
      vertex -15.512703895568848 -22.03043556213379 -9.42199993133545
    endloop
  endfacet
  facet normal 0 0 -1
    outer loop
      vertex -15.688671112060547 -21.995433807373047 -9.42199993133545
      vertex -15.688671112060547 -4.903165817260742 -9.42199993133545
      vertex -15.512703895568848 -4.8681640625 -9.42199993133545
    endloop
  endfacet
  facet normal 0 0 -1
    outer loop
      vertex -15.867700576782227 -21.983699798583984 -9.42199993133545
      vertex -15.688671112060547 -4.903165817260742 -9.42199993133545
      vertex -15.688671112060547 -21.995433807373047 -9.42199993133545
    endloop
  endfacet
  facet normal 0 0 -1
    outer loop
      vertex -15.867700576782227 -21.983699798583984 -9.42199993133545
      vertex -15.867700576782227 -4.914900779724121 -9.42199993133545
      vertex -15.688671112060547 -4.903165817260742 -9.42199993133545
    endloop
  endfacet
  facet normal 0 0 -1
    outer loop
      vertex -16.046730041503906 -21.995433807373047 -9.42199993133545
      vertex -15.867700576782227 -4.914900779724121 -9.42199993133545
      vertex -15.867700576782227 -21.983699798583984 -9.42199993133545
    endloop
  endfacet
  facet normal 0 0 -1
    outer loop
      vertex -16.046730041503906 -21.995433807373047 -9.42199993133545
      vertex -16.046730041503906 -4.903165817260742 -9.42199993133545
      vertex -15.867700576782227 -4.914900779724121 -9.42199993133545
    endloop
  endfacet
  facet normal 0 0 -1
    outer loop
      vertex -16.22269630432129 -22.03043556213379 -9.42199993133545
      vertex -16.046730041503906 -4.903165817260742 -9.42199993133545
      vertex -16.046730041503906 -21.995433807373047 -9.42199993133545
    endloop
  endfacet
  facet normal 0 0 -1
    outer loop
      vertex -16.22269630432129 -22.03043556213379 -9.42199993133545
      vertex -16.22269630432129 -4.8681640625 -9.42199993133545
      vertex -16.046730041503906 -4.903165817260742 -9.42199993133545
    endloop
  endfacet
  facet normal 0 0 -1
    outer loop
      vertex -16.392589569091797 -22.088106155395508 -9.42199993133545
      vertex -16.22269630432129 -4.8681640625 -9.42199993133545
      vertex -16.22269630432129 -22.03043556213379 -9.42199993133545
    endloop
  endfacet
  facet normal 0 0 -1
    outer loop
      vertex -16.392589569091797 -22.088106155395508 -9.42199993133545
      vertex -16.392589569091797 -4.810493469238281 -9.42199993133545
      vertex -16.22269630432129 -4.8681640625 -9.42199993133545
    endloop
  endfacet
  facet normal 0 0 -1
    outer loop
      vertex -16.55350112915039 -22.16745948791504 -9.42199993133545
      vertex -16.392589569091797 -4.810493469238281 -9.42199993133545
      vertex -16.392589569091797 -22.088106155395508 -9.42199993133545
    endloop
  endfacet
  facet normal 0 0 -1
    outer loop
      vertex -16.55350112915039 -22.16745948791504 -9.42199993133545
      vertex -16.55350112915039 -4.731141090393066 -9.42199993133545
      vertex -16.392589569091797 -4.810493469238281 -9.42199993133545
    endloop
  endfacet
  facet normal 0 0 -1
    outer loop
      vertex -16.702678680419922 -22.267135620117188 -9.42199993133545
      vertex -16.55350112915039 -4.731141090393066 -9.42199993133545
      vertex -16.55350112915039 -22.16745948791504 -9.42199993133545
    endloop
  endfacet
  facet normal 0 0 -1
    outer loop
      vertex -16.702678680419922 -22.267135620117188 -9.42199993133545
      vertex -16.702678680419922 -4.631464004516602 -9.42199993133545
      vertex -16.55350112915039 -4.731141090393066 -9.42199993133545
    endloop
  endfacet
  facet normal 0 0 -1
    outer loop
      vertex -16.837568283081055 -22.385433197021484 -9.42199993133545
      vertex -16.702678680419922 -4.631464004516602 -9.42199993133545
      vertex -16.702678680419922 -22.267135620117188 -9.42199993133545
    endloop
  endfacet
  facet normal 0 0 -1
    outer loop
      vertex -16.837568283081055 -22.385433197021484 -9.42199993133545
      vertex -16.837568283081055 -4.5131683349609375 -9.42199993133545
      vertex -16.702678680419922 -4.631464004516602 -9.42199993133545
    endloop
  endfacet
  facet normal 0 0 -1
    outer loop
      vertex -16.95586395263672 -22.520322799682617 -9.42199993133545
      vertex -16.837568283081055 -4.5131683349609375 -9.42199993133545
      vertex -16.837568283081055 -22.385433197021484 -9.42199993133545
    endloop
  endfacet
  facet normal 0 0 -1
    outer loop
      vertex -16.95586395263672 -22.520322799682617 -9.42199993133545
      vertex -16.95586395263672 -4.378277778625488 -9.42199993133545
      vertex -16.837568283081055 -4.5131683349609375 -9.42199993133545
    endloop
  endfacet
  facet normal 0 0 -1
    outer loop
      vertex -17.0555419921875 -22.66950035095215 -9.42199993133545
      vertex -16.95586395263672 -4.378277778625488 -9.42199993133545
      vertex -16.95586395263672 -22.520322799682617 -9.42199993133545
    endloop
  endfacet
  facet normal 0 0 -1
    outer loop
      vertex -17.0555419921875 -22.66950035095215 -9.42199993133545
      vertex -17.0555419921875 -4.229100227355957 -9.42199993133545
      vertex -16.95586395263672 -4.378277778625488 -9.42199993133545
    endloop
  endfacet
  facet normal 0 0 -1
    outer loop
      vertex -17.1348934173584 -22.830411911010742 -9.42199993133545
      vertex -17.0555419921875 -4.229100227355957 -9.42199993133545
      vertex -17.0555419921875 -22.66950035095215 -9.42199993133545
    endloop
  endfacet
  facet normal 0 0 -1
    outer loop
      vertex -17.1348934173584 -22.830411911010742 -9.42199993133545
      vertex -17.1348934173584 -4.068188667297363 -9.42199993133545
      vertex -17.0555419921875 -4.229100227355957 -9.42199993133545
    endloop
  endfacet
  facet normal 0 0 -1
    outer loop
      vertex -17.192564010620117 -23.000303268432617 -9.42199993133545
      vertex -17.1348934173584 -4.068188667297363 -9.42199993133545
      vertex -17.1348934173584 -22.830411911010742 -9.42199993133545
    endloop
  endfacet
  facet normal 0 0 -1
    outer loop
      vertex -17.192564010620117 -23.000303268432617 -9.42199993133545
      vertex -17.192564010620117 -3.898296356201172 -9.42199993133545
      vertex -17.1348934173584 -4.068188667297363 -9.42199993133545
    endloop
  endfacet
  facet normal 0 0 -1
    outer loop
      vertex -17.22756576538086 -23.17626953125 -9.42199993133545
      vertex -17.192564010620117 -3.898296356201172 -9.42199993133545
      vertex -17.192564010620117 -23.000303268432617 -9.42199993133545
    endloop
  endfacet
  facet normal 0 0 -1
    outer loop
      vertex -17.22756576538086 -23.17626953125 -9.42199993133545
      vertex -17.22756576538086 -3.722330093383789 -9.42199993133545
      vertex -17.192564010620117 -3.898296356201172 -9.42199993133545
    endloop
  endfacet
  facet normal 0 0 -1
    outer loop
      vertex -19 -33 -9.42199993133545
      vertex -17.22756576538086 -23.17626953125 -9.42199993133545
      vertex -17.239299774169922 -23.355300903320312 -9.42199993133545
    endloop
  endfacet
  facet normal 0 0 -1
    outer loop
      vertex -17.22756576538086 -23.17626953125 -9.42199993133545
      vertex -19 -33 -9.42199993133545
      vertex -17.22756576538086 -3.722330093383789 -9.42199993133545
    endloop
  endfacet
  facet normal 0 0 -1
    outer loop
      vertex -14.507834434509277 -23.17626953125 -9.42199993133545
      vertex -12.40000057220459 -33 -9.42199993133545
      vertex -14.496100425720215 -23.355300903320312 -9.42199993133545
    endloop
  endfacet
  facet normal 0 0 -1
    outer loop
      vertex -12.40000057220459 -33 -9.42199993133545
      vertex -14.507834434509277 -23.534330368041992 -9.42199993133545
      vertex -14.496100425720215 -23.355300903320312 -9.42199993133545
    endloop
  endfacet
  facet normal 0 0 -1
    outer loop
      vertex -12.40000057220459 -33 -9.42199993133545
      vertex -14.54283618927002 -23.710296630859375 -9.42199993133545
      vertex -14.507834434509277 -23.534330368041992 -9.42199993133545
    endloop
  endfacet
  facet normal 0 0 -1
    outer loop
      vertex -12.40000057220459 -33 -9.42199993133545
      vertex -14.600507736206055 -23.88018798828125 -9.42199993133545
      vertex -14.54283618927002 -23.710296630859375 -9.42199993133545
    endloop
  endfacet
  facet normal 0 0 -1
    outer loop
      vertex -12.40000057220459 -33 -9.42199993133545
      vertex -14.67986011505127 -24.041099548339844 -9.42199993133545
      vertex -14.600507736206055 -23.88018798828125 -9.42199993133545
    endloop
  endfacet
  facet normal 0 0 -1
    outer loop
      vertex -12.40000057220459 -33 -9.42199993133545
      vertex -14.779537200927734 -24.190277099609375 -9.42199993133545
      vertex -14.67986011505127 -24.041099548339844 -9.42199993133545
    endloop
  endfacet
  facet normal 0 0 -1
    outer loop
      vertex -12.40000057220459 -33 -9.42199993133545
      vertex -14.897832870483398 -24.325166702270508 -9.42199993133545
      vertex -14.779537200927734 -24.190277099609375 -9.42199993133545
    endloop
  endfacet
  facet normal 0 0 -1
    outer loop
      vertex -12.40000057220459 -33 -9.42199993133545
      vertex -15.032723426818848 -24.443464279174805 -9.42199993133545
      vertex -14.897832870483398 -24.325166702270508 -9.42199993133545
    endloop
  endfacet
  facet normal 0 0 -1
    outer loop
      vertex -12.40000057220459 -33 -9.42199993133545
      vertex -15.181900024414062 -24.543140411376953 -9.42199993133545
      vertex -15.032723426818848 -24.443464279174805 -9.42199993133545
    endloop
  endfacet
  facet normal 0 0 -1
    outer loop
      vertex -12.40000057220459 -33 -9.42199993133545
      vertex -15.342811584472656 -24.622493743896484 -9.42199993133545
      vertex -15.181900024414062 -24.543140411376953 -9.42199993133545
    endloop
  endfacet
  facet normal 0 0 -1
    outer loop
      vertex -12.40000057220459 -33 -9.42199993133545
      vertex -15.512703895568848 -24.680164337158203 -9.42199993133545
      vertex -15.342811584472656 -24.622493743896484 -9.42199993133545
    endloop
  endfacet
  facet normal 0 0 -1
    outer loop
      vertex -12.40000057220459 -33 -9.42199993133545
      vertex -15.688671112060547 -24.715166091918945 -9.42199993133545
      vertex -15.512703895568848 -24.680164337158203 -9.42199993133545
    endloop
  endfacet
  facet normal 0 0 -1
    outer loop
      vertex -12.40000057220459 -33 -9.42199993133545
      vertex -15.867700576782227 -24.726900100708008 -9.42199993133545
      vertex -15.688671112060547 -24.715166091918945 -9.42199993133545
    endloop
  endfacet
  facet normal 0 0 -1
    outer loop
      vertex -19 -33 -9.42199993133545
      vertex -15.867700576782227 -24.726900100708008 -9.42199993133545
      vertex -12.40000057220459 -33 -9.42199993133545
    endloop
  endfacet
  facet normal 0 0 -1
    outer loop
      vertex -15.867700576782227 -24.726900100708008 -9.42199993133545
      vertex -19 -33 -9.42199993133545
      vertex -16.046730041503906 -24.715166091918945 -9.42199993133545
    endloop
  endfacet
  facet normal 0 0 -1
    outer loop
      vertex -16.046730041503906 -24.715166091918945 -9.42199993133545
      vertex -19 -33 -9.42199993133545
      vertex -16.22269630432129 -24.680164337158203 -9.42199993133545
    endloop
  endfacet
  facet normal 0 0 -1
    outer loop
      vertex -16.22269630432129 -24.680164337158203 -9.42199993133545
      vertex -19 -33 -9.42199993133545
      vertex -16.392589569091797 -24.622493743896484 -9.42199993133545
    endloop
  endfacet
  facet normal 0 0 -1
    outer loop
      vertex -16.392589569091797 -24.622493743896484 -9.42199993133545
      vertex -19 -33 -9.42199993133545
      vertex -16.55350112915039 -24.543140411376953 -9.42199993133545
    endloop
  endfacet
  facet normal 0 0 -1
    outer loop
      vertex -16.55350112915039 -24.543140411376953 -9.42199993133545
      vertex -19 -33 -9.42199993133545
      vertex -16.702678680419922 -24.443464279174805 -9.42199993133545
    endloop
  endfacet
  facet normal 0 0 -1
    outer loop
      vertex -16.702678680419922 -24.443464279174805 -9.42199993133545
      vertex -19 -33 -9.42199993133545
      vertex -16.837568283081055 -24.325166702270508 -9.42199993133545
    endloop
  endfacet
  facet normal 0 0 -1
    outer loop
      vertex -16.837568283081055 -24.325166702270508 -9.42199993133545
      vertex -19 -33 -9.42199993133545
      vertex -16.95586395263672 -24.190277099609375 -9.42199993133545
    endloop
  endfacet
  facet normal 0 0 -1
    outer loop
      vertex -17.22756576538086 -3.722330093383789 -9.42199993133545
      vertex -19 -33 -9.42199993133545
      vertex -17.239299774169922 -3.5433006286621094 -9.42199993133545
    endloop
  endfacet
  facet normal 0 0 -1
    outer loop
      vertex -17.22756576538086 -23.534330368041992 -9.42199993133545
      vertex -19 -33 -9.42199993133545
      vertex -17.239299774169922 -23.355300903320312 -9.42199993133545
    endloop
  endfacet
  facet normal 0 0 -1
    outer loop
      vertex -17.192564010620117 -23.710296630859375 -9.42199993133545
      vertex -19 -33 -9.42199993133545
      vertex -17.22756576538086 -23.534330368041992 -9.42199993133545
    endloop
  endfacet
  facet normal 0 0 -1
    outer loop
      vertex -17.1348934173584 -23.88018798828125 -9.42199993133545
      vertex -19 -33 -9.42199993133545
      vertex -17.192564010620117 -23.710296630859375 -9.42199993133545
    endloop
  endfacet
  facet normal 0 0 -1
    outer loop
      vertex -17.0555419921875 -24.041099548339844 -9.42199993133545
      vertex -19 -33 -9.42199993133545
      vertex -17.1348934173584 -23.88018798828125 -9.42199993133545
    endloop
  endfacet
  facet normal 0 0 -1
    outer loop
      vertex -16.95586395263672 -24.190277099609375 -9.42199993133545
      vertex -19 -33 -9.42199993133545
      vertex -17.0555419921875 -24.041099548339844 -9.42199993133545
    endloop
  endfacet
  facet normal 0 0 -1
    outer loop
      vertex -12.40000057220459 -33 -9.42199993133545
      vertex -14.496100425720215 -3.5433006286621094 -9.42199993133545
      vertex -12.40000057220459 18 -9.42199993133545
    endloop
  endfacet
  facet normal 0 0 -1
    outer loop
      vertex -14.507834434509277 -3.3642711639404297 -9.42199993133545
      vertex -12.40000057220459 18 -9.42199993133545
      vertex -14.496100425720215 -3.5433006286621094 -9.42199993133545
    endloop
  endfacet
  facet normal 0 0 -1
    outer loop
      vertex -14.54283618927002 -3.1883039474487305 -9.42199993133545
      vertex -12.40000057220459 18 -9.42199993133545
      vertex -14.507834434509277 -3.3642711639404297 -9.42199993133545
    endloop
  endfacet
  facet normal 0 0 -1
    outer loop
      vertex -14.600507736206055 -3.018411636352539 -9.42199993133545
      vertex -12.40000057220459 18 -9.42199993133545
      vertex -14.54283618927002 -3.1883039474487305 -9.42199993133545
    endloop
  endfacet
  facet normal 0 0 -1
    outer loop
      vertex -14.67986011505127 -2.8575000762939453 -9.42199993133545
      vertex -12.40000057220459 18 -9.42199993133545
      vertex -14.600507736206055 -3.018411636352539 -9.42199993133545
    endloop
  endfacet
  facet normal 0 0 -1
    outer loop
      vertex -14.779537200927734 -2.7083234786987305 -9.42199993133545
      vertex -12.40000057220459 18 -9.42199993133545
      vertex -14.67986011505127 -2.8575000762939453 -9.42199993133545
    endloop
  endfacet
  facet normal 0 0 -1
    outer loop
      vertex -14.897832870483398 -2.5734329223632812 -9.42199993133545
      vertex -12.40000057220459 18 -9.42199993133545
      vertex -14.779537200927734 -2.7083234786987305 -9.42199993133545
    endloop
  endfacet
  facet normal 0 0 -1
    outer loop
      vertex -15.032723426818848 -2.455137252807617 -9.42199993133545
      vertex -12.40000057220459 18 -9.42199993133545
      vertex -14.897832870483398 -2.5734329223632812 -9.42199993133545
    endloop
  endfacet
  facet normal 0 0 -1
    outer loop
      vertex -15.181900024414062 -2.3554601669311523 -9.42199993133545
      vertex -12.40000057220459 18 -9.42199993133545
      vertex -15.032723426818848 -2.455137252807617 -9.42199993133545
    endloop
  endfacet
  facet normal 0 0 -1
    outer loop
      vertex -15.342811584472656 -2.276106834411621 -9.42199993133545
      vertex -12.40000057220459 18 -9.42199993133545
      vertex -15.181900024414062 -2.3554601669311523 -9.42199993133545
    endloop
  endfacet
  facet normal 0 0 -1
    outer loop
      vertex -15.512703895568848 -2.2184362411499023 -9.42199993133545
      vertex -12.40000057220459 18 -9.42199993133545
      vertex -15.342811584472656 -2.276106834411621 -9.42199993133545
    endloop
  endfacet
  facet normal 0 0 -1
    outer loop
      vertex -15.688671112060547 -2.18343448638916 -9.42199993133545
      vertex -12.40000057220459 18 -9.42199993133545
      vertex -15.512703895568848 -2.2184362411499023 -9.42199993133545
    endloop
  endfacet
  facet normal 0 0 -1
    outer loop
      vertex -15.867700576782227 -2.1717004776000977 -9.42199993133545
      vertex -12.40000057220459 18 -9.42199993133545
      vertex -15.688671112060547 -2.18343448638916 -9.42199993133545
    endloop
  endfacet
  facet normal 0 0 -1
    outer loop
      vertex -19 18 -9.42199993133545
      vertex -15.867700576782227 -2.1717004776000977 -9.42199993133545
      vertex -16.046730041503906 -2.18343448638916 -9.42199993133545
    endloop
  endfacet
  facet normal 0 0 -1
    outer loop
      vertex -19 18 -9.42199993133545
      vertex -16.046730041503906 -2.18343448638916 -9.42199993133545
      vertex -16.22269630432129 -2.2184362411499023 -9.42199993133545
    endloop
  endfacet
  facet normal 0 0 -1
    outer loop
      vertex -19 18 -9.42199993133545
      vertex -16.22269630432129 -2.2184362411499023 -9.42199993133545
      vertex -16.392589569091797 -2.276106834411621 -9.42199993133545
    endloop
  endfacet
  facet normal 0 0 -1
    outer loop
      vertex -19 18 -9.42199993133545
      vertex -16.392589569091797 -2.276106834411621 -9.42199993133545
      vertex -16.55350112915039 -2.3554601669311523 -9.42199993133545
    endloop
  endfacet
  facet normal 0 0 -1
    outer loop
      vertex -19 18 -9.42199993133545
      vertex -16.55350112915039 -2.3554601669311523 -9.42199993133545
      vertex -16.702678680419922 -2.455137252807617 -9.42199993133545
    endloop
  endfacet
  facet normal 0 0 -1
    outer loop
      vertex -19 18 -9.42199993133545
      vertex -16.702678680419922 -2.455137252807617 -9.42199993133545
      vertex -16.837568283081055 -2.5734329223632812 -9.42199993133545
    endloop
  endfacet
  facet normal 0 0 -1
    outer loop
      vertex -19 18 -9.42199993133545
      vertex -16.837568283081055 -2.5734329223632812 -9.42199993133545
      vertex -16.95586395263672 -2.7083234786987305 -9.42199993133545
    endloop
  endfacet
  facet normal 0 0 -1
    outer loop
      vertex -19 18 -9.42199993133545
      vertex -16.95586395263672 -2.7083234786987305 -9.42199993133545
      vertex -17.0555419921875 -2.8575000762939453 -9.42199993133545
    endloop
  endfacet
  facet normal 0 0 -1
    outer loop
      vertex -19 18 -9.42199993133545
      vertex -17.0555419921875 -2.8575000762939453 -9.42199993133545
      vertex -17.1348934173584 -3.018411636352539 -9.42199993133545
    endloop
  endfacet
  facet normal 0 0 -1
    outer loop
      vertex -19 18 -9.42199993133545
      vertex -17.1348934173584 -3.018411636352539 -9.42199993133545
      vertex -17.192564010620117 -3.1883039474487305 -9.42199993133545
    endloop
  endfacet
  facet normal 0 0 -1
    outer loop
      vertex -15.867700576782227 -2.1717004776000977 -9.42199993133545
      vertex -19 18 -9.42199993133545
      vertex -12.40000057220459 18 -9.42199993133545
    endloop
  endfacet
  facet normal 0 0 -1
    outer loop
      vertex -17.22756576538086 -3.3642711639404297 -9.42199993133545
      vertex -19 18 -9.42199993133545
      vertex -17.192564010620117 -3.1883039474487305 -9.42199993133545
    endloop
  endfacet
  facet normal 0 0 -1
    outer loop
      vertex -17.239299774169922 -3.5433006286621094 -9.42199993133545
      vertex -19 18 -9.42199993133545
      vertex -17.22756576538086 -3.3642711639404297 -9.42199993133545
    endloop
  endfacet
  facet normal 0 0 -1
    outer loop
      vertex -19 18 -9.42199993133545
      vertex -17.239299774169922 -3.5433006286621094 -9.42199993133545
      vertex -19 -33 -9.42199993133545
    endloop
  endfacet
  facet normal -1 0 0
    outer loop
      vertex -19 -33 -9.42199993133545
      vertex -19 18 -6.9850006103515625
      vertex -19 18 -9.42199993133545
    endloop
  endfacet
  facet normal -1 0 0
    outer loop
      vertex -19 18 -6.9850006103515625
      vertex -19 -33 -9.42199993133545
      vertex -19 -33 -6.9850006103515625
    endloop
  endfacet
  facet normal 0 1 0
    outer loop
      vertex 12 18 -6.9850006103515625
      vertex -12.40000057220459 18 -9.42199993133545
      vertex -19 18 -6.9850006103515625
    endloop
  endfacet
  facet normal 0 1 0
    outer loop
      vertex 12 18 -12.0649995803833
      vertex -12.40000057220459 18 -9.42199993133545
      vertex 12 18 -6.9850006103515625
    endloop
  endfacet
  facet normal 0 1 0
    outer loop
      vertex -12.40000057220459 18 -9.42199993133545
      vertex 12 18 -12.0649995803833
      vertex -12.40000057220459 18 -12.0649995803833
    endloop
  endfacet
  facet normal 0 1 0
    outer loop
      vertex -19 18 -6.9850006103515625
      vertex -12.40000057220459 18 -9.42199993133545
      vertex -19 18 -9.42199993133545
    endloop
  endfacet
  facet normal 0 -1 0
    outer loop
      vertex -12.40000057220459 -33 -9.42199993133545
      vertex -19 -33 -6.9850006103515625
      vertex -19 -33 -9.42199993133545
    endloop
  endfacet
  facet normal 0 -1 0
    outer loop
      vertex -19 -33 -6.9850006103515625
      vertex -12.40000057220459 -33 -9.42199993133545
      vertex 12 -33 -6.9850006103515625
    endloop
  endfacet
  facet normal 0 -1 0
    outer loop
      vertex 12 -33 -12.0649995803833
      vertex -12.40000057220459 -33 -9.42199993133545
      vertex -12.40000057220459 -33 -12.0649995803833
    endloop
  endfacet
  facet normal 0 -1 0
    outer loop
      vertex -12.40000057220459 -33 -9.42199993133545
      vertex 12 -33 -12.0649995803833
      vertex 12 -33 -6.9850006103515625
    endloop
  endfacet
  facet normal 0 0 -1
    outer loop
      vertex 1.3418846130371094 -29.675479888916016 -12.0649995803833
      vertex 12 -33 -12.0649995803833
      vertex 1.3498802185058594 -29.76007080078125 -12.0649995803833
    endloop
  endfacet
  facet normal 0 0 -1
    outer loop
      vertex 12 -33 -12.0649995803833
      vertex 1.3498802185058594 14.520071983337402 -12.0649995803833
      vertex 1.3525495529174805 14.604999542236328 -12.0649995803833
    endloop
  endfacet
  facet normal 0 0 -1
    outer loop
      vertex 1.328592300415039 -29.591556549072266 -12.0649995803833
      vertex 12 -33 -12.0649995803833
      vertex 1.3418846130371094 -29.675479888916016 -12.0649995803833
    endloop
  endfacet
  facet normal 0 0 -1
    outer loop
      vertex 12 -33 -12.0649995803833
      vertex 1.3418846130371094 14.435480117797852 -12.0649995803833
      vertex 1.3498802185058594 14.520071983337402 -12.0649995803833
    endloop
  endfacet
  facet normal 0 0 -1
    outer loop
      vertex 1.3100566864013672 -29.50863265991211 -12.0649995803833
      vertex 12 -33 -12.0649995803833
      vertex 1.328592300415039 -29.591556549072266 -12.0649995803833
    endloop
  endfacet
  facet normal 0 0 -1
    outer loop
      vertex 12 -33 -12.0649995803833
      vertex 1.328592300415039 14.351556777954102 -12.0649995803833
      vertex 1.3418846130371094 14.435480117797852 -12.0649995803833
    endloop
  endfacet
  facet normal 0 0 -1
    outer loop
      vertex 1.286351203918457 -29.427038192749023 -12.0649995803833
      vertex 12 -33 -12.0649995803833
      vertex 1.3100566864013672 -29.50863265991211 -12.0649995803833
    endloop
  endfacet
  facet normal 0 0 -1
    outer loop
      vertex 12 -33 -12.0649995803833
      vertex 1.3100566864013672 14.268633842468262 -12.0649995803833
      vertex 1.328592300415039 14.351556777954102 -12.0649995803833
    endloop
  endfacet
  facet normal 0 0 -1
    outer loop
      vertex 1.257568359375 -29.347091674804688 -12.0649995803833
      vertex 12 -33 -12.0649995803833
      vertex 1.286351203918457 -29.427038192749023 -12.0649995803833
    endloop
  endfacet
  facet normal 0 0 -1
    outer loop
      vertex 12 -33 -12.0649995803833
      vertex 1.286351203918457 14.18703842163086 -12.0649995803833
      vertex 1.3100566864013672 14.268633842468262 -12.0649995803833
    endloop
  endfacet
  facet normal 0 0 -1
    outer loop
      vertex 1.2238235473632812 -29.26911163330078 -12.0649995803833
      vertex 12 -33 -12.0649995803833
      vertex 1.257568359375 -29.347091674804688 -12.0649995803833
    endloop
  endfacet
  facet normal 0 0 -1
    outer loop
      vertex 12 -33 -12.0649995803833
      vertex 1.257568359375 14.10709285736084 -12.0649995803833
      vertex 1.286351203918457 14.18703842163086 -12.0649995803833
    endloop
  endfacet
  facet normal 0 0 -1
    outer loop
      vertex 1.1852483749389648 -29.193403244018555 -12.0649995803833
      vertex 12 -33 -12.0649995803833
      vertex 1.2238235473632812 -29.26911163330078 -12.0649995803833
    endloop
  endfacet
  facet normal 0 0 -1
    outer loop
      vertex 12 -33 -12.0649995803833
      vertex 1.2238235473632812 14.029111862182617 -12.0649995803833
      vertex 1.257568359375 14.10709285736084 -12.0649995803833
    endloop
  endfacet
  facet normal 0 0 -1
    outer loop
      vertex 1.1419954299926758 -29.12026596069336 -12.0649995803833
      vertex 12 -33 -12.0649995803833
      vertex 1.1852483749389648 -29.193403244018555 -12.0649995803833
    endloop
  endfacet
  facet normal 0 0 -1
    outer loop
      vertex 12 -33 -12.0649995803833
      vertex 1.1852483749389648 13.95340347290039 -12.0649995803833
      vertex 1.2238235473632812 14.029111862182617 -12.0649995803833
    endloop
  endfacet
  facet normal 0 0 -1
    outer loop
      vertex 1.0942354202270508 -29.049991607666016 -12.0649995803833
      vertex 12 -33 -12.0649995803833
      vertex 1.1419954299926758 -29.12026596069336 -12.0649995803833
    endloop
  endfacet
  facet normal 0 0 -1
    outer loop
      vertex 12 -33 -12.0649995803833
      vertex 1.1419954299926758 13.880267143249512 -12.0649995803833
      vertex 1.1852483749389648 13.95340347290039 -12.0649995803833
    endloop
  endfacet
  facet normal 0 0 -1
    outer loop
      vertex 1.0421571731567383 -28.982852935791016 -12.0649995803833
      vertex 12 -33 -12.0649995803833
      vertex 1.0942354202270508 -29.049991607666016 -12.0649995803833
    endloop
  endfacet
  facet normal 0 0 -1
    outer loop
      vertex 12 -33 -12.0649995803833
      vertex 1.0942354202270508 13.809990882873535 -12.0649995803833
      vertex 1.1419954299926758 13.880267143249512 -12.0649995803833
    endloop
  endfacet
  facet normal 0 0 -1
    outer loop
      vertex 0.9859657287597656 -28.91911506652832 -12.0649995803833
      vertex 12 -33 -12.0649995803833
      vertex 1.0421571731567383 -28.982852935791016 -12.0649995803833
    endloop
  endfacet
  facet normal 0 0 -1
    outer loop
      vertex 12 -33 -12.0649995803833
      vertex 1.0421571731567383 13.742851257324219 -12.0649995803833
      vertex 1.0942354202270508 13.809990882873535 -12.0649995803833
    endloop
  endfacet
  facet normal 0 0 -1
    outer loop
      vertex 0.9258832931518555 -28.859031677246094 -12.0649995803833
      vertex 12 -33 -12.0649995803833
      vertex 0.9859657287597656 -28.91911506652832 -12.0649995803833
    endloop
  endfacet
  facet normal 0 0 -1
    outer loop
      vertex 12 -33 -12.0649995803833
      vertex 0.9859657287597656 13.679115295410156 -12.0649995803833
      vertex 1.0421571731567383 13.742851257324219 -12.0649995803833
    endloop
  endfacet
  facet normal 0 0 -1
    outer loop
      vertex 0.862147331237793 -28.802841186523438 -12.0649995803833
      vertex 12 -33 -12.0649995803833
      vertex 0.9258832931518555 -28.859031677246094 -12.0649995803833
    endloop
  endfacet
  facet normal 0 0 -1
    outer loop
      vertex 12 -33 -12.0649995803833
      vertex 0.9258832931518555 13.619032859802246 -12.0649995803833
      vertex 0.9859657287597656 13.679115295410156 -12.0649995803833
    endloop
  endfacet
  facet normal 0 0 -1
    outer loop
      vertex 0.795008659362793 -28.750762939453125 -12.0649995803833
      vertex 12 -33 -12.0649995803833
      vertex 0.862147331237793 -28.802841186523438 -12.0649995803833
    endloop
  endfacet
  facet normal 0 0 -1
    outer loop
      vertex 12 -33 -12.0649995803833
      vertex 0.862147331237793 13.562841415405273 -12.0649995803833
      vertex 0.9258832931518555 13.619032859802246 -12.0649995803833
    endloop
  endfacet
  facet normal 0 0 -1
    outer loop
      vertex 0.795008659362793 13.510763168334961 -12.0649995803833
      vertex 12 -33 -12.0649995803833
      vertex 0.795008659362793 -28.750762939453125 -12.0649995803833
    endloop
  endfacet
  facet normal 0 0 -1
    outer loop
      vertex 12 -33 -12.0649995803833
      vertex 0.795008659362793 13.510763168334961 -12.0649995803833
      vertex 0.862147331237793 13.562841415405273 -12.0649995803833
    endloop
  endfacet
  facet normal 0 0 -1
    outer loop
      vertex 0.7247323989868164 -28.7030029296875 -12.0649995803833
      vertex 0.795008659362793 13.510763168334961 -12.0649995803833
      vertex 0.795008659362793 -28.750762939453125 -12.0649995803833
    endloop
  endfacet
  facet normal 0 0 -1
    outer loop
      vertex 0.7247323989868164 -28.7030029296875 -12.0649995803833
      vertex 0.7247323989868164 13.463004112243652 -12.0649995803833
      vertex 0.795008659362793 13.510763168334961 -12.0649995803833
    endloop
  endfacet
  facet normal 0 0 -1
    outer loop
      vertex 0.6515951156616211 -28.659751892089844 -12.0649995803833
      vertex 0.7247323989868164 13.463004112243652 -12.0649995803833
      vertex 0.7247323989868164 -28.7030029296875 -12.0649995803833
    endloop
  endfacet
  facet normal 0 0 -1
    outer loop
      vertex 0.6515951156616211 -28.659751892089844 -12.0649995803833
      vertex 0.6515951156616211 13.419751167297363 -12.0649995803833
      vertex 0.7247323989868164 13.463004112243652 -12.0649995803833
    endloop
  endfacet
  facet normal 0 0 -1
    outer loop
      vertex 0.5758876800537109 -28.62117576599121 -12.0649995803833
      vertex 0.6515951156616211 13.419751167297363 -12.0649995803833
      vertex 0.6515951156616211 -28.659751892089844 -12.0649995803833
    endloop
  endfacet
  facet normal 0 0 -1
    outer loop
      vertex 0.5758876800537109 -28.62117576599121 -12.0649995803833
      vertex 0.5758876800537109 13.381175994873047 -12.0649995803833
      vertex 0.6515951156616211 13.419751167297363 -12.0649995803833
    endloop
  endfacet
  facet normal 0 0 -1
    outer loop
      vertex 0.4979066848754883 -28.58742904663086 -12.0649995803833
      vertex 0.5758876800537109 13.381175994873047 -12.0649995803833
      vertex 0.5758876800537109 -28.62117576599121 -12.0649995803833
    endloop
  endfacet
  facet normal 0 0 -1
    outer loop
      vertex 0.4979066848754883 -28.58742904663086 -12.0649995803833
      vertex 0.4979066848754883 13.347430229187012 -12.0649995803833
      vertex 0.5758876800537109 13.381175994873047 -12.0649995803833
    endloop
  endfacet
  facet normal 0 0 -1
    outer loop
      vertex 0.41796016693115234 -28.55864715576172 -12.0649995803833
      vertex 0.4979066848754883 13.347430229187012 -12.0649995803833
      vertex 0.4979066848754883 -28.58742904663086 -12.0649995803833
    endloop
  endfacet
  facet normal 0 0 -1
    outer loop
      vertex 0.41796016693115234 -28.55864715576172 -12.0649995803833
      vertex 0.41796016693115234 13.318648338317871 -12.0649995803833
      vertex 0.4979066848754883 13.347430229187012 -12.0649995803833
    endloop
  endfacet
  facet normal 0 0 -1
    outer loop
      vertex 0.33636474609375 -28.534942626953125 -12.0649995803833
      vertex 0.41796016693115234 13.318648338317871 -12.0649995803833
      vertex 0.41796016693115234 -28.55864715576172 -12.0649995803833
    endloop
  endfacet
  facet normal 0 0 -1
    outer loop
      vertex 0.33636474609375 -28.534942626953125 -12.0649995803833
      vertex 0.33636474609375 13.294941902160645 -12.0649995803833
      vertex 0.41796016693115234 13.318648338317871 -12.0649995803833
    endloop
  endfacet
  facet normal 0 0 -1
    outer loop
      vertex 0.25344181060791016 -28.516407012939453 -12.0649995803833
      vertex 0.33636474609375 13.294941902160645 -12.0649995803833
      vertex 0.33636474609375 -28.534942626953125 -12.0649995803833
    endloop
  endfacet
  facet normal 0 0 -1
    outer loop
      vertex 0.25344181060791016 -28.516407012939453 -12.0649995803833
      vertex 0.25344181060791016 13.276407241821289 -12.0649995803833
      vertex 0.33636474609375 13.294941902160645 -12.0649995803833
    endloop
  endfacet
  facet normal 0 0 -1
    outer loop
      vertex 0.16951942443847656 -28.503114700317383 -12.0649995803833
      vertex 0.25344181060791016 13.276407241821289 -12.0649995803833
      vertex 0.25344181060791016 -28.516407012939453 -12.0649995803833
    endloop
  endfacet
  facet normal 0 0 -1
    outer loop
      vertex 0.16951942443847656 -28.503114700317383 -12.0649995803833
      vertex 0.16951942443847656 13.263114929199219 -12.0649995803833
      vertex 0.25344181060791016 13.276407241821289 -12.0649995803833
    endloop
  endfacet
  facet normal 0 0 -1
    outer loop
      vertex 0.08492660522460938 -28.4951171875 -12.0649995803833
      vertex 0.16951942443847656 13.263114929199219 -12.0649995803833
      vertex 0.16951942443847656 -28.503114700317383 -12.0649995803833
    endloop
  endfacet
  facet normal 0 0 -1
    outer loop
      vertex 0.08492660522460938 -28.4951171875 -12.0649995803833
      vertex 0.08492660522460938 13.255118370056152 -12.0649995803833
      vertex 0.16951942443847656 13.263114929199219 -12.0649995803833
    endloop
  endfacet
  facet normal 0 0 -1
    outer loop
      vertex 0 -28.492450714111328 -12.0649995803833
      vertex 0.08492660522460938 13.255118370056152 -12.0649995803833
      vertex 0.08492660522460938 -28.4951171875 -12.0649995803833
    endloop
  endfacet
  facet normal 0 0 -1
    outer loop
      vertex 0 -28.492450714111328 -12.0649995803833
      vertex 0 13.252449989318848 -12.0649995803833
      vertex 0.08492660522460938 13.255118370056152 -12.0649995803833
    endloop
  endfacet
  facet normal 0 0 -1
    outer loop
      vertex -0.08492660522460938 -28.4951171875 -12.0649995803833
      vertex 0 13.252449989318848 -12.0649995803833
      vertex 0 -28.492450714111328 -12.0649995803833
    endloop
  endfacet
  facet normal 0 0 -1
    outer loop
      vertex -0.08492660522460938 -28.4951171875 -12.0649995803833
      vertex -0.08492660522460938 13.255118370056152 -12.0649995803833
      vertex 0 13.252449989318848 -12.0649995803833
    endloop
  endfacet
  facet normal 0 0 -1
    outer loop
      vertex -0.16951942443847656 -28.503114700317383 -12.0649995803833
      vertex -0.08492660522460938 13.255118370056152 -12.0649995803833
      vertex -0.08492660522460938 -28.4951171875 -12.0649995803833
    endloop
  endfacet
  facet normal 0 0 -1
    outer loop
      vertex -0.16951942443847656 -28.503114700317383 -12.0649995803833
      vertex -0.16951942443847656 13.263114929199219 -12.0649995803833
      vertex -0.08492660522460938 13.255118370056152 -12.0649995803833
    endloop
  endfacet
  facet normal 0 0 -1
    outer loop
      vertex -0.25344181060791016 -28.516407012939453 -12.0649995803833
      vertex -0.16951942443847656 13.263114929199219 -12.0649995803833
      vertex -0.16951942443847656 -28.503114700317383 -12.0649995803833
    endloop
  endfacet
  facet normal 0 0 -1
    outer loop
      vertex -0.25344181060791016 -28.516407012939453 -12.0649995803833
      vertex -0.25344181060791016 13.276407241821289 -12.0649995803833
      vertex -0.16951942443847656 13.263114929199219 -12.0649995803833
    endloop
  endfacet
  facet normal 0 0 -1
    outer loop
      vertex -0.33636474609375 -28.534942626953125 -12.0649995803833
      vertex -0.25344181060791016 13.276407241821289 -12.0649995803833
      vertex -0.25344181060791016 -28.516407012939453 -12.0649995803833
    endloop
  endfacet
  facet normal 0 0 -1
    outer loop
      vertex -0.33636474609375 -28.534942626953125 -12.0649995803833
      vertex -0.33636474609375 13.294941902160645 -12.0649995803833
      vertex -0.25344181060791016 13.276407241821289 -12.0649995803833
    endloop
  endfacet
  facet normal 0 0 -1
    outer loop
      vertex -0.41796016693115234 -28.55864715576172 -12.0649995803833
      vertex -0.33636474609375 13.294941902160645 -12.0649995803833
      vertex -0.33636474609375 -28.534942626953125 -12.0649995803833
    endloop
  endfacet
  facet normal 0 0 -1
    outer loop
      vertex -0.41796016693115234 -28.55864715576172 -12.0649995803833
      vertex -0.41796016693115234 13.318648338317871 -12.0649995803833
      vertex -0.33636474609375 13.294941902160645 -12.0649995803833
    endloop
  endfacet
  facet normal 0 0 -1
    outer loop
      vertex -0.4979066848754883 -28.58742904663086 -12.0649995803833
      vertex -0.41796016693115234 13.318648338317871 -12.0649995803833
      vertex -0.41796016693115234 -28.55864715576172 -12.0649995803833
    endloop
  endfacet
  facet normal 0 0 -1
    outer loop
      vertex -0.4979066848754883 -28.58742904663086 -12.0649995803833
      vertex -0.4979066848754883 13.347430229187012 -12.0649995803833
      vertex -0.41796016693115234 13.318648338317871 -12.0649995803833
    endloop
  endfacet
  facet normal 0 0 -1
    outer loop
      vertex -0.5758876800537109 -28.62117576599121 -12.0649995803833
      vertex -0.4979066848754883 13.347430229187012 -12.0649995803833
      vertex -0.4979066848754883 -28.58742904663086 -12.0649995803833
    endloop
  endfacet
  facet normal 0 0 -1
    outer loop
      vertex -0.5758876800537109 -28.62117576599121 -12.0649995803833
      vertex -0.5758876800537109 13.381175994873047 -12.0649995803833
      vertex -0.4979066848754883 13.347430229187012 -12.0649995803833
    endloop
  endfacet
  facet normal 0 0 -1
    outer loop
      vertex -0.6515951156616211 -28.659751892089844 -12.0649995803833
      vertex -0.5758876800537109 13.381175994873047 -12.0649995803833
      vertex -0.5758876800537109 -28.62117576599121 -12.0649995803833
    endloop
  endfacet
  facet normal 0 0 -1
    outer loop
      vertex -0.6515951156616211 -28.659751892089844 -12.0649995803833
      vertex -0.6515951156616211 13.419751167297363 -12.0649995803833
      vertex -0.5758876800537109 13.381175994873047 -12.0649995803833
    endloop
  endfacet
  facet normal 0 0 -1
    outer loop
      vertex -0.7247323989868164 -28.7030029296875 -12.0649995803833
      vertex -0.6515951156616211 13.419751167297363 -12.0649995803833
      vertex -0.6515951156616211 -28.659751892089844 -12.0649995803833
    endloop
  endfacet
  facet normal 0 0 -1
    outer loop
      vertex -0.7247323989868164 -28.7030029296875 -12.0649995803833
      vertex -0.7247323989868164 13.463004112243652 -12.0649995803833
      vertex -0.6515951156616211 13.419751167297363 -12.0649995803833
    endloop
  endfacet
  facet normal 0 0 -1
    outer loop
      vertex -0.795008659362793 -28.750762939453125 -12.0649995803833
      vertex -0.7247323989868164 13.463004112243652 -12.0649995803833
      vertex -0.7247323989868164 -28.7030029296875 -12.0649995803833
    endloop
  endfacet
  facet normal 0 0 -1
    outer loop
      vertex -0.795008659362793 -28.750762939453125 -12.0649995803833
      vertex -0.795008659362793 13.510763168334961 -12.0649995803833
      vertex -0.7247323989868164 13.463004112243652 -12.0649995803833
    endloop
  endfacet
  facet normal 0 0 -1
    outer loop
      vertex -12.40000057220459 -33 -12.0649995803833
      vertex -0.795008659362793 -28.750762939453125 -12.0649995803833
      vertex -0.862147331237793 -28.802841186523438 -12.0649995803833
    endloop
  endfacet
  facet normal 0 0 -1
    outer loop
      vertex -0.795008659362793 -28.750762939453125 -12.0649995803833
      vertex -12.40000057220459 -33 -12.0649995803833
      vertex -0.795008659362793 13.510763168334961 -12.0649995803833
    endloop
  endfacet
  facet normal 0 0 -1
    outer loop
      vertex -12.40000057220459 -33 -12.0649995803833
      vertex -0.862147331237793 -28.802841186523438 -12.0649995803833
      vertex -0.9258832931518555 -28.859031677246094 -12.0649995803833
    endloop
  endfacet
  facet normal 0 0 -1
    outer loop
      vertex -12.40000057220459 18 -12.0649995803833
      vertex -0.795008659362793 13.510763168334961 -12.0649995803833
      vertex -12.40000057220459 -33 -12.0649995803833
    endloop
  endfacet
  facet normal 0 0 -1
    outer loop
      vertex -12.40000057220459 -33 -12.0649995803833
      vertex -0.9258832931518555 -28.859031677246094 -12.0649995803833
      vertex -0.9859657287597656 -28.91911506652832 -12.0649995803833
    endloop
  endfacet
  facet normal 0 0 -1
    outer loop
      vertex -0.795008659362793 13.510763168334961 -12.0649995803833
      vertex -12.40000057220459 18 -12.0649995803833
      vertex -0.862147331237793 13.562841415405273 -12.0649995803833
    endloop
  endfacet
  facet normal 0 0 -1
    outer loop
      vertex -12.40000057220459 -33 -12.0649995803833
      vertex -0.9859657287597656 -28.91911506652832 -12.0649995803833
      vertex -1.0421571731567383 -28.982852935791016 -12.0649995803833
    endloop
  endfacet
  facet normal 0 0 -1
    outer loop
      vertex -0.862147331237793 13.562841415405273 -12.0649995803833
      vertex -12.40000057220459 18 -12.0649995803833
      vertex -0.9258832931518555 13.619032859802246 -12.0649995803833
    endloop
  endfacet
  facet normal 0 0 -1
    outer loop
      vertex -12.40000057220459 -33 -12.0649995803833
      vertex -1.0421571731567383 -28.982852935791016 -12.0649995803833
      vertex -1.0942354202270508 -29.049991607666016 -12.0649995803833
    endloop
  endfacet
  facet normal 0 0 -1
    outer loop
      vertex -0.9258832931518555 13.619032859802246 -12.0649995803833
      vertex -12.40000057220459 18 -12.0649995803833
      vertex -0.9859657287597656 13.679115295410156 -12.0649995803833
    endloop
  endfacet
  facet normal 0 0 -1
    outer loop
      vertex -12.40000057220459 -33 -12.0649995803833
      vertex -1.0942354202270508 -29.049991607666016 -12.0649995803833
      vertex -1.1419954299926758 -29.12026596069336 -12.0649995803833
    endloop
  endfacet
  facet normal 0 0 -1
    outer loop
      vertex -0.9859657287597656 13.679115295410156 -12.0649995803833
      vertex -12.40000057220459 18 -12.0649995803833
      vertex -1.0421571731567383 13.742851257324219 -12.0649995803833
    endloop
  endfacet
  facet normal 0 0 -1
    outer loop
      vertex -12.40000057220459 -33 -12.0649995803833
      vertex -1.1419954299926758 -29.12026596069336 -12.0649995803833
      vertex -1.1852483749389648 -29.193403244018555 -12.0649995803833
    endloop
  endfacet
  facet normal 0 0 -1
    outer loop
      vertex -1.0421571731567383 13.742851257324219 -12.0649995803833
      vertex -12.40000057220459 18 -12.0649995803833
      vertex -1.0942354202270508 13.809990882873535 -12.0649995803833
    endloop
  endfacet
  facet normal 0 0 -1
    outer loop
      vertex -12.40000057220459 -33 -12.0649995803833
      vertex -1.1852483749389648 -29.193403244018555 -12.0649995803833
      vertex -1.2238235473632812 -29.26911163330078 -12.0649995803833
    endloop
  endfacet
  facet normal 0 0 -1
    outer loop
      vertex -1.0942354202270508 13.809990882873535 -12.0649995803833
      vertex -12.40000057220459 18 -12.0649995803833
      vertex -1.1419954299926758 13.880267143249512 -12.0649995803833
    endloop
  endfacet
  facet normal 0 0 -1
    outer loop
      vertex -12.40000057220459 -33 -12.0649995803833
      vertex -1.2238235473632812 -29.26911163330078 -12.0649995803833
      vertex -1.257568359375 -29.347091674804688 -12.0649995803833
    endloop
  endfacet
  facet normal 0 0 -1
    outer loop
      vertex -1.1419954299926758 13.880267143249512 -12.0649995803833
      vertex -12.40000057220459 18 -12.0649995803833
      vertex -1.1852483749389648 13.95340347290039 -12.0649995803833
    endloop
  endfacet
  facet normal 0 0 -1
    outer loop
      vertex -12.40000057220459 -33 -12.0649995803833
      vertex -1.257568359375 -29.347091674804688 -12.0649995803833
      vertex -1.286351203918457 -29.427038192749023 -12.0649995803833
    endloop
  endfacet
  facet normal 0 0 -1
    outer loop
      vertex -1.1852483749389648 13.95340347290039 -12.0649995803833
      vertex -12.40000057220459 18 -12.0649995803833
      vertex -1.2238235473632812 14.029111862182617 -12.0649995803833
    endloop
  endfacet
  facet normal 0 0 -1
    outer loop
      vertex -12.40000057220459 -33 -12.0649995803833
      vertex -1.286351203918457 -29.427038192749023 -12.0649995803833
      vertex -1.3100566864013672 -29.50863265991211 -12.0649995803833
    endloop
  endfacet
  facet normal 0 0 -1
    outer loop
      vertex -1.2238235473632812 14.029111862182617 -12.0649995803833
      vertex -12.40000057220459 18 -12.0649995803833
      vertex -1.257568359375 14.10709285736084 -12.0649995803833
    endloop
  endfacet
  facet normal 0 0 -1
    outer loop
      vertex -12.40000057220459 -33 -12.0649995803833
      vertex -1.3100566864013672 -29.50863265991211 -12.0649995803833
      vertex -1.328592300415039 -29.591556549072266 -12.0649995803833
    endloop
  endfacet
  facet normal 0 0 -1
    outer loop
      vertex -1.257568359375 14.10709285736084 -12.0649995803833
      vertex -12.40000057220459 18 -12.0649995803833
      vertex -1.286351203918457 14.18703842163086 -12.0649995803833
    endloop
  endfacet
  facet normal 0 0 -1
    outer loop
      vertex -12.40000057220459 -33 -12.0649995803833
      vertex -1.328592300415039 -29.591556549072266 -12.0649995803833
      vertex -1.3418846130371094 -29.675479888916016 -12.0649995803833
    endloop
  endfacet
  facet normal 0 0 -1
    outer loop
      vertex -1.286351203918457 14.18703842163086 -12.0649995803833
      vertex -12.40000057220459 18 -12.0649995803833
      vertex -1.3100566864013672 14.268633842468262 -12.0649995803833
    endloop
  endfacet
  facet normal 0 0 -1
    outer loop
      vertex -12.40000057220459 -33 -12.0649995803833
      vertex -1.3418846130371094 -29.675479888916016 -12.0649995803833
      vertex -1.3498802185058594 -29.76007080078125 -12.0649995803833
    endloop
  endfacet
  facet normal 0 0 -1
    outer loop
      vertex -1.3100566864013672 14.268633842468262 -12.0649995803833
      vertex -12.40000057220459 18 -12.0649995803833
      vertex -1.328592300415039 14.351556777954102 -12.0649995803833
    endloop
  endfacet
  facet normal 0 0 -1
    outer loop
      vertex -12.40000057220459 -33 -12.0649995803833
      vertex -1.3498802185058594 -29.76007080078125 -12.0649995803833
      vertex -1.3525495529174805 -29.844999313354492 -12.0649995803833
    endloop
  endfacet
  facet normal 0 0 -1
    outer loop
      vertex -1.328592300415039 14.351556777954102 -12.0649995803833
      vertex -12.40000057220459 18 -12.0649995803833
      vertex -1.3418846130371094 14.435480117797852 -12.0649995803833
    endloop
  endfacet
  facet normal 0 0 -1
    outer loop
      vertex 1.3498802185058594 -29.76007080078125 -12.0649995803833
      vertex 12 -33 -12.0649995803833
      vertex 1.3525495529174805 -29.844999313354492 -12.0649995803833
    endloop
  endfacet
  facet normal 0 0 -1
    outer loop
      vertex 12 -33 -12.0649995803833
      vertex 1.3498802185058594 -29.929927825927734 -12.0649995803833
      vertex 1.3525495529174805 -29.844999313354492 -12.0649995803833
    endloop
  endfacet
  facet normal 0 0 -1
    outer loop
      vertex 12 -33 -12.0649995803833
      vertex 1.3418846130371094 -30.01451873779297 -12.0649995803833
      vertex 1.3498802185058594 -29.929927825927734 -12.0649995803833
    endloop
  endfacet
  facet normal 0 0 -1
    outer loop
      vertex 12 -33 -12.0649995803833
      vertex 1.328592300415039 -30.09844207763672 -12.0649995803833
      vertex 1.3418846130371094 -30.01451873779297 -12.0649995803833
    endloop
  endfacet
  facet normal 0 0 -1
    outer loop
      vertex 12 -33 -12.0649995803833
      vertex 1.3100566864013672 -30.181365966796875 -12.0649995803833
      vertex 1.328592300415039 -30.09844207763672 -12.0649995803833
    endloop
  endfacet
  facet normal 0 0 -1
    outer loop
      vertex 12 -33 -12.0649995803833
      vertex 1.286351203918457 -30.26296043395996 -12.0649995803833
      vertex 1.3100566864013672 -30.181365966796875 -12.0649995803833
    endloop
  endfacet
  facet normal 0 0 -1
    outer loop
      vertex 12 -33 -12.0649995803833
      vertex 1.257568359375 -30.342906951904297 -12.0649995803833
      vertex 1.286351203918457 -30.26296043395996 -12.0649995803833
    endloop
  endfacet
  facet normal 0 0 -1
    outer loop
      vertex 12 -33 -12.0649995803833
      vertex 1.2238235473632812 -30.420886993408203 -12.0649995803833
      vertex 1.257568359375 -30.342906951904297 -12.0649995803833
    endloop
  endfacet
  facet normal 0 0 -1
    outer loop
      vertex 12 -33 -12.0649995803833
      vertex 1.1852483749389648 -30.49659538269043 -12.0649995803833
      vertex 1.2238235473632812 -30.420886993408203 -12.0649995803833
    endloop
  endfacet
  facet normal 0 0 -1
    outer loop
      vertex 12 -33 -12.0649995803833
      vertex 1.1419954299926758 -30.569732666015625 -12.0649995803833
      vertex 1.1852483749389648 -30.49659538269043 -12.0649995803833
    endloop
  endfacet
  facet normal 0 0 -1
    outer loop
      vertex 12 -33 -12.0649995803833
      vertex 1.0942354202270508 -30.6400089263916 -12.0649995803833
      vertex 1.1419954299926758 -30.569732666015625 -12.0649995803833
    endloop
  endfacet
  facet normal 0 0 -1
    outer loop
      vertex 12 -33 -12.0649995803833
      vertex 1.0421571731567383 -30.7071475982666 -12.0649995803833
      vertex 1.0942354202270508 -30.6400089263916 -12.0649995803833
    endloop
  endfacet
  facet normal 0 0 -1
    outer loop
      vertex 12 -33 -12.0649995803833
      vertex 0.9859657287597656 -30.770883560180664 -12.0649995803833
      vertex 1.0421571731567383 -30.7071475982666 -12.0649995803833
    endloop
  endfacet
  facet normal 0 0 -1
    outer loop
      vertex 12 -33 -12.0649995803833
      vertex 0.9258832931518555 -30.83096694946289 -12.0649995803833
      vertex 0.9859657287597656 -30.770883560180664 -12.0649995803833
    endloop
  endfacet
  facet normal 0 0 -1
    outer loop
      vertex 12 -33 -12.0649995803833
      vertex 0.862147331237793 -30.887157440185547 -12.0649995803833
      vertex 0.9258832931518555 -30.83096694946289 -12.0649995803833
    endloop
  endfacet
  facet normal 0 0 -1
    outer loop
      vertex 12 -33 -12.0649995803833
      vertex 0.795008659362793 -30.93923568725586 -12.0649995803833
      vertex 0.862147331237793 -30.887157440185547 -12.0649995803833
    endloop
  endfacet
  facet normal 0 0 -1
    outer loop
      vertex 12 -33 -12.0649995803833
      vertex 0.7247323989868164 -30.986995697021484 -12.0649995803833
      vertex 0.795008659362793 -30.93923568725586 -12.0649995803833
    endloop
  endfacet
  facet normal 0 0 -1
    outer loop
      vertex 12 -33 -12.0649995803833
      vertex 0.6515951156616211 -31.03024673461914 -12.0649995803833
      vertex 0.7247323989868164 -30.986995697021484 -12.0649995803833
    endloop
  endfacet
  facet normal 0 0 -1
    outer loop
      vertex 12 -33 -12.0649995803833
      vertex 0.5758876800537109 -31.068824768066406 -12.0649995803833
      vertex 0.6515951156616211 -31.03024673461914 -12.0649995803833
    endloop
  endfacet
  facet normal 0 0 -1
    outer loop
      vertex 12 -33 -12.0649995803833
      vertex 0.4979066848754883 -31.102569580078125 -12.0649995803833
      vertex 0.5758876800537109 -31.068824768066406 -12.0649995803833
    endloop
  endfacet
  facet normal 0 0 -1
    outer loop
      vertex 12 -33 -12.0649995803833
      vertex 0.41796016693115234 -31.131351470947266 -12.0649995803833
      vertex 0.4979066848754883 -31.102569580078125 -12.0649995803833
    endloop
  endfacet
  facet normal 0 0 -1
    outer loop
      vertex 12 -33 -12.0649995803833
      vertex 0.33636474609375 -31.15505599975586 -12.0649995803833
      vertex 0.41796016693115234 -31.131351470947266 -12.0649995803833
    endloop
  endfacet
  facet normal 0 0 -1
    outer loop
      vertex 12 -33 -12.0649995803833
      vertex 0.25344181060791016 -31.17359161376953 -12.0649995803833
      vertex 0.33636474609375 -31.15505599975586 -12.0649995803833
    endloop
  endfacet
  facet normal 0 0 -1
    outer loop
      vertex 12 -33 -12.0649995803833
      vertex 0.16951942443847656 -31.1868839263916 -12.0649995803833
      vertex 0.25344181060791016 -31.17359161376953 -12.0649995803833
    endloop
  endfacet
  facet normal 0 0 -1
    outer loop
      vertex 12 -33 -12.0649995803833
      vertex 0.08492660522460938 -31.194881439208984 -12.0649995803833
      vertex 0.16951942443847656 -31.1868839263916 -12.0649995803833
    endloop
  endfacet
  facet normal 0 0 -1
    outer loop
      vertex 12 -33 -12.0649995803833
      vertex 0 -31.19754981994629 -12.0649995803833
      vertex 0.08492660522460938 -31.194881439208984 -12.0649995803833
    endloop
  endfacet
  facet normal 0 0 -1
    outer loop
      vertex -12.40000057220459 -33 -12.0649995803833
      vertex 0 -31.19754981994629 -12.0649995803833
      vertex 12 -33 -12.0649995803833
    endloop
  endfacet
  facet normal 0 0 -1
    outer loop
      vertex 0 -31.19754981994629 -12.0649995803833
      vertex -12.40000057220459 -33 -12.0649995803833
      vertex -0.08492660522460938 -31.194881439208984 -12.0649995803833
    endloop
  endfacet
  facet normal 0 0 -1
    outer loop
      vertex -1.3418846130371094 14.435480117797852 -12.0649995803833
      vertex -12.40000057220459 18 -12.0649995803833
      vertex -1.3498802185058594 14.520071983337402 -12.0649995803833
    endloop
  endfacet
  facet normal 0 0 -1
    outer loop
      vertex -1.3498802185058594 -29.929927825927734 -12.0649995803833
      vertex -12.40000057220459 -33 -12.0649995803833
      vertex -1.3525495529174805 -29.844999313354492 -12.0649995803833
    endloop
  endfacet
  facet normal 0 0 -1
    outer loop
      vertex -1.3418846130371094 -30.01451873779297 -12.0649995803833
      vertex -12.40000057220459 -33 -12.0649995803833
      vertex -1.3498802185058594 -29.929927825927734 -12.0649995803833
    endloop
  endfacet
  facet normal 0 0 -1
    outer loop
      vertex -1.328592300415039 -30.09844207763672 -12.0649995803833
      vertex -12.40000057220459 -33 -12.0649995803833
      vertex -1.3418846130371094 -30.01451873779297 -12.0649995803833
    endloop
  endfacet
  facet normal 0 0 -1
    outer loop
      vertex -1.3100566864013672 -30.181365966796875 -12.0649995803833
      vertex -12.40000057220459 -33 -12.0649995803833
      vertex -1.328592300415039 -30.09844207763672 -12.0649995803833
    endloop
  endfacet
  facet normal 0 0 -1
    outer loop
      vertex -1.286351203918457 -30.26296043395996 -12.0649995803833
      vertex -12.40000057220459 -33 -12.0649995803833
      vertex -1.3100566864013672 -30.181365966796875 -12.0649995803833
    endloop
  endfacet
  facet normal 0 0 -1
    outer loop
      vertex -1.257568359375 -30.342906951904297 -12.0649995803833
      vertex -12.40000057220459 -33 -12.0649995803833
      vertex -1.286351203918457 -30.26296043395996 -12.0649995803833
    endloop
  endfacet
  facet normal 0 0 -1
    outer loop
      vertex -1.2238235473632812 -30.420886993408203 -12.0649995803833
      vertex -12.40000057220459 -33 -12.0649995803833
      vertex -1.257568359375 -30.342906951904297 -12.0649995803833
    endloop
  endfacet
  facet normal 0 0 -1
    outer loop
      vertex -1.1852483749389648 -30.49659538269043 -12.0649995803833
      vertex -12.40000057220459 -33 -12.0649995803833
      vertex -1.2238235473632812 -30.420886993408203 -12.0649995803833
    endloop
  endfacet
  facet normal 0 0 -1
    outer loop
      vertex -1.1419954299926758 -30.569732666015625 -12.0649995803833
      vertex -12.40000057220459 -33 -12.0649995803833
      vertex -1.1852483749389648 -30.49659538269043 -12.0649995803833
    endloop
  endfacet
  facet normal 0 0 -1
    outer loop
      vertex -1.0942354202270508 -30.6400089263916 -12.0649995803833
      vertex -12.40000057220459 -33 -12.0649995803833
      vertex -1.1419954299926758 -30.569732666015625 -12.0649995803833
    endloop
  endfacet
  facet normal 0 0 -1
    outer loop
      vertex -1.0421571731567383 -30.7071475982666 -12.0649995803833
      vertex -12.40000057220459 -33 -12.0649995803833
      vertex -1.0942354202270508 -30.6400089263916 -12.0649995803833
    endloop
  endfacet
  facet normal 0 0 -1
    outer loop
      vertex -0.9859657287597656 -30.770883560180664 -12.0649995803833
      vertex -12.40000057220459 -33 -12.0649995803833
      vertex -1.0421571731567383 -30.7071475982666 -12.0649995803833
    endloop
  endfacet
  facet normal 0 0 -1
    outer loop
      vertex -0.9258832931518555 -30.83096694946289 -12.0649995803833
      vertex -12.40000057220459 -33 -12.0649995803833
      vertex -0.9859657287597656 -30.770883560180664 -12.0649995803833
    endloop
  endfacet
  facet normal 0 0 -1
    outer loop
      vertex -0.862147331237793 -30.887157440185547 -12.0649995803833
      vertex -12.40000057220459 -33 -12.0649995803833
      vertex -0.9258832931518555 -30.83096694946289 -12.0649995803833
    endloop
  endfacet
  facet normal 0 0 -1
    outer loop
      vertex -0.795008659362793 -30.93923568725586 -12.0649995803833
      vertex -12.40000057220459 -33 -12.0649995803833
      vertex -0.862147331237793 -30.887157440185547 -12.0649995803833
    endloop
  endfacet
  facet normal 0 0 -1
    outer loop
      vertex -0.7247323989868164 -30.986995697021484 -12.0649995803833
      vertex -12.40000057220459 -33 -12.0649995803833
      vertex -0.795008659362793 -30.93923568725586 -12.0649995803833
    endloop
  endfacet
  facet normal 0 0 -1
    outer loop
      vertex -0.6515951156616211 -31.03024673461914 -12.0649995803833
      vertex -12.40000057220459 -33 -12.0649995803833
      vertex -0.7247323989868164 -30.986995697021484 -12.0649995803833
    endloop
  endfacet
  facet normal 0 0 -1
    outer loop
      vertex -0.5758876800537109 -31.068824768066406 -12.0649995803833
      vertex -12.40000057220459 -33 -12.0649995803833
      vertex -0.6515951156616211 -31.03024673461914 -12.0649995803833
    endloop
  endfacet
  facet normal 0 0 -1
    outer loop
      vertex -0.4979066848754883 -31.102569580078125 -12.0649995803833
      vertex -12.40000057220459 -33 -12.0649995803833
      vertex -0.5758876800537109 -31.068824768066406 -12.0649995803833
    endloop
  endfacet
  facet normal 0 0 -1
    outer loop
      vertex -0.41796016693115234 -31.131351470947266 -12.0649995803833
      vertex -12.40000057220459 -33 -12.0649995803833
      vertex -0.4979066848754883 -31.102569580078125 -12.0649995803833
    endloop
  endfacet
  facet normal 0 0 -1
    outer loop
      vertex -0.33636474609375 -31.15505599975586 -12.0649995803833
      vertex -12.40000057220459 -33 -12.0649995803833
      vertex -0.41796016693115234 -31.131351470947266 -12.0649995803833
    endloop
  endfacet
  facet normal 0 0 -1
    outer loop
      vertex -0.25344181060791016 -31.17359161376953 -12.0649995803833
      vertex -12.40000057220459 -33 -12.0649995803833
      vertex -0.33636474609375 -31.15505599975586 -12.0649995803833
    endloop
  endfacet
  facet normal 0 0 -1
    outer loop
      vertex -0.16951942443847656 -31.1868839263916 -12.0649995803833
      vertex -12.40000057220459 -33 -12.0649995803833
      vertex -0.25344181060791016 -31.17359161376953 -12.0649995803833
    endloop
  endfacet
  facet normal 0 0 -1
    outer loop
      vertex -0.08492660522460938 -31.194881439208984 -12.0649995803833
      vertex -12.40000057220459 -33 -12.0649995803833
      vertex -0.16951942443847656 -31.1868839263916 -12.0649995803833
    endloop
  endfacet
  facet normal 0 0 -1
    outer loop
      vertex 12 -33 -12.0649995803833
      vertex 1.3525495529174805 14.604999542236328 -12.0649995803833
      vertex 12 18 -12.0649995803833
    endloop
  endfacet
  facet normal 0 0 -1
    outer loop
      vertex 1.3498802185058594 14.689927101135254 -12.0649995803833
      vertex 12 18 -12.0649995803833
      vertex 1.3525495529174805 14.604999542236328 -12.0649995803833
    endloop
  endfacet
  facet normal 0 0 -1
    outer loop
      vertex 1.3418846130371094 14.774518966674805 -12.0649995803833
      vertex 12 18 -12.0649995803833
      vertex 1.3498802185058594 14.689927101135254 -12.0649995803833
    endloop
  endfacet
  facet normal 0 0 -1
    outer loop
      vertex 1.328592300415039 14.858442306518555 -12.0649995803833
      vertex 12 18 -12.0649995803833
      vertex 1.3418846130371094 14.774518966674805 -12.0649995803833
    endloop
  endfacet
  facet normal 0 0 -1
    outer loop
      vertex 1.3100566864013672 14.941365242004395 -12.0649995803833
      vertex 12 18 -12.0649995803833
      vertex 1.328592300415039 14.858442306518555 -12.0649995803833
    endloop
  endfacet
  facet normal 0 0 -1
    outer loop
      vertex 1.286351203918457 15.022960662841797 -12.0649995803833
      vertex 12 18 -12.0649995803833
      vertex 1.3100566864013672 14.941365242004395 -12.0649995803833
    endloop
  endfacet
  facet normal 0 0 -1
    outer loop
      vertex 1.257568359375 15.102906227111816 -12.0649995803833
      vertex 12 18 -12.0649995803833
      vertex 1.286351203918457 15.022960662841797 -12.0649995803833
    endloop
  endfacet
  facet normal 0 0 -1
    outer loop
      vertex 1.2238235473632812 15.180887222290039 -12.0649995803833
      vertex 12 18 -12.0649995803833
      vertex 1.257568359375 15.102906227111816 -12.0649995803833
    endloop
  endfacet
  facet normal 0 0 -1
    outer loop
      vertex 1.1852483749389648 15.256595611572266 -12.0649995803833
      vertex 12 18 -12.0649995803833
      vertex 1.2238235473632812 15.180887222290039 -12.0649995803833
    endloop
  endfacet
  facet normal 0 0 -1
    outer loop
      vertex 1.1419954299926758 15.329731941223145 -12.0649995803833
      vertex 12 18 -12.0649995803833
      vertex 1.1852483749389648 15.256595611572266 -12.0649995803833
    endloop
  endfacet
  facet normal 0 0 -1
    outer loop
      vertex 1.0942354202270508 15.400008201599121 -12.0649995803833
      vertex 12 18 -12.0649995803833
      vertex 1.1419954299926758 15.329731941223145 -12.0649995803833
    endloop
  endfacet
  facet normal 0 0 -1
    outer loop
      vertex 1.0421571731567383 15.467146873474121 -12.0649995803833
      vertex 12 18 -12.0649995803833
      vertex 1.0942354202270508 15.400008201599121 -12.0649995803833
    endloop
  endfacet
  facet normal 0 0 -1
    outer loop
      vertex 0.9859657287597656 15.5308837890625 -12.0649995803833
      vertex 12 18 -12.0649995803833
      vertex 1.0421571731567383 15.467146873474121 -12.0649995803833
    endloop
  endfacet
  facet normal 0 0 -1
    outer loop
      vertex 0.9258832931518555 15.59096622467041 -12.0649995803833
      vertex 12 18 -12.0649995803833
      vertex 0.9859657287597656 15.5308837890625 -12.0649995803833
    endloop
  endfacet
  facet normal 0 0 -1
    outer loop
      vertex 0.862147331237793 15.647157669067383 -12.0649995803833
      vertex 12 18 -12.0649995803833
      vertex 0.9258832931518555 15.59096622467041 -12.0649995803833
    endloop
  endfacet
  facet normal 0 0 -1
    outer loop
      vertex 0.795008659362793 15.699235916137695 -12.0649995803833
      vertex 12 18 -12.0649995803833
      vertex 0.862147331237793 15.647157669067383 -12.0649995803833
    endloop
  endfacet
  facet normal 0 0 -1
    outer loop
      vertex 0.7247323989868164 15.746994972229004 -12.0649995803833
      vertex 12 18 -12.0649995803833
      vertex 0.795008659362793 15.699235916137695 -12.0649995803833
    endloop
  endfacet
  facet normal 0 0 -1
    outer loop
      vertex 0.6515951156616211 15.790247917175293 -12.0649995803833
      vertex 12 18 -12.0649995803833
      vertex 0.7247323989868164 15.746994972229004 -12.0649995803833
    endloop
  endfacet
  facet normal 0 0 -1
    outer loop
      vertex 0.5758876800537109 15.82882308959961 -12.0649995803833
      vertex 12 18 -12.0649995803833
      vertex 0.6515951156616211 15.790247917175293 -12.0649995803833
    endloop
  endfacet
  facet normal 0 0 -1
    outer loop
      vertex 0.4979066848754883 15.862568855285645 -12.0649995803833
      vertex 12 18 -12.0649995803833
      vertex 0.5758876800537109 15.82882308959961 -12.0649995803833
    endloop
  endfacet
  facet normal 0 0 -1
    outer loop
      vertex 0.41796016693115234 15.891350746154785 -12.0649995803833
      vertex 12 18 -12.0649995803833
      vertex 0.4979066848754883 15.862568855285645 -12.0649995803833
    endloop
  endfacet
  facet normal 0 0 -1
    outer loop
      vertex 0.33636474609375 15.915056228637695 -12.0649995803833
      vertex 12 18 -12.0649995803833
      vertex 0.41796016693115234 15.891350746154785 -12.0649995803833
    endloop
  endfacet
  facet normal 0 0 -1
    outer loop
      vertex 0.25344181060791016 15.933591842651367 -12.0649995803833
      vertex 12 18 -12.0649995803833
      vertex 0.33636474609375 15.915056228637695 -12.0649995803833
    endloop
  endfacet
  facet normal 0 0 -1
    outer loop
      vertex 0.16951942443847656 15.946884155273438 -12.0649995803833
      vertex 12 18 -12.0649995803833
      vertex 0.25344181060791016 15.933591842651367 -12.0649995803833
    endloop
  endfacet
  facet normal 0 0 -1
    outer loop
      vertex 0.08492660522460938 15.954880714416504 -12.0649995803833
      vertex 12 18 -12.0649995803833
      vertex 0.16951942443847656 15.946884155273438 -12.0649995803833
    endloop
  endfacet
  facet normal 0 0 -1
    outer loop
      vertex 0 15.957549095153809 -12.0649995803833
      vertex 12 18 -12.0649995803833
      vertex 0.08492660522460938 15.954880714416504 -12.0649995803833
    endloop
  endfacet
  facet normal 0 0 -1
    outer loop
      vertex -12.40000057220459 18 -12.0649995803833
      vertex 0 15.957549095153809 -12.0649995803833
      vertex -0.08492660522460938 15.954880714416504 -12.0649995803833
    endloop
  endfacet
  facet normal 0 0 -1
    outer loop
      vertex -12.40000057220459 18 -12.0649995803833
      vertex -0.08492660522460938 15.954880714416504 -12.0649995803833
      vertex -0.16951942443847656 15.946884155273438 -12.0649995803833
    endloop
  endfacet
  facet normal 0 0 -1
    outer loop
      vertex -12.40000057220459 18 -12.0649995803833
      vertex -0.16951942443847656 15.946884155273438 -12.0649995803833
      vertex -0.25344181060791016 15.933591842651367 -12.0649995803833
    endloop
  endfacet
  facet normal 0 0 -1
    outer loop
      vertex -1.3498802185058594 14.520071983337402 -12.0649995803833
      vertex -12.40000057220459 18 -12.0649995803833
      vertex -1.3525495529174805 14.604999542236328 -12.0649995803833
    endloop
  endfacet
  facet normal 0 0 -1
    outer loop
      vertex -1.3525495529174805 14.604999542236328 -12.0649995803833
      vertex -12.40000057220459 18 -12.0649995803833
      vertex -1.3498802185058594 14.689927101135254 -12.0649995803833
    endloop
  endfacet
  facet normal 0 0 -1
    outer loop
      vertex -1.3498802185058594 14.689927101135254 -12.0649995803833
      vertex -12.40000057220459 18 -12.0649995803833
      vertex -1.3418846130371094 14.774518966674805 -12.0649995803833
    endloop
  endfacet
  facet normal 0 0 -1
    outer loop
      vertex -1.3418846130371094 14.774518966674805 -12.0649995803833
      vertex -12.40000057220459 18 -12.0649995803833
      vertex -1.328592300415039 14.858442306518555 -12.0649995803833
    endloop
  endfacet
  facet normal 0 0 -1
    outer loop
      vertex 0 15.957549095153809 -12.0649995803833
      vertex -12.40000057220459 18 -12.0649995803833
      vertex 12 18 -12.0649995803833
    endloop
  endfacet
  facet normal 0 0 -1
    outer loop
      vertex -0.33636474609375 15.915056228637695 -12.0649995803833
      vertex -12.40000057220459 18 -12.0649995803833
      vertex -0.25344181060791016 15.933591842651367 -12.0649995803833
    endloop
  endfacet
  facet normal 0 0 -1
    outer loop
      vertex -0.41796016693115234 15.891350746154785 -12.0649995803833
      vertex -12.40000057220459 18 -12.0649995803833
      vertex -0.33636474609375 15.915056228637695 -12.0649995803833
    endloop
  endfacet
  facet normal 0 0 -1
    outer loop
      vertex -0.4979066848754883 15.862568855285645 -12.0649995803833
      vertex -12.40000057220459 18 -12.0649995803833
      vertex -0.41796016693115234 15.891350746154785 -12.0649995803833
    endloop
  endfacet
  facet normal 0 0 -1
    outer loop
      vertex -0.5758876800537109 15.82882308959961 -12.0649995803833
      vertex -12.40000057220459 18 -12.0649995803833
      vertex -0.4979066848754883 15.862568855285645 -12.0649995803833
    endloop
  endfacet
  facet normal 0 0 -1
    outer loop
      vertex -0.6515951156616211 15.790247917175293 -12.0649995803833
      vertex -12.40000057220459 18 -12.0649995803833
      vertex -0.5758876800537109 15.82882308959961 -12.0649995803833
    endloop
  endfacet
  facet normal 0 0 -1
    outer loop
      vertex -0.7247323989868164 15.746994972229004 -12.0649995803833
      vertex -12.40000057220459 18 -12.0649995803833
      vertex -0.6515951156616211 15.790247917175293 -12.0649995803833
    endloop
  endfacet
  facet normal 0 0 -1
    outer loop
      vertex -0.795008659362793 15.699235916137695 -12.0649995803833
      vertex -12.40000057220459 18 -12.0649995803833
      vertex -0.7247323989868164 15.746994972229004 -12.0649995803833
    endloop
  endfacet
  facet normal 0 0 -1
    outer loop
      vertex -0.862147331237793 15.647157669067383 -12.0649995803833
      vertex -12.40000057220459 18 -12.0649995803833
      vertex -0.795008659362793 15.699235916137695 -12.0649995803833
    endloop
  endfacet
  facet normal 0 0 -1
    outer loop
      vertex -0.9258832931518555 15.59096622467041 -12.0649995803833
      vertex -12.40000057220459 18 -12.0649995803833
      vertex -0.862147331237793 15.647157669067383 -12.0649995803833
    endloop
  endfacet
  facet normal 0 0 -1
    outer loop
      vertex -0.9859657287597656 15.5308837890625 -12.0649995803833
      vertex -12.40000057220459 18 -12.0649995803833
      vertex -0.9258832931518555 15.59096622467041 -12.0649995803833
    endloop
  endfacet
  facet normal 0 0 -1
    outer loop
      vertex -1.0421571731567383 15.467146873474121 -12.0649995803833
      vertex -12.40000057220459 18 -12.0649995803833
      vertex -0.9859657287597656 15.5308837890625 -12.0649995803833
    endloop
  endfacet
  facet normal 0 0 -1
    outer loop
      vertex -1.0942354202270508 15.400008201599121 -12.0649995803833
      vertex -12.40000057220459 18 -12.0649995803833
      vertex -1.0421571731567383 15.467146873474121 -12.0649995803833
    endloop
  endfacet
  facet normal 0 0 -1
    outer loop
      vertex -1.1419954299926758 15.329731941223145 -12.0649995803833
      vertex -12.40000057220459 18 -12.0649995803833
      vertex -1.0942354202270508 15.400008201599121 -12.0649995803833
    endloop
  endfacet
  facet normal 0 0 -1
    outer loop
      vertex -1.1852483749389648 15.256595611572266 -12.0649995803833
      vertex -12.40000057220459 18 -12.0649995803833
      vertex -1.1419954299926758 15.329731941223145 -12.0649995803833
    endloop
  endfacet
  facet normal 0 0 -1
    outer loop
      vertex -1.2238235473632812 15.180887222290039 -12.0649995803833
      vertex -12.40000057220459 18 -12.0649995803833
      vertex -1.1852483749389648 15.256595611572266 -12.0649995803833
    endloop
  endfacet
  facet normal 0 0 -1
    outer loop
      vertex -1.257568359375 15.102906227111816 -12.0649995803833
      vertex -12.40000057220459 18 -12.0649995803833
      vertex -1.2238235473632812 15.180887222290039 -12.0649995803833
    endloop
  endfacet
  facet normal 0 0 -1
    outer loop
      vertex -1.286351203918457 15.022960662841797 -12.0649995803833
      vertex -12.40000057220459 18 -12.0649995803833
      vertex -1.257568359375 15.102906227111816 -12.0649995803833
    endloop
  endfacet
  facet normal 0 0 -1
    outer loop
      vertex -1.3100566864013672 14.941365242004395 -12.0649995803833
      vertex -12.40000057220459 18 -12.0649995803833
      vertex -1.286351203918457 15.022960662841797 -12.0649995803833
    endloop
  endfacet
  facet normal 0 0 -1
    outer loop
      vertex -1.328592300415039 14.858442306518555 -12.0649995803833
      vertex -12.40000057220459 18 -12.0649995803833
      vertex -1.3100566864013672 14.941365242004395 -12.0649995803833
    endloop
  endfacet
  facet normal -1 0 0
    outer loop
      vertex -12.40000057220459 -33 -12.0649995803833
      vertex -12.40000057220459 18 -9.42199993133545
      vertex -12.40000057220459 18 -12.0649995803833
    endloop
  endfacet
  facet normal -1 0 0
    outer loop
      vertex -12.40000057220459 18 -9.42199993133545
      vertex -12.40000057220459 -33 -12.0649995803833
      vertex -12.40000057220459 -33 -9.42199993133545
    endloop
  endfacet
  facet normal -0.9177553346383222 0.3971462523339496 0
    outer loop
      vertex 1.2238235473632812 -30.420886993408203 -12.0649995803833
      vertex 1.257568359375 -30.342906951904297 -6.9850006103515625
      vertex 1.257568359375 -30.342906951904297 -12.0649995803833
    endloop
  endfacet
  facet normal -0.9177553346383222 0.3971462523339496 0
    outer loop
      vertex 1.257568359375 -30.342906951904297 -6.9850006103515625
      vertex 1.2238235473632812 -30.420886993408203 -12.0649995803833
      vertex 1.2238235473632812 -30.420886993408203 -6.9850006103515625
    endloop
  endfacet
  facet normal 0.03138192152351336 -0.999507466205977 0
    outer loop
      vertex -0.08492660522460938 -28.4951171875 -12.0649995803833
      vertex 0 -28.492450714111328 -6.9850006103515625
      vertex -0.08492660522460938 -28.4951171875 -6.9850006103515625
    endloop
  endfacet
  facet normal 0.03138192152351336 -0.999507466205977 0
    outer loop
      vertex 0 -28.492450714111328 -6.9850006103515625
      vertex -0.08492660522460938 -28.4951171875 -12.0649995803833
      vertex 0 -28.492450714111328 -12.0649995803833
    endloop
  endfacet
  facet normal 0.827071772048166 -0.5620963297168081 0
    outer loop
      vertex -1.1419954299926758 -29.12026596069336 -6.9850006103515625
      vertex -1.0942354202270508 -29.049991607666016 -12.0649995803833
      vertex -1.0942354202270508 -29.049991607666016 -6.9850006103515625
    endloop
  endfacet
  facet normal 0.827071772048166 -0.5620963297168081 0
    outer loop
      vertex -1.0942354202270508 -29.049991607666016 -12.0649995803833
      vertex -1.1419954299926758 -29.12026596069336 -6.9850006103515625
      vertex -1.1419954299926758 -29.12026596069336 -12.0649995803833
    endloop
  endfacet
  facet normal 0.094121576967615 -0.995560710729953 0
    outer loop
      vertex -0.16951942443847656 -28.503114700317383 -12.0649995803833
      vertex -0.08492660522460938 -28.4951171875 -6.9850006103515625
      vertex -0.16951942443847656 -28.503114700317383 -6.9850006103515625
    endloop
  endfacet
  facet normal 0.094121576967615 -0.995560710729953 0
    outer loop
      vertex -0.08492660522460938 -28.4951171875 -6.9850006103515625
      vertex -0.16951942443847656 -28.503114700317383 -12.0649995803833
      vertex -0.08492660522460938 -28.4951171875 -12.0649995803833
    endloop
  endfacet
  facet normal 0.2181448318627402 -0.9759164064260712 0
    outer loop
      vertex -0.33636474609375 -28.534942626953125 -12.0649995803833
      vertex -0.25344181060791016 -28.516407012939453 -6.9850006103515625
      vertex -0.33636474609375 -28.534942626953125 -6.9850006103515625
    endloop
  endfacet
  facet normal 0.2181448318627402 -0.9759164064260712 0
    outer loop
      vertex -0.25344181060791016 -28.516407012939453 -6.9850006103515625
      vertex -0.33636474609375 -28.534942626953125 -12.0649995803833
      vertex -0.25344181060791016 -28.516407012939453 -12.0649995803833
    endloop
  endfacet
  facet normal 0.7501171772038024 -0.6613049375770602 0
    outer loop
      vertex -1.0421571731567383 -28.982852935791016 -6.9850006103515625
      vertex -0.9859657287597656 -28.91911506652832 -12.0649995803833
      vertex -0.9859657287597656 -28.91911506652832 -6.9850006103515625
    endloop
  endfacet
  facet normal 0.7501171772038024 -0.6613049375770602 0
    outer loop
      vertex -0.9859657287597656 -28.91911506652832 -12.0649995803833
      vertex -1.0421571731567383 -28.982852935791016 -6.9850006103515625
      vertex -1.0421571731567383 -28.982852935791016 -12.0649995803833
    endloop
  endfacet
  facet normal -0.7071123929892447 -0.7071011693393131 0
    outer loop
      vertex 0.9859657287597656 -28.91911506652832 -12.0649995803833
      vertex 0.9258832931518555 -28.859031677246094 -6.9850006103515625
      vertex 0.9258832931518555 -28.859031677246094 -12.0649995803833
    endloop
  endfacet
  facet normal -0.7071123929892447 -0.7071011693393131 0
    outer loop
      vertex 0.9258832931518555 -28.859031677246094 -6.9850006103515625
      vertex 0.9859657287597656 -28.91911506652832 -12.0649995803833
      vertex 0.9859657287597656 -28.91911506652832 -6.9850006103515625
    endloop
  endfacet
  facet normal -0.094121576967615 0.995560710729953 0
    outer loop
      vertex 0.16951942443847656 -31.1868839263916 -12.0649995803833
      vertex 0.08492660522460938 -31.194881439208984 -6.9850006103515625
      vertex 0.16951942443847656 -31.1868839263916 -6.9850006103515625
    endloop
  endfacet
  facet normal -0.094121576967615 0.995560710729953 0
    outer loop
      vertex 0.08492660522460938 -31.194881439208984 -6.9850006103515625
      vertex 0.16951942443847656 -31.1868839263916 -12.0649995803833
      vertex 0.08492660522460938 -31.194881439208984 -12.0649995803833
    endloop
  endfacet
  facet normal -0.03138192152351336 -0.999507466205977 0
    outer loop
      vertex 0 -28.492450714111328 -12.0649995803833
      vertex 0.08492660522460938 -28.4951171875 -6.9850006103515625
      vertex 0 -28.492450714111328 -6.9850006103515625
    endloop
  endfacet
  facet normal -0.03138192152351336 -0.999507466205977 0
    outer loop
      vertex 0.08492660522460938 -28.4951171875 -6.9850006103515625
      vertex 0 -28.492450714111328 -12.0649995803833
      vertex 0.08492660522460938 -28.4951171875 -12.0649995803833
    endloop
  endfacet
  facet normal -0.5620858939546599 -0.8270788643274538 0
    outer loop
      vertex 0.7247323989868164 -28.7030029296875 -12.0649995803833
      vertex 0.795008659362793 -28.750762939453125 -6.9850006103515625
      vertex 0.7247323989868164 -28.7030029296875 -6.9850006103515625
    endloop
  endfacet
  facet normal -0.5620858939546599 -0.8270788643274538 0
    outer loop
      vertex 0.795008659362793 -28.750762939453125 -6.9850006103515625
      vertex 0.7247323989868164 -28.7030029296875 -12.0649995803833
      vertex 0.795008659362793 -28.750762939453125 -12.0649995803833
    endloop
  endfacet
  facet normal 0.9759169405238349 0.2181424424512519 0
    outer loop
      vertex -1.3100566864013672 -30.181365966796875 -6.9850006103515625
      vertex -1.328592300415039 -30.09844207763672 -12.0649995803833
      vertex -1.328592300415039 -30.09844207763672 -6.9850006103515625
    endloop
  endfacet
  facet normal 0.9759169405238349 0.2181424424512519 0
    outer loop
      vertex -1.328592300415039 -30.09844207763672 -12.0649995803833
      vertex -1.3100566864013672 -30.181365966796875 -6.9850006103515625
      vertex -1.3100566864013672 -30.181365966796875 -12.0649995803833
    endloop
  endfacet
  facet normal 0.5620858939546599 0.8270788643274538 0
    outer loop
      vertex -0.7247323989868164 -30.986995697021484 -12.0649995803833
      vertex -0.795008659362793 -30.93923568725586 -6.9850006103515625
      vertex -0.7247323989868164 -30.986995697021484 -6.9850006103515625
    endloop
  endfacet
  facet normal 0.5620858939546599 0.8270788643274538 0
    outer loop
      vertex -0.795008659362793 -30.93923568725586 -6.9850006103515625
      vertex -0.7247323989868164 -30.986995697021484 -12.0649995803833
      vertex -0.795008659362793 -30.93923568725586 -12.0649995803833
    endloop
  endfacet
  facet normal 0.9759169405238349 -0.2181424424512519 0
    outer loop
      vertex -1.328592300415039 -29.591556549072266 -6.9850006103515625
      vertex -1.3100566864013672 -29.50863265991211 -12.0649995803833
      vertex -1.3100566864013672 -29.50863265991211 -6.9850006103515625
    endloop
  endfacet
  facet normal 0.9759169405238349 -0.2181424424512519 0
    outer loop
      vertex -1.3100566864013672 -29.50863265991211 -12.0649995803833
      vertex -1.328592300415039 -29.591556549072266 -6.9850006103515625
      vertex -1.328592300415039 -29.591556549072266 -12.0649995803833
    endloop
  endfacet
  facet normal -0.33873139144401126 0.9408831194417318 0
    outer loop
      vertex 0.4979066848754883 -31.102569580078125 -12.0649995803833
      vertex 0.41796016693115234 -31.131351470947266 -6.9850006103515625
      vertex 0.4979066848754883 -31.102569580078125 -6.9850006103515625
    endloop
  endfacet
  facet normal -0.33873139144401126 0.9408831194417318 0
    outer loop
      vertex 0.41796016693115234 -31.131351470947266 -6.9850006103515625
      vertex 0.4979066848754883 -31.102569580078125 -12.0649995803833
      vertex 0.41796016693115234 -31.131351470947266 -12.0649995803833
    endloop
  endfacet
  facet normal 0.3971610682847899 -0.917748923093285 0
    outer loop
      vertex -0.5758876800537109 -28.62117576599121 -12.0649995803833
      vertex -0.4979066848754883 -28.58742904663086 -6.9850006103515625
      vertex -0.5758876800537109 -28.62117576599121 -6.9850006103515625
    endloop
  endfacet
  facet normal 0.3971610682847899 -0.917748923093285 0
    outer loop
      vertex -0.4979066848754883 -28.58742904663086 -6.9850006103515625
      vertex -0.5758876800537109 -28.62117576599121 -12.0649995803833
      vertex -0.4979066848754883 -28.58742904663086 -12.0649995803833
    endloop
  endfacet
  facet normal -0.9177553346383222 -0.3971462523339496 0
    outer loop
      vertex 1.257568359375 -29.347091674804688 -12.0649995803833
      vertex 1.2238235473632812 -29.26911163330078 -6.9850006103515625
      vertex 1.2238235473632812 -29.26911163330078 -12.0649995803833
    endloop
  endfacet
  facet normal -0.9177553346383222 -0.3971462523339496 0
    outer loop
      vertex 1.2238235473632812 -29.26911163330078 -6.9850006103515625
      vertex 1.257568359375 -29.347091674804688 -12.0649995803833
      vertex 1.257568359375 -29.347091674804688 -6.9850006103515625
    endloop
  endfacet
  facet normal 0.45402010152374156 0.8909914407065713 0
    outer loop
      vertex -0.5758876800537109 -31.068824768066406 -12.0649995803833
      vertex -0.6515951156616211 -31.03024673461914 -6.9850006103515625
      vertex -0.5758876800537109 -31.068824768066406 -6.9850006103515625
    endloop
  endfacet
  facet normal 0.45402010152374156 0.8909914407065713 0
    outer loop
      vertex -0.6515951156616211 -31.03024673461914 -6.9850006103515625
      vertex -0.5758876800537109 -31.068824768066406 -12.0649995803833
      vertex -0.6515951156616211 -31.03024673461914 -12.0649995803833
    endloop
  endfacet
  facet normal -0.827071772048166 -0.5620963297168081 0
    outer loop
      vertex 1.1419954299926758 -29.12026596069336 -12.0649995803833
      vertex 1.0942354202270508 -29.049991607666016 -6.9850006103515625
      vertex 1.0942354202270508 -29.049991607666016 -12.0649995803833
    endloop
  endfacet
  facet normal -0.827071772048166 -0.5620963297168081 0
    outer loop
      vertex 1.0942354202270508 -29.049991607666016 -6.9850006103515625
      vertex 1.1419954299926758 -29.12026596069336 -12.0649995803833
      vertex 1.1419954299926758 -29.12026596069336 -6.9850006103515625
    endloop
  endfacet
  facet normal -0.9876880470840979 0.15643631818475176 0
    outer loop
      vertex 1.328592300415039 -30.09844207763672 -12.0649995803833
      vertex 1.3418846130371094 -30.01451873779297 -6.9850006103515625
      vertex 1.3418846130371094 -30.01451873779297 -12.0649995803833
    endloop
  endfacet
  facet normal -0.9876880470840979 0.15643631818475176 0
    outer loop
      vertex 1.3418846130371094 -30.01451873779297 -6.9850006103515625
      vertex 1.328592300415039 -30.09844207763672 -12.0649995803833
      vertex 1.328592300415039 -30.09844207763672 -6.9850006103515625
    endloop
  endfacet
  facet normal -0.9955626151119993 0.09410143139908683 0
    outer loop
      vertex 1.3418846130371094 -30.01451873779297 -12.0649995803833
      vertex 1.3498802185058594 -29.929927825927734 -6.9850006103515625
      vertex 1.3498802185058594 -29.929927825927734 -12.0649995803833
    endloop
  endfacet
  facet normal -0.9955626151119993 0.09410143139908683 0
    outer loop
      vertex 1.3498802185058594 -29.929927825927734 -6.9850006103515625
      vertex 1.3418846130371094 -30.01451873779297 -12.0649995803833
      vertex 1.3418846130371094 -30.01451873779297 -6.9850006103515625
    endloop
  endfacet
  facet normal -0.2789788168775546 -0.9602972559231854 0
    outer loop
      vertex 0.33636474609375 -28.534942626953125 -12.0649995803833
      vertex 0.41796016693115234 -28.55864715576172 -6.9850006103515625
      vertex 0.33636474609375 -28.534942626953125 -6.9850006103515625
    endloop
  endfacet
  facet normal -0.2789788168775546 -0.9602972559231854 0
    outer loop
      vertex 0.41796016693115234 -28.55864715576172 -6.9850006103515625
      vertex 0.33636474609375 -28.534942626953125 -12.0649995803833
      vertex 0.41796016693115234 -28.55864715576172 -12.0649995803833
    endloop
  endfacet
  facet normal -0.094121576967615 -0.995560710729953 0
    outer loop
      vertex 0.08492660522460938 -28.4951171875 -12.0649995803833
      vertex 0.16951942443847656 -28.503114700317383 -6.9850006103515625
      vertex 0.08492660522460938 -28.4951171875 -6.9850006103515625
    endloop
  endfacet
  facet normal -0.094121576967615 -0.995560710729953 0
    outer loop
      vertex 0.16951942443847656 -28.503114700317383 -6.9850006103515625
      vertex 0.08492660522460938 -28.4951171875 -12.0649995803833
      vertex 0.16951942443847656 -28.503114700317383 -12.0649995803833
    endloop
  endfacet
  facet normal 0.15643805238507938 -0.9876877724088535 0
    outer loop
      vertex -0.25344181060791016 -28.516407012939453 -12.0649995803833
      vertex -0.16951942443847656 -28.503114700317383 -6.9850006103515625
      vertex -0.25344181060791016 -28.516407012939453 -6.9850006103515625
    endloop
  endfacet
  facet normal 0.15643805238507938 -0.9876877724088535 0
    outer loop
      vertex -0.16951942443847656 -28.503114700317383 -6.9850006103515625
      vertex -0.25344181060791016 -28.516407012939453 -12.0649995803833
      vertex -0.16951942443847656 -28.503114700317383 -12.0649995803833
    endloop
  endfacet
  facet normal 0.2181448318627402 0.9759164064260712 0
    outer loop
      vertex -0.25344181060791016 -31.17359161376953 -12.0649995803833
      vertex -0.33636474609375 -31.15505599975586 -6.9850006103515625
      vertex -0.25344181060791016 -31.17359161376953 -6.9850006103515625
    endloop
  endfacet
  facet normal 0.2181448318627402 0.9759164064260712 0
    outer loop
      vertex -0.33636474609375 -31.15505599975586 -6.9850006103515625
      vertex -0.25344181060791016 -31.17359161376953 -12.0649995803833
      vertex -0.33636474609375 -31.15505599975586 -12.0649995803833
    endloop
  endfacet
  facet normal -0.3971421614526908 0.9177571049012286 0
    outer loop
      vertex 0.5758876800537109 -31.068824768066406 -12.0649995803833
      vertex 0.4979066848754883 -31.102569580078125 -6.9850006103515625
      vertex 0.5758876800537109 -31.068824768066406 -6.9850006103515625
    endloop
  endfacet
  facet normal -0.3971421614526908 0.9177571049012286 0
    outer loop
      vertex 0.4979066848754883 -31.102569580078125 -6.9850006103515625
      vertex 0.5758876800537109 -31.068824768066406 -12.0649995803833
      vertex 0.4979066848754883 -31.102569580078125 -12.0649995803833
    endloop
  endfacet
  facet normal 0.9408795423337366 -0.3387413272954134 0
    outer loop
      vertex -1.286351203918457 -29.427038192749023 -6.9850006103515625
      vertex -1.257568359375 -29.347091674804688 -12.0649995803833
      vertex -1.257568359375 -29.347091674804688 -6.9850006103515625
    endloop
  endfacet
  facet normal 0.9408795423337366 -0.3387413272954134 0
    outer loop
      vertex -1.257568359375 -29.347091674804688 -12.0649995803833
      vertex -1.286351203918457 -29.427038192749023 -6.9850006103515625
      vertex -1.286351203918457 -29.427038192749023 -12.0649995803833
    endloop
  endfacet
  facet normal -0.33873139144401126 -0.9408831194417318 0
    outer loop
      vertex 0.41796016693115234 -28.55864715576172 -12.0649995803833
      vertex 0.4979066848754883 -28.58742904663086 -6.9850006103515625
      vertex 0.41796016693115234 -28.55864715576172 -6.9850006103515625
    endloop
  endfacet
  facet normal -0.33873139144401126 -0.9408831194417318 0
    outer loop
      vertex 0.4979066848754883 -28.58742904663086 -6.9850006103515625
      vertex 0.41796016693115234 -28.55864715576172 -12.0649995803833
      vertex 0.4979066848754883 -28.58742904663086 -12.0649995803833
    endloop
  endfacet
  facet normal 0.8910073746991559 0.453988830514274 0
    outer loop
      vertex -1.1852483749389648 -30.49659538269043 -6.9850006103515625
      vertex -1.2238235473632812 -30.420886993408203 -12.0649995803833
      vertex -1.2238235473632812 -30.420886993408203 -6.9850006103515625
    endloop
  endfacet
  facet normal 0.8910073746991559 0.453988830514274 0
    outer loop
      vertex -1.2238235473632812 -30.420886993408203 -12.0649995803833
      vertex -1.1852483749389648 -30.49659538269043 -6.9850006103515625
      vertex -1.1852483749389648 -30.49659538269043 -12.0649995803833
    endloop
  endfacet
  facet normal 0.9876880470840979 -0.15643631818475176 0
    outer loop
      vertex -1.3418846130371094 -29.675479888916016 -6.9850006103515625
      vertex -1.328592300415039 -29.591556549072266 -12.0649995803833
      vertex -1.328592300415039 -29.591556549072266 -6.9850006103515625
    endloop
  endfacet
  facet normal 0.9876880470840979 -0.15643631818475176 0
    outer loop
      vertex -1.328592300415039 -29.591556549072266 -12.0649995803833
      vertex -1.3418846130371094 -29.675479888916016 -6.9850006103515625
      vertex -1.3418846130371094 -29.675479888916016 -12.0649995803833
    endloop
  endfacet
  facet normal 0.5090219610376909 -0.860753532192197 0
    outer loop
      vertex -0.7247323989868164 -28.7030029296875 -12.0649995803833
      vertex -0.6515951156616211 -28.659751892089844 -6.9850006103515625
      vertex -0.7247323989868164 -28.7030029296875 -6.9850006103515625
    endloop
  endfacet
  facet normal 0.5090219610376909 -0.860753532192197 0
    outer loop
      vertex -0.6515951156616211 -28.659751892089844 -6.9850006103515625
      vertex -0.7247323989868164 -28.7030029296875 -12.0649995803833
      vertex -0.6515951156616211 -28.659751892089844 -12.0649995803833
    endloop
  endfacet
  facet normal -0.45400228106901674 -0.8910005212030628 0
    outer loop
      vertex 0.5758876800537109 -28.62117576599121 -12.0649995803833
      vertex 0.6515951156616211 -28.659751892089844 -6.9850006103515625
      vertex 0.5758876800537109 -28.62117576599121 -6.9850006103515625
    endloop
  endfacet
  facet normal -0.45400228106901674 -0.8910005212030628 0
    outer loop
      vertex 0.6515951156616211 -28.659751892089844 -6.9850006103515625
      vertex 0.5758876800537109 -28.62117576599121 -12.0649995803833
      vertex 0.6515951156616211 -28.659751892089844 -12.0649995803833
    endloop
  endfacet
  facet normal 0.094121576967615 0.995560710729953 0
    outer loop
      vertex -0.08492660522460938 -31.194881439208984 -12.0649995803833
      vertex -0.16951942443847656 -31.1868839263916 -6.9850006103515625
      vertex -0.08492660522460938 -31.194881439208984 -6.9850006103515625
    endloop
  endfacet
  facet normal 0.094121576967615 0.995560710729953 0
    outer loop
      vertex -0.16951942443847656 -31.1868839263916 -6.9850006103515625
      vertex -0.08492660522460938 -31.194881439208984 -12.0649995803833
      vertex -0.16951942443847656 -31.1868839263916 -12.0649995803833
    endloop
  endfacet
  facet normal -0.7071123929892447 0.7071011693393131 0
    outer loop
      vertex 0.9258832931518555 -30.83096694946289 -12.0649995803833
      vertex 0.9859657287597656 -30.770883560180664 -6.9850006103515625
      vertex 0.9859657287597656 -30.770883560180664 -12.0649995803833
    endloop
  endfacet
  facet normal -0.7071123929892447 0.7071011693393131 0
    outer loop
      vertex 0.9859657287597656 -30.770883560180664 -6.9850006103515625
      vertex 0.9258832931518555 -30.83096694946289 -12.0649995803833
      vertex 0.9258832931518555 -30.83096694946289 -6.9850006103515625
    endloop
  endfacet
  facet normal 0.9876880470840979 0.15643631818475176 0
    outer loop
      vertex -1.328592300415039 -30.09844207763672 -6.9850006103515625
      vertex -1.3418846130371094 -30.01451873779297 -12.0649995803833
      vertex -1.3418846130371094 -30.01451873779297 -6.9850006103515625
    endloop
  endfacet
  facet normal 0.9876880470840979 0.15643631818475176 0
    outer loop
      vertex -1.3418846130371094 -30.01451873779297 -12.0649995803833
      vertex -1.328592300415039 -30.09844207763672 -6.9850006103515625
      vertex -1.328592300415039 -30.09844207763672 -12.0649995803833
    endloop
  endfacet
  facet normal -0.7901541295161432 0.6129081918269538 0
    outer loop
      vertex 1.0421571731567383 -30.7071475982666 -12.0649995803833
      vertex 1.0942354202270508 -30.6400089263916 -6.9850006103515625
      vertex 1.0942354202270508 -30.6400089263916 -12.0649995803833
    endloop
  endfacet
  facet normal -0.7901541295161432 0.6129081918269538 0
    outer loop
      vertex 1.0942354202270508 -30.6400089263916 -6.9850006103515625
      vertex 1.0421571731567383 -30.7071475982666 -12.0649995803833
      vertex 1.0421571731567383 -30.7071475982666 -6.9850006103515625
    endloop
  endfacet
  facet normal -0.3971610682847899 -0.917748923093285 0
    outer loop
      vertex 0.4979066848754883 -28.58742904663086 -12.0649995803833
      vertex 0.5758876800537109 -28.62117576599121 -6.9850006103515625
      vertex 0.4979066848754883 -28.58742904663086 -6.9850006103515625
    endloop
  endfacet
  facet normal -0.3971610682847899 -0.917748923093285 0
    outer loop
      vertex 0.5758876800537109 -28.62117576599121 -6.9850006103515625
      vertex 0.4979066848754883 -28.58742904663086 -12.0649995803833
      vertex 0.5758876800537109 -28.62117576599121 -12.0649995803833
    endloop
  endfacet
  facet normal 0.2789788168775546 -0.9602972559231854 0
    outer loop
      vertex -0.41796016693115234 -28.55864715576172 -12.0649995803833
      vertex -0.33636474609375 -28.534942626953125 -6.9850006103515625
      vertex -0.41796016693115234 -28.55864715576172 -6.9850006103515625
    endloop
  endfacet
  facet normal 0.2789788168775546 -0.9602972559231854 0
    outer loop
      vertex -0.33636474609375 -28.534942626953125 -6.9850006103515625
      vertex -0.41796016693115234 -28.55864715576172 -12.0649995803833
      vertex -0.33636474609375 -28.534942626953125 -12.0649995803833
    endloop
  endfacet
  facet normal -0.8607436968938819 -0.5090385921101203 0
    outer loop
      vertex 1.1852483749389648 -29.193403244018555 -12.0649995803833
      vertex 1.1419954299926758 -29.12026596069336 -6.9850006103515625
      vertex 1.1419954299926758 -29.12026596069336 -12.0649995803833
    endloop
  endfacet
  facet normal -0.8607436968938819 -0.5090385921101203 0
    outer loop
      vertex 1.1419954299926758 -29.12026596069336 -6.9850006103515625
      vertex 1.1852483749389648 -29.193403244018555 -12.0649995803833
      vertex 1.1852483749389648 -29.193403244018555 -6.9850006103515625
    endloop
  endfacet
  facet normal -0.8607436968938819 0.5090385921101203 0
    outer loop
      vertex 1.1419954299926758 -30.569732666015625 -12.0649995803833
      vertex 1.1852483749389648 -30.49659538269043 -6.9850006103515625
      vertex 1.1852483749389648 -30.49659538269043 -12.0649995803833
    endloop
  endfacet
  facet normal -0.8607436968938819 0.5090385921101203 0
    outer loop
      vertex 1.1852483749389648 -30.49659538269043 -6.9850006103515625
      vertex 1.1419954299926758 -30.569732666015625 -12.0649995803833
      vertex 1.1419954299926758 -30.569732666015625 -6.9850006103515625
    endloop
  endfacet
  facet normal -0.5620858939546599 0.8270788643274538 0
    outer loop
      vertex 0.795008659362793 -30.93923568725586 -12.0649995803833
      vertex 0.7247323989868164 -30.986995697021484 -6.9850006103515625
      vertex 0.795008659362793 -30.93923568725586 -6.9850006103515625
    endloop
  endfacet
  facet normal -0.5620858939546599 0.8270788643274538 0
    outer loop
      vertex 0.7247323989868164 -30.986995697021484 -6.9850006103515625
      vertex 0.795008659362793 -30.93923568725586 -12.0649995803833
      vertex 0.7247323989868164 -30.986995697021484 -12.0649995803833
    endloop
  endfacet
  facet normal 0.7071123929892447 0.7071011693393131 0
    outer loop
      vertex -0.9258832931518555 -30.83096694946289 -6.9850006103515625
      vertex -0.9859657287597656 -30.770883560180664 -12.0649995803833
      vertex -0.9859657287597656 -30.770883560180664 -6.9850006103515625
    endloop
  endfacet
  facet normal 0.7071123929892447 0.7071011693393131 0
    outer loop
      vertex -0.9859657287597656 -30.770883560180664 -12.0649995803833
      vertex -0.9258832931518555 -30.83096694946289 -6.9850006103515625
      vertex -0.9258832931518555 -30.83096694946289 -12.0649995803833
    endloop
  endfacet
  facet normal 0.2789788168775546 0.9602972559231854 0
    outer loop
      vertex -0.33636474609375 -31.15505599975586 -12.0649995803833
      vertex -0.41796016693115234 -31.131351470947266 -6.9850006103515625
      vertex -0.33636474609375 -31.15505599975586 -6.9850006103515625
    endloop
  endfacet
  facet normal 0.2789788168775546 0.9602972559231854 0
    outer loop
      vertex -0.41796016693115234 -31.131351470947266 -6.9850006103515625
      vertex -0.33636474609375 -31.15505599975586 -12.0649995803833
      vertex -0.41796016693115234 -31.131351470947266 -12.0649995803833
    endloop
  endfacet
  facet normal 0.7071123929892447 -0.7071011693393131 0
    outer loop
      vertex -0.9859657287597656 -28.91911506652832 -6.9850006103515625
      vertex -0.9258832931518555 -28.859031677246094 -12.0649995803833
      vertex -0.9258832931518555 -28.859031677246094 -6.9850006103515625
    endloop
  endfacet
  facet normal 0.7071123929892447 -0.7071011693393131 0
    outer loop
      vertex -0.9258832931518555 -28.859031677246094 -12.0649995803833
      vertex -0.9859657287597656 -28.91911506652832 -6.9850006103515625
      vertex -0.9859657287597656 -28.91911506652832 -12.0649995803833
    endloop
  endfacet
  facet normal 0.5090219610376909 0.860753532192197 0
    outer loop
      vertex -0.6515951156616211 -31.03024673461914 -12.0649995803833
      vertex -0.7247323989868164 -30.986995697021484 -6.9850006103515625
      vertex -0.6515951156616211 -31.03024673461914 -6.9850006103515625
    endloop
  endfacet
  facet normal 0.5090219610376909 0.860753532192197 0
    outer loop
      vertex -0.7247323989868164 -30.986995697021484 -6.9850006103515625
      vertex -0.6515951156616211 -31.03024673461914 -12.0649995803833
      vertex -0.7247323989868164 -30.986995697021484 -12.0649995803833
    endloop
  endfacet
  facet normal -0.8910073746991559 0.453988830514274 0
    outer loop
      vertex 1.1852483749389648 -30.49659538269043 -12.0649995803833
      vertex 1.2238235473632812 -30.420886993408203 -6.9850006103515625
      vertex 1.2238235473632812 -30.420886993408203 -12.0649995803833
    endloop
  endfacet
  facet normal -0.8910073746991559 0.453988830514274 0
    outer loop
      vertex 1.2238235473632812 -30.420886993408203 -6.9850006103515625
      vertex 1.1852483749389648 -30.49659538269043 -12.0649995803833
      vertex 1.1852483749389648 -30.49659538269043 -6.9850006103515625
    endloop
  endfacet
  facet normal 0.3971421614526908 0.9177571049012286 0
    outer loop
      vertex -0.4979066848754883 -31.102569580078125 -12.0649995803833
      vertex -0.5758876800537109 -31.068824768066406 -6.9850006103515625
      vertex -0.4979066848754883 -31.102569580078125 -6.9850006103515625
    endloop
  endfacet
  facet normal 0.3971421614526908 0.9177571049012286 0
    outer loop
      vertex -0.5758876800537109 -31.068824768066406 -6.9850006103515625
      vertex -0.4979066848754883 -31.102569580078125 -12.0649995803833
      vertex -0.5758876800537109 -31.068824768066406 -12.0649995803833
    endloop
  endfacet
  facet normal -0.2181448318627402 -0.9759164064260712 0
    outer loop
      vertex 0.25344181060791016 -28.516407012939453 -12.0649995803833
      vertex 0.33636474609375 -28.534942626953125 -6.9850006103515625
      vertex 0.25344181060791016 -28.516407012939453 -6.9850006103515625
    endloop
  endfacet
  facet normal -0.2181448318627402 -0.9759164064260712 0
    outer loop
      vertex 0.33636474609375 -28.534942626953125 -6.9850006103515625
      vertex 0.25344181060791016 -28.516407012939453 -12.0649995803833
      vertex 0.33636474609375 -28.534942626953125 -12.0649995803833
    endloop
  endfacet
  facet normal -0.8270788643274538 0.5620858939546599 0
    outer loop
      vertex 1.0942354202270508 -30.6400089263916 -12.0649995803833
      vertex 1.1419954299926758 -30.569732666015625 -6.9850006103515625
      vertex 1.1419954299926758 -30.569732666015625 -12.0649995803833
    endloop
  endfacet
  facet normal -0.8270788643274538 0.5620858939546599 0
    outer loop
      vertex 1.1419954299926758 -30.569732666015625 -6.9850006103515625
      vertex 1.0942354202270508 -30.6400089263916 -12.0649995803833
      vertex 1.0942354202270508 -30.6400089263916 -6.9850006103515625
    endloop
  endfacet
  facet normal -0.15643805238507938 -0.9876877724088535 0
    outer loop
      vertex 0.16951942443847656 -28.503114700317383 -12.0649995803833
      vertex 0.25344181060791016 -28.516407012939453 -6.9850006103515625
      vertex 0.16951942443847656 -28.503114700317383 -6.9850006103515625
    endloop
  endfacet
  facet normal -0.15643805238507938 -0.9876877724088535 0
    outer loop
      vertex 0.25344181060791016 -28.516407012939453 -6.9850006103515625
      vertex 0.16951942443847656 -28.503114700317383 -12.0649995803833
      vertex 0.25344181060791016 -28.516407012939453 -12.0649995803833
    endloop
  endfacet
  facet normal -0.9408795423337366 0.3387413272954134 0
    outer loop
      vertex 1.257568359375 -30.342906951904297 -12.0649995803833
      vertex 1.286351203918457 -30.26296043395996 -6.9850006103515625
      vertex 1.286351203918457 -30.26296043395996 -12.0649995803833
    endloop
  endfacet
  facet normal -0.9408795423337366 0.3387413272954134 0
    outer loop
      vertex 1.286351203918457 -30.26296043395996 -6.9850006103515625
      vertex 1.257568359375 -30.342906951904297 -12.0649995803833
      vertex 1.257568359375 -30.342906951904297 -6.9850006103515625
    endloop
  endfacet
  facet normal 0.45400228106901674 -0.8910005212030628 0
    outer loop
      vertex -0.6515951156616211 -28.659751892089844 -12.0649995803833
      vertex -0.5758876800537109 -28.62117576599121 -6.9850006103515625
      vertex -0.6515951156616211 -28.659751892089844 -6.9850006103515625
    endloop
  endfacet
  facet normal 0.45400228106901674 -0.8910005212030628 0
    outer loop
      vertex -0.5758876800537109 -28.62117576599121 -6.9850006103515625
      vertex -0.6515951156616211 -28.659751892089844 -12.0649995803833
      vertex -0.5758876800537109 -28.62117576599121 -12.0649995803833
    endloop
  endfacet
  facet normal 0.9995064316360431 -0.03141485505591309 0
    outer loop
      vertex -1.3525495529174805 -29.844999313354492 -6.9850006103515625
      vertex -1.3498802185058594 -29.76007080078125 -12.0649995803833
      vertex -1.3498802185058594 -29.76007080078125 -6.9850006103515625
    endloop
  endfacet
  facet normal 0.9995064316360431 -0.03141485505591309 0
    outer loop
      vertex -1.3498802185058594 -29.76007080078125 -12.0649995803833
      vertex -1.3525495529174805 -29.844999313354492 -6.9850006103515625
      vertex -1.3525495529174805 -29.844999313354492 -12.0649995803833
    endloop
  endfacet
  facet normal 0.8910073746991559 -0.453988830514274 0
    outer loop
      vertex -1.2238235473632812 -29.26911163330078 -6.9850006103515625
      vertex -1.1852483749389648 -29.193403244018555 -12.0649995803833
      vertex -1.1852483749389648 -29.193403244018555 -6.9850006103515625
    endloop
  endfacet
  facet normal 0.8910073746991559 -0.453988830514274 0
    outer loop
      vertex -1.1852483749389648 -29.193403244018555 -12.0649995803833
      vertex -1.2238235473632812 -29.26911163330078 -6.9850006103515625
      vertex -1.2238235473632812 -29.26911163330078 -12.0649995803833
    endloop
  endfacet
  facet normal 0.9177553346383222 -0.3971462523339496 0
    outer loop
      vertex -1.257568359375 -29.347091674804688 -6.9850006103515625
      vertex -1.2238235473632812 -29.26911163330078 -12.0649995803833
      vertex -1.2238235473632812 -29.26911163330078 -6.9850006103515625
    endloop
  endfacet
  facet normal 0.9177553346383222 -0.3971462523339496 0
    outer loop
      vertex -1.2238235473632812 -29.26911163330078 -12.0649995803833
      vertex -1.257568359375 -29.347091674804688 -6.9850006103515625
      vertex -1.257568359375 -29.347091674804688 -12.0649995803833
    endloop
  endfacet
  facet normal -0.5090219610376909 -0.860753532192197 0
    outer loop
      vertex 0.6515951156616211 -28.659751892089844 -12.0649995803833
      vertex 0.7247323989868164 -28.7030029296875 -6.9850006103515625
      vertex 0.6515951156616211 -28.659751892089844 -6.9850006103515625
    endloop
  endfacet
  facet normal -0.5090219610376909 -0.860753532192197 0
    outer loop
      vertex 0.7247323989868164 -28.7030029296875 -6.9850006103515625
      vertex 0.6515951156616211 -28.659751892089844 -12.0649995803833
      vertex 0.7247323989868164 -28.7030029296875 -12.0649995803833
    endloop
  endfacet
  facet normal 0.9602933753757336 -0.27899217410078087 0
    outer loop
      vertex -1.3100566864013672 -29.50863265991211 -6.9850006103515625
      vertex -1.286351203918457 -29.427038192749023 -12.0649995803833
      vertex -1.286351203918457 -29.427038192749023 -6.9850006103515625
    endloop
  endfacet
  facet normal 0.9602933753757336 -0.27899217410078087 0
    outer loop
      vertex -1.286351203918457 -29.427038192749023 -12.0649995803833
      vertex -1.3100566864013672 -29.50863265991211 -6.9850006103515625
      vertex -1.3100566864013672 -29.50863265991211 -12.0649995803833
    endloop
  endfacet
  facet normal 0.8607436968938819 -0.5090385921101203 0
    outer loop
      vertex -1.1852483749389648 -29.193403244018555 -6.9850006103515625
      vertex -1.1419954299926758 -29.12026596069336 -12.0649995803833
      vertex -1.1419954299926758 -29.12026596069336 -6.9850006103515625
    endloop
  endfacet
  facet normal 0.8607436968938819 -0.5090385921101203 0
    outer loop
      vertex -1.1419954299926758 -29.12026596069336 -12.0649995803833
      vertex -1.1852483749389648 -29.193403244018555 -6.9850006103515625
      vertex -1.1852483749389648 -29.193403244018555 -12.0649995803833
    endloop
  endfacet
  facet normal -0.5090219610376909 0.860753532192197 0
    outer loop
      vertex 0.7247323989868164 -30.986995697021484 -12.0649995803833
      vertex 0.6515951156616211 -31.03024673461914 -6.9850006103515625
      vertex 0.7247323989868164 -30.986995697021484 -6.9850006103515625
    endloop
  endfacet
  facet normal -0.5090219610376909 0.860753532192197 0
    outer loop
      vertex 0.6515951156616211 -31.03024673461914 -6.9850006103515625
      vertex 0.7247323989868164 -30.986995697021484 -12.0649995803833
      vertex 0.6515951156616211 -31.03024673461914 -12.0649995803833
    endloop
  endfacet
  facet normal 0.7901541295161432 -0.6129081918269538 0
    outer loop
      vertex -1.0942354202270508 -29.049991607666016 -6.9850006103515625
      vertex -1.0421571731567383 -28.982852935791016 -12.0649995803833
      vertex -1.0421571731567383 -28.982852935791016 -6.9850006103515625
    endloop
  endfacet
  facet normal 0.7901541295161432 -0.6129081918269538 0
    outer loop
      vertex -1.0421571731567383 -28.982852935791016 -12.0649995803833
      vertex -1.0942354202270508 -29.049991607666016 -6.9850006103515625
      vertex -1.0942354202270508 -29.049991607666016 -12.0649995803833
    endloop
  endfacet
  facet normal -0.9995064316360431 -0.03141485505591309 0
    outer loop
      vertex 1.3525495529174805 -29.844999313354492 -12.0649995803833
      vertex 1.3498802185058594 -29.76007080078125 -6.9850006103515625
      vertex 1.3498802185058594 -29.76007080078125 -12.0649995803833
    endloop
  endfacet
  facet normal -0.9995064316360431 -0.03141485505591309 0
    outer loop
      vertex 1.3498802185058594 -29.76007080078125 -6.9850006103515625
      vertex 1.3525495529174805 -29.844999313354492 -12.0649995803833
      vertex 1.3525495529174805 -29.844999313354492 -6.9850006103515625
    endloop
  endfacet
  facet normal -0.15643805238507938 0.9876877724088535 0
    outer loop
      vertex 0.25344181060791016 -31.17359161376953 -12.0649995803833
      vertex 0.16951942443847656 -31.1868839263916 -6.9850006103515625
      vertex 0.25344181060791016 -31.17359161376953 -6.9850006103515625
    endloop
  endfacet
  facet normal -0.15643805238507938 0.9876877724088535 0
    outer loop
      vertex 0.16951942443847656 -31.1868839263916 -6.9850006103515625
      vertex 0.25344181060791016 -31.17359161376953 -12.0649995803833
      vertex 0.16951942443847656 -31.1868839263916 -12.0649995803833
    endloop
  endfacet
  facet normal 0.5620858939546599 -0.8270788643274538 0
    outer loop
      vertex -0.795008659362793 -28.750762939453125 -12.0649995803833
      vertex -0.7247323989868164 -28.7030029296875 -6.9850006103515625
      vertex -0.795008659362793 -28.750762939453125 -6.9850006103515625
    endloop
  endfacet
  facet normal 0.5620858939546599 -0.8270788643274538 0
    outer loop
      vertex -0.7247323989868164 -28.7030029296875 -6.9850006103515625
      vertex -0.795008659362793 -28.750762939453125 -12.0649995803833
      vertex -0.7247323989868164 -28.7030029296875 -12.0649995803833
    endloop
  endfacet
  facet normal 0.6129081918269538 0.7901541295161432 0
    outer loop
      vertex -0.795008659362793 -30.93923568725586 -12.0649995803833
      vertex -0.862147331237793 -30.887157440185547 -6.9850006103515625
      vertex -0.795008659362793 -30.93923568725586 -6.9850006103515625
    endloop
  endfacet
  facet normal 0.6129081918269538 0.7901541295161432 0
    outer loop
      vertex -0.862147331237793 -30.887157440185547 -6.9850006103515625
      vertex -0.795008659362793 -30.93923568725586 -12.0649995803833
      vertex -0.862147331237793 -30.887157440185547 -12.0649995803833
    endloop
  endfacet
  facet normal 0.6129081918269538 -0.7901541295161432 0
    outer loop
      vertex -0.862147331237793 -28.802841186523438 -12.0649995803833
      vertex -0.795008659362793 -28.750762939453125 -6.9850006103515625
      vertex -0.862147331237793 -28.802841186523438 -6.9850006103515625
    endloop
  endfacet
  facet normal 0.6129081918269538 -0.7901541295161432 0
    outer loop
      vertex -0.795008659362793 -28.750762939453125 -6.9850006103515625
      vertex -0.862147331237793 -28.802841186523438 -12.0649995803833
      vertex -0.795008659362793 -28.750762939453125 -12.0649995803833
    endloop
  endfacet
  facet normal -0.45402010152374156 0.8909914407065713 0
    outer loop
      vertex 0.6515951156616211 -31.03024673461914 -12.0649995803833
      vertex 0.5758876800537109 -31.068824768066406 -6.9850006103515625
      vertex 0.6515951156616211 -31.03024673461914 -6.9850006103515625
    endloop
  endfacet
  facet normal -0.45402010152374156 0.8909914407065713 0
    outer loop
      vertex 0.5758876800537109 -31.068824768066406 -6.9850006103515625
      vertex 0.6515951156616211 -31.03024673461914 -12.0649995803833
      vertex 0.5758876800537109 -31.068824768066406 -12.0649995803833
    endloop
  endfacet
  facet normal -0.9876880470840979 -0.15643631818475176 0
    outer loop
      vertex 1.3418846130371094 -29.675479888916016 -12.0649995803833
      vertex 1.328592300415039 -29.591556549072266 -6.9850006103515625
      vertex 1.328592300415039 -29.591556549072266 -12.0649995803833
    endloop
  endfacet
  facet normal -0.9876880470840979 -0.15643631818475176 0
    outer loop
      vertex 1.328592300415039 -29.591556549072266 -6.9850006103515625
      vertex 1.3418846130371094 -29.675479888916016 -12.0649995803833
      vertex 1.3418846130371094 -29.675479888916016 -6.9850006103515625
    endloop
  endfacet
  facet normal -0.6613097574992218 -0.7501129279224031 0
    outer loop
      vertex 0.862147331237793 -28.802841186523438 -12.0649995803833
      vertex 0.9258832931518555 -28.859031677246094 -6.9850006103515625
      vertex 0.862147331237793 -28.802841186523438 -6.9850006103515625
    endloop
  endfacet
  facet normal -0.6613097574992218 -0.7501129279224031 0
    outer loop
      vertex 0.9258832931518555 -28.859031677246094 -6.9850006103515625
      vertex 0.862147331237793 -28.802841186523438 -12.0649995803833
      vertex 0.9258832931518555 -28.859031677246094 -12.0649995803833
    endloop
  endfacet
  facet normal 0.031404347119140585 0.9995067618490735 0
    outer loop
      vertex 0 -31.19754981994629 -12.0649995803833
      vertex -0.08492660522460938 -31.194881439208984 -6.9850006103515625
      vertex 0 -31.19754981994629 -6.9850006103515625
    endloop
  endfacet
  facet normal 0.031404347119140585 0.9995067618490735 0
    outer loop
      vertex -0.08492660522460938 -31.194881439208984 -6.9850006103515625
      vertex 0 -31.19754981994629 -12.0649995803833
      vertex -0.08492660522460938 -31.194881439208984 -12.0649995803833
    endloop
  endfacet
  facet normal 0.8270788643274538 0.5620858939546599 0
    outer loop
      vertex -1.0942354202270508 -30.6400089263916 -6.9850006103515625
      vertex -1.1419954299926758 -30.569732666015625 -12.0649995803833
      vertex -1.1419954299926758 -30.569732666015625 -6.9850006103515625
    endloop
  endfacet
  facet normal 0.8270788643274538 0.5620858939546599 0
    outer loop
      vertex -1.1419954299926758 -30.569732666015625 -12.0649995803833
      vertex -1.0942354202270508 -30.6400089263916 -6.9850006103515625
      vertex -1.0942354202270508 -30.6400089263916 -12.0649995803833
    endloop
  endfacet
  facet normal 0.7901541295161432 0.6129081918269538 0
    outer loop
      vertex -1.0421571731567383 -30.7071475982666 -6.9850006103515625
      vertex -1.0942354202270508 -30.6400089263916 -12.0649995803833
      vertex -1.0942354202270508 -30.6400089263916 -6.9850006103515625
    endloop
  endfacet
  facet normal 0.7901541295161432 0.6129081918269538 0
    outer loop
      vertex -1.0942354202270508 -30.6400089263916 -12.0649995803833
      vertex -1.0421571731567383 -30.7071475982666 -6.9850006103515625
      vertex -1.0421571731567383 -30.7071475982666 -12.0649995803833
    endloop
  endfacet
  facet normal 0.9602933753757336 0.27899217410078087 0
    outer loop
      vertex -1.286351203918457 -30.26296043395996 -6.9850006103515625
      vertex -1.3100566864013672 -30.181365966796875 -12.0649995803833
      vertex -1.3100566864013672 -30.181365966796875 -6.9850006103515625
    endloop
  endfacet
  facet normal 0.9602933753757336 0.27899217410078087 0
    outer loop
      vertex -1.3100566864013672 -30.181365966796875 -12.0649995803833
      vertex -1.286351203918457 -30.26296043395996 -6.9850006103515625
      vertex -1.286351203918457 -30.26296043395996 -12.0649995803833
    endloop
  endfacet
  facet normal -0.031404347119140585 0.9995067618490735 0
    outer loop
      vertex 0.08492660522460938 -31.194881439208984 -12.0649995803833
      vertex 0 -31.19754981994629 -6.9850006103515625
      vertex 0.08492660522460938 -31.194881439208984 -6.9850006103515625
    endloop
  endfacet
  facet normal -0.031404347119140585 0.9995067618490735 0
    outer loop
      vertex 0 -31.19754981994629 -6.9850006103515625
      vertex 0.08492660522460938 -31.194881439208984 -12.0649995803833
      vertex 0 -31.19754981994629 -12.0649995803833
    endloop
  endfacet
  facet normal -0.7501171772038024 -0.6613049375770602 0
    outer loop
      vertex 1.0421571731567383 -28.982852935791016 -12.0649995803833
      vertex 0.9859657287597656 -28.91911506652832 -6.9850006103515625
      vertex 0.9859657287597656 -28.91911506652832 -12.0649995803833
    endloop
  endfacet
  facet normal -0.7501171772038024 -0.6613049375770602 0
    outer loop
      vertex 0.9859657287597656 -28.91911506652832 -6.9850006103515625
      vertex 1.0421571731567383 -28.982852935791016 -12.0649995803833
      vertex 1.0421571731567383 -28.982852935791016 -6.9850006103515625
    endloop
  endfacet
  facet normal 0.9177553346383222 0.3971462523339496 0
    outer loop
      vertex -1.2238235473632812 -30.420886993408203 -6.9850006103515625
      vertex -1.257568359375 -30.342906951904297 -12.0649995803833
      vertex -1.257568359375 -30.342906951904297 -6.9850006103515625
    endloop
  endfacet
  facet normal 0.9177553346383222 0.3971462523339496 0
    outer loop
      vertex -1.257568359375 -30.342906951904297 -12.0649995803833
      vertex -1.2238235473632812 -30.420886993408203 -6.9850006103515625
      vertex -1.2238235473632812 -30.420886993408203 -12.0649995803833
    endloop
  endfacet
  facet normal 0.9955626151119993 -0.09410143139908683 0
    outer loop
      vertex -1.3498802185058594 -29.76007080078125 -6.9850006103515625
      vertex -1.3418846130371094 -29.675479888916016 -12.0649995803833
      vertex -1.3418846130371094 -29.675479888916016 -6.9850006103515625
    endloop
  endfacet
  facet normal 0.9955626151119993 -0.09410143139908683 0
    outer loop
      vertex -1.3418846130371094 -29.675479888916016 -12.0649995803833
      vertex -1.3498802185058594 -29.76007080078125 -6.9850006103515625
      vertex -1.3498802185058594 -29.76007080078125 -12.0649995803833
    endloop
  endfacet
  facet normal 0.9408795423337366 0.3387413272954134 0
    outer loop
      vertex -1.257568359375 -30.342906951904297 -6.9850006103515625
      vertex -1.286351203918457 -30.26296043395996 -12.0649995803833
      vertex -1.286351203918457 -30.26296043395996 -6.9850006103515625
    endloop
  endfacet
  facet normal 0.9408795423337366 0.3387413272954134 0
    outer loop
      vertex -1.286351203918457 -30.26296043395996 -12.0649995803833
      vertex -1.257568359375 -30.342906951904297 -6.9850006103515625
      vertex -1.257568359375 -30.342906951904297 -12.0649995803833
    endloop
  endfacet
  facet normal 0.33873139144401126 0.9408831194417318 0
    outer loop
      vertex -0.41796016693115234 -31.131351470947266 -12.0649995803833
      vertex -0.4979066848754883 -31.102569580078125 -6.9850006103515625
      vertex -0.41796016693115234 -31.131351470947266 -6.9850006103515625
    endloop
  endfacet
  facet normal 0.33873139144401126 0.9408831194417318 0
    outer loop
      vertex -0.4979066848754883 -31.102569580078125 -6.9850006103515625
      vertex -0.41796016693115234 -31.131351470947266 -12.0649995803833
      vertex -0.4979066848754883 -31.102569580078125 -12.0649995803833
    endloop
  endfacet
  facet normal -0.8910073746991559 -0.453988830514274 0
    outer loop
      vertex 1.2238235473632812 -29.26911163330078 -12.0649995803833
      vertex 1.1852483749389648 -29.193403244018555 -6.9850006103515625
      vertex 1.1852483749389648 -29.193403244018555 -12.0649995803833
    endloop
  endfacet
  facet normal -0.8910073746991559 -0.453988830514274 0
    outer loop
      vertex 1.1852483749389648 -29.193403244018555 -6.9850006103515625
      vertex 1.2238235473632812 -29.26911163330078 -12.0649995803833
      vertex 1.2238235473632812 -29.26911163330078 -6.9850006103515625
    endloop
  endfacet
  facet normal 0.33873139144401126 -0.9408831194417318 0
    outer loop
      vertex -0.4979066848754883 -28.58742904663086 -12.0649995803833
      vertex -0.41796016693115234 -28.55864715576172 -6.9850006103515625
      vertex -0.4979066848754883 -28.58742904663086 -6.9850006103515625
    endloop
  endfacet
  facet normal 0.33873139144401126 -0.9408831194417318 0
    outer loop
      vertex -0.41796016693115234 -28.55864715576172 -6.9850006103515625
      vertex -0.4979066848754883 -28.58742904663086 -12.0649995803833
      vertex -0.41796016693115234 -28.55864715576172 -12.0649995803833
    endloop
  endfacet
  facet normal 0.6613097574992218 0.7501129279224031 0
    outer loop
      vertex -0.862147331237793 -30.887157440185547 -12.0649995803833
      vertex -0.9258832931518555 -30.83096694946289 -6.9850006103515625
      vertex -0.862147331237793 -30.887157440185547 -6.9850006103515625
    endloop
  endfacet
  facet normal 0.6613097574992218 0.7501129279224031 0
    outer loop
      vertex -0.9258832931518555 -30.83096694946289 -6.9850006103515625
      vertex -0.862147331237793 -30.887157440185547 -12.0649995803833
      vertex -0.9258832931518555 -30.83096694946289 -12.0649995803833
    endloop
  endfacet
  facet normal -0.9955626151119993 -0.09410143139908683 0
    outer loop
      vertex 1.3498802185058594 -29.76007080078125 -12.0649995803833
      vertex 1.3418846130371094 -29.675479888916016 -6.9850006103515625
      vertex 1.3418846130371094 -29.675479888916016 -12.0649995803833
    endloop
  endfacet
  facet normal -0.9955626151119993 -0.09410143139908683 0
    outer loop
      vertex 1.3418846130371094 -29.675479888916016 -6.9850006103515625
      vertex 1.3498802185058594 -29.76007080078125 -12.0649995803833
      vertex 1.3498802185058594 -29.76007080078125 -6.9850006103515625
    endloop
  endfacet
  facet normal -0.9759169405238349 -0.2181424424512519 0
    outer loop
      vertex 1.328592300415039 -29.591556549072266 -12.0649995803833
      vertex 1.3100566864013672 -29.50863265991211 -6.9850006103515625
      vertex 1.3100566864013672 -29.50863265991211 -12.0649995803833
    endloop
  endfacet
  facet normal -0.9759169405238349 -0.2181424424512519 0
    outer loop
      vertex 1.3100566864013672 -29.50863265991211 -6.9850006103515625
      vertex 1.328592300415039 -29.591556549072266 -12.0649995803833
      vertex 1.328592300415039 -29.591556549072266 -6.9850006103515625
    endloop
  endfacet
  facet normal -0.9995064316360431 0.03141485505591309 0
    outer loop
      vertex 1.3498802185058594 -29.929927825927734 -12.0649995803833
      vertex 1.3525495529174805 -29.844999313354492 -6.9850006103515625
      vertex 1.3525495529174805 -29.844999313354492 -12.0649995803833
    endloop
  endfacet
  facet normal -0.9995064316360431 0.03141485505591309 0
    outer loop
      vertex 1.3525495529174805 -29.844999313354492 -6.9850006103515625
      vertex 1.3498802185058594 -29.929927825927734 -12.0649995803833
      vertex 1.3498802185058594 -29.929927825927734 -6.9850006103515625
    endloop
  endfacet
  facet normal -0.6129081918269538 -0.7901541295161432 0
    outer loop
      vertex 0.795008659362793 -28.750762939453125 -12.0649995803833
      vertex 0.862147331237793 -28.802841186523438 -6.9850006103515625
      vertex 0.795008659362793 -28.750762939453125 -6.9850006103515625
    endloop
  endfacet
  facet normal -0.6129081918269538 -0.7901541295161432 0
    outer loop
      vertex 0.862147331237793 -28.802841186523438 -6.9850006103515625
      vertex 0.795008659362793 -28.750762939453125 -12.0649995803833
      vertex 0.862147331237793 -28.802841186523438 -12.0649995803833
    endloop
  endfacet
  facet normal -0.9602933753757336 0.27899217410078087 0
    outer loop
      vertex 1.286351203918457 -30.26296043395996 -12.0649995803833
      vertex 1.3100566864013672 -30.181365966796875 -6.9850006103515625
      vertex 1.3100566864013672 -30.181365966796875 -12.0649995803833
    endloop
  endfacet
  facet normal -0.9602933753757336 0.27899217410078087 0
    outer loop
      vertex 1.3100566864013672 -30.181365966796875 -6.9850006103515625
      vertex 1.286351203918457 -30.26296043395996 -12.0649995803833
      vertex 1.286351203918457 -30.26296043395996 -6.9850006103515625
    endloop
  endfacet
  facet normal -0.750107360263462 0.6613160727508297 0
    outer loop
      vertex 0.9859657287597656 -30.770883560180664 -12.0649995803833
      vertex 1.0421571731567383 -30.7071475982666 -6.9850006103515625
      vertex 1.0421571731567383 -30.7071475982666 -12.0649995803833
    endloop
  endfacet
  facet normal -0.750107360263462 0.6613160727508297 0
    outer loop
      vertex 1.0421571731567383 -30.7071475982666 -6.9850006103515625
      vertex 0.9859657287597656 -30.770883560180664 -12.0649995803833
      vertex 0.9859657287597656 -30.770883560180664 -6.9850006103515625
    endloop
  endfacet
  facet normal 0.15643805238507938 0.9876877724088535 0
    outer loop
      vertex -0.16951942443847656 -31.1868839263916 -12.0649995803833
      vertex -0.25344181060791016 -31.17359161376953 -6.9850006103515625
      vertex -0.16951942443847656 -31.1868839263916 -6.9850006103515625
    endloop
  endfacet
  facet normal 0.15643805238507938 0.9876877724088535 0
    outer loop
      vertex -0.25344181060791016 -31.17359161376953 -6.9850006103515625
      vertex -0.16951942443847656 -31.1868839263916 -12.0649995803833
      vertex -0.25344181060791016 -31.17359161376953 -12.0649995803833
    endloop
  endfacet
  facet normal -0.9602933753757336 -0.27899217410078087 0
    outer loop
      vertex 1.3100566864013672 -29.50863265991211 -12.0649995803833
      vertex 1.286351203918457 -29.427038192749023 -6.9850006103515625
      vertex 1.286351203918457 -29.427038192749023 -12.0649995803833
    endloop
  endfacet
  facet normal -0.9602933753757336 -0.27899217410078087 0
    outer loop
      vertex 1.286351203918457 -29.427038192749023 -6.9850006103515625
      vertex 1.3100566864013672 -29.50863265991211 -12.0649995803833
      vertex 1.3100566864013672 -29.50863265991211 -6.9850006103515625
    endloop
  endfacet
  facet normal 0.6613097574992218 -0.7501129279224031 0
    outer loop
      vertex -0.9258832931518555 -28.859031677246094 -12.0649995803833
      vertex -0.862147331237793 -28.802841186523438 -6.9850006103515625
      vertex -0.9258832931518555 -28.859031677246094 -6.9850006103515625
    endloop
  endfacet
  facet normal 0.6613097574992218 -0.7501129279224031 0
    outer loop
      vertex -0.862147331237793 -28.802841186523438 -6.9850006103515625
      vertex -0.9258832931518555 -28.859031677246094 -12.0649995803833
      vertex -0.862147331237793 -28.802841186523438 -12.0649995803833
    endloop
  endfacet
  facet normal 0.9955626151119993 0.09410143139908683 0
    outer loop
      vertex -1.3418846130371094 -30.01451873779297 -6.9850006103515625
      vertex -1.3498802185058594 -29.929927825927734 -12.0649995803833
      vertex -1.3498802185058594 -29.929927825927734 -6.9850006103515625
    endloop
  endfacet
  facet normal 0.9955626151119993 0.09410143139908683 0
    outer loop
      vertex -1.3498802185058594 -29.929927825927734 -12.0649995803833
      vertex -1.3418846130371094 -30.01451873779297 -6.9850006103515625
      vertex -1.3418846130371094 -30.01451873779297 -12.0649995803833
    endloop
  endfacet
  facet normal -0.2789788168775546 0.9602972559231854 0
    outer loop
      vertex 0.41796016693115234 -31.131351470947266 -12.0649995803833
      vertex 0.33636474609375 -31.15505599975586 -6.9850006103515625
      vertex 0.41796016693115234 -31.131351470947266 -6.9850006103515625
    endloop
  endfacet
  facet normal -0.2789788168775546 0.9602972559231854 0
    outer loop
      vertex 0.33636474609375 -31.15505599975586 -6.9850006103515625
      vertex 0.41796016693115234 -31.131351470947266 -12.0649995803833
      vertex 0.33636474609375 -31.15505599975586 -12.0649995803833
    endloop
  endfacet
  facet normal -0.2181448318627402 0.9759164064260712 0
    outer loop
      vertex 0.33636474609375 -31.15505599975586 -12.0649995803833
      vertex 0.25344181060791016 -31.17359161376953 -6.9850006103515625
      vertex 0.33636474609375 -31.15505599975586 -6.9850006103515625
    endloop
  endfacet
  facet normal -0.2181448318627402 0.9759164064260712 0
    outer loop
      vertex 0.25344181060791016 -31.17359161376953 -6.9850006103515625
      vertex 0.33636474609375 -31.15505599975586 -12.0649995803833
      vertex 0.25344181060791016 -31.17359161376953 -12.0649995803833
    endloop
  endfacet
  facet normal 0.8607436968938819 0.5090385921101203 0
    outer loop
      vertex -1.1419954299926758 -30.569732666015625 -6.9850006103515625
      vertex -1.1852483749389648 -30.49659538269043 -12.0649995803833
      vertex -1.1852483749389648 -30.49659538269043 -6.9850006103515625
    endloop
  endfacet
  facet normal 0.8607436968938819 0.5090385921101203 0
    outer loop
      vertex -1.1852483749389648 -30.49659538269043 -12.0649995803833
      vertex -1.1419954299926758 -30.569732666015625 -6.9850006103515625
      vertex -1.1419954299926758 -30.569732666015625 -12.0649995803833
    endloop
  endfacet
  facet normal 0.9995064316360431 0.03141485505591309 0
    outer loop
      vertex -1.3498802185058594 -29.929927825927734 -6.9850006103515625
      vertex -1.3525495529174805 -29.844999313354492 -12.0649995803833
      vertex -1.3525495529174805 -29.844999313354492 -6.9850006103515625
    endloop
  endfacet
  facet normal 0.9995064316360431 0.03141485505591309 0
    outer loop
      vertex -1.3525495529174805 -29.844999313354492 -12.0649995803833
      vertex -1.3498802185058594 -29.929927825927734 -6.9850006103515625
      vertex -1.3498802185058594 -29.929927825927734 -12.0649995803833
    endloop
  endfacet
  facet normal -0.7901541295161432 -0.6129081918269538 0
    outer loop
      vertex 1.0942354202270508 -29.049991607666016 -12.0649995803833
      vertex 1.0421571731567383 -28.982852935791016 -6.9850006103515625
      vertex 1.0421571731567383 -28.982852935791016 -12.0649995803833
    endloop
  endfacet
  facet normal -0.7901541295161432 -0.6129081918269538 0
    outer loop
      vertex 1.0421571731567383 -28.982852935791016 -6.9850006103515625
      vertex 1.0942354202270508 -29.049991607666016 -12.0649995803833
      vertex 1.0942354202270508 -29.049991607666016 -6.9850006103515625
    endloop
  endfacet
  facet normal -0.6129081918269538 0.7901541295161432 0
    outer loop
      vertex 0.862147331237793 -30.887157440185547 -12.0649995803833
      vertex 0.795008659362793 -30.93923568725586 -6.9850006103515625
      vertex 0.862147331237793 -30.887157440185547 -6.9850006103515625
    endloop
  endfacet
  facet normal -0.6129081918269538 0.7901541295161432 0
    outer loop
      vertex 0.795008659362793 -30.93923568725586 -6.9850006103515625
      vertex 0.862147331237793 -30.887157440185547 -12.0649995803833
      vertex 0.795008659362793 -30.93923568725586 -12.0649995803833
    endloop
  endfacet
  facet normal -0.9408795423337366 -0.3387413272954134 0
    outer loop
      vertex 1.286351203918457 -29.427038192749023 -12.0649995803833
      vertex 1.257568359375 -29.347091674804688 -6.9850006103515625
      vertex 1.257568359375 -29.347091674804688 -12.0649995803833
    endloop
  endfacet
  facet normal -0.9408795423337366 -0.3387413272954134 0
    outer loop
      vertex 1.257568359375 -29.347091674804688 -6.9850006103515625
      vertex 1.286351203918457 -29.427038192749023 -12.0649995803833
      vertex 1.286351203918457 -29.427038192749023 -6.9850006103515625
    endloop
  endfacet
  facet normal 0.750107360263462 0.6613160727508297 0
    outer loop
      vertex -0.9859657287597656 -30.770883560180664 -6.9850006103515625
      vertex -1.0421571731567383 -30.7071475982666 -12.0649995803833
      vertex -1.0421571731567383 -30.7071475982666 -6.9850006103515625
    endloop
  endfacet
  facet normal 0.750107360263462 0.6613160727508297 0
    outer loop
      vertex -1.0421571731567383 -30.7071475982666 -12.0649995803833
      vertex -0.9859657287597656 -30.770883560180664 -6.9850006103515625
      vertex -0.9859657287597656 -30.770883560180664 -12.0649995803833
    endloop
  endfacet
  facet normal -0.9759169405238349 0.2181424424512519 0
    outer loop
      vertex 1.3100566864013672 -30.181365966796875 -12.0649995803833
      vertex 1.328592300415039 -30.09844207763672 -6.9850006103515625
      vertex 1.328592300415039 -30.09844207763672 -12.0649995803833
    endloop
  endfacet
  facet normal -0.9759169405238349 0.2181424424512519 0
    outer loop
      vertex 1.328592300415039 -30.09844207763672 -6.9850006103515625
      vertex 1.3100566864013672 -30.181365966796875 -12.0649995803833
      vertex 1.3100566864013672 -30.181365966796875 -6.9850006103515625
    endloop
  endfacet
  facet normal -0.6613097574992218 0.7501129279224031 0
    outer loop
      vertex 0.9258832931518555 -30.83096694946289 -12.0649995803833
      vertex 0.862147331237793 -30.887157440185547 -6.9850006103515625
      vertex 0.9258832931518555 -30.83096694946289 -6.9850006103515625
    endloop
  endfacet
  facet normal -0.6613097574992218 0.7501129279224031 0
    outer loop
      vertex 0.862147331237793 -30.887157440185547 -6.9850006103515625
      vertex 0.9258832931518555 -30.83096694946289 -12.0649995803833
      vertex 0.862147331237793 -30.887157440185547 -12.0649995803833
    endloop
  endfacet
  facet normal -0.750112268795619 -0.6613105051352874 0
    outer loop
      vertex 1.0421571731567383 15.467146873474121 -12.0649995803833
      vertex 0.9859657287597656 15.5308837890625 -6.9850006103515625
      vertex 0.9859657287597656 15.5308837890625 -12.0649995803833
    endloop
  endfacet
  facet normal -0.750112268795619 -0.6613105051352874 0
    outer loop
      vertex 0.9859657287597656 15.5308837890625 -6.9850006103515625
      vertex 1.0421571731567383 15.467146873474121 -12.0649995803833
      vertex 1.0421571731567383 15.467146873474121 -6.9850006103515625
    endloop
  endfacet
  facet normal 0.9955627144991273 -0.09410037990959158 0
    outer loop
      vertex -1.3498802185058594 14.689927101135254 -6.9850006103515625
      vertex -1.3418846130371094 14.774518966674805 -12.0649995803833
      vertex -1.3418846130371094 14.774518966674805 -6.9850006103515625
    endloop
  endfacet
  facet normal 0.9955627144991273 -0.09410037990959158 0
    outer loop
      vertex -1.3418846130371094 14.774518966674805 -12.0649995803833
      vertex -1.3498802185058594 14.689927101135254 -6.9850006103515625
      vertex -1.3498802185058594 14.689927101135254 -12.0649995803833
    endloop
  endfacet
  facet normal 0.2181448318627402 -0.9759164064260712 0
    outer loop
      vertex -0.33636474609375 15.915056228637695 -12.0649995803833
      vertex -0.25344181060791016 15.933591842651367 -6.9850006103515625
      vertex -0.33636474609375 15.915056228637695 -6.9850006103515625
    endloop
  endfacet
  facet normal 0.2181448318627402 -0.9759164064260712 0
    outer loop
      vertex -0.25344181060791016 15.933591842651367 -6.9850006103515625
      vertex -0.33636474609375 15.915056228637695 -12.0649995803833
      vertex -0.25344181060791016 15.933591842651367 -12.0649995803833
    endloop
  endfacet
  facet normal 0.031404347119140585 -0.9995067618490735 0
    outer loop
      vertex -0.08492660522460938 15.954880714416504 -12.0649995803833
      vertex 0 15.957549095153809 -6.9850006103515625
      vertex -0.08492660522460938 15.954880714416504 -6.9850006103515625
    endloop
  endfacet
  facet normal 0.031404347119140585 -0.9995067618490735 0
    outer loop
      vertex 0 15.957549095153809 -6.9850006103515625
      vertex -0.08492660522460938 15.954880714416504 -12.0649995803833
      vertex 0 15.957549095153809 -12.0649995803833
    endloop
  endfacet
  facet normal 0.09411045272317763 -0.9955617623674778 0
    outer loop
      vertex -0.16951942443847656 15.946884155273438 -12.0649995803833
      vertex -0.08492660522460938 15.954880714416504 -6.9850006103515625
      vertex -0.16951942443847656 15.946884155273438 -6.9850006103515625
    endloop
  endfacet
  facet normal 0.09411045272317763 -0.9955617623674778 0
    outer loop
      vertex -0.08492660522460938 15.954880714416504 -6.9850006103515625
      vertex -0.16951942443847656 15.946884155273438 -12.0649995803833
      vertex -0.08492660522460938 15.954880714416504 -12.0649995803833
    endloop
  endfacet
  facet normal 0.33873139144401126 0.9408831194417318 0
    outer loop
      vertex -0.41796016693115234 13.318648338317871 -12.0649995803833
      vertex -0.4979066848754883 13.347430229187012 -6.9850006103515625
      vertex -0.41796016693115234 13.318648338317871 -6.9850006103515625
    endloop
  endfacet
  facet normal 0.33873139144401126 0.9408831194417318 0
    outer loop
      vertex -0.4979066848754883 13.347430229187012 -6.9850006103515625
      vertex -0.41796016693115234 13.318648338317871 -12.0649995803833
      vertex -0.4979066848754883 13.347430229187012 -12.0649995803833
    endloop
  endfacet
  facet normal -0.031404347119140585 -0.9995067618490735 0
    outer loop
      vertex 0 15.957549095153809 -12.0649995803833
      vertex 0.08492660522460938 15.954880714416504 -6.9850006103515625
      vertex 0 15.957549095153809 -6.9850006103515625
    endloop
  endfacet
  facet normal -0.031404347119140585 -0.9995067618490735 0
    outer loop
      vertex 0.08492660522460938 15.954880714416504 -6.9850006103515625
      vertex 0 15.957549095153809 -12.0649995803833
      vertex 0.08492660522460938 15.954880714416504 -12.0649995803833
    endloop
  endfacet
  facet normal -0.9955627144991273 0.09410037990959158 0
    outer loop
      vertex 1.3418846130371094 14.435480117797852 -12.0649995803833
      vertex 1.3498802185058594 14.520071983337402 -6.9850006103515625
      vertex 1.3498802185058594 14.520071983337402 -12.0649995803833
    endloop
  endfacet
  facet normal -0.9955627144991273 0.09410037990959158 0
    outer loop
      vertex 1.3498802185058594 14.520071983337402 -6.9850006103515625
      vertex 1.3418846130371094 14.435480117797852 -12.0649995803833
      vertex 1.3418846130371094 14.435480117797852 -6.9850006103515625
    endloop
  endfacet
  facet normal 0.9876880470840979 0.15643631818475176 0
    outer loop
      vertex -1.328592300415039 14.351556777954102 -6.9850006103515625
      vertex -1.3418846130371094 14.435480117797852 -12.0649995803833
      vertex -1.3418846130371094 14.435480117797852 -6.9850006103515625
    endloop
  endfacet
  facet normal 0.9876880470840979 0.15643631818475176 0
    outer loop
      vertex -1.3418846130371094 14.435480117797852 -12.0649995803833
      vertex -1.328592300415039 14.351556777954102 -6.9850006103515625
      vertex -1.328592300415039 14.351556777954102 -12.0649995803833
    endloop
  endfacet
  facet normal 0.8607407885696293 -0.5090435098226208 0
    outer loop
      vertex -1.1852483749389648 15.256595611572266 -6.9850006103515625
      vertex -1.1419954299926758 15.329731941223145 -12.0649995803833
      vertex -1.1419954299926758 15.329731941223145 -6.9850006103515625
    endloop
  endfacet
  facet normal 0.8607407885696293 -0.5090435098226208 0
    outer loop
      vertex -1.1419954299926758 15.329731941223145 -12.0649995803833
      vertex -1.1852483749389648 15.256595611572266 -6.9850006103515625
      vertex -1.1852483749389648 15.256595611572266 -12.0649995803833
    endloop
  endfacet
  facet normal 0.9408782544465906 -0.33874490447759786 0
    outer loop
      vertex -1.286351203918457 15.022960662841797 -6.9850006103515625
      vertex -1.257568359375 15.102906227111816 -12.0649995803833
      vertex -1.257568359375 15.102906227111816 -6.9850006103515625
    endloop
  endfacet
  facet normal 0.9408782544465906 -0.33874490447759786 0
    outer loop
      vertex -1.257568359375 15.102906227111816 -12.0649995803833
      vertex -1.286351203918457 15.022960662841797 -6.9850006103515625
      vertex -1.286351203918457 15.022960662841797 -12.0649995803833
    endloop
  endfacet
  facet normal 0.8910073746991559 0.453988830514274 0
    outer loop
      vertex -1.1852483749389648 13.95340347290039 -6.9850006103515625
      vertex -1.2238235473632812 14.029111862182617 -12.0649995803833
      vertex -1.2238235473632812 14.029111862182617 -6.9850006103515625
    endloop
  endfacet
  facet normal 0.8910073746991559 0.453988830514274 0
    outer loop
      vertex -1.2238235473632812 14.029111862182617 -12.0649995803833
      vertex -1.1852483749389648 13.95340347290039 -6.9850006103515625
      vertex -1.1852483749389648 13.95340347290039 -12.0649995803833
    endloop
  endfacet
  facet normal -0.33873139144401126 -0.9408831194417318 0
    outer loop
      vertex 0.41796016693115234 15.891350746154785 -12.0649995803833
      vertex 0.4979066848754883 15.862568855285645 -6.9850006103515625
      vertex 0.41796016693115234 15.891350746154785 -6.9850006103515625
    endloop
  endfacet
  facet normal -0.33873139144401126 -0.9408831194417318 0
    outer loop
      vertex 0.4979066848754883 15.862568855285645 -6.9850006103515625
      vertex 0.41796016693115234 15.891350746154785 -12.0649995803833
      vertex 0.4979066848754883 15.862568855285645 -12.0649995803833
    endloop
  endfacet
  facet normal -0.9995064205593636 0.03141520747359054 0
    outer loop
      vertex 1.3498802185058594 14.520071983337402 -12.0649995803833
      vertex 1.3525495529174805 14.604999542236328 -6.9850006103515625
      vertex 1.3525495529174805 14.604999542236328 -12.0649995803833
    endloop
  endfacet
  facet normal -0.9995064205593636 0.03141520747359054 0
    outer loop
      vertex 1.3525495529174805 14.604999542236328 -6.9850006103515625
      vertex 1.3498802185058594 14.520071983337402 -12.0649995803833
      vertex 1.3498802185058594 14.520071983337402 -6.9850006103515625
    endloop
  endfacet
  facet normal 0.7901583457455174 0.61290275627436 0
    outer loop
      vertex -1.0421571731567383 13.742851257324219 -6.9850006103515625
      vertex -1.0942354202270508 13.809990882873535 -12.0649995803833
      vertex -1.0942354202270508 13.809990882873535 -6.9850006103515625
    endloop
  endfacet
  facet normal 0.7901583457455174 0.61290275627436 0
    outer loop
      vertex -1.0942354202270508 13.809990882873535 -12.0649995803833
      vertex -1.0421571731567383 13.742851257324219 -6.9850006103515625
      vertex -1.0421571731567383 13.742851257324219 -12.0649995803833
    endloop
  endfacet
  facet normal -0.09411045272317763 -0.9955617623674778 0
    outer loop
      vertex 0.08492660522460938 15.954880714416504 -12.0649995803833
      vertex 0.16951942443847656 15.946884155273438 -6.9850006103515625
      vertex 0.08492660522460938 15.954880714416504 -6.9850006103515625
    endloop
  endfacet
  facet normal -0.09411045272317763 -0.9955617623674778 0
    outer loop
      vertex 0.16951942443847656 15.946884155273438 -6.9850006103515625
      vertex 0.08492660522460938 15.954880714416504 -12.0649995803833
      vertex 0.16951942443847656 15.946884155273438 -12.0649995803833
    endloop
  endfacet
  facet normal -0.9759164064260712 0.2181448318627402 0
    outer loop
      vertex 1.3100566864013672 14.268633842468262 -12.0649995803833
      vertex 1.328592300415039 14.351556777954102 -6.9850006103515625
      vertex 1.328592300415039 14.351556777954102 -12.0649995803833
    endloop
  endfacet
  facet normal -0.9759164064260712 0.2181448318627402 0
    outer loop
      vertex 1.328592300415039 14.351556777954102 -6.9850006103515625
      vertex 1.3100566864013672 14.268633842468262 -12.0649995803833
      vertex 1.3100566864013672 14.268633842468262 -6.9850006103515625
    endloop
  endfacet
  facet normal 0.9177571049012286 0.3971421614526908 0
    outer loop
      vertex -1.2238235473632812 14.029111862182617 -6.9850006103515625
      vertex -1.257568359375 14.10709285736084 -12.0649995803833
      vertex -1.257568359375 14.10709285736084 -6.9850006103515625
    endloop
  endfacet
  facet normal 0.9177571049012286 0.3971421614526908 0
    outer loop
      vertex -1.257568359375 14.10709285736084 -12.0649995803833
      vertex -1.2238235473632812 14.029111862182617 -6.9850006103515625
      vertex -1.2238235473632812 14.029111862182617 -12.0649995803833
    endloop
  endfacet
  facet normal 0.4539933706373369 -0.891005061387055 0
    outer loop
      vertex -0.6515951156616211 15.790247917175293 -12.0649995803833
      vertex -0.5758876800537109 15.82882308959961 -6.9850006103515625
      vertex -0.6515951156616211 15.790247917175293 -6.9850006103515625
    endloop
  endfacet
  facet normal 0.4539933706373369 -0.891005061387055 0
    outer loop
      vertex -0.5758876800537109 15.82882308959961 -6.9850006103515625
      vertex -0.6515951156616211 15.790247917175293 -12.0649995803833
      vertex -0.5758876800537109 15.82882308959961 -12.0649995803833
    endloop
  endfacet
  facet normal -0.8270788643274538 -0.5620858939546599 0
    outer loop
      vertex 1.1419954299926758 15.329731941223145 -12.0649995803833
      vertex 1.0942354202270508 15.400008201599121 -6.9850006103515625
      vertex 1.0942354202270508 15.400008201599121 -12.0649995803833
    endloop
  endfacet
  facet normal -0.8270788643274538 -0.5620858939546599 0
    outer loop
      vertex 1.0942354202270508 15.400008201599121 -6.9850006103515625
      vertex 1.1419954299926758 15.329731941223145 -12.0649995803833
      vertex 1.1419954299926758 15.329731941223145 -6.9850006103515625
    endloop
  endfacet
  facet normal 0.8910073746991559 -0.453988830514274 0
    outer loop
      vertex -1.2238235473632812 15.180887222290039 -6.9850006103515625
      vertex -1.1852483749389648 15.256595611572266 -12.0649995803833
      vertex -1.1852483749389648 15.256595611572266 -6.9850006103515625
    endloop
  endfacet
  facet normal 0.8910073746991559 -0.453988830514274 0
    outer loop
      vertex -1.1852483749389648 15.256595611572266 -12.0649995803833
      vertex -1.2238235473632812 15.180887222290039 -6.9850006103515625
      vertex -1.2238235473632812 15.180887222290039 -12.0649995803833
    endloop
  endfacet
  facet normal -0.5090385921101203 -0.8607436968938819 0
    outer loop
      vertex 0.6515951156616211 15.790247917175293 -12.0649995803833
      vertex 0.7247323989868164 15.746994972229004 -6.9850006103515625
      vertex 0.6515951156616211 15.790247917175293 -6.9850006103515625
    endloop
  endfacet
  facet normal -0.5090385921101203 -0.8607436968938819 0
    outer loop
      vertex 0.7247323989868164 15.746994972229004 -6.9850006103515625
      vertex 0.6515951156616211 15.790247917175293 -12.0649995803833
      vertex 0.7247323989868164 15.746994972229004 -12.0649995803833
    endloop
  endfacet
  facet normal 0.7071067811865476 0.7071067811865476 0
    outer loop
      vertex -0.9258832931518555 13.619032859802246 -6.9850006103515625
      vertex -0.9859657287597656 13.679115295410156 -12.0649995803833
      vertex -0.9859657287597656 13.679115295410156 -6.9850006103515625
    endloop
  endfacet
  facet normal 0.7071067811865476 0.7071067811865476 0
    outer loop
      vertex -0.9859657287597656 13.679115295410156 -12.0649995803833
      vertex -0.9258832931518555 13.619032859802246 -6.9850006103515625
      vertex -0.9258832931518555 13.619032859802246 -12.0649995803833
    endloop
  endfacet
  facet normal -0.2789891670914229 -0.960294248991232 0
    outer loop
      vertex 0.33636474609375 15.915056228637695 -12.0649995803833
      vertex 0.41796016693115234 15.891350746154785 -6.9850006103515625
      vertex 0.33636474609375 15.915056228637695 -6.9850006103515625
    endloop
  endfacet
  facet normal -0.2789891670914229 -0.960294248991232 0
    outer loop
      vertex 0.41796016693115234 15.891350746154785 -6.9850006103515625
      vertex 0.33636474609375 15.915056228637695 -12.0649995803833
      vertex 0.41796016693115234 15.891350746154785 -12.0649995803833
    endloop
  endfacet
  facet normal 0.39715161493194856 -0.9177530140277096 0
    outer loop
      vertex -0.5758876800537109 15.82882308959961 -12.0649995803833
      vertex -0.4979066848754883 15.862568855285645 -6.9850006103515625
      vertex -0.5758876800537109 15.82882308959961 -6.9850006103515625
    endloop
  endfacet
  facet normal 0.39715161493194856 -0.9177530140277096 0
    outer loop
      vertex -0.4979066848754883 15.862568855285645 -6.9850006103515625
      vertex -0.5758876800537109 15.82882308959961 -12.0649995803833
      vertex -0.4979066848754883 15.862568855285645 -12.0649995803833
    endloop
  endfacet
  facet normal -0.9995064205593636 -0.03141520747359054 0
    outer loop
      vertex 1.3525495529174805 14.604999542236328 -12.0649995803833
      vertex 1.3498802185058594 14.689927101135254 -6.9850006103515625
      vertex 1.3498802185058594 14.689927101135254 -12.0649995803833
    endloop
  endfacet
  facet normal -0.9995064205593636 -0.03141520747359054 0
    outer loop
      vertex 1.3498802185058594 14.689927101135254 -6.9850006103515625
      vertex 1.3525495529174805 14.604999542236328 -12.0649995803833
      vertex 1.3525495529174805 14.604999542236328 -6.9850006103515625
    endloop
  endfacet
  facet normal -0.7071067811865476 -0.7071067811865476 0
    outer loop
      vertex 0.9859657287597656 15.5308837890625 -12.0649995803833
      vertex 0.9258832931518555 15.59096622467041 -6.9850006103515625
      vertex 0.9258832931518555 15.59096622467041 -12.0649995803833
    endloop
  endfacet
  facet normal -0.7071067811865476 -0.7071067811865476 0
    outer loop
      vertex 0.9258832931518555 15.59096622467041 -6.9850006103515625
      vertex 0.9859657287597656 15.5308837890625 -12.0649995803833
      vertex 0.9859657287597656 15.5308837890625 -6.9850006103515625
    endloop
  endfacet
  facet normal -0.5620782161630303 -0.8270840821313066 0
    outer loop
      vertex 0.7247323989868164 15.746994972229004 -12.0649995803833
      vertex 0.795008659362793 15.699235916137695 -6.9850006103515625
      vertex 0.7247323989868164 15.746994972229004 -6.9850006103515625
    endloop
  endfacet
  facet normal -0.5620782161630303 -0.8270840821313066 0
    outer loop
      vertex 0.795008659362793 15.699235916137695 -6.9850006103515625
      vertex 0.7247323989868164 15.746994972229004 -12.0649995803833
      vertex 0.795008659362793 15.699235916137695 -12.0649995803833
    endloop
  endfacet
  facet normal -0.39715161493194856 -0.9177530140277096 0
    outer loop
      vertex 0.4979066848754883 15.862568855285645 -12.0649995803833
      vertex 0.5758876800537109 15.82882308959961 -6.9850006103515625
      vertex 0.4979066848754883 15.862568855285645 -6.9850006103515625
    endloop
  endfacet
  facet normal -0.39715161493194856 -0.9177530140277096 0
    outer loop
      vertex 0.5758876800537109 15.82882308959961 -6.9850006103515625
      vertex 0.4979066848754883 15.862568855285645 -12.0649995803833
      vertex 0.5758876800537109 15.82882308959961 -12.0649995803833
    endloop
  endfacet
  facet normal -0.2181448318627402 -0.9759164064260712 0
    outer loop
      vertex 0.25344181060791016 15.933591842651367 -12.0649995803833
      vertex 0.33636474609375 15.915056228637695 -6.9850006103515625
      vertex 0.25344181060791016 15.933591842651367 -6.9850006103515625
    endloop
  endfacet
  facet normal -0.2181448318627402 -0.9759164064260712 0
    outer loop
      vertex 0.33636474609375 15.915056228637695 -6.9850006103515625
      vertex 0.25344181060791016 15.933591842651367 -12.0649995803833
      vertex 0.33636474609375 15.915056228637695 -12.0649995803833
    endloop
  endfacet
  facet normal 0.960294248991232 -0.2789891670914229 0
    outer loop
      vertex -1.3100566864013672 14.941365242004395 -6.9850006103515625
      vertex -1.286351203918457 15.022960662841797 -12.0649995803833
      vertex -1.286351203918457 15.022960662841797 -6.9850006103515625
    endloop
  endfacet
  facet normal 0.960294248991232 -0.2789891670914229 0
    outer loop
      vertex -1.286351203918457 15.022960662841797 -12.0649995803833
      vertex -1.3100566864013672 14.941365242004395 -6.9850006103515625
      vertex -1.3100566864013672 14.941365242004395 -12.0649995803833
    endloop
  endfacet
  facet normal 0.15643805238507938 -0.9876877724088535 0
    outer loop
      vertex -0.25344181060791016 15.933591842651367 -12.0649995803833
      vertex -0.16951942443847656 15.946884155273438 -6.9850006103515625
      vertex -0.25344181060791016 15.933591842651367 -6.9850006103515625
    endloop
  endfacet
  facet normal 0.15643805238507938 -0.9876877724088535 0
    outer loop
      vertex -0.16951942443847656 15.946884155273438 -6.9850006103515625
      vertex -0.25344181060791016 15.933591842651367 -12.0649995803833
      vertex -0.16951942443847656 15.946884155273438 -12.0649995803833
    endloop
  endfacet
  facet normal 0.9955627144991273 0.09410037990959158 0
    outer loop
      vertex -1.3418846130371094 14.435480117797852 -6.9850006103515625
      vertex -1.3498802185058594 14.520071983337402 -12.0649995803833
      vertex -1.3498802185058594 14.520071983337402 -6.9850006103515625
    endloop
  endfacet
  facet normal 0.9955627144991273 0.09410037990959158 0
    outer loop
      vertex -1.3498802185058594 14.520071983337402 -12.0649995803833
      vertex -1.3418846130371094 14.435480117797852 -6.9850006103515625
      vertex -1.3418846130371094 14.435480117797852 -12.0649995803833
    endloop
  endfacet
  facet normal -0.9177571049012286 -0.3971421614526908 0
    outer loop
      vertex 1.257568359375 15.102906227111816 -12.0649995803833
      vertex 1.2238235473632812 15.180887222290039 -6.9850006103515625
      vertex 1.2238235473632812 15.180887222290039 -12.0649995803833
    endloop
  endfacet
  facet normal -0.9177571049012286 -0.3971421614526908 0
    outer loop
      vertex 1.2238235473632812 15.180887222290039 -6.9850006103515625
      vertex 1.257568359375 15.102906227111816 -12.0649995803833
      vertex 1.257568359375 15.102906227111816 -6.9850006103515625
    endloop
  endfacet
  facet normal -0.15643805238507938 -0.9876877724088535 0
    outer loop
      vertex 0.16951942443847656 15.946884155273438 -12.0649995803833
      vertex 0.25344181060791016 15.933591842651367 -6.9850006103515625
      vertex 0.16951942443847656 15.946884155273438 -6.9850006103515625
    endloop
  endfacet
  facet normal -0.15643805238507938 -0.9876877724088535 0
    outer loop
      vertex 0.25344181060791016 15.933591842651367 -6.9850006103515625
      vertex 0.16951942443847656 15.946884155273438 -12.0649995803833
      vertex 0.25344181060791016 15.933591842651367 -12.0649995803833
    endloop
  endfacet
  facet normal -0.39715161493194856 0.9177530140277096 0
    outer loop
      vertex 0.5758876800537109 13.381175994873047 -12.0649995803833
      vertex 0.4979066848754883 13.347430229187012 -6.9850006103515625
      vertex 0.5758876800537109 13.381175994873047 -6.9850006103515625
    endloop
  endfacet
  facet normal -0.39715161493194856 0.9177530140277096 0
    outer loop
      vertex 0.4979066848754883 13.347430229187012 -6.9850006103515625
      vertex 0.5758876800537109 13.381175994873047 -12.0649995803833
      vertex 0.4979066848754883 13.347430229187012 -12.0649995803833
    endloop
  endfacet
  facet normal 0.8270788643274538 -0.5620858939546599 0
    outer loop
      vertex -1.1419954299926758 15.329731941223145 -6.9850006103515625
      vertex -1.0942354202270508 15.400008201599121 -12.0649995803833
      vertex -1.0942354202270508 15.400008201599121 -6.9850006103515625
    endloop
  endfacet
  facet normal 0.8270788643274538 -0.5620858939546599 0
    outer loop
      vertex -1.0942354202270508 15.400008201599121 -12.0649995803833
      vertex -1.1419954299926758 15.329731941223145 -6.9850006103515625
      vertex -1.1419954299926758 15.329731941223145 -12.0649995803833
    endloop
  endfacet
  facet normal -0.8607407885696293 0.5090435098226208 0
    outer loop
      vertex 1.1419954299926758 13.880267143249512 -12.0649995803833
      vertex 1.1852483749389648 13.95340347290039 -6.9850006103515625
      vertex 1.1852483749389648 13.95340347290039 -12.0649995803833
    endloop
  endfacet
  facet normal -0.8607407885696293 0.5090435098226208 0
    outer loop
      vertex 1.1852483749389648 13.95340347290039 -6.9850006103515625
      vertex 1.1419954299926758 13.880267143249512 -12.0649995803833
      vertex 1.1419954299926758 13.880267143249512 -6.9850006103515625
    endloop
  endfacet
  facet normal 0.9759164064260712 0.2181448318627402 0
    outer loop
      vertex -1.3100566864013672 14.268633842468262 -6.9850006103515625
      vertex -1.328592300415039 14.351556777954102 -12.0649995803833
      vertex -1.328592300415039 14.351556777954102 -6.9850006103515625
    endloop
  endfacet
  facet normal 0.9759164064260712 0.2181448318627402 0
    outer loop
      vertex -1.328592300415039 14.351556777954102 -12.0649995803833
      vertex -1.3100566864013672 14.268633842468262 -6.9850006103515625
      vertex -1.3100566864013672 14.268633842468262 -12.0649995803833
    endloop
  endfacet
  facet normal 0.6129081918269538 -0.7901541295161432 0
    outer loop
      vertex -0.862147331237793 15.647157669067383 -12.0649995803833
      vertex -0.795008659362793 15.699235916137695 -6.9850006103515625
      vertex -0.862147331237793 15.647157669067383 -6.9850006103515625
    endloop
  endfacet
  facet normal 0.6129081918269538 -0.7901541295161432 0
    outer loop
      vertex -0.795008659362793 15.699235916137695 -6.9850006103515625
      vertex -0.862147331237793 15.647157669067383 -12.0649995803833
      vertex -0.795008659362793 15.699235916137695 -12.0649995803833
    endloop
  endfacet
  facet normal 0.9759164064260712 -0.2181448318627402 0
    outer loop
      vertex -1.328592300415039 14.858442306518555 -6.9850006103515625
      vertex -1.3100566864013672 14.941365242004395 -12.0649995803833
      vertex -1.3100566864013672 14.941365242004395 -6.9850006103515625
    endloop
  endfacet
  facet normal 0.9759164064260712 -0.2181448318627402 0
    outer loop
      vertex -1.3100566864013672 14.941365242004395 -12.0649995803833
      vertex -1.328592300415039 14.858442306518555 -6.9850006103515625
      vertex -1.328592300415039 14.858442306518555 -12.0649995803833
    endloop
  endfacet
  facet normal 0.2789891670914229 -0.960294248991232 0
    outer loop
      vertex -0.41796016693115234 15.891350746154785 -12.0649995803833
      vertex -0.33636474609375 15.915056228637695 -6.9850006103515625
      vertex -0.41796016693115234 15.891350746154785 -6.9850006103515625
    endloop
  endfacet
  facet normal 0.2789891670914229 -0.960294248991232 0
    outer loop
      vertex -0.33636474609375 15.915056228637695 -6.9850006103515625
      vertex -0.41796016693115234 15.891350746154785 -12.0649995803833
      vertex -0.33636474609375 15.915056228637695 -12.0649995803833
    endloop
  endfacet
  facet normal -0.9876880470840979 -0.15643631818475176 0
    outer loop
      vertex 1.3418846130371094 14.774518966674805 -12.0649995803833
      vertex 1.328592300415039 14.858442306518555 -6.9850006103515625
      vertex 1.328592300415039 14.858442306518555 -12.0649995803833
    endloop
  endfacet
  facet normal -0.9876880470840979 -0.15643631818475176 0
    outer loop
      vertex 1.328592300415039 14.858442306518555 -6.9850006103515625
      vertex 1.3418846130371094 14.774518966674805 -12.0649995803833
      vertex 1.3418846130371094 14.774518966674805 -6.9850006103515625
    endloop
  endfacet
  facet normal 0.750107360263462 0.6613160727508297 0
    outer loop
      vertex -0.9859657287597656 13.679115295410156 -6.9850006103515625
      vertex -1.0421571731567383 13.742851257324219 -12.0649995803833
      vertex -1.0421571731567383 13.742851257324219 -6.9850006103515625
    endloop
  endfacet
  facet normal 0.750107360263462 0.6613160727508297 0
    outer loop
      vertex -1.0421571731567383 13.742851257324219 -12.0649995803833
      vertex -0.9859657287597656 13.679115295410156 -6.9850006103515625
      vertex -0.9859657287597656 13.679115295410156 -12.0649995803833
    endloop
  endfacet
  facet normal -0.8607407885696293 -0.5090435098226208 0
    outer loop
      vertex 1.1852483749389648 15.256595611572266 -12.0649995803833
      vertex 1.1419954299926758 15.329731941223145 -6.9850006103515625
      vertex 1.1419954299926758 15.329731941223145 -12.0649995803833
    endloop
  endfacet
  facet normal -0.8607407885696293 -0.5090435098226208 0
    outer loop
      vertex 1.1419954299926758 15.329731941223145 -6.9850006103515625
      vertex 1.1852483749389648 15.256595611572266 -12.0649995803833
      vertex 1.1852483749389648 15.256595611572266 -6.9850006103515625
    endloop
  endfacet
  facet normal 0.9876880470840979 -0.15643631818475176 0
    outer loop
      vertex -1.3418846130371094 14.774518966674805 -6.9850006103515625
      vertex -1.328592300415039 14.858442306518555 -12.0649995803833
      vertex -1.328592300415039 14.858442306518555 -6.9850006103515625
    endloop
  endfacet
  facet normal 0.9876880470840979 -0.15643631818475176 0
    outer loop
      vertex -1.328592300415039 14.858442306518555 -12.0649995803833
      vertex -1.3418846130371094 14.774518966674805 -6.9850006103515625
      vertex -1.3418846130371094 14.774518966674805 -12.0649995803833
    endloop
  endfacet
  facet normal -0.15643805238507938 0.9876877724088535 0
    outer loop
      vertex 0.25344181060791016 13.276407241821289 -12.0649995803833
      vertex 0.16951942443847656 13.263114929199219 -6.9850006103515625
      vertex 0.25344181060791016 13.276407241821289 -6.9850006103515625
    endloop
  endfacet
  facet normal -0.15643805238507938 0.9876877724088535 0
    outer loop
      vertex 0.16951942443847656 13.263114929199219 -6.9850006103515625
      vertex 0.25344181060791016 13.276407241821289 -12.0649995803833
      vertex 0.16951942443847656 13.263114929199219 -12.0649995803833
    endloop
  endfacet
  facet normal 0.8270788643274538 0.5620858939546599 0
    outer loop
      vertex -1.0942354202270508 13.809990882873535 -6.9850006103515625
      vertex -1.1419954299926758 13.880267143249512 -12.0649995803833
      vertex -1.1419954299926758 13.880267143249512 -6.9850006103515625
    endloop
  endfacet
  facet normal 0.8270788643274538 0.5620858939546599 0
    outer loop
      vertex -1.1419954299926758 13.880267143249512 -12.0649995803833
      vertex -1.0942354202270508 13.809990882873535 -6.9850006103515625
      vertex -1.0942354202270508 13.809990882873535 -12.0649995803833
    endloop
  endfacet
  facet normal -0.9408782544465906 0.33874490447759786 0
    outer loop
      vertex 1.257568359375 14.10709285736084 -12.0649995803833
      vertex 1.286351203918457 14.18703842163086 -6.9850006103515625
      vertex 1.286351203918457 14.18703842163086 -12.0649995803833
    endloop
  endfacet
  facet normal -0.9408782544465906 0.33874490447759786 0
    outer loop
      vertex 1.286351203918457 14.18703842163086 -6.9850006103515625
      vertex 1.257568359375 14.10709285736084 -12.0649995803833
      vertex 1.257568359375 14.10709285736084 -6.9850006103515625
    endloop
  endfacet
  facet normal 0.9995064205593636 -0.03141520747359054 0
    outer loop
      vertex -1.3525495529174805 14.604999542236328 -6.9850006103515625
      vertex -1.3498802185058594 14.689927101135254 -12.0649995803833
      vertex -1.3498802185058594 14.689927101135254 -6.9850006103515625
    endloop
  endfacet
  facet normal 0.9995064205593636 -0.03141520747359054 0
    outer loop
      vertex -1.3498802185058594 14.689927101135254 -12.0649995803833
      vertex -1.3525495529174805 14.604999542236328 -6.9850006103515625
      vertex -1.3525495529174805 14.604999542236328 -12.0649995803833
    endloop
  endfacet
  facet normal -0.9759164064260712 -0.2181448318627402 0
    outer loop
      vertex 1.328592300415039 14.858442306518555 -12.0649995803833
      vertex 1.3100566864013672 14.941365242004395 -6.9850006103515625
      vertex 1.3100566864013672 14.941365242004395 -12.0649995803833
    endloop
  endfacet
  facet normal -0.9759164064260712 -0.2181448318627402 0
    outer loop
      vertex 1.3100566864013672 14.941365242004395 -6.9850006103515625
      vertex 1.328592300415039 14.858442306518555 -12.0649995803833
      vertex 1.328592300415039 14.858442306518555 -6.9850006103515625
    endloop
  endfacet
  facet normal -0.5620782161630303 0.8270840821313066 0
    outer loop
      vertex 0.795008659362793 13.510763168334961 -12.0649995803833
      vertex 0.7247323989868164 13.463004112243652 -6.9850006103515625
      vertex 0.795008659362793 13.510763168334961 -6.9850006103515625
    endloop
  endfacet
  facet normal -0.5620782161630303 0.8270840821313066 0
    outer loop
      vertex 0.7247323989868164 13.463004112243652 -6.9850006103515625
      vertex 0.795008659362793 13.510763168334961 -12.0649995803833
      vertex 0.7247323989868164 13.463004112243652 -12.0649995803833
    endloop
  endfacet
  facet normal 0.9177571049012286 -0.3971421614526908 0
    outer loop
      vertex -1.257568359375 15.102906227111816 -6.9850006103515625
      vertex -1.2238235473632812 15.180887222290039 -12.0649995803833
      vertex -1.2238235473632812 15.180887222290039 -6.9850006103515625
    endloop
  endfacet
  facet normal 0.9177571049012286 -0.3971421614526908 0
    outer loop
      vertex -1.2238235473632812 15.180887222290039 -12.0649995803833
      vertex -1.257568359375 15.102906227111816 -6.9850006103515625
      vertex -1.257568359375 15.102906227111816 -12.0649995803833
    endloop
  endfacet
  facet normal 0.21813414217863863 0.9759187958103837 0
    outer loop
      vertex -0.25344181060791016 13.276407241821289 -12.0649995803833
      vertex -0.33636474609375 13.294941902160645 -6.9850006103515625
      vertex -0.25344181060791016 13.276407241821289 -6.9850006103515625
    endloop
  endfacet
  facet normal 0.21813414217863863 0.9759187958103837 0
    outer loop
      vertex -0.33636474609375 13.294941902160645 -6.9850006103515625
      vertex -0.25344181060791016 13.276407241821289 -12.0649995803833
      vertex -0.33636474609375 13.294941902160645 -12.0649995803833
    endloop
  endfacet
  facet normal 0.39715161493194856 0.9177530140277096 0
    outer loop
      vertex -0.4979066848754883 13.347430229187012 -12.0649995803833
      vertex -0.5758876800537109 13.381175994873047 -6.9850006103515625
      vertex -0.4979066848754883 13.347430229187012 -6.9850006103515625
    endloop
  endfacet
  facet normal 0.39715161493194856 0.9177530140277096 0
    outer loop
      vertex -0.5758876800537109 13.381175994873047 -6.9850006103515625
      vertex -0.4979066848754883 13.347430229187012 -12.0649995803833
      vertex -0.5758876800537109 13.381175994873047 -12.0649995803833
    endloop
  endfacet
  facet normal -0.8910073746991559 -0.453988830514274 0
    outer loop
      vertex 1.2238235473632812 15.180887222290039 -12.0649995803833
      vertex 1.1852483749389648 15.256595611572266 -6.9850006103515625
      vertex 1.1852483749389648 15.256595611572266 -12.0649995803833
    endloop
  endfacet
  facet normal -0.8910073746991559 -0.453988830514274 0
    outer loop
      vertex 1.1852483749389648 15.256595611572266 -6.9850006103515625
      vertex 1.2238235473632812 15.180887222290039 -12.0649995803833
      vertex 1.2238235473632812 15.180887222290039 -6.9850006103515625
    endloop
  endfacet
  facet normal 0.27899951720806243 0.9602912419665546 0
    outer loop
      vertex -0.33636474609375 13.294941902160645 -12.0649995803833
      vertex -0.41796016693115234 13.318648338317871 -6.9850006103515625
      vertex -0.33636474609375 13.294941902160645 -6.9850006103515625
    endloop
  endfacet
  facet normal 0.27899951720806243 0.9602912419665546 0
    outer loop
      vertex -0.41796016693115234 13.318648338317871 -6.9850006103515625
      vertex -0.33636474609375 13.294941902160645 -12.0649995803833
      vertex -0.41796016693115234 13.318648338317871 -12.0649995803833
    endloop
  endfacet
  facet normal 0.6129081918269538 0.7901541295161432 0
    outer loop
      vertex -0.795008659362793 13.510763168334961 -12.0649995803833
      vertex -0.862147331237793 13.562841415405273 -6.9850006103515625
      vertex -0.795008659362793 13.510763168334961 -6.9850006103515625
    endloop
  endfacet
  facet normal 0.6129081918269538 0.7901541295161432 0
    outer loop
      vertex -0.862147331237793 13.562841415405273 -6.9850006103515625
      vertex -0.795008659362793 13.510763168334961 -12.0649995803833
      vertex -0.862147331237793 13.562841415405273 -12.0649995803833
    endloop
  endfacet
  facet normal 0.8607407885696293 0.5090435098226208 0
    outer loop
      vertex -1.1419954299926758 13.880267143249512 -6.9850006103515625
      vertex -1.1852483749389648 13.95340347290039 -12.0649995803833
      vertex -1.1852483749389648 13.95340347290039 -6.9850006103515625
    endloop
  endfacet
  facet normal 0.8607407885696293 0.5090435098226208 0
    outer loop
      vertex -1.1852483749389648 13.95340347290039 -12.0649995803833
      vertex -1.1419954299926758 13.880267143249512 -6.9850006103515625
      vertex -1.1419954299926758 13.880267143249512 -12.0649995803833
    endloop
  endfacet
  facet normal 0.9408782544465906 0.33874490447759786 0
    outer loop
      vertex -1.257568359375 14.10709285736084 -6.9850006103515625
      vertex -1.286351203918457 14.18703842163086 -12.0649995803833
      vertex -1.286351203918457 14.18703842163086 -6.9850006103515625
    endloop
  endfacet
  facet normal 0.9408782544465906 0.33874490447759786 0
    outer loop
      vertex -1.286351203918457 14.18703842163086 -12.0649995803833
      vertex -1.257568359375 14.10709285736084 -6.9850006103515625
      vertex -1.257568359375 14.10709285736084 -12.0649995803833
    endloop
  endfacet
  facet normal -0.09411045272317763 0.9955617623674778 0
    outer loop
      vertex 0.16951942443847656 13.263114929199219 -12.0649995803833
      vertex 0.08492660522460938 13.255118370056152 -6.9850006103515625
      vertex 0.16951942443847656 13.263114929199219 -6.9850006103515625
    endloop
  endfacet
  facet normal -0.09411045272317763 0.9955617623674778 0
    outer loop
      vertex 0.08492660522460938 13.255118370056152 -6.9850006103515625
      vertex 0.16951942443847656 13.263114929199219 -12.0649995803833
      vertex 0.08492660522460938 13.255118370056152 -12.0649995803833
    endloop
  endfacet
  facet normal 0.5090385921101203 -0.8607436968938819 0
    outer loop
      vertex -0.7247323989868164 15.746994972229004 -12.0649995803833
      vertex -0.6515951156616211 15.790247917175293 -6.9850006103515625
      vertex -0.7247323989868164 15.746994972229004 -6.9850006103515625
    endloop
  endfacet
  facet normal 0.5090385921101203 -0.8607436968938819 0
    outer loop
      vertex -0.6515951156616211 15.790247917175293 -6.9850006103515625
      vertex -0.7247323989868164 15.746994972229004 -12.0649995803833
      vertex -0.6515951156616211 15.790247917175293 -12.0649995803833
    endloop
  endfacet
  facet normal -0.6129081918269538 0.7901541295161432 0
    outer loop
      vertex 0.862147331237793 13.562841415405273 -12.0649995803833
      vertex 0.795008659362793 13.510763168334961 -6.9850006103515625
      vertex 0.862147331237793 13.562841415405273 -6.9850006103515625
    endloop
  endfacet
  facet normal -0.6129081918269538 0.7901541295161432 0
    outer loop
      vertex 0.795008659362793 13.510763168334961 -6.9850006103515625
      vertex 0.862147331237793 13.562841415405273 -12.0649995803833
      vertex 0.795008659362793 13.510763168334961 -12.0649995803833
    endloop
  endfacet
  facet normal 0.15643805238507938 0.9876877724088535 0
    outer loop
      vertex -0.16951942443847656 13.263114929199219 -12.0649995803833
      vertex -0.25344181060791016 13.276407241821289 -6.9850006103515625
      vertex -0.16951942443847656 13.263114929199219 -6.9850006103515625
    endloop
  endfacet
  facet normal 0.15643805238507938 0.9876877724088535 0
    outer loop
      vertex -0.25344181060791016 13.276407241821289 -6.9850006103515625
      vertex -0.16951942443847656 13.263114929199219 -12.0649995803833
      vertex -0.25344181060791016 13.276407241821289 -12.0649995803833
    endloop
  endfacet
  facet normal 0.09411045272317763 0.9955617623674778 0
    outer loop
      vertex -0.08492660522460938 13.255118370056152 -12.0649995803833
      vertex -0.16951942443847656 13.263114929199219 -6.9850006103515625
      vertex -0.08492660522460938 13.255118370056152 -6.9850006103515625
    endloop
  endfacet
  facet normal 0.09411045272317763 0.9955617623674778 0
    outer loop
      vertex -0.16951942443847656 13.263114929199219 -6.9850006103515625
      vertex -0.08492660522460938 13.255118370056152 -12.0649995803833
      vertex -0.16951942443847656 13.263114929199219 -12.0649995803833
    endloop
  endfacet
  facet normal -0.4539933706373369 -0.891005061387055 0
    outer loop
      vertex 0.5758876800537109 15.82882308959961 -12.0649995803833
      vertex 0.6515951156616211 15.790247917175293 -6.9850006103515625
      vertex 0.5758876800537109 15.82882308959961 -6.9850006103515625
    endloop
  endfacet
  facet normal -0.4539933706373369 -0.891005061387055 0
    outer loop
      vertex 0.6515951156616211 15.790247917175293 -6.9850006103515625
      vertex 0.5758876800537109 15.82882308959961 -12.0649995803833
      vertex 0.6515951156616211 15.790247917175293 -12.0649995803833
    endloop
  endfacet
  facet normal -0.5090385921101203 0.8607436968938819 0
    outer loop
      vertex 0.7247323989868164 13.463004112243652 -12.0649995803833
      vertex 0.6515951156616211 13.419751167297363 -6.9850006103515625
      vertex 0.7247323989868164 13.463004112243652 -6.9850006103515625
    endloop
  endfacet
  facet normal -0.5090385921101203 0.8607436968938819 0
    outer loop
      vertex 0.6515951156616211 13.419751167297363 -6.9850006103515625
      vertex 0.7247323989868164 13.463004112243652 -12.0649995803833
      vertex 0.6515951156616211 13.419751167297363 -12.0649995803833
    endloop
  endfacet
  facet normal -0.8910073746991559 0.453988830514274 0
    outer loop
      vertex 1.1852483749389648 13.95340347290039 -12.0649995803833
      vertex 1.2238235473632812 14.029111862182617 -6.9850006103515625
      vertex 1.2238235473632812 14.029111862182617 -12.0649995803833
    endloop
  endfacet
  facet normal -0.8910073746991559 0.453988830514274 0
    outer loop
      vertex 1.2238235473632812 14.029111862182617 -6.9850006103515625
      vertex 1.1852483749389648 13.95340347290039 -12.0649995803833
      vertex 1.1852483749389648 13.95340347290039 -6.9850006103515625
    endloop
  endfacet
  facet normal 0.5620782161630303 0.8270840821313066 0
    outer loop
      vertex -0.7247323989868164 13.463004112243652 -12.0649995803833
      vertex -0.795008659362793 13.510763168334961 -6.9850006103515625
      vertex -0.7247323989868164 13.463004112243652 -6.9850006103515625
    endloop
  endfacet
  facet normal 0.5620782161630303 0.8270840821313066 0
    outer loop
      vertex -0.795008659362793 13.510763168334961 -6.9850006103515625
      vertex -0.7247323989868164 13.463004112243652 -12.0649995803833
      vertex -0.795008659362793 13.510763168334961 -12.0649995803833
    endloop
  endfacet
  facet normal -0.21813414217863863 0.9759187958103837 0
    outer loop
      vertex 0.33636474609375 13.294941902160645 -12.0649995803833
      vertex 0.25344181060791016 13.276407241821289 -6.9850006103515625
      vertex 0.33636474609375 13.294941902160645 -6.9850006103515625
    endloop
  endfacet
  facet normal -0.21813414217863863 0.9759187958103837 0
    outer loop
      vertex 0.25344181060791016 13.276407241821289 -6.9850006103515625
      vertex 0.33636474609375 13.294941902160645 -12.0649995803833
      vertex 0.25344181060791016 13.276407241821289 -12.0649995803833
    endloop
  endfacet
  facet normal 0.6613160727508297 -0.750107360263462 0
    outer loop
      vertex -0.9258832931518555 15.59096622467041 -12.0649995803833
      vertex -0.862147331237793 15.647157669067383 -6.9850006103515625
      vertex -0.9258832931518555 15.59096622467041 -6.9850006103515625
    endloop
  endfacet
  facet normal 0.6613160727508297 -0.750107360263462 0
    outer loop
      vertex -0.862147331237793 15.647157669067383 -6.9850006103515625
      vertex -0.9258832931518555 15.59096622467041 -12.0649995803833
      vertex -0.862147331237793 15.647157669067383 -12.0649995803833
    endloop
  endfacet
  facet normal 0.5620782161630303 -0.8270840821313066 0
    outer loop
      vertex -0.795008659362793 15.699235916137695 -12.0649995803833
      vertex -0.7247323989868164 15.746994972229004 -6.9850006103515625
      vertex -0.795008659362793 15.699235916137695 -6.9850006103515625
    endloop
  endfacet
  facet normal 0.5620782161630303 -0.8270840821313066 0
    outer loop
      vertex -0.7247323989868164 15.746994972229004 -6.9850006103515625
      vertex -0.795008659362793 15.699235916137695 -12.0649995803833
      vertex -0.7247323989868164 15.746994972229004 -12.0649995803833
    endloop
  endfacet
  facet normal 0.750112268795619 -0.6613105051352874 0
    outer loop
      vertex -1.0421571731567383 15.467146873474121 -6.9850006103515625
      vertex -0.9859657287597656 15.5308837890625 -12.0649995803833
      vertex -0.9859657287597656 15.5308837890625 -6.9850006103515625
    endloop
  endfacet
  facet normal 0.750112268795619 -0.6613105051352874 0
    outer loop
      vertex -0.9859657287597656 15.5308837890625 -12.0649995803833
      vertex -1.0421571731567383 15.467146873474121 -6.9850006103515625
      vertex -1.0421571731567383 15.467146873474121 -12.0649995803833
    endloop
  endfacet
  facet normal -0.9177571049012286 0.3971421614526908 0
    outer loop
      vertex 1.2238235473632812 14.029111862182617 -12.0649995803833
      vertex 1.257568359375 14.10709285736084 -6.9850006103515625
      vertex 1.257568359375 14.10709285736084 -12.0649995803833
    endloop
  endfacet
  facet normal -0.9177571049012286 0.3971421614526908 0
    outer loop
      vertex 1.257568359375 14.10709285736084 -6.9850006103515625
      vertex 1.2238235473632812 14.029111862182617 -12.0649995803833
      vertex 1.2238235473632812 14.029111862182617 -6.9850006103515625
    endloop
  endfacet
  facet normal -0.6613160727508297 -0.750107360263462 0
    outer loop
      vertex 0.862147331237793 15.647157669067383 -12.0649995803833
      vertex 0.9258832931518555 15.59096622467041 -6.9850006103515625
      vertex 0.862147331237793 15.647157669067383 -6.9850006103515625
    endloop
  endfacet
  facet normal -0.6613160727508297 -0.750107360263462 0
    outer loop
      vertex 0.9258832931518555 15.59096622467041 -6.9850006103515625
      vertex 0.862147331237793 15.647157669067383 -12.0649995803833
      vertex 0.9258832931518555 15.59096622467041 -12.0649995803833
    endloop
  endfacet
  facet normal 0.031404347119140585 0.9995067618490735 0
    outer loop
      vertex 0 13.252449989318848 -12.0649995803833
      vertex -0.08492660522460938 13.255118370056152 -6.9850006103515625
      vertex 0 13.252449989318848 -6.9850006103515625
    endloop
  endfacet
  facet normal 0.031404347119140585 0.9995067618490735 0
    outer loop
      vertex -0.08492660522460938 13.255118370056152 -6.9850006103515625
      vertex 0 13.252449989318848 -12.0649995803833
      vertex -0.08492660522460938 13.255118370056152 -12.0649995803833
    endloop
  endfacet
  facet normal -0.9408782544465906 -0.33874490447759786 0
    outer loop
      vertex 1.286351203918457 15.022960662841797 -12.0649995803833
      vertex 1.257568359375 15.102906227111816 -6.9850006103515625
      vertex 1.257568359375 15.102906227111816 -12.0649995803833
    endloop
  endfacet
  facet normal -0.9408782544465906 -0.33874490447759786 0
    outer loop
      vertex 1.257568359375 15.102906227111816 -6.9850006103515625
      vertex 1.286351203918457 15.022960662841797 -12.0649995803833
      vertex 1.286351203918457 15.022960662841797 -6.9850006103515625
    endloop
  endfacet
  facet normal -0.031404347119140585 0.9995067618490735 0
    outer loop
      vertex 0.08492660522460938 13.255118370056152 -12.0649995803833
      vertex 0 13.252449989318848 -6.9850006103515625
      vertex 0.08492660522460938 13.255118370056152 -6.9850006103515625
    endloop
  endfacet
  facet normal -0.031404347119140585 0.9995067618490735 0
    outer loop
      vertex 0 13.252449989318848 -6.9850006103515625
      vertex 0.08492660522460938 13.255118370056152 -12.0649995803833
      vertex 0 13.252449989318848 -12.0649995803833
    endloop
  endfacet
  facet normal -0.33873139144401126 0.9408831194417318 0
    outer loop
      vertex 0.4979066848754883 13.347430229187012 -12.0649995803833
      vertex 0.41796016693115234 13.318648338317871 -6.9850006103515625
      vertex 0.4979066848754883 13.347430229187012 -6.9850006103515625
    endloop
  endfacet
  facet normal -0.33873139144401126 0.9408831194417318 0
    outer loop
      vertex 0.41796016693115234 13.318648338317871 -6.9850006103515625
      vertex 0.4979066848754883 13.347430229187012 -12.0649995803833
      vertex 0.41796016693115234 13.318648338317871 -12.0649995803833
    endloop
  endfacet
  facet normal -0.8270788643274538 0.5620858939546599 0
    outer loop
      vertex 1.0942354202270508 13.809990882873535 -12.0649995803833
      vertex 1.1419954299926758 13.880267143249512 -6.9850006103515625
      vertex 1.1419954299926758 13.880267143249512 -12.0649995803833
    endloop
  endfacet
  facet normal -0.8270788643274538 0.5620858939546599 0
    outer loop
      vertex 1.1419954299926758 13.880267143249512 -6.9850006103515625
      vertex 1.0942354202270508 13.809990882873535 -12.0649995803833
      vertex 1.0942354202270508 13.809990882873535 -6.9850006103515625
    endloop
  endfacet
  facet normal 0.33873139144401126 -0.9408831194417318 0
    outer loop
      vertex -0.4979066848754883 15.862568855285645 -12.0649995803833
      vertex -0.41796016693115234 15.891350746154785 -6.9850006103515625
      vertex -0.4979066848754883 15.862568855285645 -6.9850006103515625
    endloop
  endfacet
  facet normal 0.33873139144401126 -0.9408831194417318 0
    outer loop
      vertex -0.41796016693115234 15.891350746154785 -6.9850006103515625
      vertex -0.4979066848754883 15.862568855285645 -12.0649995803833
      vertex -0.41796016693115234 15.891350746154785 -12.0649995803833
    endloop
  endfacet
  facet normal 0.4539933706373369 0.891005061387055 0
    outer loop
      vertex -0.5758876800537109 13.381175994873047 -12.0649995803833
      vertex -0.6515951156616211 13.419751167297363 -6.9850006103515625
      vertex -0.5758876800537109 13.381175994873047 -6.9850006103515625
    endloop
  endfacet
  facet normal 0.4539933706373369 0.891005061387055 0
    outer loop
      vertex -0.6515951156616211 13.419751167297363 -6.9850006103515625
      vertex -0.5758876800537109 13.381175994873047 -12.0649995803833
      vertex -0.6515951156616211 13.419751167297363 -12.0649995803833
    endloop
  endfacet
  facet normal 0.7901541295161432 -0.6129081918269538 0
    outer loop
      vertex -1.0942354202270508 15.400008201599121 -6.9850006103515625
      vertex -1.0421571731567383 15.467146873474121 -12.0649995803833
      vertex -1.0421571731567383 15.467146873474121 -6.9850006103515625
    endloop
  endfacet
  facet normal 0.7901541295161432 -0.6129081918269538 0
    outer loop
      vertex -1.0421571731567383 15.467146873474121 -12.0649995803833
      vertex -1.0942354202270508 15.400008201599121 -6.9850006103515625
      vertex -1.0942354202270508 15.400008201599121 -12.0649995803833
    endloop
  endfacet
  facet normal 0.5090385921101203 0.8607436968938819 0
    outer loop
      vertex -0.6515951156616211 13.419751167297363 -12.0649995803833
      vertex -0.7247323989868164 13.463004112243652 -6.9850006103515625
      vertex -0.6515951156616211 13.419751167297363 -6.9850006103515625
    endloop
  endfacet
  facet normal 0.5090385921101203 0.8607436968938819 0
    outer loop
      vertex -0.7247323989868164 13.463004112243652 -6.9850006103515625
      vertex -0.6515951156616211 13.419751167297363 -12.0649995803833
      vertex -0.7247323989868164 13.463004112243652 -12.0649995803833
    endloop
  endfacet
  facet normal -0.6129081918269538 -0.7901541295161432 0
    outer loop
      vertex 0.795008659362793 15.699235916137695 -12.0649995803833
      vertex 0.862147331237793 15.647157669067383 -6.9850006103515625
      vertex 0.795008659362793 15.699235916137695 -6.9850006103515625
    endloop
  endfacet
  facet normal -0.6129081918269538 -0.7901541295161432 0
    outer loop
      vertex 0.862147331237793 15.647157669067383 -6.9850006103515625
      vertex 0.795008659362793 15.699235916137695 -12.0649995803833
      vertex 0.862147331237793 15.647157669067383 -12.0649995803833
    endloop
  endfacet
  facet normal 0.6613160727508297 0.750107360263462 0
    outer loop
      vertex -0.862147331237793 13.562841415405273 -12.0649995803833
      vertex -0.9258832931518555 13.619032859802246 -6.9850006103515625
      vertex -0.862147331237793 13.562841415405273 -6.9850006103515625
    endloop
  endfacet
  facet normal 0.6613160727508297 0.750107360263462 0
    outer loop
      vertex -0.9258832931518555 13.619032859802246 -6.9850006103515625
      vertex -0.862147331237793 13.562841415405273 -12.0649995803833
      vertex -0.9258832931518555 13.619032859802246 -12.0649995803833
    endloop
  endfacet
  facet normal -0.9876880470840979 0.15643631818475176 0
    outer loop
      vertex 1.328592300415039 14.351556777954102 -12.0649995803833
      vertex 1.3418846130371094 14.435480117797852 -6.9850006103515625
      vertex 1.3418846130371094 14.435480117797852 -12.0649995803833
    endloop
  endfacet
  facet normal -0.9876880470840979 0.15643631818475176 0
    outer loop
      vertex 1.3418846130371094 14.435480117797852 -6.9850006103515625
      vertex 1.328592300415039 14.351556777954102 -12.0649995803833
      vertex 1.328592300415039 14.351556777954102 -6.9850006103515625
    endloop
  endfacet
  facet normal 0.7071067811865476 -0.7071067811865476 0
    outer loop
      vertex -0.9859657287597656 15.5308837890625 -6.9850006103515625
      vertex -0.9258832931518555 15.59096622467041 -12.0649995803833
      vertex -0.9258832931518555 15.59096622467041 -6.9850006103515625
    endloop
  endfacet
  facet normal 0.7071067811865476 -0.7071067811865476 0
    outer loop
      vertex -0.9258832931518555 15.59096622467041 -12.0649995803833
      vertex -0.9859657287597656 15.5308837890625 -6.9850006103515625
      vertex -0.9859657287597656 15.5308837890625 -12.0649995803833
    endloop
  endfacet
  facet normal 0.9995064205593636 0.03141520747359054 0
    outer loop
      vertex -1.3498802185058594 14.520071983337402 -6.9850006103515625
      vertex -1.3525495529174805 14.604999542236328 -12.0649995803833
      vertex -1.3525495529174805 14.604999542236328 -6.9850006103515625
    endloop
  endfacet
  facet normal 0.9995064205593636 0.03141520747359054 0
    outer loop
      vertex -1.3525495529174805 14.604999542236328 -12.0649995803833
      vertex -1.3498802185058594 14.520071983337402 -6.9850006103515625
      vertex -1.3498802185058594 14.520071983337402 -12.0649995803833
    endloop
  endfacet
  facet normal -0.7901541295161432 -0.6129081918269538 0
    outer loop
      vertex 1.0942354202270508 15.400008201599121 -12.0649995803833
      vertex 1.0421571731567383 15.467146873474121 -6.9850006103515625
      vertex 1.0421571731567383 15.467146873474121 -12.0649995803833
    endloop
  endfacet
  facet normal -0.7901541295161432 -0.6129081918269538 0
    outer loop
      vertex 1.0421571731567383 15.467146873474121 -6.9850006103515625
      vertex 1.0942354202270508 15.400008201599121 -12.0649995803833
      vertex 1.0942354202270508 15.400008201599121 -6.9850006103515625
    endloop
  endfacet
  facet normal -0.9955627144991273 -0.09410037990959158 0
    outer loop
      vertex 1.3498802185058594 14.689927101135254 -12.0649995803833
      vertex 1.3418846130371094 14.774518966674805 -6.9850006103515625
      vertex 1.3418846130371094 14.774518966674805 -12.0649995803833
    endloop
  endfacet
  facet normal -0.9955627144991273 -0.09410037990959158 0
    outer loop
      vertex 1.3418846130371094 14.774518966674805 -6.9850006103515625
      vertex 1.3498802185058594 14.689927101135254 -12.0649995803833
      vertex 1.3498802185058594 14.689927101135254 -6.9850006103515625
    endloop
  endfacet
  facet normal 0.960294248991232 0.2789891670914229 0
    outer loop
      vertex -1.286351203918457 14.18703842163086 -6.9850006103515625
      vertex -1.3100566864013672 14.268633842468262 -12.0649995803833
      vertex -1.3100566864013672 14.268633842468262 -6.9850006103515625
    endloop
  endfacet
  facet normal 0.960294248991232 0.2789891670914229 0
    outer loop
      vertex -1.3100566864013672 14.268633842468262 -12.0649995803833
      vertex -1.286351203918457 14.18703842163086 -6.9850006103515625
      vertex -1.286351203918457 14.18703842163086 -12.0649995803833
    endloop
  endfacet
  facet normal -0.6613160727508297 0.750107360263462 0
    outer loop
      vertex 0.9258832931518555 13.619032859802246 -12.0649995803833
      vertex 0.862147331237793 13.562841415405273 -6.9850006103515625
      vertex 0.9258832931518555 13.619032859802246 -6.9850006103515625
    endloop
  endfacet
  facet normal -0.6613160727508297 0.750107360263462 0
    outer loop
      vertex 0.862147331237793 13.562841415405273 -6.9850006103515625
      vertex 0.9258832931518555 13.619032859802246 -12.0649995803833
      vertex 0.862147331237793 13.562841415405273 -12.0649995803833
    endloop
  endfacet
  facet normal -0.960294248991232 0.2789891670914229 0
    outer loop
      vertex 1.286351203918457 14.18703842163086 -12.0649995803833
      vertex 1.3100566864013672 14.268633842468262 -6.9850006103515625
      vertex 1.3100566864013672 14.268633842468262 -12.0649995803833
    endloop
  endfacet
  facet normal -0.960294248991232 0.2789891670914229 0
    outer loop
      vertex 1.3100566864013672 14.268633842468262 -6.9850006103515625
      vertex 1.286351203918457 14.18703842163086 -12.0649995803833
      vertex 1.286351203918457 14.18703842163086 -6.9850006103515625
    endloop
  endfacet
  facet normal -0.4539933706373369 0.891005061387055 0
    outer loop
      vertex 0.6515951156616211 13.419751167297363 -12.0649995803833
      vertex 0.5758876800537109 13.381175994873047 -6.9850006103515625
      vertex 0.6515951156616211 13.419751167297363 -6.9850006103515625
    endloop
  endfacet
  facet normal -0.4539933706373369 0.891005061387055 0
    outer loop
      vertex 0.5758876800537109 13.381175994873047 -6.9850006103515625
      vertex 0.6515951156616211 13.419751167297363 -12.0649995803833
      vertex 0.5758876800537109 13.381175994873047 -12.0649995803833
    endloop
  endfacet
  facet normal -0.7901583457455174 0.61290275627436 0
    outer loop
      vertex 1.0421571731567383 13.742851257324219 -12.0649995803833
      vertex 1.0942354202270508 13.809990882873535 -6.9850006103515625
      vertex 1.0942354202270508 13.809990882873535 -12.0649995803833
    endloop
  endfacet
  facet normal -0.7901583457455174 0.61290275627436 0
    outer loop
      vertex 1.0942354202270508 13.809990882873535 -6.9850006103515625
      vertex 1.0421571731567383 13.742851257324219 -12.0649995803833
      vertex 1.0421571731567383 13.742851257324219 -6.9850006103515625
    endloop
  endfacet
  facet normal -0.960294248991232 -0.2789891670914229 0
    outer loop
      vertex 1.3100566864013672 14.941365242004395 -12.0649995803833
      vertex 1.286351203918457 15.022960662841797 -6.9850006103515625
      vertex 1.286351203918457 15.022960662841797 -12.0649995803833
    endloop
  endfacet
  facet normal -0.960294248991232 -0.2789891670914229 0
    outer loop
      vertex 1.286351203918457 15.022960662841797 -6.9850006103515625
      vertex 1.3100566864013672 14.941365242004395 -12.0649995803833
      vertex 1.3100566864013672 14.941365242004395 -6.9850006103515625
    endloop
  endfacet
  facet normal -0.750107360263462 0.6613160727508297 0
    outer loop
      vertex 0.9859657287597656 13.679115295410156 -12.0649995803833
      vertex 1.0421571731567383 13.742851257324219 -6.9850006103515625
      vertex 1.0421571731567383 13.742851257324219 -12.0649995803833
    endloop
  endfacet
  facet normal -0.750107360263462 0.6613160727508297 0
    outer loop
      vertex 1.0421571731567383 13.742851257324219 -6.9850006103515625
      vertex 0.9859657287597656 13.679115295410156 -12.0649995803833
      vertex 0.9859657287597656 13.679115295410156 -6.9850006103515625
    endloop
  endfacet
  facet normal -0.27899951720806243 0.9602912419665546 0
    outer loop
      vertex 0.41796016693115234 13.318648338317871 -12.0649995803833
      vertex 0.33636474609375 13.294941902160645 -6.9850006103515625
      vertex 0.41796016693115234 13.318648338317871 -6.9850006103515625
    endloop
  endfacet
  facet normal -0.27899951720806243 0.9602912419665546 0
    outer loop
      vertex 0.33636474609375 13.294941902160645 -6.9850006103515625
      vertex 0.41796016693115234 13.318648338317871 -12.0649995803833
      vertex 0.33636474609375 13.294941902160645 -12.0649995803833
    endloop
  endfacet
  facet normal -0.7071067811865476 0.7071067811865476 0
    outer loop
      vertex 0.9258832931518555 13.619032859802246 -12.0649995803833
      vertex 0.9859657287597656 13.679115295410156 -6.9850006103515625
      vertex 0.9859657287597656 13.679115295410156 -12.0649995803833
    endloop
  endfacet
  facet normal -0.7071067811865476 0.7071067811865476 0
    outer loop
      vertex 0.9859657287597656 13.679115295410156 -6.9850006103515625
      vertex 0.9258832931518555 13.619032859802246 -12.0649995803833
      vertex 0.9258832931518555 13.619032859802246 -6.9850006103515625
    endloop
  endfacet
  facet normal 0.8968757808522678 0.44228252703519155 0
    outer loop
      vertex -17.0555419921875 -4.229100227355957 -6.9850006103515625
      vertex -17.1348934173584 -4.068188667297363 -9.42199993133545
      vertex -17.1348934173584 -4.068188667297363 -6.9850006103515625
    endloop
  endfacet
  facet normal 0.8968757808522678 0.44228252703519155 0
    outer loop
      vertex -17.1348934173584 -4.068188667297363 -9.42199993133545
      vertex -17.0555419921875 -4.229100227355957 -6.9850006103515625
      vertex -17.0555419921875 -4.229100227355957 -9.42199993133545
    endloop
  endfacet
  facet normal -0.9807856012548889 -0.19508870897898237 0
    outer loop
      vertex -14.507834434509277 -3.3642711639404297 -9.42199993133545
      vertex -14.54283618927002 -3.1883039474487305 -6.9850006103515625
      vertex -14.54283618927002 -3.1883039474487305 -9.42199993133545
    endloop
  endfacet
  facet normal -0.9807856012548889 -0.19508870897898237 0
    outer loop
      vertex -14.54283618927002 -3.1883039474487305 -6.9850006103515625
      vertex -14.507834434509277 -3.3642711639404297 -9.42199993133545
      vertex -14.507834434509277 -3.3642711639404297 -6.9850006103515625
    endloop
  endfacet
  facet normal -0.9978589968169956 -0.06540200663113428 0
    outer loop
      vertex -14.496100425720215 -3.5433006286621094 -9.42199993133545
      vertex -14.507834434509277 -3.3642711639404297 -6.9850006103515625
      vertex -14.507834434509277 -3.3642711639404297 -9.42199993133545
    endloop
  endfacet
  facet normal -0.9978589968169956 -0.06540200663113428 0
    outer loop
      vertex -14.507834434509277 -3.3642711639404297 -6.9850006103515625
      vertex -14.496100425720215 -3.5433006286621094 -9.42199993133545
      vertex -14.496100425720215 -3.5433006286621094 -6.9850006103515625
    endloop
  endfacet
  facet normal 0.7518402866692272 0.6593452686879115 0
    outer loop
      vertex -16.837568283081055 -4.5131683349609375 -6.9850006103515625
      vertex -16.95586395263672 -4.378277778625488 -9.42199993133545
      vertex -16.95586395263672 -4.378277778625488 -6.9850006103515625
    endloop
  endfacet
  facet normal 0.7518402866692272 0.6593452686879115 0
    outer loop
      vertex -16.95586395263672 -4.378277778625488 -9.42199993133545
      vertex -16.837568283081055 -4.5131683349609375 -6.9850006103515625
      vertex -16.837568283081055 -4.5131683349609375 -9.42199993133545
    endloop
  endfacet
  facet normal -0.8314684019600072 -0.5555720444209482 0
    outer loop
      vertex -14.67986011505127 -2.8575000762939453 -9.42199993133545
      vertex -14.779537200927734 -2.7083234786987305 -6.9850006103515625
      vertex -14.779537200927734 -2.7083234786987305 -9.42199993133545
    endloop
  endfacet
  facet normal -0.8314684019600072 -0.5555720444209482 0
    outer loop
      vertex -14.779537200927734 -2.7083234786987305 -6.9850006103515625
      vertex -14.67986011505127 -2.8575000762939453 -9.42199993133545
      vertex -14.67986011505127 -2.8575000762939453 -6.9850006103515625
    endloop
  endfacet
  facet normal -0.9807853989482804 0.19508972604897076 0
    outer loop
      vertex -14.54283618927002 -3.898296356201172 -9.42199993133545
      vertex -14.507834434509277 -3.722330093383789 -6.9850006103515625
      vertex -14.507834434509277 -3.722330093383789 -9.42199993133545
    endloop
  endfacet
  facet normal -0.9807853989482804 0.19508972604897076 0
    outer loop
      vertex -14.507834434509277 -3.722330093383789 -6.9850006103515625
      vertex -14.54283618927002 -3.898296356201172 -9.42199993133545
      vertex -14.54283618927002 -3.898296356201172 -6.9850006103515625
    endloop
  endfacet
  facet normal 0.3214374711003383 -0.9469308064334051 0
    outer loop
      vertex -16.392589569091797 -2.276106834411621 -9.42199993133545
      vertex -16.22269630432129 -2.2184362411499023 -6.9850006103515625
      vertex -16.392589569091797 -2.276106834411621 -6.9850006103515625
    endloop
  endfacet
  facet normal 0.3214374711003383 -0.9469308064334051 0
    outer loop
      vertex -16.22269630432129 -2.2184362411499023 -6.9850006103515625
      vertex -16.392589569091797 -2.276106834411621 -9.42199993133545
      vertex -16.22269630432129 -2.2184362411499023 -9.42199993133545
    endloop
  endfacet
  facet normal 0.3214374711003383 0.9469308064334051 0
    outer loop
      vertex -16.22269630432129 -4.8681640625 -9.42199993133545
      vertex -16.392589569091797 -4.810493469238281 -6.9850006103515625
      vertex -16.22269630432129 -4.8681640625 -6.9850006103515625
    endloop
  endfacet
  facet normal 0.3214374711003383 0.9469308064334051 0
    outer loop
      vertex -16.392589569091797 -4.810493469238281 -6.9850006103515625
      vertex -16.22269630432129 -4.8681640625 -9.42199993133545
      vertex -16.392589569091797 -4.810493469238281 -9.42199993133545
    endloop
  endfacet
  facet normal 0.06540200663113428 -0.9978589968169956 0
    outer loop
      vertex -16.046730041503906 -2.18343448638916 -9.42199993133545
      vertex -15.867700576782227 -2.1717004776000977 -6.9850006103515625
      vertex -16.046730041503906 -2.18343448638916 -6.9850006103515625
    endloop
  endfacet
  facet normal 0.06540200663113428 -0.9978589968169956 0
    outer loop
      vertex -15.867700576782227 -2.1717004776000977 -6.9850006103515625
      vertex -16.046730041503906 -2.18343448638916 -9.42199993133545
      vertex -15.867700576782227 -2.1717004776000977 -9.42199993133545
    endloop
  endfacet
  facet normal -0.9469286392792682 -0.32144385530402303 0
    outer loop
      vertex -14.54283618927002 -3.1883039474487305 -9.42199993133545
      vertex -14.600507736206055 -3.018411636352539 -6.9850006103515625
      vertex -14.600507736206055 -3.018411636352539 -9.42199993133545
    endloop
  endfacet
  facet normal -0.9469286392792682 -0.32144385530402303 0
    outer loop
      vertex -14.600507736206055 -3.018411636352539 -6.9850006103515625
      vertex -14.54283618927002 -3.1883039474487305 -9.42199993133545
      vertex -14.54283618927002 -3.1883039474487305 -6.9850006103515625
    endloop
  endfacet
  facet normal -0.5555720444209482 0.8314684019600072 0
    outer loop
      vertex -15.032723426818848 -4.631464004516602 -9.42199993133545
      vertex -15.181900024414062 -4.731141090393066 -6.9850006103515625
      vertex -15.032723426818848 -4.631464004516602 -6.9850006103515625
    endloop
  endfacet
  facet normal -0.5555720444209482 0.8314684019600072 0
    outer loop
      vertex -15.181900024414062 -4.731141090393066 -6.9850006103515625
      vertex -15.032723426818848 -4.631464004516602 -9.42199993133545
      vertex -15.181900024414062 -4.731141090393066 -9.42199993133545
    endloop
  endfacet
  facet normal -0.7518402866692272 -0.6593452686879115 0
    outer loop
      vertex -14.779537200927734 -2.7083234786987305 -9.42199993133545
      vertex -14.897832870483398 -2.5734329223632812 -6.9850006103515625
      vertex -14.897832870483398 -2.5734329223632812 -9.42199993133545
    endloop
  endfacet
  facet normal -0.7518402866692272 -0.6593452686879115 0
    outer loop
      vertex -14.897832870483398 -2.5734329223632812 -6.9850006103515625
      vertex -14.779537200927734 -2.7083234786987305 -9.42199993133545
      vertex -14.779537200927734 -2.7083234786987305 -6.9850006103515625
    endloop
  endfacet
  facet normal -0.19508870897898237 -0.9807856012548889 0
    outer loop
      vertex -15.688671112060547 -2.18343448638916 -9.42199993133545
      vertex -15.512703895568848 -2.2184362411499023 -6.9850006103515625
      vertex -15.688671112060547 -2.18343448638916 -6.9850006103515625
    endloop
  endfacet
  facet normal -0.19508870897898237 -0.9807856012548889 0
    outer loop
      vertex -15.512703895568848 -2.2184362411499023 -6.9850006103515625
      vertex -15.688671112060547 -2.18343448638916 -9.42199993133545
      vertex -15.512703895568848 -2.2184362411499023 -9.42199993133545
    endloop
  endfacet
  facet normal -0.06540200663113428 -0.9978589968169956 0
    outer loop
      vertex -15.867700576782227 -2.1717004776000977 -9.42199993133545
      vertex -15.688671112060547 -2.18343448638916 -6.9850006103515625
      vertex -15.867700576782227 -2.1717004776000977 -6.9850006103515625
    endloop
  endfacet
  facet normal -0.06540200663113428 -0.9978589968169956 0
    outer loop
      vertex -15.688671112060547 -2.18343448638916 -6.9850006103515625
      vertex -15.867700576782227 -2.1717004776000977 -9.42199993133545
      vertex -15.688671112060547 -2.18343448638916 -9.42199993133545
    endloop
  endfacet
  facet normal -0.9469286392792682 0.32144385530402303 0
    outer loop
      vertex -14.600507736206055 -4.068188667297363 -9.42199993133545
      vertex -14.54283618927002 -3.898296356201172 -6.9850006103515625
      vertex -14.54283618927002 -3.898296356201172 -9.42199993133545
    endloop
  endfacet
  facet normal -0.9469286392792682 0.32144385530402303 0
    outer loop
      vertex -14.54283618927002 -3.898296356201172 -6.9850006103515625
      vertex -14.600507736206055 -4.068188667297363 -9.42199993133545
      vertex -14.600507736206055 -4.068188667297363 -6.9850006103515625
    endloop
  endfacet
  facet normal 0.6593479037065395 0.75183797581513 0
    outer loop
      vertex -16.702678680419922 -4.631464004516602 -9.42199993133545
      vertex -16.837568283081055 -4.5131683349609375 -6.9850006103515625
      vertex -16.702678680419922 -4.631464004516602 -6.9850006103515625
    endloop
  endfacet
  facet normal 0.6593479037065395 0.75183797581513 0
    outer loop
      vertex -16.837568283081055 -4.5131683349609375 -6.9850006103515625
      vertex -16.702678680419922 -4.631464004516602 -9.42199993133545
      vertex -16.837568283081055 -4.5131683349609375 -9.42199993133545
    endloop
  endfacet
  facet normal -0.5555720444209482 -0.8314684019600072 0
    outer loop
      vertex -15.181900024414062 -2.3554601669311523 -9.42199993133545
      vertex -15.032723426818848 -2.455137252807617 -6.9850006103515625
      vertex -15.181900024414062 -2.3554601669311523 -6.9850006103515625
    endloop
  endfacet
  facet normal -0.5555720444209482 -0.8314684019600072 0
    outer loop
      vertex -15.032723426818848 -2.455137252807617 -6.9850006103515625
      vertex -15.181900024414062 -2.3554601669311523 -9.42199993133545
      vertex -15.032723426818848 -2.455137252807617 -9.42199993133545
    endloop
  endfacet
  facet normal -0.06540729939939326 0.9978586499025192 0
    outer loop
      vertex -15.688671112060547 -4.903165817260742 -9.42199993133545
      vertex -15.867700576782227 -4.914900779724121 -6.9850006103515625
      vertex -15.688671112060547 -4.903165817260742 -6.9850006103515625
    endloop
  endfacet
  facet normal -0.06540729939939326 0.9978586499025192 0
    outer loop
      vertex -15.867700576782227 -4.914900779724121 -6.9850006103515625
      vertex -15.688671112060547 -4.903165817260742 -9.42199993133545
      vertex -15.867700576782227 -4.914900779724121 -9.42199993133545
    endloop
  endfacet
  facet normal 0.9469302572233821 0.32143908902754703 0
    outer loop
      vertex -17.1348934173584 -4.068188667297363 -6.9850006103515625
      vertex -17.192564010620117 -3.898296356201172 -9.42199993133545
      vertex -17.192564010620117 -3.898296356201172 -6.9850006103515625
    endloop
  endfacet
  facet normal 0.9469302572233821 0.32143908902754703 0
    outer loop
      vertex -17.192564010620117 -3.898296356201172 -9.42199993133545
      vertex -17.1348934173584 -4.068188667297363 -6.9850006103515625
      vertex -17.1348934173584 -4.068188667297363 -9.42199993133545
    endloop
  endfacet
  facet normal -0.8968736723294998 -0.4422868027447767 0
    outer loop
      vertex -14.600507736206055 -3.018411636352539 -9.42199993133545
      vertex -14.67986011505127 -2.8575000762939453 -6.9850006103515625
      vertex -14.67986011505127 -2.8575000762939453 -9.42199993133545
    endloop
  endfacet
  facet normal -0.8968736723294998 -0.4422868027447767 0
    outer loop
      vertex -14.67986011505127 -2.8575000762939453 -6.9850006103515625
      vertex -14.600507736206055 -3.018411636352539 -9.42199993133545
      vertex -14.600507736206055 -3.018411636352539 -6.9850006103515625
    endloop
  endfacet
  facet normal -0.4422868027447767 0.8968736723294998 0
    outer loop
      vertex -15.181900024414062 -4.731141090393066 -9.42199993133545
      vertex -15.342811584472656 -4.810493469238281 -6.9850006103515625
      vertex -15.181900024414062 -4.731141090393066 -6.9850006103515625
    endloop
  endfacet
  facet normal -0.4422868027447767 0.8968736723294998 0
    outer loop
      vertex -15.342811584472656 -4.810493469238281 -6.9850006103515625
      vertex -15.181900024414062 -4.731141090393066 -9.42199993133545
      vertex -15.342811584472656 -4.810493469238281 -9.42199993133545
    endloop
  endfacet
  facet normal -0.9978589968169956 0.06540200663113428 0
    outer loop
      vertex -14.507834434509277 -3.722330093383789 -9.42199993133545
      vertex -14.496100425720215 -3.5433006286621094 -6.9850006103515625
      vertex -14.496100425720215 -3.5433006286621094 -9.42199993133545
    endloop
  endfacet
  facet normal -0.9978589968169956 0.06540200663113428 0
    outer loop
      vertex -14.496100425720215 -3.5433006286621094 -6.9850006103515625
      vertex -14.507834434509277 -3.722330093383789 -9.42199993133545
      vertex -14.507834434509277 -3.722330093383789 -6.9850006103515625
    endloop
  endfacet
  facet normal -0.6593452686879115 -0.7518402866692272 0
    outer loop
      vertex -15.032723426818848 -2.455137252807617 -9.42199993133545
      vertex -14.897832870483398 -2.5734329223632812 -6.9850006103515625
      vertex -15.032723426818848 -2.455137252807617 -6.9850006103515625
    endloop
  endfacet
  facet normal -0.6593452686879115 -0.7518402866692272 0
    outer loop
      vertex -14.897832870483398 -2.5734329223632812 -6.9850006103515625
      vertex -15.032723426818848 -2.455137252807617 -9.42199993133545
      vertex -14.897832870483398 -2.5734329223632812 -9.42199993133545
    endloop
  endfacet
  facet normal 0.8314659465081334 -0.5555757192294618 0
    outer loop
      vertex -17.0555419921875 -2.8575000762939453 -6.9850006103515625
      vertex -16.95586395263672 -2.7083234786987305 -9.42199993133545
      vertex -16.95586395263672 -2.7083234786987305 -6.9850006103515625
    endloop
  endfacet
  facet normal 0.8314659465081334 -0.5555757192294618 0
    outer loop
      vertex -16.95586395263672 -2.7083234786987305 -9.42199993133545
      vertex -17.0555419921875 -2.8575000762939453 -6.9850006103515625
      vertex -17.0555419921875 -2.8575000762939453 -9.42199993133545
    endloop
  endfacet
  facet normal 0.6593479037065395 -0.75183797581513 0
    outer loop
      vertex -16.837568283081055 -2.5734329223632812 -9.42199993133545
      vertex -16.702678680419922 -2.455137252807617 -6.9850006103515625
      vertex -16.837568283081055 -2.5734329223632812 -6.9850006103515625
    endloop
  endfacet
  facet normal 0.6593479037065395 -0.75183797581513 0
    outer loop
      vertex -16.702678680419922 -2.455137252807617 -6.9850006103515625
      vertex -16.837568283081055 -2.5734329223632812 -9.42199993133545
      vertex -16.702678680419922 -2.455137252807617 -9.42199993133545
    endloop
  endfacet
  facet normal 0.7518402866692272 -0.6593452686879115 0
    outer loop
      vertex -16.95586395263672 -2.7083234786987305 -6.9850006103515625
      vertex -16.837568283081055 -2.5734329223632812 -9.42199993133545
      vertex -16.837568283081055 -2.5734329223632812 -6.9850006103515625
    endloop
  endfacet
  facet normal 0.7518402866692272 -0.6593452686879115 0
    outer loop
      vertex -16.837568283081055 -2.5734329223632812 -9.42199993133545
      vertex -16.95586395263672 -2.7083234786987305 -6.9850006103515625
      vertex -16.95586395263672 -2.7083234786987305 -9.42199993133545
    endloop
  endfacet
  facet normal -0.32143908902754703 -0.9469302572233821 0
    outer loop
      vertex -15.512703895568848 -2.2184362411499023 -9.42199993133545
      vertex -15.342811584472656 -2.276106834411621 -6.9850006103515625
      vertex -15.512703895568848 -2.2184362411499023 -6.9850006103515625
    endloop
  endfacet
  facet normal -0.32143908902754703 -0.9469302572233821 0
    outer loop
      vertex -15.342811584472656 -2.276106834411621 -6.9850006103515625
      vertex -15.512703895568848 -2.2184362411499023 -9.42199993133545
      vertex -15.342811584472656 -2.276106834411621 -9.42199993133545
    endloop
  endfacet
  facet normal 0.19508972604897076 -0.9807853989482804 0
    outer loop
      vertex -16.22269630432129 -2.2184362411499023 -9.42199993133545
      vertex -16.046730041503906 -2.18343448638916 -6.9850006103515625
      vertex -16.22269630432129 -2.2184362411499023 -6.9850006103515625
    endloop
  endfacet
  facet normal 0.19508972604897076 -0.9807853989482804 0
    outer loop
      vertex -16.046730041503906 -2.18343448638916 -6.9850006103515625
      vertex -16.22269630432129 -2.2184362411499023 -9.42199993133545
      vertex -16.046730041503906 -2.18343448638916 -9.42199993133545
    endloop
  endfacet
  facet normal 0.5555695889783737 -0.8314700426367754 0
    outer loop
      vertex -16.702678680419922 -2.455137252807617 -9.42199993133545
      vertex -16.55350112915039 -2.3554601669311523 -6.9850006103515625
      vertex -16.702678680419922 -2.455137252807617 -6.9850006103515625
    endloop
  endfacet
  facet normal 0.5555695889783737 -0.8314700426367754 0
    outer loop
      vertex -16.55350112915039 -2.3554601669311523 -6.9850006103515625
      vertex -16.702678680419922 -2.455137252807617 -9.42199993133545
      vertex -16.55350112915039 -2.3554601669311523 -9.42199993133545
    endloop
  endfacet
  facet normal 0.9978589968169956 0.06540200663113428 0
    outer loop
      vertex -17.22756576538086 -3.722330093383789 -6.9850006103515625
      vertex -17.239299774169922 -3.5433006286621094 -9.42199993133545
      vertex -17.239299774169922 -3.5433006286621094 -6.9850006103515625
    endloop
  endfacet
  facet normal 0.9978589968169956 0.06540200663113428 0
    outer loop
      vertex -17.239299774169922 -3.5433006286621094 -9.42199993133545
      vertex -17.22756576538086 -3.722330093383789 -6.9850006103515625
      vertex -17.22756576538086 -3.722330093383789 -9.42199993133545
    endloop
  endfacet
  facet normal -0.7518402866692272 0.6593452686879115 0
    outer loop
      vertex -14.897832870483398 -4.5131683349609375 -9.42199993133545
      vertex -14.779537200927734 -4.378277778625488 -6.9850006103515625
      vertex -14.779537200927734 -4.378277778625488 -9.42199993133545
    endloop
  endfacet
  facet normal -0.7518402866692272 0.6593452686879115 0
    outer loop
      vertex -14.779537200927734 -4.378277778625488 -6.9850006103515625
      vertex -14.897832870483398 -4.5131683349609375 -9.42199993133545
      vertex -14.897832870483398 -4.5131683349609375 -6.9850006103515625
    endloop
  endfacet
  facet normal -0.6593452686879115 0.7518402866692272 0
    outer loop
      vertex -14.897832870483398 -4.5131683349609375 -9.42199993133545
      vertex -15.032723426818848 -4.631464004516602 -6.9850006103515625
      vertex -14.897832870483398 -4.5131683349609375 -6.9850006103515625
    endloop
  endfacet
  facet normal -0.6593452686879115 0.7518402866692272 0
    outer loop
      vertex -15.032723426818848 -4.631464004516602 -6.9850006103515625
      vertex -14.897832870483398 -4.5131683349609375 -9.42199993133545
      vertex -15.032723426818848 -4.631464004516602 -9.42199993133545
    endloop
  endfacet
  facet normal 0.9978589968169956 -0.06540200663113428 0
    outer loop
      vertex -17.239299774169922 -3.5433006286621094 -6.9850006103515625
      vertex -17.22756576538086 -3.3642711639404297 -9.42199993133545
      vertex -17.22756576538086 -3.3642711639404297 -6.9850006103515625
    endloop
  endfacet
  facet normal 0.9978589968169956 -0.06540200663113428 0
    outer loop
      vertex -17.22756576538086 -3.3642711639404297 -9.42199993133545
      vertex -17.239299774169922 -3.5433006286621094 -6.9850006103515625
      vertex -17.239299774169922 -3.5433006286621094 -9.42199993133545
    endloop
  endfacet
  facet normal -0.8968736723294998 0.4422868027447767 0
    outer loop
      vertex -14.67986011505127 -4.229100227355957 -9.42199993133545
      vertex -14.600507736206055 -4.068188667297363 -6.9850006103515625
      vertex -14.600507736206055 -4.068188667297363 -9.42199993133545
    endloop
  endfacet
  facet normal -0.8968736723294998 0.4422868027447767 0
    outer loop
      vertex -14.600507736206055 -4.068188667297363 -6.9850006103515625
      vertex -14.67986011505127 -4.229100227355957 -9.42199993133545
      vertex -14.67986011505127 -4.229100227355957 -6.9850006103515625
    endloop
  endfacet
  facet normal 0.4422910784242058 -0.8968715637962623 0
    outer loop
      vertex -16.55350112915039 -2.3554601669311523 -9.42199993133545
      vertex -16.392589569091797 -2.276106834411621 -6.9850006103515625
      vertex -16.55350112915039 -2.3554601669311523 -6.9850006103515625
    endloop
  endfacet
  facet normal 0.4422910784242058 -0.8968715637962623 0
    outer loop
      vertex -16.392589569091797 -2.276106834411621 -6.9850006103515625
      vertex -16.55350112915039 -2.3554601669311523 -9.42199993133545
      vertex -16.392589569091797 -2.276106834411621 -9.42199993133545
    endloop
  endfacet
  facet normal 0.4422868027447767 0.8968736723294998 0
    outer loop
      vertex -16.392589569091797 -4.810493469238281 -9.42199993133545
      vertex -16.55350112915039 -4.731141090393066 -6.9850006103515625
      vertex -16.392589569091797 -4.810493469238281 -6.9850006103515625
    endloop
  endfacet
  facet normal 0.4422868027447767 0.8968736723294998 0
    outer loop
      vertex -16.55350112915039 -4.731141090393066 -6.9850006103515625
      vertex -16.392589569091797 -4.810493469238281 -9.42199993133545
      vertex -16.55350112915039 -4.731141090393066 -9.42199993133545
    endloop
  endfacet
  facet normal 0.9807856012548889 -0.19508870897898237 0
    outer loop
      vertex -17.22756576538086 -3.3642711639404297 -6.9850006103515625
      vertex -17.192564010620117 -3.1883039474487305 -9.42199993133545
      vertex -17.192564010620117 -3.1883039474487305 -6.9850006103515625
    endloop
  endfacet
  facet normal 0.9807856012548889 -0.19508870897898237 0
    outer loop
      vertex -17.192564010620117 -3.1883039474487305 -9.42199993133545
      vertex -17.22756576538086 -3.3642711639404297 -6.9850006103515625
      vertex -17.22756576538086 -3.3642711639404297 -9.42199993133545
    endloop
  endfacet
  facet normal 0.9807853989482804 0.19508972604897076 0
    outer loop
      vertex -17.192564010620117 -3.898296356201172 -6.9850006103515625
      vertex -17.22756576538086 -3.722330093383789 -9.42199993133545
      vertex -17.22756576538086 -3.722330093383789 -6.9850006103515625
    endloop
  endfacet
  facet normal 0.9807853989482804 0.19508972604897076 0
    outer loop
      vertex -17.22756576538086 -3.722330093383789 -9.42199993133545
      vertex -17.192564010620117 -3.898296356201172 -6.9850006103515625
      vertex -17.192564010620117 -3.898296356201172 -9.42199993133545
    endloop
  endfacet
  facet normal -0.8314700426367754 0.5555695889783737 0
    outer loop
      vertex -14.779537200927734 -4.378277778625488 -9.42199993133545
      vertex -14.67986011505127 -4.229100227355957 -6.9850006103515625
      vertex -14.67986011505127 -4.229100227355957 -9.42199993133545
    endloop
  endfacet
  facet normal -0.8314700426367754 0.5555695889783737 0
    outer loop
      vertex -14.67986011505127 -4.229100227355957 -6.9850006103515625
      vertex -14.779537200927734 -4.378277778625488 -9.42199993133545
      vertex -14.779537200927734 -4.378277778625488 -6.9850006103515625
    endloop
  endfacet
  facet normal -0.19508870897898237 0.9807856012548889 0
    outer loop
      vertex -15.512703895568848 -4.8681640625 -9.42199993133545
      vertex -15.688671112060547 -4.903165817260742 -6.9850006103515625
      vertex -15.512703895568848 -4.8681640625 -6.9850006103515625
    endloop
  endfacet
  facet normal -0.19508870897898237 0.9807856012548889 0
    outer loop
      vertex -15.688671112060547 -4.903165817260742 -6.9850006103515625
      vertex -15.512703895568848 -4.8681640625 -9.42199993133545
      vertex -15.688671112060547 -4.903165817260742 -9.42199993133545
    endloop
  endfacet
  facet normal -0.4422910784242058 -0.8968715637962623 0
    outer loop
      vertex -15.342811584472656 -2.276106834411621 -9.42199993133545
      vertex -15.181900024414062 -2.3554601669311523 -6.9850006103515625
      vertex -15.342811584472656 -2.276106834411621 -6.9850006103515625
    endloop
  endfacet
  facet normal -0.4422910784242058 -0.8968715637962623 0
    outer loop
      vertex -15.181900024414062 -2.3554601669311523 -6.9850006103515625
      vertex -15.342811584472656 -2.276106834411621 -9.42199993133545
      vertex -15.181900024414062 -2.3554601669311523 -9.42199993133545
    endloop
  endfacet
  facet normal 0.831467587201761 0.5555732637851484 0
    outer loop
      vertex -16.95586395263672 -4.378277778625488 -6.9850006103515625
      vertex -17.0555419921875 -4.229100227355957 -9.42199993133545
      vertex -17.0555419921875 -4.229100227355957 -6.9850006103515625
    endloop
  endfacet
  facet normal 0.831467587201761 0.5555732637851484 0
    outer loop
      vertex -17.0555419921875 -4.229100227355957 -9.42199993133545
      vertex -16.95586395263672 -4.378277778625488 -6.9850006103515625
      vertex -16.95586395263672 -4.378277778625488 -9.42199993133545
    endloop
  endfacet
  facet normal 0.8968757808522678 -0.44228252703519155 0
    outer loop
      vertex -17.1348934173584 -3.018411636352539 -6.9850006103515625
      vertex -17.0555419921875 -2.8575000762939453 -9.42199993133545
      vertex -17.0555419921875 -2.8575000762939453 -6.9850006103515625
    endloop
  endfacet
  facet normal 0.8968757808522678 -0.44228252703519155 0
    outer loop
      vertex -17.0555419921875 -2.8575000762939453 -9.42199993133545
      vertex -17.1348934173584 -3.018411636352539 -6.9850006103515625
      vertex -17.1348934173584 -3.018411636352539 -9.42199993133545
    endloop
  endfacet
  facet normal -0.32143908902754703 0.9469302572233821 0
    outer loop
      vertex -15.342811584472656 -4.810493469238281 -9.42199993133545
      vertex -15.512703895568848 -4.8681640625 -6.9850006103515625
      vertex -15.342811584472656 -4.810493469238281 -6.9850006103515625
    endloop
  endfacet
  facet normal -0.32143908902754703 0.9469302572233821 0
    outer loop
      vertex -15.512703895568848 -4.8681640625 -6.9850006103515625
      vertex -15.342811584472656 -4.810493469238281 -9.42199993133545
      vertex -15.512703895568848 -4.8681640625 -9.42199993133545
    endloop
  endfacet
  facet normal 0.19508972604897076 0.9807853989482804 0
    outer loop
      vertex -16.046730041503906 -4.903165817260742 -9.42199993133545
      vertex -16.22269630432129 -4.8681640625 -6.9850006103515625
      vertex -16.046730041503906 -4.903165817260742 -6.9850006103515625
    endloop
  endfacet
  facet normal 0.19508972604897076 0.9807853989482804 0
    outer loop
      vertex -16.22269630432129 -4.8681640625 -6.9850006103515625
      vertex -16.046730041503906 -4.903165817260742 -9.42199993133545
      vertex -16.22269630432129 -4.8681640625 -9.42199993133545
    endloop
  endfacet
  facet normal 0.06540729939939326 0.9978586499025192 0
    outer loop
      vertex -15.867700576782227 -4.914900779724121 -9.42199993133545
      vertex -16.046730041503906 -4.903165817260742 -6.9850006103515625
      vertex -15.867700576782227 -4.914900779724121 -6.9850006103515625
    endloop
  endfacet
  facet normal 0.06540729939939326 0.9978586499025192 0
    outer loop
      vertex -16.046730041503906 -4.903165817260742 -6.9850006103515625
      vertex -15.867700576782227 -4.914900779724121 -9.42199993133545
      vertex -16.046730041503906 -4.903165817260742 -9.42199993133545
    endloop
  endfacet
  facet normal 0.5555695889783737 0.8314700426367754 0
    outer loop
      vertex -16.55350112915039 -4.731141090393066 -9.42199993133545
      vertex -16.702678680419922 -4.631464004516602 -6.9850006103515625
      vertex -16.55350112915039 -4.731141090393066 -6.9850006103515625
    endloop
  endfacet
  facet normal 0.5555695889783737 0.8314700426367754 0
    outer loop
      vertex -16.702678680419922 -4.631464004516602 -6.9850006103515625
      vertex -16.55350112915039 -4.731141090393066 -9.42199993133545
      vertex -16.702678680419922 -4.631464004516602 -9.42199993133545
    endloop
  endfacet
  facet normal 0.9469302572233821 -0.32143908902754703 0
    outer loop
      vertex -17.192564010620117 -3.1883039474487305 -6.9850006103515625
      vertex -17.1348934173584 -3.018411636352539 -9.42199993133545
      vertex -17.1348934173584 -3.018411636352539 -6.9850006103515625
    endloop
  endfacet
  facet normal 0.9469302572233821 -0.32143908902754703 0
    outer loop
      vertex -17.1348934173584 -3.018411636352539 -9.42199993133545
      vertex -17.192564010620117 -3.1883039474487305 -6.9850006103515625
      vertex -17.192564010620117 -3.1883039474487305 -9.42199993133545
    endloop
  endfacet
  facet normal -0.6593512779445246 -0.7518350166578585 0
    outer loop
      vertex -15.032723426818848 -22.267135620117188 -9.42199993133545
      vertex -14.897832870483398 -22.385433197021484 -6.9850006103515625
      vertex -15.032723426818848 -22.267135620117188 -6.9850006103515625
    endloop
  endfacet
  facet normal -0.6593512779445246 -0.7518350166578585 0
    outer loop
      vertex -14.897832870483398 -22.385433197021484 -6.9850006103515625
      vertex -15.032723426818848 -22.267135620117188 -9.42199993133545
      vertex -14.897832870483398 -22.385433197021484 -9.42199993133545
    endloop
  endfacet
  facet normal -0.5555683695798778 -0.8314708574101419 0
    outer loop
      vertex -15.181900024414062 -22.16745948791504 -9.42199993133545
      vertex -15.032723426818848 -22.267135620117188 -6.9850006103515625
      vertex -15.181900024414062 -22.16745948791504 -6.9850006103515625
    endloop
  endfacet
  facet normal -0.5555683695798778 -0.8314708574101419 0
    outer loop
      vertex -15.032723426818848 -22.267135620117188 -6.9850006103515625
      vertex -15.181900024414062 -22.16745948791504 -9.42199993133545
      vertex -15.032723426818848 -22.267135620117188 -9.42199993133545
    endloop
  endfacet
  facet normal 0.9978589968169956 0.06540200663113428 0
    outer loop
      vertex -17.22756576538086 -23.534330368041992 -6.9850006103515625
      vertex -17.239299774169922 -23.355300903320312 -9.42199993133545
      vertex -17.239299774169922 -23.355300903320312 -6.9850006103515625
    endloop
  endfacet
  facet normal 0.9978589968169956 0.06540200663113428 0
    outer loop
      vertex -17.239299774169922 -23.355300903320312 -9.42199993133545
      vertex -17.22756576538086 -23.534330368041992 -6.9850006103515625
      vertex -17.22756576538086 -23.534330368041992 -9.42199993133545
    endloop
  endfacet
  facet normal 0.06540200663113428 -0.9978589968169956 0
    outer loop
      vertex -16.046730041503906 -21.995433807373047 -9.42199993133545
      vertex -15.867700576782227 -21.983699798583984 -6.9850006103515625
      vertex -16.046730041503906 -21.995433807373047 -6.9850006103515625
    endloop
  endfacet
  facet normal 0.06540200663113428 -0.9978589968169956 0
    outer loop
      vertex -15.867700576782227 -21.983699798583984 -6.9850006103515625
      vertex -16.046730041503906 -21.995433807373047 -9.42199993133545
      vertex -15.867700576782227 -21.983699798583984 -9.42199993133545
    endloop
  endfacet
  facet normal 0.6593539129502273 0.7518327057778373 0
    outer loop
      vertex -16.702678680419922 -24.443464279174805 -9.42199993133545
      vertex -16.837568283081055 -24.325166702270508 -6.9850006103515625
      vertex -16.702678680419922 -24.443464279174805 -6.9850006103515625
    endloop
  endfacet
  facet normal 0.6593539129502273 0.7518327057778373 0
    outer loop
      vertex -16.837568283081055 -24.325166702270508 -6.9850006103515625
      vertex -16.702678680419922 -24.443464279174805 -9.42199993133545
      vertex -16.837568283081055 -24.325166702270508 -9.42199993133545
    endloop
  endfacet
  facet normal -0.9469280900456026 0.32144547326504247 0
    outer loop
      vertex -14.600507736206055 -23.88018798828125 -9.42199993133545
      vertex -14.54283618927002 -23.710296630859375 -6.9850006103515625
      vertex -14.54283618927002 -23.710296630859375 -9.42199993133545
    endloop
  endfacet
  facet normal -0.9469280900456026 0.32144547326504247 0
    outer loop
      vertex -14.54283618927002 -23.710296630859375 -6.9850006103515625
      vertex -14.600507736206055 -23.88018798828125 -9.42199993133545
      vertex -14.600507736206055 -23.88018798828125 -6.9850006103515625
    endloop
  endfacet
  facet normal 0.6593539129502273 -0.7518327057778373 0
    outer loop
      vertex -16.837568283081055 -22.385433197021484 -9.42199993133545
      vertex -16.702678680419922 -22.267135620117188 -6.9850006103515625
      vertex -16.837568283081055 -22.385433197021484 -6.9850006103515625
    endloop
  endfacet
  facet normal 0.6593539129502273 -0.7518327057778373 0
    outer loop
      vertex -16.702678680419922 -22.267135620117188 -6.9850006103515625
      vertex -16.837568283081055 -22.385433197021484 -9.42199993133545
      vertex -16.702678680419922 -22.267135620117188 -9.42199993133545
    endloop
  endfacet
  facet normal -0.9978589968169956 0.06540200663113428 0
    outer loop
      vertex -14.507834434509277 -23.534330368041992 -9.42199993133545
      vertex -14.496100425720215 -23.355300903320312 -6.9850006103515625
      vertex -14.496100425720215 -23.355300903320312 -9.42199993133545
    endloop
  endfacet
  facet normal -0.9978589968169956 0.06540200663113428 0
    outer loop
      vertex -14.496100425720215 -23.355300903320312 -6.9850006103515625
      vertex -14.507834434509277 -23.534330368041992 -9.42199993133545
      vertex -14.507834434509277 -23.534330368041992 -6.9850006103515625
    endloop
  endfacet
  facet normal 0.19508972604897076 -0.9807853989482804 0
    outer loop
      vertex -16.22269630432129 -22.03043556213379 -9.42199993133545
      vertex -16.046730041503906 -21.995433807373047 -6.9850006103515625
      vertex -16.22269630432129 -22.03043556213379 -6.9850006103515625
    endloop
  endfacet
  facet normal 0.19508972604897076 -0.9807853989482804 0
    outer loop
      vertex -16.046730041503906 -21.995433807373047 -6.9850006103515625
      vertex -16.22269630432129 -22.03043556213379 -9.42199993133545
      vertex -16.046730041503906 -21.995433807373047 -9.42199993133545
    endloop
  endfacet
  facet normal 0.9978590422896162 -0.06540131283735744 0
    outer loop
      vertex -17.239299774169922 -23.355300903320312 -6.9850006103515625
      vertex -17.22756576538086 -23.17626953125 -9.42199993133545
      vertex -17.22756576538086 -23.17626953125 -6.9850006103515625
    endloop
  endfacet
  facet normal 0.9978590422896162 -0.06540131283735744 0
    outer loop
      vertex -17.22756576538086 -23.17626953125 -9.42199993133545
      vertex -17.239299774169922 -23.355300903320312 -6.9850006103515625
      vertex -17.239299774169922 -23.355300903320312 -9.42199993133545
    endloop
  endfacet
  facet normal -0.9978590422896162 -0.06540131283735744 0
    outer loop
      vertex -14.496100425720215 -23.355300903320312 -9.42199993133545
      vertex -14.507834434509277 -23.17626953125 -6.9850006103515625
      vertex -14.507834434509277 -23.17626953125 -9.42199993133545
    endloop
  endfacet
  facet normal -0.9978590422896162 -0.06540131283735744 0
    outer loop
      vertex -14.507834434509277 -23.17626953125 -6.9850006103515625
      vertex -14.496100425720215 -23.355300903320312 -9.42199993133545
      vertex -14.496100425720215 -23.355300903320312 -6.9850006103515625
    endloop
  endfacet
  facet normal -0.8314700426367754 -0.5555695889783737 0
    outer loop
      vertex -14.67986011505127 -22.66950035095215 -9.42199993133545
      vertex -14.779537200927734 -22.520322799682617 -6.9850006103515625
      vertex -14.779537200927734 -22.520322799682617 -9.42199993133545
    endloop
  endfacet
  facet normal -0.8314700426367754 -0.5555695889783737 0
    outer loop
      vertex -14.779537200927734 -22.520322799682617 -6.9850006103515625
      vertex -14.67986011505127 -22.66950035095215 -9.42199993133545
      vertex -14.67986011505127 -22.66950035095215 -6.9850006103515625
    endloop
  endfacet
  facet normal -0.8968736723294998 -0.4422868027447767 0
    outer loop
      vertex -14.600507736206055 -22.830411911010742 -9.42199993133545
      vertex -14.67986011505127 -22.66950035095215 -6.9850006103515625
      vertex -14.67986011505127 -22.66950035095215 -9.42199993133545
    endloop
  endfacet
  facet normal -0.8968736723294998 -0.4422868027447767 0
    outer loop
      vertex -14.67986011505127 -22.66950035095215 -6.9850006103515625
      vertex -14.600507736206055 -22.830411911010742 -9.42199993133545
      vertex -14.600507736206055 -22.830411911010742 -6.9850006103515625
    endloop
  endfacet
  facet normal 0.9469297080050658 -0.32144070697010474 0
    outer loop
      vertex -17.192564010620117 -23.000303268432617 -6.9850006103515625
      vertex -17.1348934173584 -22.830411911010742 -9.42199993133545
      vertex -17.1348934173584 -22.830411911010742 -6.9850006103515625
    endloop
  endfacet
  facet normal 0.9469297080050658 -0.32144070697010474 0
    outer loop
      vertex -17.1348934173584 -22.830411911010742 -9.42199993133545
      vertex -17.192564010620117 -23.000303268432617 -6.9850006103515625
      vertex -17.192564010620117 -23.000303268432617 -9.42199993133545
    endloop
  endfacet
  facet normal 0.8968757808522678 -0.44228252703519155 0
    outer loop
      vertex -17.1348934173584 -22.830411911010742 -6.9850006103515625
      vertex -17.0555419921875 -22.66950035095215 -9.42199993133545
      vertex -17.0555419921875 -22.66950035095215 -6.9850006103515625
    endloop
  endfacet
  facet normal 0.8968757808522678 -0.44228252703519155 0
    outer loop
      vertex -17.0555419921875 -22.66950035095215 -9.42199993133545
      vertex -17.1348934173584 -22.830411911010742 -6.9850006103515625
      vertex -17.1348934173584 -22.830411911010742 -9.42199993133545
    endloop
  endfacet
  facet normal 0.5555659141390423 0.8314724980700506 0
    outer loop
      vertex -16.55350112915039 -24.543140411376953 -9.42199993133545
      vertex -16.702678680419922 -24.443464279174805 -6.9850006103515625
      vertex -16.55350112915039 -24.543140411376953 -6.9850006103515625
    endloop
  endfacet
  facet normal 0.5555659141390423 0.8314724980700506 0
    outer loop
      vertex -16.702678680419922 -24.443464279174805 -6.9850006103515625
      vertex -16.55350112915039 -24.543140411376953 -9.42199993133545
      vertex -16.702678680419922 -24.443464279174805 -9.42199993133545
    endloop
  endfacet
  facet normal 0.9807853989482804 -0.19508972604897076 0
    outer loop
      vertex -17.22756576538086 -23.17626953125 -6.9850006103515625
      vertex -17.192564010620117 -23.000303268432617 -9.42199993133545
      vertex -17.192564010620117 -23.000303268432617 -6.9850006103515625
    endloop
  endfacet
  facet normal 0.9807853989482804 -0.19508972604897076 0
    outer loop
      vertex -17.192564010620117 -23.000303268432617 -9.42199993133545
      vertex -17.22756576538086 -23.17626953125 -6.9850006103515625
      vertex -17.22756576538086 -23.17626953125 -9.42199993133545
    endloop
  endfacet
  facet normal 0.831467587201761 0.5555732637851484 0
    outer loop
      vertex -16.95586395263672 -24.190277099609375 -6.9850006103515625
      vertex -17.0555419921875 -24.041099548339844 -9.42199993133545
      vertex -17.0555419921875 -24.041099548339844 -6.9850006103515625
    endloop
  endfacet
  facet normal 0.831467587201761 0.5555732637851484 0
    outer loop
      vertex -17.0555419921875 -24.041099548339844 -9.42199993133545
      vertex -16.95586395263672 -24.190277099609375 -6.9850006103515625
      vertex -16.95586395263672 -24.190277099609375 -9.42199993133545
    endloop
  endfacet
  facet normal -0.4422910784242058 -0.8968715637962623 0
    outer loop
      vertex -15.342811584472656 -22.088106155395508 -9.42199993133545
      vertex -15.181900024414062 -22.16745948791504 -6.9850006103515625
      vertex -15.342811584472656 -22.088106155395508 -6.9850006103515625
    endloop
  endfacet
  facet normal -0.4422910784242058 -0.8968715637962623 0
    outer loop
      vertex -15.181900024414062 -22.16745948791504 -6.9850006103515625
      vertex -15.342811584472656 -22.088106155395508 -9.42199993133545
      vertex -15.181900024414062 -22.16745948791504 -9.42199993133545
    endloop
  endfacet
  facet normal -0.5555683695798778 0.8314708574101419 0
    outer loop
      vertex -15.032723426818848 -24.443464279174805 -9.42199993133545
      vertex -15.181900024414062 -24.543140411376953 -6.9850006103515625
      vertex -15.032723426818848 -24.443464279174805 -6.9850006103515625
    endloop
  endfacet
  facet normal -0.5555683695798778 0.8314708574101419 0
    outer loop
      vertex -15.181900024414062 -24.543140411376953 -6.9850006103515625
      vertex -15.032723426818848 -24.443464279174805 -9.42199993133545
      vertex -15.181900024414062 -24.543140411376953 -9.42199993133545
    endloop
  endfacet
  facet normal 0.06540200663113428 0.9978589968169956 0
    outer loop
      vertex -15.867700576782227 -24.726900100708008 -9.42199993133545
      vertex -16.046730041503906 -24.715166091918945 -6.9850006103515625
      vertex -15.867700576782227 -24.726900100708008 -6.9850006103515625
    endloop
  endfacet
  facet normal 0.06540200663113428 0.9978589968169956 0
    outer loop
      vertex -16.046730041503906 -24.715166091918945 -6.9850006103515625
      vertex -15.867700576782227 -24.726900100708008 -9.42199993133545
      vertex -16.046730041503906 -24.715166091918945 -9.42199993133545
    endloop
  endfacet
  facet normal -0.32143908902754703 -0.9469302572233821 0
    outer loop
      vertex -15.512703895568848 -22.03043556213379 -9.42199993133545
      vertex -15.342811584472656 -22.088106155395508 -6.9850006103515625
      vertex -15.512703895568848 -22.03043556213379 -6.9850006103515625
    endloop
  endfacet
  facet normal -0.32143908902754703 -0.9469302572233821 0
    outer loop
      vertex -15.342811584472656 -22.088106155395508 -6.9850006103515625
      vertex -15.512703895568848 -22.03043556213379 -9.42199993133545
      vertex -15.342811584472656 -22.088106155395508 -9.42199993133545
    endloop
  endfacet
  facet normal -0.9469280900456026 -0.32144547326504247 0
    outer loop
      vertex -14.54283618927002 -23.000303268432617 -9.42199993133545
      vertex -14.600507736206055 -22.830411911010742 -6.9850006103515625
      vertex -14.600507736206055 -22.830411911010742 -9.42199993133545
    endloop
  endfacet
  facet normal -0.9469280900456026 -0.32144547326504247 0
    outer loop
      vertex -14.600507736206055 -22.830411911010742 -6.9850006103515625
      vertex -14.54283618927002 -23.000303268432617 -9.42199993133545
      vertex -14.54283618927002 -23.000303268432617 -6.9850006103515625
    endloop
  endfacet
  facet normal 0.5555659141390423 -0.8314724980700506 0
    outer loop
      vertex -16.702678680419922 -22.267135620117188 -9.42199993133545
      vertex -16.55350112915039 -22.16745948791504 -6.9850006103515625
      vertex -16.702678680419922 -22.267135620117188 -6.9850006103515625
    endloop
  endfacet
  facet normal 0.5555659141390423 -0.8314724980700506 0
    outer loop
      vertex -16.55350112915039 -22.16745948791504 -6.9850006103515625
      vertex -16.702678680419922 -22.267135620117188 -9.42199993133545
      vertex -16.55350112915039 -22.16745948791504 -9.42199993133545
    endloop
  endfacet
  facet normal 0.3214374711003383 0.9469308064334051 0
    outer loop
      vertex -16.22269630432129 -24.680164337158203 -9.42199993133545
      vertex -16.392589569091797 -24.622493743896484 -6.9850006103515625
      vertex -16.22269630432129 -24.680164337158203 -6.9850006103515625
    endloop
  endfacet
  facet normal 0.3214374711003383 0.9469308064334051 0
    outer loop
      vertex -16.392589569091797 -24.622493743896484 -6.9850006103515625
      vertex -16.22269630432129 -24.680164337158203 -9.42199993133545
      vertex -16.392589569091797 -24.622493743896484 -9.42199993133545
    endloop
  endfacet
  facet normal -0.9807853989482804 0.19508972604897076 0
    outer loop
      vertex -14.54283618927002 -23.710296630859375 -9.42199993133545
      vertex -14.507834434509277 -23.534330368041992 -6.9850006103515625
      vertex -14.507834434509277 -23.534330368041992 -9.42199993133545
    endloop
  endfacet
  facet normal -0.9807853989482804 0.19508972604897076 0
    outer loop
      vertex -14.507834434509277 -23.534330368041992 -6.9850006103515625
      vertex -14.54283618927002 -23.710296630859375 -9.42199993133545
      vertex -14.54283618927002 -23.710296630859375 -6.9850006103515625
    endloop
  endfacet
  facet normal -0.19508870897898237 -0.9807856012548889 0
    outer loop
      vertex -15.688671112060547 -21.995433807373047 -9.42199993133545
      vertex -15.512703895568848 -22.03043556213379 -6.9850006103515625
      vertex -15.688671112060547 -21.995433807373047 -6.9850006103515625
    endloop
  endfacet
  facet normal -0.19508870897898237 -0.9807856012548889 0
    outer loop
      vertex -15.512703895568848 -22.03043556213379 -6.9850006103515625
      vertex -15.688671112060547 -21.995433807373047 -9.42199993133545
      vertex -15.512703895568848 -22.03043556213379 -9.42199993133545
    endloop
  endfacet
  facet normal 0.75183797581513 -0.6593479037065395 0
    outer loop
      vertex -16.95586395263672 -22.520322799682617 -6.9850006103515625
      vertex -16.837568283081055 -22.385433197021484 -9.42199993133545
      vertex -16.837568283081055 -22.385433197021484 -6.9850006103515625
    endloop
  endfacet
  facet normal 0.75183797581513 -0.6593479037065395 0
    outer loop
      vertex -16.837568283081055 -22.385433197021484 -9.42199993133545
      vertex -16.95586395263672 -22.520322799682617 -6.9850006103515625
      vertex -16.95586395263672 -22.520322799682617 -9.42199993133545
    endloop
  endfacet
  facet normal -0.8968736723294998 0.4422868027447767 0
    outer loop
      vertex -14.67986011505127 -24.041099548339844 -9.42199993133545
      vertex -14.600507736206055 -23.88018798828125 -6.9850006103515625
      vertex -14.600507736206055 -23.88018798828125 -9.42199993133545
    endloop
  endfacet
  facet normal -0.8968736723294998 0.4422868027447767 0
    outer loop
      vertex -14.600507736206055 -23.88018798828125 -6.9850006103515625
      vertex -14.67986011505127 -24.041099548339844 -9.42199993133545
      vertex -14.67986011505127 -24.041099548339844 -6.9850006103515625
    endloop
  endfacet
  facet normal 0.4422910784242058 0.8968715637962623 0
    outer loop
      vertex -16.392589569091797 -24.622493743896484 -9.42199993133545
      vertex -16.55350112915039 -24.543140411376953 -6.9850006103515625
      vertex -16.392589569091797 -24.622493743896484 -6.9850006103515625
    endloop
  endfacet
  facet normal 0.4422910784242058 0.8968715637962623 0
    outer loop
      vertex -16.55350112915039 -24.543140411376953 -6.9850006103515625
      vertex -16.392589569091797 -24.622493743896484 -9.42199993133545
      vertex -16.55350112915039 -24.543140411376953 -9.42199993133545
    endloop
  endfacet
  facet normal 0.75183797581513 0.6593479037065395 0
    outer loop
      vertex -16.837568283081055 -24.325166702270508 -6.9850006103515625
      vertex -16.95586395263672 -24.190277099609375 -9.42199993133545
      vertex -16.95586395263672 -24.190277099609375 -6.9850006103515625
    endloop
  endfacet
  facet normal 0.75183797581513 0.6593479037065395 0
    outer loop
      vertex -16.95586395263672 -24.190277099609375 -9.42199993133545
      vertex -16.837568283081055 -24.325166702270508 -6.9850006103515625
      vertex -16.837568283081055 -24.325166702270508 -9.42199993133545
    endloop
  endfacet
  facet normal -0.06540200663113428 -0.9978589968169956 0
    outer loop
      vertex -15.867700576782227 -21.983699798583984 -9.42199993133545
      vertex -15.688671112060547 -21.995433807373047 -6.9850006103515625
      vertex -15.867700576782227 -21.983699798583984 -6.9850006103515625
    endloop
  endfacet
  facet normal -0.06540200663113428 -0.9978589968169956 0
    outer loop
      vertex -15.688671112060547 -21.995433807373047 -6.9850006103515625
      vertex -15.867700576782227 -21.983699798583984 -9.42199993133545
      vertex -15.688671112060547 -21.995433807373047 -9.42199993133545
    endloop
  endfacet
  facet normal 0.831467587201761 -0.5555732637851484 0
    outer loop
      vertex -17.0555419921875 -22.66950035095215 -6.9850006103515625
      vertex -16.95586395263672 -22.520322799682617 -9.42199993133545
      vertex -16.95586395263672 -22.520322799682617 -6.9850006103515625
    endloop
  endfacet
  facet normal 0.831467587201761 -0.5555732637851484 0
    outer loop
      vertex -16.95586395263672 -22.520322799682617 -9.42199993133545
      vertex -17.0555419921875 -22.66950035095215 -6.9850006103515625
      vertex -17.0555419921875 -22.66950035095215 -9.42199993133545
    endloop
  endfacet
  facet normal -0.9807853989482804 -0.19508972604897076 0
    outer loop
      vertex -14.507834434509277 -23.17626953125 -9.42199993133545
      vertex -14.54283618927002 -23.000303268432617 -6.9850006103515625
      vertex -14.54283618927002 -23.000303268432617 -9.42199993133545
    endloop
  endfacet
  facet normal -0.9807853989482804 -0.19508972604897076 0
    outer loop
      vertex -14.54283618927002 -23.000303268432617 -6.9850006103515625
      vertex -14.507834434509277 -23.17626953125 -9.42199993133545
      vertex -14.507834434509277 -23.17626953125 -6.9850006103515625
    endloop
  endfacet
  facet normal -0.4422910784242058 0.8968715637962623 0
    outer loop
      vertex -15.181900024414062 -24.543140411376953 -9.42199993133545
      vertex -15.342811584472656 -24.622493743896484 -6.9850006103515625
      vertex -15.181900024414062 -24.543140411376953 -6.9850006103515625
    endloop
  endfacet
  facet normal -0.4422910784242058 0.8968715637962623 0
    outer loop
      vertex -15.342811584472656 -24.622493743896484 -6.9850006103515625
      vertex -15.181900024414062 -24.543140411376953 -9.42199993133545
      vertex -15.342811584472656 -24.622493743896484 -9.42199993133545
    endloop
  endfacet
  facet normal 0.3214374711003383 -0.9469308064334051 0
    outer loop
      vertex -16.392589569091797 -22.088106155395508 -9.42199993133545
      vertex -16.22269630432129 -22.03043556213379 -6.9850006103515625
      vertex -16.392589569091797 -22.088106155395508 -6.9850006103515625
    endloop
  endfacet
  facet normal 0.3214374711003383 -0.9469308064334051 0
    outer loop
      vertex -16.22269630432129 -22.03043556213379 -6.9850006103515625
      vertex -16.392589569091797 -22.088106155395508 -9.42199993133545
      vertex -16.22269630432129 -22.03043556213379 -9.42199993133545
    endloop
  endfacet
  facet normal -0.6593512779445246 0.7518350166578585 0
    outer loop
      vertex -14.897832870483398 -24.325166702270508 -9.42199993133545
      vertex -15.032723426818848 -24.443464279174805 -6.9850006103515625
      vertex -14.897832870483398 -24.325166702270508 -6.9850006103515625
    endloop
  endfacet
  facet normal -0.6593512779445246 0.7518350166578585 0
    outer loop
      vertex -15.032723426818848 -24.443464279174805 -6.9850006103515625
      vertex -14.897832870483398 -24.325166702270508 -9.42199993133545
      vertex -15.032723426818848 -24.443464279174805 -9.42199993133545
    endloop
  endfacet
  facet normal -0.75183797581513 0.6593479037065395 0
    outer loop
      vertex -14.897832870483398 -24.325166702270508 -9.42199993133545
      vertex -14.779537200927734 -24.190277099609375 -6.9850006103515625
      vertex -14.779537200927734 -24.190277099609375 -9.42199993133545
    endloop
  endfacet
  facet normal -0.75183797581513 0.6593479037065395 0
    outer loop
      vertex -14.779537200927734 -24.190277099609375 -6.9850006103515625
      vertex -14.897832870483398 -24.325166702270508 -9.42199993133545
      vertex -14.897832870483398 -24.325166702270508 -6.9850006103515625
    endloop
  endfacet
  facet normal -0.8314700426367754 0.5555695889783737 0
    outer loop
      vertex -14.779537200927734 -24.190277099609375 -9.42199993133545
      vertex -14.67986011505127 -24.041099548339844 -6.9850006103515625
      vertex -14.67986011505127 -24.041099548339844 -9.42199993133545
    endloop
  endfacet
  facet normal -0.8314700426367754 0.5555695889783737 0
    outer loop
      vertex -14.67986011505127 -24.041099548339844 -6.9850006103515625
      vertex -14.779537200927734 -24.190277099609375 -9.42199993133545
      vertex -14.779537200927734 -24.190277099609375 -6.9850006103515625
    endloop
  endfacet
  facet normal 0.8968757808522678 0.44228252703519155 0
    outer loop
      vertex -17.0555419921875 -24.041099548339844 -6.9850006103515625
      vertex -17.1348934173584 -23.88018798828125 -9.42199993133545
      vertex -17.1348934173584 -23.88018798828125 -6.9850006103515625
    endloop
  endfacet
  facet normal 0.8968757808522678 0.44228252703519155 0
    outer loop
      vertex -17.1348934173584 -23.88018798828125 -9.42199993133545
      vertex -17.0555419921875 -24.041099548339844 -6.9850006103515625
      vertex -17.0555419921875 -24.041099548339844 -9.42199993133545
    endloop
  endfacet
  facet normal -0.19508870897898237 0.9807856012548889 0
    outer loop
      vertex -15.512703895568848 -24.680164337158203 -9.42199993133545
      vertex -15.688671112060547 -24.715166091918945 -6.9850006103515625
      vertex -15.512703895568848 -24.680164337158203 -6.9850006103515625
    endloop
  endfacet
  facet normal -0.19508870897898237 0.9807856012548889 0
    outer loop
      vertex -15.688671112060547 -24.715166091918945 -6.9850006103515625
      vertex -15.512703895568848 -24.680164337158203 -9.42199993133545
      vertex -15.688671112060547 -24.715166091918945 -9.42199993133545
    endloop
  endfacet
  facet normal 0.9807853989482804 0.19508972604897076 0
    outer loop
      vertex -17.192564010620117 -23.710296630859375 -6.9850006103515625
      vertex -17.22756576538086 -23.534330368041992 -9.42199993133545
      vertex -17.22756576538086 -23.534330368041992 -6.9850006103515625
    endloop
  endfacet
  facet normal 0.9807853989482804 0.19508972604897076 0
    outer loop
      vertex -17.22756576538086 -23.534330368041992 -9.42199993133545
      vertex -17.192564010620117 -23.710296630859375 -6.9850006103515625
      vertex -17.192564010620117 -23.710296630859375 -9.42199993133545
    endloop
  endfacet
  facet normal -0.75183797581513 -0.6593479037065395 0
    outer loop
      vertex -14.779537200927734 -22.520322799682617 -9.42199993133545
      vertex -14.897832870483398 -22.385433197021484 -6.9850006103515625
      vertex -14.897832870483398 -22.385433197021484 -9.42199993133545
    endloop
  endfacet
  facet normal -0.75183797581513 -0.6593479037065395 0
    outer loop
      vertex -14.897832870483398 -22.385433197021484 -6.9850006103515625
      vertex -14.779537200927734 -22.520322799682617 -9.42199993133545
      vertex -14.779537200927734 -22.520322799682617 -6.9850006103515625
    endloop
  endfacet
  facet normal 0.4422910784242058 -0.8968715637962623 0
    outer loop
      vertex -16.55350112915039 -22.16745948791504 -9.42199993133545
      vertex -16.392589569091797 -22.088106155395508 -6.9850006103515625
      vertex -16.55350112915039 -22.16745948791504 -6.9850006103515625
    endloop
  endfacet
  facet normal 0.4422910784242058 -0.8968715637962623 0
    outer loop
      vertex -16.392589569091797 -22.088106155395508 -6.9850006103515625
      vertex -16.55350112915039 -22.16745948791504 -9.42199993133545
      vertex -16.392589569091797 -22.088106155395508 -9.42199993133545
    endloop
  endfacet
  facet normal 0.19508972604897076 0.9807853989482804 0
    outer loop
      vertex -16.046730041503906 -24.715166091918945 -9.42199993133545
      vertex -16.22269630432129 -24.680164337158203 -6.9850006103515625
      vertex -16.046730041503906 -24.715166091918945 -6.9850006103515625
    endloop
  endfacet
  facet normal 0.19508972604897076 0.9807853989482804 0
    outer loop
      vertex -16.22269630432129 -24.680164337158203 -6.9850006103515625
      vertex -16.046730041503906 -24.715166091918945 -9.42199993133545
      vertex -16.22269630432129 -24.680164337158203 -9.42199993133545
    endloop
  endfacet
  facet normal -0.32143908902754703 0.9469302572233821 0
    outer loop
      vertex -15.342811584472656 -24.622493743896484 -9.42199993133545
      vertex -15.512703895568848 -24.680164337158203 -6.9850006103515625
      vertex -15.342811584472656 -24.622493743896484 -6.9850006103515625
    endloop
  endfacet
  facet normal -0.32143908902754703 0.9469302572233821 0
    outer loop
      vertex -15.512703895568848 -24.680164337158203 -6.9850006103515625
      vertex -15.342811584472656 -24.622493743896484 -9.42199993133545
      vertex -15.512703895568848 -24.680164337158203 -9.42199993133545
    endloop
  endfacet
  facet normal 0.9469297080050658 0.32144070697010474 0
    outer loop
      vertex -17.1348934173584 -23.88018798828125 -6.9850006103515625
      vertex -17.192564010620117 -23.710296630859375 -9.42199993133545
      vertex -17.192564010620117 -23.710296630859375 -6.9850006103515625
    endloop
  endfacet
  facet normal 0.9469297080050658 0.32144070697010474 0
    outer loop
      vertex -17.192564010620117 -23.710296630859375 -9.42199993133545
      vertex -17.1348934173584 -23.88018798828125 -6.9850006103515625
      vertex -17.1348934173584 -23.88018798828125 -9.42199993133545
    endloop
  endfacet
  facet normal -0.06540200663113428 0.9978589968169956 0
    outer loop
      vertex -15.688671112060547 -24.715166091918945 -9.42199993133545
      vertex -15.867700576782227 -24.726900100708008 -6.9850006103515625
      vertex -15.688671112060547 -24.715166091918945 -6.9850006103515625
    endloop
  endfacet
  facet normal -0.06540200663113428 0.9978589968169956 0
    outer loop
      vertex -15.867700576782227 -24.726900100708008 -6.9850006103515625
      vertex -15.688671112060547 -24.715166091918945 -9.42199993133545
      vertex -15.867700576782227 -24.726900100708008 -9.42199993133545
    endloop
  endfacet
  facet normal 0 1 0
    outer loop
      vertex 12.699999809265137 17.779998779296875 -6.985000133514404
      vertex -12.699999809265137 17.779998779296875 -4.445000171661377
      vertex 12.699999809265137 17.779998779296875 -4.445000171661377
    endloop
  endfacet
  facet normal 0 1 0
    outer loop
      vertex -12.699999809265137 17.779998779296875 -4.445000171661377
      vertex 12.699999809265137 17.779998779296875 -6.985000133514404
      vertex -12.699999809265137 17.779998779296875 -6.985000133514404
    endloop
  endfacet
  facet normal 0 0 1
    outer loop
      vertex 12.699999809265137 -26.670000076293945 -4.445000171661377
      vertex 3.505199432373047 -29.844999313354492 -4.445000171661377
      vertex 12.699999809265137 -33.02000045776367 -4.445000171661377
    endloop
  endfacet
  facet normal 0 0 1
    outer loop
      vertex 12.699999809265137 -26.670000076293945 -4.445000171661377
      vertex 3.5012903213500977 -29.720600128173828 -4.445000171661377
      vertex 3.505199432373047 -29.844999313354492 -4.445000171661377
    endloop
  endfacet
  facet normal 0 0 1
    outer loop
      vertex 12.699999809265137 -26.670000076293945 -4.445000171661377
      vertex 3.489577293395996 -29.596689224243164 -4.445000171661377
      vertex 3.5012903213500977 -29.720600128173828 -4.445000171661377
    endloop
  endfacet
  facet normal 0 0 1
    outer loop
      vertex 12.699999809265137 -26.670000076293945 -4.445000171661377
      vertex 3.470107078552246 -29.473758697509766 -4.445000171661377
      vertex 3.489577293395996 -29.596689224243164 -4.445000171661377
    endloop
  endfacet
  facet normal 0 0 1
    outer loop
      vertex 12.699999809265137 -26.670000076293945 -4.445000171661377
      vertex 3.4429569244384766 -29.352294921875 -4.445000171661377
      vertex 3.470107078552246 -29.473758697509766 -4.445000171661377
    endloop
  endfacet
  facet normal 0 0 1
    outer loop
      vertex 12.699999809265137 -26.670000076293945 -4.445000171661377
      vertex 3.4082326889038086 -29.232776641845703 -4.445000171661377
      vertex 3.4429569244384766 -29.352294921875 -4.445000171661377
    endloop
  endfacet
  facet normal 0 0 1
    outer loop
      vertex 12.699999809265137 -26.670000076293945 -4.445000171661377
      vertex 3.366072654724121 -29.115671157836914 -4.445000171661377
      vertex 3.4082326889038086 -29.232776641845703 -4.445000171661377
    endloop
  endfacet
  facet normal 0 0 1
    outer loop
      vertex 12.699999809265137 -26.670000076293945 -4.445000171661377
      vertex 3.3166427612304688 -29.001445770263672 -4.445000171661377
      vertex 3.366072654724121 -29.115671157836914 -4.445000171661377
    endloop
  endfacet
  facet normal 0 0 1
    outer loop
      vertex 12.699999809265137 -26.670000076293945 -4.445000171661377
      vertex 3.260138511657715 -28.890548706054688 -4.445000171661377
      vertex 3.3166427612304688 -29.001445770263672 -4.445000171661377
    endloop
  endfacet
  facet normal 0 0 1
    outer loop
      vertex 12.699999809265137 -26.670000076293945 -4.445000171661377
      vertex 3.196782112121582 -28.78342056274414 -4.445000171661377
      vertex 3.260138511657715 -28.890548706054688 -4.445000171661377
    endloop
  endfacet
  facet normal 0 0 1
    outer loop
      vertex 12.699999809265137 -26.670000076293945 -4.445000171661377
      vertex 3.126824378967285 -28.68048095703125 -4.445000171661377
      vertex 3.196782112121582 -28.78342056274414 -4.445000171661377
    endloop
  endfacet
  facet normal 0 0 1
    outer loop
      vertex 12.699999809265137 -26.670000076293945 -4.445000171661377
      vertex 3.050539970397949 -28.582134246826172 -4.445000171661377
      vertex 3.126824378967285 -28.68048095703125 -4.445000171661377
    endloop
  endfacet
  facet normal 0 0 1
    outer loop
      vertex 12.699999809265137 -26.670000076293945 -4.445000171661377
      vertex 2.9682321548461914 -28.4887752532959 -4.445000171661377
      vertex 3.050539970397949 -28.582134246826172 -4.445000171661377
    endloop
  endfacet
  facet normal 0 0 1
    outer loop
      vertex 12.699999809265137 -26.670000076293945 -4.445000171661377
      vertex 2.8802242279052734 -28.400768280029297 -4.445000171661377
      vertex 2.9682321548461914 -28.4887752532959 -4.445000171661377
    endloop
  endfacet
  facet normal 0 0 1
    outer loop
      vertex 12.699999809265137 -26.670000076293945 -4.445000171661377
      vertex 2.7868642807006836 -28.318458557128906 -4.445000171661377
      vertex 2.8802242279052734 -28.400768280029297 -4.445000171661377
    endloop
  endfacet
  facet normal 0 0 1
    outer loop
      vertex 12.699999809265137 -26.670000076293945 -4.445000171661377
      vertex 2.6885194778442383 -28.242176055908203 -4.445000171661377
      vertex 2.7868642807006836 -28.318458557128906 -4.445000171661377
    endloop
  endfacet
  facet normal 0 0 1
    outer loop
      vertex 12.699999809265137 -26.670000076293945 -4.445000171661377
      vertex 2.5855798721313477 -28.172218322753906 -4.445000171661377
      vertex 2.6885194778442383 -28.242176055908203 -4.445000171661377
    endloop
  endfacet
  facet normal 0 0 1
    outer loop
      vertex 12.699999809265137 -26.670000076293945 -4.445000171661377
      vertex 2.478449821472168 -28.10886001586914 -4.445000171661377
      vertex 2.5855798721313477 -28.172218322753906 -4.445000171661377
    endloop
  endfacet
  facet normal 0 0 1
    outer loop
      vertex 12.699999809265137 -26.670000076293945 -4.445000171661377
      vertex 2.3675537109375 -28.052356719970703 -4.445000171661377
      vertex 2.478449821472168 -28.10886001586914 -4.445000171661377
    endloop
  endfacet
  facet normal 0 0 1
    outer loop
      vertex 12.699999809265137 -26.670000076293945 -4.445000171661377
      vertex 2.253328323364258 -28.002925872802734 -4.445000171661377
      vertex 2.3675537109375 -28.052356719970703 -4.445000171661377
    endloop
  endfacet
  facet normal 0 0 1
    outer loop
      vertex 12.699999809265137 -26.670000076293945 -4.445000171661377
      vertex 2.136223793029785 -27.960765838623047 -4.445000171661377
      vertex 2.253328323364258 -28.002925872802734 -4.445000171661377
    endloop
  endfacet
  facet normal 0 0 1
    outer loop
      vertex 12.699999809265137 -26.670000076293945 -4.445000171661377
      vertex 2.0167036056518555 -27.926042556762695 -4.445000171661377
      vertex 2.136223793029785 -27.960765838623047 -4.445000171661377
    endloop
  endfacet
  facet normal 0 0 1
    outer loop
      vertex 12.699999809265137 -26.670000076293945 -4.445000171661377
      vertex 1.8952398300170898 -27.89889144897461 -4.445000171661377
      vertex 2.0167036056518555 -27.926042556762695 -4.445000171661377
    endloop
  endfacet
  facet normal 0 0 1
    outer loop
      vertex 12.699999809265137 -26.670000076293945 -4.445000171661377
      vertex 1.7723093032836914 -27.87942123413086 -4.445000171661377
      vertex 1.8952398300170898 -27.89889144897461 -4.445000171661377
    endloop
  endfacet
  facet normal 0 0 1
    outer loop
      vertex 12.699999809265137 -26.670000076293945 -4.445000171661377
      vertex 1.6484003067016602 -27.86771011352539 -4.445000171661377
      vertex 1.7723093032836914 -27.87942123413086 -4.445000171661377
    endloop
  endfacet
  facet normal 0 0 1
    outer loop
      vertex 12.699999809265137 -26.670000076293945 -4.445000171661377
      vertex 1.5239992141723633 -27.863800048828125 -4.445000171661377
      vertex 1.6484003067016602 -27.86771011352539 -4.445000171661377
    endloop
  endfacet
  facet normal 0 0 1
    outer loop
      vertex 12.699999809265137 -26.670000076293945 -4.445000171661377
      vertex -1.5239992141723633 -27.863800048828125 -4.445000171661377
      vertex 1.5239992141723633 -27.863800048828125 -4.445000171661377
    endloop
  endfacet
  facet normal 0 0 1
    outer loop
      vertex -12.699999809265137 -26.670000076293945 -4.445000171661377
      vertex -1.5239992141723633 -27.863800048828125 -4.445000171661377
      vertex 12.699999809265137 -26.670000076293945 -4.445000171661377
    endloop
  endfacet
  facet normal 0 0 1
    outer loop
      vertex -3.5012903213500977 -29.720600128173828 -4.445000171661377
      vertex -12.699999809265137 -26.670000076293945 -4.445000171661377
      vertex -3.505199432373047 -29.844999313354492 -4.445000171661377
    endloop
  endfacet
  facet normal 0 0 1
    outer loop
      vertex -3.489577293395996 -29.596689224243164 -4.445000171661377
      vertex -12.699999809265137 -26.670000076293945 -4.445000171661377
      vertex -3.5012903213500977 -29.720600128173828 -4.445000171661377
    endloop
  endfacet
  facet normal 0 0 1
    outer loop
      vertex -3.470107078552246 -29.473758697509766 -4.445000171661377
      vertex -12.699999809265137 -26.670000076293945 -4.445000171661377
      vertex -3.489577293395996 -29.596689224243164 -4.445000171661377
    endloop
  endfacet
  facet normal 0 0 1
    outer loop
      vertex -3.4429569244384766 -29.352294921875 -4.445000171661377
      vertex -12.699999809265137 -26.670000076293945 -4.445000171661377
      vertex -3.470107078552246 -29.473758697509766 -4.445000171661377
    endloop
  endfacet
  facet normal 0 0 1
    outer loop
      vertex -3.4082326889038086 -29.232776641845703 -4.445000171661377
      vertex -12.699999809265137 -26.670000076293945 -4.445000171661377
      vertex -3.4429569244384766 -29.352294921875 -4.445000171661377
    endloop
  endfacet
  facet normal 0 0 1
    outer loop
      vertex -3.366072654724121 -29.115671157836914 -4.445000171661377
      vertex -12.699999809265137 -26.670000076293945 -4.445000171661377
      vertex -3.4082326889038086 -29.232776641845703 -4.445000171661377
    endloop
  endfacet
  facet normal 0 0 1
    outer loop
      vertex -3.3166427612304688 -29.001445770263672 -4.445000171661377
      vertex -12.699999809265137 -26.670000076293945 -4.445000171661377
      vertex -3.366072654724121 -29.115671157836914 -4.445000171661377
    endloop
  endfacet
  facet normal 0 0 1
    outer loop
      vertex -3.260138511657715 -28.890548706054688 -4.445000171661377
      vertex -12.699999809265137 -26.670000076293945 -4.445000171661377
      vertex -3.3166427612304688 -29.001445770263672 -4.445000171661377
    endloop
  endfacet
  facet normal 0 0 1
    outer loop
      vertex -3.196782112121582 -28.78342056274414 -4.445000171661377
      vertex -12.699999809265137 -26.670000076293945 -4.445000171661377
      vertex -3.260138511657715 -28.890548706054688 -4.445000171661377
    endloop
  endfacet
  facet normal 0 0 1
    outer loop
      vertex -3.126824378967285 -28.68048095703125 -4.445000171661377
      vertex -12.699999809265137 -26.670000076293945 -4.445000171661377
      vertex -3.196782112121582 -28.78342056274414 -4.445000171661377
    endloop
  endfacet
  facet normal 0 0 1
    outer loop
      vertex -3.050539970397949 -28.582134246826172 -4.445000171661377
      vertex -12.699999809265137 -26.670000076293945 -4.445000171661377
      vertex -3.126824378967285 -28.68048095703125 -4.445000171661377
    endloop
  endfacet
  facet normal 0 0 1
    outer loop
      vertex -2.9682321548461914 -28.4887752532959 -4.445000171661377
      vertex -12.699999809265137 -26.670000076293945 -4.445000171661377
      vertex -3.050539970397949 -28.582134246826172 -4.445000171661377
    endloop
  endfacet
  facet normal 0 0 1
    outer loop
      vertex -2.8802242279052734 -28.400768280029297 -4.445000171661377
      vertex -12.699999809265137 -26.670000076293945 -4.445000171661377
      vertex -2.9682321548461914 -28.4887752532959 -4.445000171661377
    endloop
  endfacet
  facet normal 0 0 1
    outer loop
      vertex -2.7868642807006836 -28.318458557128906 -4.445000171661377
      vertex -12.699999809265137 -26.670000076293945 -4.445000171661377
      vertex -2.8802242279052734 -28.400768280029297 -4.445000171661377
    endloop
  endfacet
  facet normal 0 0 1
    outer loop
      vertex -2.6885194778442383 -28.242176055908203 -4.445000171661377
      vertex -12.699999809265137 -26.670000076293945 -4.445000171661377
      vertex -2.7868642807006836 -28.318458557128906 -4.445000171661377
    endloop
  endfacet
  facet normal 0 0 1
    outer loop
      vertex -2.5855798721313477 -28.172218322753906 -4.445000171661377
      vertex -12.699999809265137 -26.670000076293945 -4.445000171661377
      vertex -2.6885194778442383 -28.242176055908203 -4.445000171661377
    endloop
  endfacet
  facet normal 0 0 1
    outer loop
      vertex -2.478449821472168 -28.10886001586914 -4.445000171661377
      vertex -12.699999809265137 -26.670000076293945 -4.445000171661377
      vertex -2.5855798721313477 -28.172218322753906 -4.445000171661377
    endloop
  endfacet
  facet normal 0 0 1
    outer loop
      vertex -2.3675537109375 -28.052356719970703 -4.445000171661377
      vertex -12.699999809265137 -26.670000076293945 -4.445000171661377
      vertex -2.478449821472168 -28.10886001586914 -4.445000171661377
    endloop
  endfacet
  facet normal 0 0 1
    outer loop
      vertex -2.253328323364258 -28.002925872802734 -4.445000171661377
      vertex -12.699999809265137 -26.670000076293945 -4.445000171661377
      vertex -2.3675537109375 -28.052356719970703 -4.445000171661377
    endloop
  endfacet
  facet normal 0 0 1
    outer loop
      vertex -2.136223793029785 -27.960765838623047 -4.445000171661377
      vertex -12.699999809265137 -26.670000076293945 -4.445000171661377
      vertex -2.253328323364258 -28.002925872802734 -4.445000171661377
    endloop
  endfacet
  facet normal 0 0 1
    outer loop
      vertex -2.0167036056518555 -27.926042556762695 -4.445000171661377
      vertex -12.699999809265137 -26.670000076293945 -4.445000171661377
      vertex -2.136223793029785 -27.960765838623047 -4.445000171661377
    endloop
  endfacet
  facet normal 0 0 1
    outer loop
      vertex -1.8952398300170898 -27.89889144897461 -4.445000171661377
      vertex -12.699999809265137 -26.670000076293945 -4.445000171661377
      vertex -2.0167036056518555 -27.926042556762695 -4.445000171661377
    endloop
  endfacet
  facet normal 0 0 1
    outer loop
      vertex -1.7723093032836914 -27.87942123413086 -4.445000171661377
      vertex -12.699999809265137 -26.670000076293945 -4.445000171661377
      vertex -1.8952398300170898 -27.89889144897461 -4.445000171661377
    endloop
  endfacet
  facet normal 0 0 1
    outer loop
      vertex -1.6484003067016602 -27.86771011352539 -4.445000171661377
      vertex -12.699999809265137 -26.670000076293945 -4.445000171661377
      vertex -1.7723093032836914 -27.87942123413086 -4.445000171661377
    endloop
  endfacet
  facet normal 0 0 1
    outer loop
      vertex -1.5239992141723633 -27.863800048828125 -4.445000171661377
      vertex -12.699999809265137 -26.670000076293945 -4.445000171661377
      vertex -1.6484003067016602 -27.86771011352539 -4.445000171661377
    endloop
  endfacet
  facet normal 0 0 1
    outer loop
      vertex 3.5012903213500977 -29.969398498535156 -4.445000171661377
      vertex 12.699999809265137 -33.02000045776367 -4.445000171661377
      vertex 3.505199432373047 -29.844999313354492 -4.445000171661377
    endloop
  endfacet
  facet normal 0 0 1
    outer loop
      vertex 3.489577293395996 -30.09330940246582 -4.445000171661377
      vertex 12.699999809265137 -33.02000045776367 -4.445000171661377
      vertex 3.5012903213500977 -29.969398498535156 -4.445000171661377
    endloop
  endfacet
  facet normal 0 0 1
    outer loop
      vertex 3.470107078552246 -30.21623992919922 -4.445000171661377
      vertex 12.699999809265137 -33.02000045776367 -4.445000171661377
      vertex 3.489577293395996 -30.09330940246582 -4.445000171661377
    endloop
  endfacet
  facet normal 0 0 1
    outer loop
      vertex 3.4429569244384766 -30.337703704833984 -4.445000171661377
      vertex 12.699999809265137 -33.02000045776367 -4.445000171661377
      vertex 3.470107078552246 -30.21623992919922 -4.445000171661377
    endloop
  endfacet
  facet normal 0 0 1
    outer loop
      vertex 3.4082326889038086 -30.45722198486328 -4.445000171661377
      vertex 12.699999809265137 -33.02000045776367 -4.445000171661377
      vertex 3.4429569244384766 -30.337703704833984 -4.445000171661377
    endloop
  endfacet
  facet normal 0 0 1
    outer loop
      vertex 3.366072654724121 -30.57432746887207 -4.445000171661377
      vertex 12.699999809265137 -33.02000045776367 -4.445000171661377
      vertex 3.4082326889038086 -30.45722198486328 -4.445000171661377
    endloop
  endfacet
  facet normal 0 0 1
    outer loop
      vertex 3.3166427612304688 -30.688552856445312 -4.445000171661377
      vertex 12.699999809265137 -33.02000045776367 -4.445000171661377
      vertex 3.366072654724121 -30.57432746887207 -4.445000171661377
    endloop
  endfacet
  facet normal 0 0 1
    outer loop
      vertex 3.260138511657715 -30.799449920654297 -4.445000171661377
      vertex 12.699999809265137 -33.02000045776367 -4.445000171661377
      vertex 3.3166427612304688 -30.688552856445312 -4.445000171661377
    endloop
  endfacet
  facet normal 0 0 1
    outer loop
      vertex 3.196782112121582 -30.906578063964844 -4.445000171661377
      vertex 12.699999809265137 -33.02000045776367 -4.445000171661377
      vertex 3.260138511657715 -30.799449920654297 -4.445000171661377
    endloop
  endfacet
  facet normal 0 0 1
    outer loop
      vertex 3.126824378967285 -31.009517669677734 -4.445000171661377
      vertex 12.699999809265137 -33.02000045776367 -4.445000171661377
      vertex 3.196782112121582 -30.906578063964844 -4.445000171661377
    endloop
  endfacet
  facet normal 0 0 1
    outer loop
      vertex 3.050539970397949 -31.107864379882812 -4.445000171661377
      vertex 12.699999809265137 -33.02000045776367 -4.445000171661377
      vertex 3.126824378967285 -31.009517669677734 -4.445000171661377
    endloop
  endfacet
  facet normal 0 0 1
    outer loop
      vertex 2.9682321548461914 -31.201223373413086 -4.445000171661377
      vertex 12.699999809265137 -33.02000045776367 -4.445000171661377
      vertex 3.050539970397949 -31.107864379882812 -4.445000171661377
    endloop
  endfacet
  facet normal 0 0 1
    outer loop
      vertex 2.8802242279052734 -31.289230346679688 -4.445000171661377
      vertex 12.699999809265137 -33.02000045776367 -4.445000171661377
      vertex 2.9682321548461914 -31.201223373413086 -4.445000171661377
    endloop
  endfacet
  facet normal 0 0 1
    outer loop
      vertex 2.7868642807006836 -31.371540069580078 -4.445000171661377
      vertex 12.699999809265137 -33.02000045776367 -4.445000171661377
      vertex 2.8802242279052734 -31.289230346679688 -4.445000171661377
    endloop
  endfacet
  facet normal 0 0 1
    outer loop
      vertex 2.6885194778442383 -31.44782257080078 -4.445000171661377
      vertex 12.699999809265137 -33.02000045776367 -4.445000171661377
      vertex 2.7868642807006836 -31.371540069580078 -4.445000171661377
    endloop
  endfacet
  facet normal 0 0 1
    outer loop
      vertex 2.5855798721313477 -31.517780303955078 -4.445000171661377
      vertex 12.699999809265137 -33.02000045776367 -4.445000171661377
      vertex 2.6885194778442383 -31.44782257080078 -4.445000171661377
    endloop
  endfacet
  facet normal 0 0 1
    outer loop
      vertex 2.478449821472168 -31.581138610839844 -4.445000171661377
      vertex 12.699999809265137 -33.02000045776367 -4.445000171661377
      vertex 2.5855798721313477 -31.517780303955078 -4.445000171661377
    endloop
  endfacet
  facet normal 0 0 1
    outer loop
      vertex 2.3675537109375 -31.63764190673828 -4.445000171661377
      vertex 12.699999809265137 -33.02000045776367 -4.445000171661377
      vertex 2.478449821472168 -31.581138610839844 -4.445000171661377
    endloop
  endfacet
  facet normal 0 0 1
    outer loop
      vertex 2.253328323364258 -31.68707275390625 -4.445000171661377
      vertex 12.699999809265137 -33.02000045776367 -4.445000171661377
      vertex 2.3675537109375 -31.63764190673828 -4.445000171661377
    endloop
  endfacet
  facet normal 0 0 1
    outer loop
      vertex 2.136223793029785 -31.729232788085938 -4.445000171661377
      vertex 12.699999809265137 -33.02000045776367 -4.445000171661377
      vertex 2.253328323364258 -31.68707275390625 -4.445000171661377
    endloop
  endfacet
  facet normal 0 0 1
    outer loop
      vertex 2.0167036056518555 -31.76395606994629 -4.445000171661377
      vertex 12.699999809265137 -33.02000045776367 -4.445000171661377
      vertex 2.136223793029785 -31.729232788085938 -4.445000171661377
    endloop
  endfacet
  facet normal 0 0 1
    outer loop
      vertex 1.8952398300170898 -31.791107177734375 -4.445000171661377
      vertex 12.699999809265137 -33.02000045776367 -4.445000171661377
      vertex 2.0167036056518555 -31.76395606994629 -4.445000171661377
    endloop
  endfacet
  facet normal 0 0 1
    outer loop
      vertex 1.7723093032836914 -31.810577392578125 -4.445000171661377
      vertex 12.699999809265137 -33.02000045776367 -4.445000171661377
      vertex 1.8952398300170898 -31.791107177734375 -4.445000171661377
    endloop
  endfacet
  facet normal 0 0 1
    outer loop
      vertex 1.6484003067016602 -31.822288513183594 -4.445000171661377
      vertex 12.699999809265137 -33.02000045776367 -4.445000171661377
      vertex 1.7723093032836914 -31.810577392578125 -4.445000171661377
    endloop
  endfacet
  facet normal 0 0 1
    outer loop
      vertex 1.5239992141723633 -31.82619857788086 -4.445000171661377
      vertex 12.699999809265137 -33.02000045776367 -4.445000171661377
      vertex 1.6484003067016602 -31.822288513183594 -4.445000171661377
    endloop
  endfacet
  facet normal 0 0 1
    outer loop
      vertex -1.5239992141723633 -31.82619857788086 -4.445000171661377
      vertex 12.699999809265137 -33.02000045776367 -4.445000171661377
      vertex 1.5239992141723633 -31.82619857788086 -4.445000171661377
    endloop
  endfacet
  facet normal 0 0 1
    outer loop
      vertex -12.699999809265137 -33.02000045776367 -4.445000171661377
      vertex -1.5239992141723633 -31.82619857788086 -4.445000171661377
      vertex -1.6484003067016602 -31.822288513183594 -4.445000171661377
    endloop
  endfacet
  facet normal 0 0 1
    outer loop
      vertex -12.699999809265137 -33.02000045776367 -4.445000171661377
      vertex -3.505199432373047 -29.844999313354492 -4.445000171661377
      vertex -12.699999809265137 -26.670000076293945 -4.445000171661377
    endloop
  endfacet
  facet normal 0 0 1
    outer loop
      vertex -3.505199432373047 -29.844999313354492 -4.445000171661377
      vertex -12.699999809265137 -33.02000045776367 -4.445000171661377
      vertex -3.5012903213500977 -29.969398498535156 -4.445000171661377
    endloop
  endfacet
  facet normal 0 0 1
    outer loop
      vertex -3.5012903213500977 -29.969398498535156 -4.445000171661377
      vertex -12.699999809265137 -33.02000045776367 -4.445000171661377
      vertex -3.489577293395996 -30.09330940246582 -4.445000171661377
    endloop
  endfacet
  facet normal 0 0 1
    outer loop
      vertex -3.489577293395996 -30.09330940246582 -4.445000171661377
      vertex -12.699999809265137 -33.02000045776367 -4.445000171661377
      vertex -3.470107078552246 -30.21623992919922 -4.445000171661377
    endloop
  endfacet
  facet normal 0 0 1
    outer loop
      vertex -3.470107078552246 -30.21623992919922 -4.445000171661377
      vertex -12.699999809265137 -33.02000045776367 -4.445000171661377
      vertex -3.4429569244384766 -30.337703704833984 -4.445000171661377
    endloop
  endfacet
  facet normal 0 0 1
    outer loop
      vertex -3.4429569244384766 -30.337703704833984 -4.445000171661377
      vertex -12.699999809265137 -33.02000045776367 -4.445000171661377
      vertex -3.4082326889038086 -30.45722198486328 -4.445000171661377
    endloop
  endfacet
  facet normal 0 0 1
    outer loop
      vertex -3.4082326889038086 -30.45722198486328 -4.445000171661377
      vertex -12.699999809265137 -33.02000045776367 -4.445000171661377
      vertex -3.366072654724121 -30.57432746887207 -4.445000171661377
    endloop
  endfacet
  facet normal 0 0 1
    outer loop
      vertex -3.366072654724121 -30.57432746887207 -4.445000171661377
      vertex -12.699999809265137 -33.02000045776367 -4.445000171661377
      vertex -3.3166427612304688 -30.688552856445312 -4.445000171661377
    endloop
  endfacet
  facet normal 0 0 1
    outer loop
      vertex -3.3166427612304688 -30.688552856445312 -4.445000171661377
      vertex -12.699999809265137 -33.02000045776367 -4.445000171661377
      vertex -3.260138511657715 -30.799449920654297 -4.445000171661377
    endloop
  endfacet
  facet normal 0 0 1
    outer loop
      vertex -3.260138511657715 -30.799449920654297 -4.445000171661377
      vertex -12.699999809265137 -33.02000045776367 -4.445000171661377
      vertex -3.196782112121582 -30.906578063964844 -4.445000171661377
    endloop
  endfacet
  facet normal 0 0 1
    outer loop
      vertex -3.196782112121582 -30.906578063964844 -4.445000171661377
      vertex -12.699999809265137 -33.02000045776367 -4.445000171661377
      vertex -3.126824378967285 -31.009517669677734 -4.445000171661377
    endloop
  endfacet
  facet normal 0 0 1
    outer loop
      vertex -3.126824378967285 -31.009517669677734 -4.445000171661377
      vertex -12.699999809265137 -33.02000045776367 -4.445000171661377
      vertex -3.050539970397949 -31.107864379882812 -4.445000171661377
    endloop
  endfacet
  facet normal 0 0 1
    outer loop
      vertex -3.050539970397949 -31.107864379882812 -4.445000171661377
      vertex -12.699999809265137 -33.02000045776367 -4.445000171661377
      vertex -2.9682321548461914 -31.201223373413086 -4.445000171661377
    endloop
  endfacet
  facet normal 0 0 1
    outer loop
      vertex -2.9682321548461914 -31.201223373413086 -4.445000171661377
      vertex -12.699999809265137 -33.02000045776367 -4.445000171661377
      vertex -2.8802242279052734 -31.289230346679688 -4.445000171661377
    endloop
  endfacet
  facet normal 0 0 1
    outer loop
      vertex -2.8802242279052734 -31.289230346679688 -4.445000171661377
      vertex -12.699999809265137 -33.02000045776367 -4.445000171661377
      vertex -2.7868642807006836 -31.371540069580078 -4.445000171661377
    endloop
  endfacet
  facet normal 0 0 1
    outer loop
      vertex -2.7868642807006836 -31.371540069580078 -4.445000171661377
      vertex -12.699999809265137 -33.02000045776367 -4.445000171661377
      vertex -2.6885194778442383 -31.44782257080078 -4.445000171661377
    endloop
  endfacet
  facet normal 0 0 1
    outer loop
      vertex -2.6885194778442383 -31.44782257080078 -4.445000171661377
      vertex -12.699999809265137 -33.02000045776367 -4.445000171661377
      vertex -2.5855798721313477 -31.517780303955078 -4.445000171661377
    endloop
  endfacet
  facet normal 0 0 1
    outer loop
      vertex -2.5855798721313477 -31.517780303955078 -4.445000171661377
      vertex -12.699999809265137 -33.02000045776367 -4.445000171661377
      vertex -2.478449821472168 -31.581138610839844 -4.445000171661377
    endloop
  endfacet
  facet normal 0 0 1
    outer loop
      vertex -1.5239992141723633 -31.82619857788086 -4.445000171661377
      vertex -12.699999809265137 -33.02000045776367 -4.445000171661377
      vertex 12.699999809265137 -33.02000045776367 -4.445000171661377
    endloop
  endfacet
  facet normal 0 0 1
    outer loop
      vertex -1.7723093032836914 -31.810577392578125 -4.445000171661377
      vertex -12.699999809265137 -33.02000045776367 -4.445000171661377
      vertex -1.6484003067016602 -31.822288513183594 -4.445000171661377
    endloop
  endfacet
  facet normal 0 0 1
    outer loop
      vertex -1.8952398300170898 -31.791107177734375 -4.445000171661377
      vertex -12.699999809265137 -33.02000045776367 -4.445000171661377
      vertex -1.7723093032836914 -31.810577392578125 -4.445000171661377
    endloop
  endfacet
  facet normal 0 0 1
    outer loop
      vertex -2.0167036056518555 -31.76395606994629 -4.445000171661377
      vertex -12.699999809265137 -33.02000045776367 -4.445000171661377
      vertex -1.8952398300170898 -31.791107177734375 -4.445000171661377
    endloop
  endfacet
  facet normal 0 0 1
    outer loop
      vertex -2.136223793029785 -31.729232788085938 -4.445000171661377
      vertex -12.699999809265137 -33.02000045776367 -4.445000171661377
      vertex -2.0167036056518555 -31.76395606994629 -4.445000171661377
    endloop
  endfacet
  facet normal 0 0 1
    outer loop
      vertex -2.253328323364258 -31.68707275390625 -4.445000171661377
      vertex -12.699999809265137 -33.02000045776367 -4.445000171661377
      vertex -2.136223793029785 -31.729232788085938 -4.445000171661377
    endloop
  endfacet
  facet normal 0 0 1
    outer loop
      vertex -2.3675537109375 -31.63764190673828 -4.445000171661377
      vertex -12.699999809265137 -33.02000045776367 -4.445000171661377
      vertex -2.253328323364258 -31.68707275390625 -4.445000171661377
    endloop
  endfacet
  facet normal 0 0 1
    outer loop
      vertex -2.478449821472168 -31.581138610839844 -4.445000171661377
      vertex -12.699999809265137 -33.02000045776367 -4.445000171661377
      vertex -2.3675537109375 -31.63764190673828 -4.445000171661377
    endloop
  endfacet
  facet normal 0 0 1
    outer loop
      vertex 12.699999809265137 17.779998779296875 -4.445000171661377
      vertex 3.505199432373047 14.604999542236328 -4.445000171661377
      vertex 12.699999809265137 11.429999351501465 -4.445000171661377
    endloop
  endfacet
  facet normal 0 0 1
    outer loop
      vertex 12.699999809265137 17.779998779296875 -4.445000171661377
      vertex 3.5012903213500977 14.729399681091309 -4.445000171661377
      vertex 3.505199432373047 14.604999542236328 -4.445000171661377
    endloop
  endfacet
  facet normal 0 0 1
    outer loop
      vertex 12.699999809265137 17.779998779296875 -4.445000171661377
      vertex 3.489577293395996 14.853309631347656 -4.445000171661377
      vertex 3.5012903213500977 14.729399681091309 -4.445000171661377
    endloop
  endfacet
  facet normal 0 0 1
    outer loop
      vertex 12.699999809265137 17.779998779296875 -4.445000171661377
      vertex 3.470107078552246 14.976239204406738 -4.445000171661377
      vertex 3.489577293395996 14.853309631347656 -4.445000171661377
    endloop
  endfacet
  facet normal 0 0 1
    outer loop
      vertex 12.699999809265137 17.779998779296875 -4.445000171661377
      vertex 3.4429569244384766 15.09770393371582 -4.445000171661377
      vertex 3.470107078552246 14.976239204406738 -4.445000171661377
    endloop
  endfacet
  facet normal 0 0 1
    outer loop
      vertex 12.699999809265137 17.779998779296875 -4.445000171661377
      vertex 3.4082326889038086 15.217223167419434 -4.445000171661377
      vertex 3.4429569244384766 15.09770393371582 -4.445000171661377
    endloop
  endfacet
  facet normal 0 0 1
    outer loop
      vertex 12.699999809265137 17.779998779296875 -4.445000171661377
      vertex 3.366072654724121 15.334327697753906 -4.445000171661377
      vertex 3.4082326889038086 15.217223167419434 -4.445000171661377
    endloop
  endfacet
  facet normal 0 0 1
    outer loop
      vertex 12.699999809265137 17.779998779296875 -4.445000171661377
      vertex 3.3166427612304688 15.448553085327148 -4.445000171661377
      vertex 3.366072654724121 15.334327697753906 -4.445000171661377
    endloop
  endfacet
  facet normal 0 0 1
    outer loop
      vertex 12.699999809265137 17.779998779296875 -4.445000171661377
      vertex 3.260138511657715 15.559449195861816 -4.445000171661377
      vertex 3.3166427612304688 15.448553085327148 -4.445000171661377
    endloop
  endfacet
  facet normal 0 0 1
    outer loop
      vertex 12.699999809265137 17.779998779296875 -4.445000171661377
      vertex 3.196782112121582 15.666579246520996 -4.445000171661377
      vertex 3.260138511657715 15.559449195861816 -4.445000171661377
    endloop
  endfacet
  facet normal 0 0 1
    outer loop
      vertex 12.699999809265137 17.779998779296875 -4.445000171661377
      vertex 3.126824378967285 15.769518852233887 -4.445000171661377
      vertex 3.196782112121582 15.666579246520996 -4.445000171661377
    endloop
  endfacet
  facet normal 0 0 1
    outer loop
      vertex 12.699999809265137 17.779998779296875 -4.445000171661377
      vertex 3.050539970397949 15.867863655090332 -4.445000171661377
      vertex 3.126824378967285 15.769518852233887 -4.445000171661377
    endloop
  endfacet
  facet normal 0 0 1
    outer loop
      vertex 12.699999809265137 17.779998779296875 -4.445000171661377
      vertex 2.9682321548461914 15.961223602294922 -4.445000171661377
      vertex 3.050539970397949 15.867863655090332 -4.445000171661377
    endloop
  endfacet
  facet normal 0 0 1
    outer loop
      vertex 12.699999809265137 17.779998779296875 -4.445000171661377
      vertex 2.8802242279052734 16.049232482910156 -4.445000171661377
      vertex 2.9682321548461914 15.961223602294922 -4.445000171661377
    endloop
  endfacet
  facet normal 0 0 1
    outer loop
      vertex 12.699999809265137 17.779998779296875 -4.445000171661377
      vertex 2.7868642807006836 16.131540298461914 -4.445000171661377
      vertex 2.8802242279052734 16.049232482910156 -4.445000171661377
    endloop
  endfacet
  facet normal 0 0 1
    outer loop
      vertex 12.699999809265137 17.779998779296875 -4.445000171661377
      vertex 2.6885194778442383 16.20782470703125 -4.445000171661377
      vertex 2.7868642807006836 16.131540298461914 -4.445000171661377
    endloop
  endfacet
  facet normal 0 0 1
    outer loop
      vertex 12.699999809265137 17.779998779296875 -4.445000171661377
      vertex 2.5855798721313477 16.277782440185547 -4.445000171661377
      vertex 2.6885194778442383 16.20782470703125 -4.445000171661377
    endloop
  endfacet
  facet normal 0 0 1
    outer loop
      vertex 12.699999809265137 17.779998779296875 -4.445000171661377
      vertex 2.478449821472168 16.341136932373047 -4.445000171661377
      vertex 2.5855798721313477 16.277782440185547 -4.445000171661377
    endloop
  endfacet
  facet normal 0 0 1
    outer loop
      vertex 12.699999809265137 17.779998779296875 -4.445000171661377
      vertex 2.3675537109375 16.397642135620117 -4.445000171661377
      vertex 2.478449821472168 16.341136932373047 -4.445000171661377
    endloop
  endfacet
  facet normal 0 0 1
    outer loop
      vertex 12.699999809265137 17.779998779296875 -4.445000171661377
      vertex 2.253328323364258 16.447071075439453 -4.445000171661377
      vertex 2.3675537109375 16.397642135620117 -4.445000171661377
    endloop
  endfacet
  facet normal 0 0 1
    outer loop
      vertex 12.699999809265137 17.779998779296875 -4.445000171661377
      vertex 2.136223793029785 16.48923110961914 -4.445000171661377
      vertex 2.253328323364258 16.447071075439453 -4.445000171661377
    endloop
  endfacet
  facet normal 0 0 1
    outer loop
      vertex 12.699999809265137 17.779998779296875 -4.445000171661377
      vertex 2.0167036056518555 16.523956298828125 -4.445000171661377
      vertex 2.136223793029785 16.48923110961914 -4.445000171661377
    endloop
  endfacet
  facet normal 0 0 1
    outer loop
      vertex 12.699999809265137 17.779998779296875 -4.445000171661377
      vertex 1.8952398300170898 16.551105499267578 -4.445000171661377
      vertex 2.0167036056518555 16.523956298828125 -4.445000171661377
    endloop
  endfacet
  facet normal 0 0 1
    outer loop
      vertex 12.699999809265137 17.779998779296875 -4.445000171661377
      vertex 1.7723093032836914 16.570575714111328 -4.445000171661377
      vertex 1.8952398300170898 16.551105499267578 -4.445000171661377
    endloop
  endfacet
  facet normal 0 0 1
    outer loop
      vertex 12.699999809265137 17.779998779296875 -4.445000171661377
      vertex 1.6484003067016602 16.582290649414062 -4.445000171661377
      vertex 1.7723093032836914 16.570575714111328 -4.445000171661377
    endloop
  endfacet
  facet normal 0 0 1
    outer loop
      vertex 12.699999809265137 17.779998779296875 -4.445000171661377
      vertex 1.5239992141723633 16.586198806762695 -4.445000171661377
      vertex 1.6484003067016602 16.582290649414062 -4.445000171661377
    endloop
  endfacet
  facet normal 0 0 1
    outer loop
      vertex 12.699999809265137 17.779998779296875 -4.445000171661377
      vertex -1.5239992141723633 16.586198806762695 -4.445000171661377
      vertex 1.5239992141723633 16.586198806762695 -4.445000171661377
    endloop
  endfacet
  facet normal 0 0 1
    outer loop
      vertex -12.699999809265137 17.779998779296875 -4.445000171661377
      vertex -1.5239992141723633 16.586198806762695 -4.445000171661377
      vertex 12.699999809265137 17.779998779296875 -4.445000171661377
    endloop
  endfacet
  facet normal 0 0 1
    outer loop
      vertex -3.5012903213500977 14.729399681091309 -4.445000171661377
      vertex -12.699999809265137 17.779998779296875 -4.445000171661377
      vertex -3.505199432373047 14.604999542236328 -4.445000171661377
    endloop
  endfacet
  facet normal 0 0 1
    outer loop
      vertex -3.489577293395996 14.853309631347656 -4.445000171661377
      vertex -12.699999809265137 17.779998779296875 -4.445000171661377
      vertex -3.5012903213500977 14.729399681091309 -4.445000171661377
    endloop
  endfacet
  facet normal 0 0 1
    outer loop
      vertex -3.470107078552246 14.976239204406738 -4.445000171661377
      vertex -12.699999809265137 17.779998779296875 -4.445000171661377
      vertex -3.489577293395996 14.853309631347656 -4.445000171661377
    endloop
  endfacet
  facet normal 0 0 1
    outer loop
      vertex -3.4429569244384766 15.09770393371582 -4.445000171661377
      vertex -12.699999809265137 17.779998779296875 -4.445000171661377
      vertex -3.470107078552246 14.976239204406738 -4.445000171661377
    endloop
  endfacet
  facet normal 0 0 1
    outer loop
      vertex -3.4082326889038086 15.217223167419434 -4.445000171661377
      vertex -12.699999809265137 17.779998779296875 -4.445000171661377
      vertex -3.4429569244384766 15.09770393371582 -4.445000171661377
    endloop
  endfacet
  facet normal 0 0 1
    outer loop
      vertex -3.366072654724121 15.334327697753906 -4.445000171661377
      vertex -12.699999809265137 17.779998779296875 -4.445000171661377
      vertex -3.4082326889038086 15.217223167419434 -4.445000171661377
    endloop
  endfacet
  facet normal 0 0 1
    outer loop
      vertex -3.3166427612304688 15.448553085327148 -4.445000171661377
      vertex -12.699999809265137 17.779998779296875 -4.445000171661377
      vertex -3.366072654724121 15.334327697753906 -4.445000171661377
    endloop
  endfacet
  facet normal 0 0 1
    outer loop
      vertex -3.260138511657715 15.559449195861816 -4.445000171661377
      vertex -12.699999809265137 17.779998779296875 -4.445000171661377
      vertex -3.3166427612304688 15.448553085327148 -4.445000171661377
    endloop
  endfacet
  facet normal 0 0 1
    outer loop
      vertex -3.196782112121582 15.666579246520996 -4.445000171661377
      vertex -12.699999809265137 17.779998779296875 -4.445000171661377
      vertex -3.260138511657715 15.559449195861816 -4.445000171661377
    endloop
  endfacet
  facet normal 0 0 1
    outer loop
      vertex -3.126824378967285 15.769518852233887 -4.445000171661377
      vertex -12.699999809265137 17.779998779296875 -4.445000171661377
      vertex -3.196782112121582 15.666579246520996 -4.445000171661377
    endloop
  endfacet
  facet normal 0 0 1
    outer loop
      vertex -3.050539970397949 15.867863655090332 -4.445000171661377
      vertex -12.699999809265137 17.779998779296875 -4.445000171661377
      vertex -3.126824378967285 15.769518852233887 -4.445000171661377
    endloop
  endfacet
  facet normal 0 0 1
    outer loop
      vertex -2.9682321548461914 15.961223602294922 -4.445000171661377
      vertex -12.699999809265137 17.779998779296875 -4.445000171661377
      vertex -3.050539970397949 15.867863655090332 -4.445000171661377
    endloop
  endfacet
  facet normal 0 0 1
    outer loop
      vertex -2.8802242279052734 16.049232482910156 -4.445000171661377
      vertex -12.699999809265137 17.779998779296875 -4.445000171661377
      vertex -2.9682321548461914 15.961223602294922 -4.445000171661377
    endloop
  endfacet
  facet normal 0 0 1
    outer loop
      vertex -2.7868642807006836 16.131540298461914 -4.445000171661377
      vertex -12.699999809265137 17.779998779296875 -4.445000171661377
      vertex -2.8802242279052734 16.049232482910156 -4.445000171661377
    endloop
  endfacet
  facet normal 0 0 1
    outer loop
      vertex -2.6885194778442383 16.20782470703125 -4.445000171661377
      vertex -12.699999809265137 17.779998779296875 -4.445000171661377
      vertex -2.7868642807006836 16.131540298461914 -4.445000171661377
    endloop
  endfacet
  facet normal 0 0 1
    outer loop
      vertex -2.5855798721313477 16.277782440185547 -4.445000171661377
      vertex -12.699999809265137 17.779998779296875 -4.445000171661377
      vertex -2.6885194778442383 16.20782470703125 -4.445000171661377
    endloop
  endfacet
  facet normal 0 0 1
    outer loop
      vertex -2.478449821472168 16.341136932373047 -4.445000171661377
      vertex -12.699999809265137 17.779998779296875 -4.445000171661377
      vertex -2.5855798721313477 16.277782440185547 -4.445000171661377
    endloop
  endfacet
  facet normal 0 0 1
    outer loop
      vertex -2.3675537109375 16.397642135620117 -4.445000171661377
      vertex -12.699999809265137 17.779998779296875 -4.445000171661377
      vertex -2.478449821472168 16.341136932373047 -4.445000171661377
    endloop
  endfacet
  facet normal 0 0 1
    outer loop
      vertex -2.253328323364258 16.447071075439453 -4.445000171661377
      vertex -12.699999809265137 17.779998779296875 -4.445000171661377
      vertex -2.3675537109375 16.397642135620117 -4.445000171661377
    endloop
  endfacet
  facet normal 0 0 1
    outer loop
      vertex -2.136223793029785 16.48923110961914 -4.445000171661377
      vertex -12.699999809265137 17.779998779296875 -4.445000171661377
      vertex -2.253328323364258 16.447071075439453 -4.445000171661377
    endloop
  endfacet
  facet normal 0 0 1
    outer loop
      vertex -2.0167036056518555 16.523956298828125 -4.445000171661377
      vertex -12.699999809265137 17.779998779296875 -4.445000171661377
      vertex -2.136223793029785 16.48923110961914 -4.445000171661377
    endloop
  endfacet
  facet normal 0 0 1
    outer loop
      vertex -1.8952398300170898 16.551105499267578 -4.445000171661377
      vertex -12.699999809265137 17.779998779296875 -4.445000171661377
      vertex -2.0167036056518555 16.523956298828125 -4.445000171661377
    endloop
  endfacet
  facet normal 0 0 1
    outer loop
      vertex -1.7723093032836914 16.570575714111328 -4.445000171661377
      vertex -12.699999809265137 17.779998779296875 -4.445000171661377
      vertex -1.8952398300170898 16.551105499267578 -4.445000171661377
    endloop
  endfacet
  facet normal 0 0 1
    outer loop
      vertex -1.6484003067016602 16.582290649414062 -4.445000171661377
      vertex -12.699999809265137 17.779998779296875 -4.445000171661377
      vertex -1.7723093032836914 16.570575714111328 -4.445000171661377
    endloop
  endfacet
  facet normal 0 0 1
    outer loop
      vertex -1.5239992141723633 16.586198806762695 -4.445000171661377
      vertex -12.699999809265137 17.779998779296875 -4.445000171661377
      vertex -1.6484003067016602 16.582290649414062 -4.445000171661377
    endloop
  endfacet
  facet normal 0 0 1
    outer loop
      vertex 3.5012903213500977 14.480599403381348 -4.445000171661377
      vertex 12.699999809265137 11.429999351501465 -4.445000171661377
      vertex 3.505199432373047 14.604999542236328 -4.445000171661377
    endloop
  endfacet
  facet normal 0 0 1
    outer loop
      vertex 3.489577293395996 14.356689453125 -4.445000171661377
      vertex 12.699999809265137 11.429999351501465 -4.445000171661377
      vertex 3.5012903213500977 14.480599403381348 -4.445000171661377
    endloop
  endfacet
  facet normal 0 0 1
    outer loop
      vertex 3.470107078552246 14.233759880065918 -4.445000171661377
      vertex 12.699999809265137 11.429999351501465 -4.445000171661377
      vertex 3.489577293395996 14.356689453125 -4.445000171661377
    endloop
  endfacet
  facet normal 0 0 1
    outer loop
      vertex 3.4429569244384766 14.112295150756836 -4.445000171661377
      vertex 12.699999809265137 11.429999351501465 -4.445000171661377
      vertex 3.470107078552246 14.233759880065918 -4.445000171661377
    endloop
  endfacet
  facet normal 0 0 1
    outer loop
      vertex 3.4082326889038086 13.992775917053223 -4.445000171661377
      vertex 12.699999809265137 11.429999351501465 -4.445000171661377
      vertex 3.4429569244384766 14.112295150756836 -4.445000171661377
    endloop
  endfacet
  facet normal 0 0 1
    outer loop
      vertex 3.366072654724121 13.87567138671875 -4.445000171661377
      vertex 12.699999809265137 11.429999351501465 -4.445000171661377
      vertex 3.4082326889038086 13.992775917053223 -4.445000171661377
    endloop
  endfacet
  facet normal 0 0 1
    outer loop
      vertex 3.3166427612304688 13.761445999145508 -4.445000171661377
      vertex 12.699999809265137 11.429999351501465 -4.445000171661377
      vertex 3.366072654724121 13.87567138671875 -4.445000171661377
    endloop
  endfacet
  facet normal 0 0 1
    outer loop
      vertex 3.260138511657715 13.65054988861084 -4.445000171661377
      vertex 12.699999809265137 11.429999351501465 -4.445000171661377
      vertex 3.3166427612304688 13.761445999145508 -4.445000171661377
    endloop
  endfacet
  facet normal 0 0 1
    outer loop
      vertex 3.196782112121582 13.54341983795166 -4.445000171661377
      vertex 12.699999809265137 11.429999351501465 -4.445000171661377
      vertex 3.260138511657715 13.65054988861084 -4.445000171661377
    endloop
  endfacet
  facet normal 0 0 1
    outer loop
      vertex 3.126824378967285 13.44048023223877 -4.445000171661377
      vertex 12.699999809265137 11.429999351501465 -4.445000171661377
      vertex 3.196782112121582 13.54341983795166 -4.445000171661377
    endloop
  endfacet
  facet normal 0 0 1
    outer loop
      vertex 3.050539970397949 13.342135429382324 -4.445000171661377
      vertex 12.699999809265137 11.429999351501465 -4.445000171661377
      vertex 3.126824378967285 13.44048023223877 -4.445000171661377
    endloop
  endfacet
  facet normal 0 0 1
    outer loop
      vertex 2.9682321548461914 13.248775482177734 -4.445000171661377
      vertex 12.699999809265137 11.429999351501465 -4.445000171661377
      vertex 3.050539970397949 13.342135429382324 -4.445000171661377
    endloop
  endfacet
  facet normal 0 0 1
    outer loop
      vertex 2.8802242279052734 13.160767555236816 -4.445000171661377
      vertex 12.699999809265137 11.429999351501465 -4.445000171661377
      vertex 2.9682321548461914 13.248775482177734 -4.445000171661377
    endloop
  endfacet
  facet normal 0 0 1
    outer loop
      vertex 2.7868642807006836 13.078458786010742 -4.445000171661377
      vertex 12.699999809265137 11.429999351501465 -4.445000171661377
      vertex 2.8802242279052734 13.160767555236816 -4.445000171661377
    endloop
  endfacet
  facet normal 0 0 1
    outer loop
      vertex 2.6885194778442383 13.002175331115723 -4.445000171661377
      vertex 12.699999809265137 11.429999351501465 -4.445000171661377
      vertex 2.7868642807006836 13.078458786010742 -4.445000171661377
    endloop
  endfacet
  facet normal 0 0 1
    outer loop
      vertex 2.5855798721313477 12.932217597961426 -4.445000171661377
      vertex 12.699999809265137 11.429999351501465 -4.445000171661377
      vertex 2.6885194778442383 13.002175331115723 -4.445000171661377
    endloop
  endfacet
  facet normal 0 0 1
    outer loop
      vertex 2.478449821472168 12.868861198425293 -4.445000171661377
      vertex 12.699999809265137 11.429999351501465 -4.445000171661377
      vertex 2.5855798721313477 12.932217597961426 -4.445000171661377
    endloop
  endfacet
  facet normal 0 0 1
    outer loop
      vertex 2.3675537109375 12.812356948852539 -4.445000171661377
      vertex 12.699999809265137 11.429999351501465 -4.445000171661377
      vertex 2.478449821472168 12.868861198425293 -4.445000171661377
    endloop
  endfacet
  facet normal 0 0 1
    outer loop
      vertex 2.253328323364258 12.762927055358887 -4.445000171661377
      vertex 12.699999809265137 11.429999351501465 -4.445000171661377
      vertex 2.3675537109375 12.812356948852539 -4.445000171661377
    endloop
  endfacet
  facet normal 0 0 1
    outer loop
      vertex 2.136223793029785 12.7207670211792 -4.445000171661377
      vertex 12.699999809265137 11.429999351501465 -4.445000171661377
      vertex 2.253328323364258 12.762927055358887 -4.445000171661377
    endloop
  endfacet
  facet normal 0 0 1
    outer loop
      vertex 2.0167036056518555 12.686042785644531 -4.445000171661377
      vertex 12.699999809265137 11.429999351501465 -4.445000171661377
      vertex 2.136223793029785 12.7207670211792 -4.445000171661377
    endloop
  endfacet
  facet normal 0 0 1
    outer loop
      vertex 1.8952398300170898 12.658892631530762 -4.445000171661377
      vertex 12.699999809265137 11.429999351501465 -4.445000171661377
      vertex 2.0167036056518555 12.686042785644531 -4.445000171661377
    endloop
  endfacet
  facet normal 0 0 1
    outer loop
      vertex 1.7723093032836914 12.639422416687012 -4.445000171661377
      vertex 12.699999809265137 11.429999351501465 -4.445000171661377
      vertex 1.8952398300170898 12.658892631530762 -4.445000171661377
    endloop
  endfacet
  facet normal 0 0 1
    outer loop
      vertex 1.6484003067016602 12.62770938873291 -4.445000171661377
      vertex 12.699999809265137 11.429999351501465 -4.445000171661377
      vertex 1.7723093032836914 12.639422416687012 -4.445000171661377
    endloop
  endfacet
  facet normal 0 0 1
    outer loop
      vertex 1.5239992141723633 12.623800277709961 -4.445000171661377
      vertex 12.699999809265137 11.429999351501465 -4.445000171661377
      vertex 1.6484003067016602 12.62770938873291 -4.445000171661377
    endloop
  endfacet
  facet normal 0 0 1
    outer loop
      vertex -1.5239992141723633 12.623800277709961 -4.445000171661377
      vertex 12.699999809265137 11.429999351501465 -4.445000171661377
      vertex 1.5239992141723633 12.623800277709961 -4.445000171661377
    endloop
  endfacet
  facet normal 0 0 1
    outer loop
      vertex -12.699999809265137 11.429999351501465 -4.445000171661377
      vertex -1.5239992141723633 12.623800277709961 -4.445000171661377
      vertex -1.6484003067016602 12.62770938873291 -4.445000171661377
    endloop
  endfacet
  facet normal 0 0 1
    outer loop
      vertex -12.699999809265137 11.429999351501465 -4.445000171661377
      vertex -3.505199432373047 14.604999542236328 -4.445000171661377
      vertex -12.699999809265137 17.779998779296875 -4.445000171661377
    endloop
  endfacet
  facet normal 0 0 1
    outer loop
      vertex -3.505199432373047 14.604999542236328 -4.445000171661377
      vertex -12.699999809265137 11.429999351501465 -4.445000171661377
      vertex -3.5012903213500977 14.480599403381348 -4.445000171661377
    endloop
  endfacet
  facet normal 0 0 1
    outer loop
      vertex -3.5012903213500977 14.480599403381348 -4.445000171661377
      vertex -12.699999809265137 11.429999351501465 -4.445000171661377
      vertex -3.489577293395996 14.356689453125 -4.445000171661377
    endloop
  endfacet
  facet normal 0 0 1
    outer loop
      vertex -3.489577293395996 14.356689453125 -4.445000171661377
      vertex -12.699999809265137 11.429999351501465 -4.445000171661377
      vertex -3.470107078552246 14.233759880065918 -4.445000171661377
    endloop
  endfacet
  facet normal 0 0 1
    outer loop
      vertex -3.470107078552246 14.233759880065918 -4.445000171661377
      vertex -12.699999809265137 11.429999351501465 -4.445000171661377
      vertex -3.4429569244384766 14.112295150756836 -4.445000171661377
    endloop
  endfacet
  facet normal 0 0 1
    outer loop
      vertex -3.4429569244384766 14.112295150756836 -4.445000171661377
      vertex -12.699999809265137 11.429999351501465 -4.445000171661377
      vertex -3.4082326889038086 13.992775917053223 -4.445000171661377
    endloop
  endfacet
  facet normal 0 0 1
    outer loop
      vertex -3.4082326889038086 13.992775917053223 -4.445000171661377
      vertex -12.699999809265137 11.429999351501465 -4.445000171661377
      vertex -3.366072654724121 13.87567138671875 -4.445000171661377
    endloop
  endfacet
  facet normal 0 0 1
    outer loop
      vertex -3.366072654724121 13.87567138671875 -4.445000171661377
      vertex -12.699999809265137 11.429999351501465 -4.445000171661377
      vertex -3.3166427612304688 13.761445999145508 -4.445000171661377
    endloop
  endfacet
  facet normal 0 0 1
    outer loop
      vertex -3.3166427612304688 13.761445999145508 -4.445000171661377
      vertex -12.699999809265137 11.429999351501465 -4.445000171661377
      vertex -3.260138511657715 13.65054988861084 -4.445000171661377
    endloop
  endfacet
  facet normal 0 0 1
    outer loop
      vertex -3.260138511657715 13.65054988861084 -4.445000171661377
      vertex -12.699999809265137 11.429999351501465 -4.445000171661377
      vertex -3.196782112121582 13.54341983795166 -4.445000171661377
    endloop
  endfacet
  facet normal 0 0 1
    outer loop
      vertex -3.196782112121582 13.54341983795166 -4.445000171661377
      vertex -12.699999809265137 11.429999351501465 -4.445000171661377
      vertex -3.126824378967285 13.44048023223877 -4.445000171661377
    endloop
  endfacet
  facet normal 0 0 1
    outer loop
      vertex -3.126824378967285 13.44048023223877 -4.445000171661377
      vertex -12.699999809265137 11.429999351501465 -4.445000171661377
      vertex -3.050539970397949 13.342135429382324 -4.445000171661377
    endloop
  endfacet
  facet normal 0 0 1
    outer loop
      vertex -3.050539970397949 13.342135429382324 -4.445000171661377
      vertex -12.699999809265137 11.429999351501465 -4.445000171661377
      vertex -2.9682321548461914 13.248775482177734 -4.445000171661377
    endloop
  endfacet
  facet normal 0 0 1
    outer loop
      vertex -2.9682321548461914 13.248775482177734 -4.445000171661377
      vertex -12.699999809265137 11.429999351501465 -4.445000171661377
      vertex -2.8802242279052734 13.160767555236816 -4.445000171661377
    endloop
  endfacet
  facet normal 0 0 1
    outer loop
      vertex -2.8802242279052734 13.160767555236816 -4.445000171661377
      vertex -12.699999809265137 11.429999351501465 -4.445000171661377
      vertex -2.7868642807006836 13.078458786010742 -4.445000171661377
    endloop
  endfacet
  facet normal 0 0 1
    outer loop
      vertex -2.7868642807006836 13.078458786010742 -4.445000171661377
      vertex -12.699999809265137 11.429999351501465 -4.445000171661377
      vertex -2.6885194778442383 13.002175331115723 -4.445000171661377
    endloop
  endfacet
  facet normal 0 0 1
    outer loop
      vertex -2.6885194778442383 13.002175331115723 -4.445000171661377
      vertex -12.699999809265137 11.429999351501465 -4.445000171661377
      vertex -2.5855798721313477 12.932217597961426 -4.445000171661377
    endloop
  endfacet
  facet normal 0 0 1
    outer loop
      vertex -2.5855798721313477 12.932217597961426 -4.445000171661377
      vertex -12.699999809265137 11.429999351501465 -4.445000171661377
      vertex -2.478449821472168 12.868861198425293 -4.445000171661377
    endloop
  endfacet
  facet normal 0 0 1
    outer loop
      vertex -1.5239992141723633 12.623800277709961 -4.445000171661377
      vertex -12.699999809265137 11.429999351501465 -4.445000171661377
      vertex 12.699999809265137 11.429999351501465 -4.445000171661377
    endloop
  endfacet
  facet normal 0 0 1
    outer loop
      vertex -1.7723093032836914 12.639422416687012 -4.445000171661377
      vertex -12.699999809265137 11.429999351501465 -4.445000171661377
      vertex -1.6484003067016602 12.62770938873291 -4.445000171661377
    endloop
  endfacet
  facet normal 0 0 1
    outer loop
      vertex -1.8952398300170898 12.658892631530762 -4.445000171661377
      vertex -12.699999809265137 11.429999351501465 -4.445000171661377
      vertex -1.7723093032836914 12.639422416687012 -4.445000171661377
    endloop
  endfacet
  facet normal 0 0 1
    outer loop
      vertex -2.0167036056518555 12.686042785644531 -4.445000171661377
      vertex -12.699999809265137 11.429999351501465 -4.445000171661377
      vertex -1.8952398300170898 12.658892631530762 -4.445000171661377
    endloop
  endfacet
  facet normal 0 0 1
    outer loop
      vertex -2.136223793029785 12.7207670211792 -4.445000171661377
      vertex -12.699999809265137 11.429999351501465 -4.445000171661377
      vertex -2.0167036056518555 12.686042785644531 -4.445000171661377
    endloop
  endfacet
  facet normal 0 0 1
    outer loop
      vertex -2.253328323364258 12.762927055358887 -4.445000171661377
      vertex -12.699999809265137 11.429999351501465 -4.445000171661377
      vertex -2.136223793029785 12.7207670211792 -4.445000171661377
    endloop
  endfacet
  facet normal 0 0 1
    outer loop
      vertex -2.3675537109375 12.812356948852539 -4.445000171661377
      vertex -12.699999809265137 11.429999351501465 -4.445000171661377
      vertex -2.253328323364258 12.762927055358887 -4.445000171661377
    endloop
  endfacet
  facet normal 0 0 1
    outer loop
      vertex -2.478449821472168 12.868861198425293 -4.445000171661377
      vertex -12.699999809265137 11.429999351501465 -4.445000171661377
      vertex -2.3675537109375 12.812356948852539 -4.445000171661377
    endloop
  endfacet
  facet normal 0 0 -1
    outer loop
      vertex 3.470107078552246 -29.473758697509766 -6.985000133514404
      vertex 12.699999809265137 -33.02000045776367 -6.985000133514404
      vertex 3.489577293395996 -29.596689224243164 -6.985000133514404
    endloop
  endfacet
  facet normal 0 0 -1
    outer loop
      vertex 12.699999809265137 17.779998779296875 -6.985000133514404
      vertex 3.5012903213500977 14.480599403381348 -6.985000133514404
      vertex 3.505199432373047 14.604999542236328 -6.985000133514404
    endloop
  endfacet
  facet normal 0 0 -1
    outer loop
      vertex 3.4429569244384766 -29.352294921875 -6.985000133514404
      vertex 12.699999809265137 -33.02000045776367 -6.985000133514404
      vertex 3.470107078552246 -29.473758697509766 -6.985000133514404
    endloop
  endfacet
  facet normal 0 0 -1
    outer loop
      vertex 12.699999809265137 17.779998779296875 -6.985000133514404
      vertex 3.489577293395996 14.356689453125 -6.985000133514404
      vertex 3.5012903213500977 14.480599403381348 -6.985000133514404
    endloop
  endfacet
  facet normal 0 0 -1
    outer loop
      vertex 3.4082326889038086 -29.232776641845703 -6.985000133514404
      vertex 12.699999809265137 -33.02000045776367 -6.985000133514404
      vertex 3.4429569244384766 -29.352294921875 -6.985000133514404
    endloop
  endfacet
  facet normal 0 0 -1
    outer loop
      vertex 12.699999809265137 17.779998779296875 -6.985000133514404
      vertex 3.470107078552246 14.233759880065918 -6.985000133514404
      vertex 3.489577293395996 14.356689453125 -6.985000133514404
    endloop
  endfacet
  facet normal 0 0 -1
    outer loop
      vertex 3.366072654724121 -29.115671157836914 -6.985000133514404
      vertex 12.699999809265137 -33.02000045776367 -6.985000133514404
      vertex 3.4082326889038086 -29.232776641845703 -6.985000133514404
    endloop
  endfacet
  facet normal 0 0 -1
    outer loop
      vertex 12.699999809265137 17.779998779296875 -6.985000133514404
      vertex 3.4429569244384766 14.112295150756836 -6.985000133514404
      vertex 3.470107078552246 14.233759880065918 -6.985000133514404
    endloop
  endfacet
  facet normal 0 0 -1
    outer loop
      vertex 3.3166427612304688 -29.001445770263672 -6.985000133514404
      vertex 12.699999809265137 -33.02000045776367 -6.985000133514404
      vertex 3.366072654724121 -29.115671157836914 -6.985000133514404
    endloop
  endfacet
  facet normal 0 0 -1
    outer loop
      vertex 12.699999809265137 17.779998779296875 -6.985000133514404
      vertex 3.4082326889038086 13.992775917053223 -6.985000133514404
      vertex 3.4429569244384766 14.112295150756836 -6.985000133514404
    endloop
  endfacet
  facet normal 0 0 -1
    outer loop
      vertex 3.260138511657715 -28.890548706054688 -6.985000133514404
      vertex 12.699999809265137 -33.02000045776367 -6.985000133514404
      vertex 3.3166427612304688 -29.001445770263672 -6.985000133514404
    endloop
  endfacet
  facet normal 0 0 -1
    outer loop
      vertex 12.699999809265137 17.779998779296875 -6.985000133514404
      vertex 3.366072654724121 13.87567138671875 -6.985000133514404
      vertex 3.4082326889038086 13.992775917053223 -6.985000133514404
    endloop
  endfacet
  facet normal 0 0 -1
    outer loop
      vertex 3.196782112121582 -28.78342056274414 -6.985000133514404
      vertex 12.699999809265137 -33.02000045776367 -6.985000133514404
      vertex 3.260138511657715 -28.890548706054688 -6.985000133514404
    endloop
  endfacet
  facet normal 0 0 -1
    outer loop
      vertex 12.699999809265137 17.779998779296875 -6.985000133514404
      vertex 3.3166427612304688 13.761445999145508 -6.985000133514404
      vertex 3.366072654724121 13.87567138671875 -6.985000133514404
    endloop
  endfacet
  facet normal 0 0 -1
    outer loop
      vertex 3.126824378967285 -28.68048095703125 -6.985000133514404
      vertex 12.699999809265137 -33.02000045776367 -6.985000133514404
      vertex 3.196782112121582 -28.78342056274414 -6.985000133514404
    endloop
  endfacet
  facet normal 0 0 -1
    outer loop
      vertex 12.699999809265137 17.779998779296875 -6.985000133514404
      vertex 3.260138511657715 13.65054988861084 -6.985000133514404
      vertex 3.3166427612304688 13.761445999145508 -6.985000133514404
    endloop
  endfacet
  facet normal 0 0 -1
    outer loop
      vertex 3.050539970397949 -28.582134246826172 -6.985000133514404
      vertex 12.699999809265137 -33.02000045776367 -6.985000133514404
      vertex 3.126824378967285 -28.68048095703125 -6.985000133514404
    endloop
  endfacet
  facet normal 0 0 -1
    outer loop
      vertex 12.699999809265137 17.779998779296875 -6.985000133514404
      vertex 3.196782112121582 13.54341983795166 -6.985000133514404
      vertex 3.260138511657715 13.65054988861084 -6.985000133514404
    endloop
  endfacet
  facet normal 0 0 -1
    outer loop
      vertex 2.9682321548461914 -28.4887752532959 -6.985000133514404
      vertex 12.699999809265137 -33.02000045776367 -6.985000133514404
      vertex 3.050539970397949 -28.582134246826172 -6.985000133514404
    endloop
  endfacet
  facet normal 0 0 -1
    outer loop
      vertex 12.699999809265137 17.779998779296875 -6.985000133514404
      vertex 3.126824378967285 13.44048023223877 -6.985000133514404
      vertex 3.196782112121582 13.54341983795166 -6.985000133514404
    endloop
  endfacet
  facet normal 0 0 -1
    outer loop
      vertex 2.8802242279052734 -28.400768280029297 -6.985000133514404
      vertex 12.699999809265137 -33.02000045776367 -6.985000133514404
      vertex 2.9682321548461914 -28.4887752532959 -6.985000133514404
    endloop
  endfacet
  facet normal 0 0 -1
    outer loop
      vertex 12.699999809265137 17.779998779296875 -6.985000133514404
      vertex 3.050539970397949 13.342135429382324 -6.985000133514404
      vertex 3.126824378967285 13.44048023223877 -6.985000133514404
    endloop
  endfacet
  facet normal 0 0 -1
    outer loop
      vertex 2.7868642807006836 -28.318458557128906 -6.985000133514404
      vertex 12.699999809265137 -33.02000045776367 -6.985000133514404
      vertex 2.8802242279052734 -28.400768280029297 -6.985000133514404
    endloop
  endfacet
  facet normal 0 0 -1
    outer loop
      vertex 12.699999809265137 17.779998779296875 -6.985000133514404
      vertex 2.9682321548461914 13.248775482177734 -6.985000133514404
      vertex 3.050539970397949 13.342135429382324 -6.985000133514404
    endloop
  endfacet
  facet normal 0 0 -1
    outer loop
      vertex 12.699999809265137 -33.02000045776367 -6.985000133514404
      vertex 2.7868642807006836 -28.318458557128906 -6.985000133514404
      vertex 12.699999809265137 17.779998779296875 -6.985000133514404
    endloop
  endfacet
  facet normal 0 0 -1
    outer loop
      vertex 12.699999809265137 17.779998779296875 -6.985000133514404
      vertex 2.8802242279052734 13.160767555236816 -6.985000133514404
      vertex 2.9682321548461914 13.248775482177734 -6.985000133514404
    endloop
  endfacet
  facet normal 0 0 -1
    outer loop
      vertex 2.7868642807006836 13.078458786010742 -6.985000133514404
      vertex 12.699999809265137 17.779998779296875 -6.985000133514404
      vertex 2.7868642807006836 -28.318458557128906 -6.985000133514404
    endloop
  endfacet
  facet normal 0 0 -1
    outer loop
      vertex 12.699999809265137 17.779998779296875 -6.985000133514404
      vertex 2.7868642807006836 13.078458786010742 -6.985000133514404
      vertex 2.8802242279052734 13.160767555236816 -6.985000133514404
    endloop
  endfacet
  facet normal 0 0 -1
    outer loop
      vertex 2.6885194778442383 -28.242176055908203 -6.985000133514404
      vertex 2.7868642807006836 13.078458786010742 -6.985000133514404
      vertex 2.7868642807006836 -28.318458557128906 -6.985000133514404
    endloop
  endfacet
  facet normal 0 0 -1
    outer loop
      vertex 2.6885194778442383 -28.242176055908203 -6.985000133514404
      vertex 2.6885194778442383 13.002175331115723 -6.985000133514404
      vertex 2.7868642807006836 13.078458786010742 -6.985000133514404
    endloop
  endfacet
  facet normal 0 0 -1
    outer loop
      vertex 2.5855798721313477 -28.172218322753906 -6.985000133514404
      vertex 2.6885194778442383 13.002175331115723 -6.985000133514404
      vertex 2.6885194778442383 -28.242176055908203 -6.985000133514404
    endloop
  endfacet
  facet normal 0 0 -1
    outer loop
      vertex 2.5855798721313477 -28.172218322753906 -6.985000133514404
      vertex 2.5855798721313477 12.932217597961426 -6.985000133514404
      vertex 2.6885194778442383 13.002175331115723 -6.985000133514404
    endloop
  endfacet
  facet normal 0 0 -1
    outer loop
      vertex 2.478449821472168 -28.10886001586914 -6.985000133514404
      vertex 2.5855798721313477 12.932217597961426 -6.985000133514404
      vertex 2.5855798721313477 -28.172218322753906 -6.985000133514404
    endloop
  endfacet
  facet normal 0 0 -1
    outer loop
      vertex 2.478449821472168 -28.10886001586914 -6.985000133514404
      vertex 2.478449821472168 12.868861198425293 -6.985000133514404
      vertex 2.5855798721313477 12.932217597961426 -6.985000133514404
    endloop
  endfacet
  facet normal 0 0 -1
    outer loop
      vertex 2.3675537109375 -28.052356719970703 -6.985000133514404
      vertex 2.478449821472168 12.868861198425293 -6.985000133514404
      vertex 2.478449821472168 -28.10886001586914 -6.985000133514404
    endloop
  endfacet
  facet normal 0 0 -1
    outer loop
      vertex 2.3675537109375 -28.052356719970703 -6.985000133514404
      vertex 2.3675537109375 12.812356948852539 -6.985000133514404
      vertex 2.478449821472168 12.868861198425293 -6.985000133514404
    endloop
  endfacet
  facet normal 0 0 -1
    outer loop
      vertex 2.253328323364258 -28.002925872802734 -6.985000133514404
      vertex 2.3675537109375 12.812356948852539 -6.985000133514404
      vertex 2.3675537109375 -28.052356719970703 -6.985000133514404
    endloop
  endfacet
  facet normal 0 0 -1
    outer loop
      vertex 2.253328323364258 -28.002925872802734 -6.985000133514404
      vertex 2.253328323364258 12.762927055358887 -6.985000133514404
      vertex 2.3675537109375 12.812356948852539 -6.985000133514404
    endloop
  endfacet
  facet normal 0 0 -1
    outer loop
      vertex 2.136223793029785 -27.960765838623047 -6.985000133514404
      vertex 2.253328323364258 12.762927055358887 -6.985000133514404
      vertex 2.253328323364258 -28.002925872802734 -6.985000133514404
    endloop
  endfacet
  facet normal 0 0 -1
    outer loop
      vertex 2.136223793029785 -27.960765838623047 -6.985000133514404
      vertex 2.136223793029785 12.7207670211792 -6.985000133514404
      vertex 2.253328323364258 12.762927055358887 -6.985000133514404
    endloop
  endfacet
  facet normal 0 0 -1
    outer loop
      vertex 2.0167036056518555 -27.926042556762695 -6.985000133514404
      vertex 2.136223793029785 12.7207670211792 -6.985000133514404
      vertex 2.136223793029785 -27.960765838623047 -6.985000133514404
    endloop
  endfacet
  facet normal 0 0 -1
    outer loop
      vertex 2.0167036056518555 -27.926042556762695 -6.985000133514404
      vertex 2.0167036056518555 12.686042785644531 -6.985000133514404
      vertex 2.136223793029785 12.7207670211792 -6.985000133514404
    endloop
  endfacet
  facet normal 0 0 -1
    outer loop
      vertex 1.8952398300170898 -27.89889144897461 -6.985000133514404
      vertex 2.0167036056518555 12.686042785644531 -6.985000133514404
      vertex 2.0167036056518555 -27.926042556762695 -6.985000133514404
    endloop
  endfacet
  facet normal 0 0 -1
    outer loop
      vertex 1.8952398300170898 -27.89889144897461 -6.985000133514404
      vertex 1.8952398300170898 12.658892631530762 -6.985000133514404
      vertex 2.0167036056518555 12.686042785644531 -6.985000133514404
    endloop
  endfacet
  facet normal 0 0 -1
    outer loop
      vertex 1.7723093032836914 -27.87942123413086 -6.985000133514404
      vertex 1.8952398300170898 12.658892631530762 -6.985000133514404
      vertex 1.8952398300170898 -27.89889144897461 -6.985000133514404
    endloop
  endfacet
  facet normal 0 0 -1
    outer loop
      vertex 1.7723093032836914 -27.87942123413086 -6.985000133514404
      vertex 1.7723093032836914 12.639422416687012 -6.985000133514404
      vertex 1.8952398300170898 12.658892631530762 -6.985000133514404
    endloop
  endfacet
  facet normal 0 0 -1
    outer loop
      vertex 1.6484003067016602 -27.86771011352539 -6.985000133514404
      vertex 1.7723093032836914 12.639422416687012 -6.985000133514404
      vertex 1.7723093032836914 -27.87942123413086 -6.985000133514404
    endloop
  endfacet
  facet normal 0 0 -1
    outer loop
      vertex 1.6484003067016602 -27.86771011352539 -6.985000133514404
      vertex 1.6484003067016602 12.62770938873291 -6.985000133514404
      vertex 1.7723093032836914 12.639422416687012 -6.985000133514404
    endloop
  endfacet
  facet normal 0 0 -1
    outer loop
      vertex 1.5239992141723633 -27.863800048828125 -6.985000133514404
      vertex 1.6484003067016602 12.62770938873291 -6.985000133514404
      vertex 1.6484003067016602 -27.86771011352539 -6.985000133514404
    endloop
  endfacet
  facet normal 0 0 -1
    outer loop
      vertex 1.5239992141723633 -27.863800048828125 -6.985000133514404
      vertex 1.5239992141723633 12.623800277709961 -6.985000133514404
      vertex 1.6484003067016602 12.62770938873291 -6.985000133514404
    endloop
  endfacet
  facet normal 0 0 -1
    outer loop
      vertex -1.5239992141723633 -27.863800048828125 -6.985000133514404
      vertex 1.5239992141723633 12.623800277709961 -6.985000133514404
      vertex 1.5239992141723633 -27.863800048828125 -6.985000133514404
    endloop
  endfacet
  facet normal 0 0 -1
    outer loop
      vertex -1.5239992141723633 -27.863800048828125 -6.985000133514404
      vertex -1.5239992141723633 12.623800277709961 -6.985000133514404
      vertex 1.5239992141723633 12.623800277709961 -6.985000133514404
    endloop
  endfacet
  facet normal 0 0 -1
    outer loop
      vertex -1.6484003067016602 -27.86771011352539 -6.985000133514404
      vertex -1.5239992141723633 12.623800277709961 -6.985000133514404
      vertex -1.5239992141723633 -27.863800048828125 -6.985000133514404
    endloop
  endfacet
  facet normal 0 0 -1
    outer loop
      vertex -1.6484003067016602 -27.86771011352539 -6.985000133514404
      vertex -1.6484003067016602 12.62770938873291 -6.985000133514404
      vertex -1.5239992141723633 12.623800277709961 -6.985000133514404
    endloop
  endfacet
  facet normal 0 0 -1
    outer loop
      vertex -1.7723093032836914 -27.87942123413086 -6.985000133514404
      vertex -1.6484003067016602 12.62770938873291 -6.985000133514404
      vertex -1.6484003067016602 -27.86771011352539 -6.985000133514404
    endloop
  endfacet
  facet normal 0 0 -1
    outer loop
      vertex -1.7723093032836914 -27.87942123413086 -6.985000133514404
      vertex -1.7723093032836914 12.639422416687012 -6.985000133514404
      vertex -1.6484003067016602 12.62770938873291 -6.985000133514404
    endloop
  endfacet
  facet normal 0 0 -1
    outer loop
      vertex -1.8952398300170898 -27.89889144897461 -6.985000133514404
      vertex -1.7723093032836914 12.639422416687012 -6.985000133514404
      vertex -1.7723093032836914 -27.87942123413086 -6.985000133514404
    endloop
  endfacet
  facet normal 0 0 -1
    outer loop
      vertex -1.8952398300170898 -27.89889144897461 -6.985000133514404
      vertex -1.8952398300170898 12.658892631530762 -6.985000133514404
      vertex -1.7723093032836914 12.639422416687012 -6.985000133514404
    endloop
  endfacet
  facet normal 0 0 -1
    outer loop
      vertex -2.0167036056518555 -27.926042556762695 -6.985000133514404
      vertex -1.8952398300170898 12.658892631530762 -6.985000133514404
      vertex -1.8952398300170898 -27.89889144897461 -6.985000133514404
    endloop
  endfacet
  facet normal 0 0 -1
    outer loop
      vertex -2.0167036056518555 -27.926042556762695 -6.985000133514404
      vertex -2.0167036056518555 12.686042785644531 -6.985000133514404
      vertex -1.8952398300170898 12.658892631530762 -6.985000133514404
    endloop
  endfacet
  facet normal 0 0 -1
    outer loop
      vertex -2.136223793029785 -27.960765838623047 -6.985000133514404
      vertex -2.0167036056518555 12.686042785644531 -6.985000133514404
      vertex -2.0167036056518555 -27.926042556762695 -6.985000133514404
    endloop
  endfacet
  facet normal 0 0 -1
    outer loop
      vertex -2.136223793029785 -27.960765838623047 -6.985000133514404
      vertex -2.136223793029785 12.7207670211792 -6.985000133514404
      vertex -2.0167036056518555 12.686042785644531 -6.985000133514404
    endloop
  endfacet
  facet normal 0 0 -1
    outer loop
      vertex -2.253328323364258 -28.002925872802734 -6.985000133514404
      vertex -2.136223793029785 12.7207670211792 -6.985000133514404
      vertex -2.136223793029785 -27.960765838623047 -6.985000133514404
    endloop
  endfacet
  facet normal 0 0 -1
    outer loop
      vertex -2.253328323364258 -28.002925872802734 -6.985000133514404
      vertex -2.253328323364258 12.762927055358887 -6.985000133514404
      vertex -2.136223793029785 12.7207670211792 -6.985000133514404
    endloop
  endfacet
  facet normal 0 0 -1
    outer loop
      vertex -2.3675537109375 -28.052356719970703 -6.985000133514404
      vertex -2.253328323364258 12.762927055358887 -6.985000133514404
      vertex -2.253328323364258 -28.002925872802734 -6.985000133514404
    endloop
  endfacet
  facet normal 0 0 -1
    outer loop
      vertex -2.3675537109375 -28.052356719970703 -6.985000133514404
      vertex -2.3675537109375 12.812356948852539 -6.985000133514404
      vertex -2.253328323364258 12.762927055358887 -6.985000133514404
    endloop
  endfacet
  facet normal 0 0 -1
    outer loop
      vertex -2.478449821472168 -28.10886001586914 -6.985000133514404
      vertex -2.3675537109375 12.812356948852539 -6.985000133514404
      vertex -2.3675537109375 -28.052356719970703 -6.985000133514404
    endloop
  endfacet
  facet normal 0 0 -1
    outer loop
      vertex -2.478449821472168 -28.10886001586914 -6.985000133514404
      vertex -2.478449821472168 12.868861198425293 -6.985000133514404
      vertex -2.3675537109375 12.812356948852539 -6.985000133514404
    endloop
  endfacet
  facet normal 0 0 -1
    outer loop
      vertex -2.5855798721313477 -28.172218322753906 -6.985000133514404
      vertex -2.478449821472168 12.868861198425293 -6.985000133514404
      vertex -2.478449821472168 -28.10886001586914 -6.985000133514404
    endloop
  endfacet
  facet normal 0 0 -1
    outer loop
      vertex -2.5855798721313477 -28.172218322753906 -6.985000133514404
      vertex -2.5855798721313477 12.932217597961426 -6.985000133514404
      vertex -2.478449821472168 12.868861198425293 -6.985000133514404
    endloop
  endfacet
  facet normal 0 0 -1
    outer loop
      vertex -2.6885194778442383 -28.242176055908203 -6.985000133514404
      vertex -2.5855798721313477 12.932217597961426 -6.985000133514404
      vertex -2.5855798721313477 -28.172218322753906 -6.985000133514404
    endloop
  endfacet
  facet normal 0 0 -1
    outer loop
      vertex -2.6885194778442383 -28.242176055908203 -6.985000133514404
      vertex -2.6885194778442383 13.002175331115723 -6.985000133514404
      vertex -2.5855798721313477 12.932217597961426 -6.985000133514404
    endloop
  endfacet
  facet normal 0 0 -1
    outer loop
      vertex -2.7868642807006836 -28.318458557128906 -6.985000133514404
      vertex -2.6885194778442383 13.002175331115723 -6.985000133514404
      vertex -2.6885194778442383 -28.242176055908203 -6.985000133514404
    endloop
  endfacet
  facet normal 0 0 -1
    outer loop
      vertex -2.7868642807006836 -28.318458557128906 -6.985000133514404
      vertex -2.7868642807006836 13.078458786010742 -6.985000133514404
      vertex -2.6885194778442383 13.002175331115723 -6.985000133514404
    endloop
  endfacet
  facet normal 0 0 -1
    outer loop
      vertex -12.699999809265137 -33.02000045776367 -6.985000133514404
      vertex -2.7868642807006836 -28.318458557128906 -6.985000133514404
      vertex -2.8802242279052734 -28.400768280029297 -6.985000133514404
    endloop
  endfacet
  facet normal 0 0 -1
    outer loop
      vertex -2.7868642807006836 -28.318458557128906 -6.985000133514404
      vertex -12.699999809265137 -33.02000045776367 -6.985000133514404
      vertex -2.7868642807006836 13.078458786010742 -6.985000133514404
    endloop
  endfacet
  facet normal 0 0 -1
    outer loop
      vertex -12.699999809265137 -33.02000045776367 -6.985000133514404
      vertex -2.8802242279052734 -28.400768280029297 -6.985000133514404
      vertex -2.9682321548461914 -28.4887752532959 -6.985000133514404
    endloop
  endfacet
  facet normal 0 0 -1
    outer loop
      vertex -12.699999809265137 17.779998779296875 -6.985000133514404
      vertex -2.7868642807006836 13.078458786010742 -6.985000133514404
      vertex -12.699999809265137 -33.02000045776367 -6.985000133514404
    endloop
  endfacet
  facet normal 0 0 -1
    outer loop
      vertex -12.699999809265137 -33.02000045776367 -6.985000133514404
      vertex -2.9682321548461914 -28.4887752532959 -6.985000133514404
      vertex -3.050539970397949 -28.582134246826172 -6.985000133514404
    endloop
  endfacet
  facet normal 0 0 -1
    outer loop
      vertex -2.7868642807006836 13.078458786010742 -6.985000133514404
      vertex -12.699999809265137 17.779998779296875 -6.985000133514404
      vertex -2.8802242279052734 13.160767555236816 -6.985000133514404
    endloop
  endfacet
  facet normal 0 0 -1
    outer loop
      vertex -12.699999809265137 -33.02000045776367 -6.985000133514404
      vertex -3.050539970397949 -28.582134246826172 -6.985000133514404
      vertex -3.126824378967285 -28.68048095703125 -6.985000133514404
    endloop
  endfacet
  facet normal 0 0 -1
    outer loop
      vertex -2.8802242279052734 13.160767555236816 -6.985000133514404
      vertex -12.699999809265137 17.779998779296875 -6.985000133514404
      vertex -2.9682321548461914 13.248775482177734 -6.985000133514404
    endloop
  endfacet
  facet normal 0 0 -1
    outer loop
      vertex -12.699999809265137 -33.02000045776367 -6.985000133514404
      vertex -3.126824378967285 -28.68048095703125 -6.985000133514404
      vertex -3.196782112121582 -28.78342056274414 -6.985000133514404
    endloop
  endfacet
  facet normal 0 0 -1
    outer loop
      vertex -2.9682321548461914 13.248775482177734 -6.985000133514404
      vertex -12.699999809265137 17.779998779296875 -6.985000133514404
      vertex -3.050539970397949 13.342135429382324 -6.985000133514404
    endloop
  endfacet
  facet normal 0 0 -1
    outer loop
      vertex -12.699999809265137 -33.02000045776367 -6.985000133514404
      vertex -3.196782112121582 -28.78342056274414 -6.985000133514404
      vertex -3.260138511657715 -28.890548706054688 -6.985000133514404
    endloop
  endfacet
  facet normal 0 0 -1
    outer loop
      vertex -3.050539970397949 13.342135429382324 -6.985000133514404
      vertex -12.699999809265137 17.779998779296875 -6.985000133514404
      vertex -3.126824378967285 13.44048023223877 -6.985000133514404
    endloop
  endfacet
  facet normal 0 0 -1
    outer loop
      vertex -12.699999809265137 -33.02000045776367 -6.985000133514404
      vertex -3.260138511657715 -28.890548706054688 -6.985000133514404
      vertex -3.3166427612304688 -29.001445770263672 -6.985000133514404
    endloop
  endfacet
  facet normal 0 0 -1
    outer loop
      vertex -3.126824378967285 13.44048023223877 -6.985000133514404
      vertex -12.699999809265137 17.779998779296875 -6.985000133514404
      vertex -3.196782112121582 13.54341983795166 -6.985000133514404
    endloop
  endfacet
  facet normal 0 0 -1
    outer loop
      vertex -12.699999809265137 -33.02000045776367 -6.985000133514404
      vertex -3.3166427612304688 -29.001445770263672 -6.985000133514404
      vertex -3.366072654724121 -29.115671157836914 -6.985000133514404
    endloop
  endfacet
  facet normal 0 0 -1
    outer loop
      vertex -3.196782112121582 13.54341983795166 -6.985000133514404
      vertex -12.699999809265137 17.779998779296875 -6.985000133514404
      vertex -3.260138511657715 13.65054988861084 -6.985000133514404
    endloop
  endfacet
  facet normal 0 0 -1
    outer loop
      vertex -12.699999809265137 -33.02000045776367 -6.985000133514404
      vertex -3.366072654724121 -29.115671157836914 -6.985000133514404
      vertex -3.4082326889038086 -29.232776641845703 -6.985000133514404
    endloop
  endfacet
  facet normal 0 0 -1
    outer loop
      vertex -3.260138511657715 13.65054988861084 -6.985000133514404
      vertex -12.699999809265137 17.779998779296875 -6.985000133514404
      vertex -3.3166427612304688 13.761445999145508 -6.985000133514404
    endloop
  endfacet
  facet normal 0 0 -1
    outer loop
      vertex -12.699999809265137 -33.02000045776367 -6.985000133514404
      vertex -3.4082326889038086 -29.232776641845703 -6.985000133514404
      vertex -3.4429569244384766 -29.352294921875 -6.985000133514404
    endloop
  endfacet
  facet normal 0 0 -1
    outer loop
      vertex -3.3166427612304688 13.761445999145508 -6.985000133514404
      vertex -12.699999809265137 17.779998779296875 -6.985000133514404
      vertex -3.366072654724121 13.87567138671875 -6.985000133514404
    endloop
  endfacet
  facet normal 0 0 -1
    outer loop
      vertex -12.699999809265137 -33.02000045776367 -6.985000133514404
      vertex -3.4429569244384766 -29.352294921875 -6.985000133514404
      vertex -3.470107078552246 -29.473758697509766 -6.985000133514404
    endloop
  endfacet
  facet normal 0 0 -1
    outer loop
      vertex -3.366072654724121 13.87567138671875 -6.985000133514404
      vertex -12.699999809265137 17.779998779296875 -6.985000133514404
      vertex -3.4082326889038086 13.992775917053223 -6.985000133514404
    endloop
  endfacet
  facet normal 0 0 -1
    outer loop
      vertex -12.699999809265137 -33.02000045776367 -6.985000133514404
      vertex -3.470107078552246 -29.473758697509766 -6.985000133514404
      vertex -3.489577293395996 -29.596689224243164 -6.985000133514404
    endloop
  endfacet
  facet normal 0 0 -1
    outer loop
      vertex -3.4082326889038086 13.992775917053223 -6.985000133514404
      vertex -12.699999809265137 17.779998779296875 -6.985000133514404
      vertex -3.4429569244384766 14.112295150756836 -6.985000133514404
    endloop
  endfacet
  facet normal 0 0 -1
    outer loop
      vertex -12.699999809265137 -33.02000045776367 -6.985000133514404
      vertex -3.489577293395996 -29.596689224243164 -6.985000133514404
      vertex -3.5012903213500977 -29.720600128173828 -6.985000133514404
    endloop
  endfacet
  facet normal 0 0 -1
    outer loop
      vertex -3.4429569244384766 14.112295150756836 -6.985000133514404
      vertex -12.699999809265137 17.779998779296875 -6.985000133514404
      vertex -3.470107078552246 14.233759880065918 -6.985000133514404
    endloop
  endfacet
  facet normal 0 0 -1
    outer loop
      vertex -12.699999809265137 -33.02000045776367 -6.985000133514404
      vertex -3.5012903213500977 -29.720600128173828 -6.985000133514404
      vertex -3.505199432373047 -29.844999313354492 -6.985000133514404
    endloop
  endfacet
  facet normal 0 0 -1
    outer loop
      vertex -3.470107078552246 14.233759880065918 -6.985000133514404
      vertex -12.699999809265137 17.779998779296875 -6.985000133514404
      vertex -3.489577293395996 14.356689453125 -6.985000133514404
    endloop
  endfacet
  facet normal 0 0 -1
    outer loop
      vertex 3.5012903213500977 -29.720600128173828 -6.985000133514404
      vertex 12.699999809265137 -33.02000045776367 -6.985000133514404
      vertex 3.505199432373047 -29.844999313354492 -6.985000133514404
    endloop
  endfacet
  facet normal 0 0 -1
    outer loop
      vertex 12.699999809265137 -33.02000045776367 -6.985000133514404
      vertex 3.5012903213500977 -29.969398498535156 -6.985000133514404
      vertex 3.505199432373047 -29.844999313354492 -6.985000133514404
    endloop
  endfacet
  facet normal 0 0 -1
    outer loop
      vertex 12.699999809265137 -33.02000045776367 -6.985000133514404
      vertex 3.489577293395996 -30.09330940246582 -6.985000133514404
      vertex 3.5012903213500977 -29.969398498535156 -6.985000133514404
    endloop
  endfacet
  facet normal 0 0 -1
    outer loop
      vertex 12.699999809265137 -33.02000045776367 -6.985000133514404
      vertex 3.470107078552246 -30.21623992919922 -6.985000133514404
      vertex 3.489577293395996 -30.09330940246582 -6.985000133514404
    endloop
  endfacet
  facet normal 0 0 -1
    outer loop
      vertex 12.699999809265137 -33.02000045776367 -6.985000133514404
      vertex 3.4429569244384766 -30.337703704833984 -6.985000133514404
      vertex 3.470107078552246 -30.21623992919922 -6.985000133514404
    endloop
  endfacet
  facet normal 0 0 -1
    outer loop
      vertex 12.699999809265137 -33.02000045776367 -6.985000133514404
      vertex 3.4082326889038086 -30.45722198486328 -6.985000133514404
      vertex 3.4429569244384766 -30.337703704833984 -6.985000133514404
    endloop
  endfacet
  facet normal 0 0 -1
    outer loop
      vertex 12.699999809265137 -33.02000045776367 -6.985000133514404
      vertex 3.366072654724121 -30.57432746887207 -6.985000133514404
      vertex 3.4082326889038086 -30.45722198486328 -6.985000133514404
    endloop
  endfacet
  facet normal 0 0 -1
    outer loop
      vertex 12.699999809265137 -33.02000045776367 -6.985000133514404
      vertex 3.3166427612304688 -30.688552856445312 -6.985000133514404
      vertex 3.366072654724121 -30.57432746887207 -6.985000133514404
    endloop
  endfacet
  facet normal 0 0 -1
    outer loop
      vertex 12.699999809265137 -33.02000045776367 -6.985000133514404
      vertex 3.260138511657715 -30.799449920654297 -6.985000133514404
      vertex 3.3166427612304688 -30.688552856445312 -6.985000133514404
    endloop
  endfacet
  facet normal 0 0 -1
    outer loop
      vertex 12.699999809265137 -33.02000045776367 -6.985000133514404
      vertex 3.196782112121582 -30.906578063964844 -6.985000133514404
      vertex 3.260138511657715 -30.799449920654297 -6.985000133514404
    endloop
  endfacet
  facet normal 0 0 -1
    outer loop
      vertex 12.699999809265137 -33.02000045776367 -6.985000133514404
      vertex 3.126824378967285 -31.009517669677734 -6.985000133514404
      vertex 3.196782112121582 -30.906578063964844 -6.985000133514404
    endloop
  endfacet
  facet normal 0 0 -1
    outer loop
      vertex 12.699999809265137 -33.02000045776367 -6.985000133514404
      vertex 3.050539970397949 -31.107864379882812 -6.985000133514404
      vertex 3.126824378967285 -31.009517669677734 -6.985000133514404
    endloop
  endfacet
  facet normal 0 0 -1
    outer loop
      vertex 12.699999809265137 -33.02000045776367 -6.985000133514404
      vertex 2.9682321548461914 -31.201223373413086 -6.985000133514404
      vertex 3.050539970397949 -31.107864379882812 -6.985000133514404
    endloop
  endfacet
  facet normal 0 0 -1
    outer loop
      vertex 12.699999809265137 -33.02000045776367 -6.985000133514404
      vertex 2.8802242279052734 -31.289230346679688 -6.985000133514404
      vertex 2.9682321548461914 -31.201223373413086 -6.985000133514404
    endloop
  endfacet
  facet normal 0 0 -1
    outer loop
      vertex 12.699999809265137 -33.02000045776367 -6.985000133514404
      vertex 2.7868642807006836 -31.371540069580078 -6.985000133514404
      vertex 2.8802242279052734 -31.289230346679688 -6.985000133514404
    endloop
  endfacet
  facet normal 0 0 -1
    outer loop
      vertex 12.699999809265137 -33.02000045776367 -6.985000133514404
      vertex 2.6885194778442383 -31.44782257080078 -6.985000133514404
      vertex 2.7868642807006836 -31.371540069580078 -6.985000133514404
    endloop
  endfacet
  facet normal 0 0 -1
    outer loop
      vertex 12.699999809265137 -33.02000045776367 -6.985000133514404
      vertex 2.5855798721313477 -31.517780303955078 -6.985000133514404
      vertex 2.6885194778442383 -31.44782257080078 -6.985000133514404
    endloop
  endfacet
  facet normal 0 0 -1
    outer loop
      vertex 12.699999809265137 -33.02000045776367 -6.985000133514404
      vertex 2.478449821472168 -31.581138610839844 -6.985000133514404
      vertex 2.5855798721313477 -31.517780303955078 -6.985000133514404
    endloop
  endfacet
  facet normal 0 0 -1
    outer loop
      vertex 12.699999809265137 -33.02000045776367 -6.985000133514404
      vertex 2.3675537109375 -31.63764190673828 -6.985000133514404
      vertex 2.478449821472168 -31.581138610839844 -6.985000133514404
    endloop
  endfacet
  facet normal 0 0 -1
    outer loop
      vertex 12.699999809265137 -33.02000045776367 -6.985000133514404
      vertex 2.253328323364258 -31.68707275390625 -6.985000133514404
      vertex 2.3675537109375 -31.63764190673828 -6.985000133514404
    endloop
  endfacet
  facet normal 0 0 -1
    outer loop
      vertex 12.699999809265137 -33.02000045776367 -6.985000133514404
      vertex 2.136223793029785 -31.729232788085938 -6.985000133514404
      vertex 2.253328323364258 -31.68707275390625 -6.985000133514404
    endloop
  endfacet
  facet normal 0 0 -1
    outer loop
      vertex 12.699999809265137 -33.02000045776367 -6.985000133514404
      vertex 2.0167036056518555 -31.76395606994629 -6.985000133514404
      vertex 2.136223793029785 -31.729232788085938 -6.985000133514404
    endloop
  endfacet
  facet normal 0 0 -1
    outer loop
      vertex 12.699999809265137 -33.02000045776367 -6.985000133514404
      vertex 1.8952398300170898 -31.791107177734375 -6.985000133514404
      vertex 2.0167036056518555 -31.76395606994629 -6.985000133514404
    endloop
  endfacet
  facet normal 0 0 -1
    outer loop
      vertex 12.699999809265137 -33.02000045776367 -6.985000133514404
      vertex 1.7723093032836914 -31.810577392578125 -6.985000133514404
      vertex 1.8952398300170898 -31.791107177734375 -6.985000133514404
    endloop
  endfacet
  facet normal 0 0 -1
    outer loop
      vertex 12.699999809265137 -33.02000045776367 -6.985000133514404
      vertex 1.6484003067016602 -31.822288513183594 -6.985000133514404
      vertex 1.7723093032836914 -31.810577392578125 -6.985000133514404
    endloop
  endfacet
  facet normal 0 0 -1
    outer loop
      vertex 12.699999809265137 -33.02000045776367 -6.985000133514404
      vertex 1.5239992141723633 -31.82619857788086 -6.985000133514404
      vertex 1.6484003067016602 -31.822288513183594 -6.985000133514404
    endloop
  endfacet
  facet normal 0 0 -1
    outer loop
      vertex 12.699999809265137 -33.02000045776367 -6.985000133514404
      vertex -1.5239992141723633 -31.82619857788086 -6.985000133514404
      vertex 1.5239992141723633 -31.82619857788086 -6.985000133514404
    endloop
  endfacet
  facet normal 0 0 -1
    outer loop
      vertex -12.699999809265137 -33.02000045776367 -6.985000133514404
      vertex -1.5239992141723633 -31.82619857788086 -6.985000133514404
      vertex 12.699999809265137 -33.02000045776367 -6.985000133514404
    endloop
  endfacet
  facet normal 0 0 -1
    outer loop
      vertex -3.489577293395996 14.356689453125 -6.985000133514404
      vertex -12.699999809265137 17.779998779296875 -6.985000133514404
      vertex -3.5012903213500977 14.480599403381348 -6.985000133514404
    endloop
  endfacet
  facet normal 0 0 -1
    outer loop
      vertex -3.5012903213500977 -29.969398498535156 -6.985000133514404
      vertex -12.699999809265137 -33.02000045776367 -6.985000133514404
      vertex -3.505199432373047 -29.844999313354492 -6.985000133514404
    endloop
  endfacet
  facet normal 0 0 -1
    outer loop
      vertex -3.489577293395996 -30.09330940246582 -6.985000133514404
      vertex -12.699999809265137 -33.02000045776367 -6.985000133514404
      vertex -3.5012903213500977 -29.969398498535156 -6.985000133514404
    endloop
  endfacet
  facet normal 0 0 -1
    outer loop
      vertex -3.470107078552246 -30.21623992919922 -6.985000133514404
      vertex -12.699999809265137 -33.02000045776367 -6.985000133514404
      vertex -3.489577293395996 -30.09330940246582 -6.985000133514404
    endloop
  endfacet
  facet normal 0 0 -1
    outer loop
      vertex -3.4429569244384766 -30.337703704833984 -6.985000133514404
      vertex -12.699999809265137 -33.02000045776367 -6.985000133514404
      vertex -3.470107078552246 -30.21623992919922 -6.985000133514404
    endloop
  endfacet
  facet normal 0 0 -1
    outer loop
      vertex -3.4082326889038086 -30.45722198486328 -6.985000133514404
      vertex -12.699999809265137 -33.02000045776367 -6.985000133514404
      vertex -3.4429569244384766 -30.337703704833984 -6.985000133514404
    endloop
  endfacet
  facet normal 0 0 -1
    outer loop
      vertex -3.366072654724121 -30.57432746887207 -6.985000133514404
      vertex -12.699999809265137 -33.02000045776367 -6.985000133514404
      vertex -3.4082326889038086 -30.45722198486328 -6.985000133514404
    endloop
  endfacet
  facet normal 0 0 -1
    outer loop
      vertex -3.3166427612304688 -30.688552856445312 -6.985000133514404
      vertex -12.699999809265137 -33.02000045776367 -6.985000133514404
      vertex -3.366072654724121 -30.57432746887207 -6.985000133514404
    endloop
  endfacet
  facet normal 0 0 -1
    outer loop
      vertex -3.260138511657715 -30.799449920654297 -6.985000133514404
      vertex -12.699999809265137 -33.02000045776367 -6.985000133514404
      vertex -3.3166427612304688 -30.688552856445312 -6.985000133514404
    endloop
  endfacet
  facet normal 0 0 -1
    outer loop
      vertex -3.196782112121582 -30.906578063964844 -6.985000133514404
      vertex -12.699999809265137 -33.02000045776367 -6.985000133514404
      vertex -3.260138511657715 -30.799449920654297 -6.985000133514404
    endloop
  endfacet
  facet normal 0 0 -1
    outer loop
      vertex -3.126824378967285 -31.009517669677734 -6.985000133514404
      vertex -12.699999809265137 -33.02000045776367 -6.985000133514404
      vertex -3.196782112121582 -30.906578063964844 -6.985000133514404
    endloop
  endfacet
  facet normal 0 0 -1
    outer loop
      vertex -3.050539970397949 -31.107864379882812 -6.985000133514404
      vertex -12.699999809265137 -33.02000045776367 -6.985000133514404
      vertex -3.126824378967285 -31.009517669677734 -6.985000133514404
    endloop
  endfacet
  facet normal 0 0 -1
    outer loop
      vertex -2.9682321548461914 -31.201223373413086 -6.985000133514404
      vertex -12.699999809265137 -33.02000045776367 -6.985000133514404
      vertex -3.050539970397949 -31.107864379882812 -6.985000133514404
    endloop
  endfacet
  facet normal 0 0 -1
    outer loop
      vertex -2.8802242279052734 -31.289230346679688 -6.985000133514404
      vertex -12.699999809265137 -33.02000045776367 -6.985000133514404
      vertex -2.9682321548461914 -31.201223373413086 -6.985000133514404
    endloop
  endfacet
  facet normal 0 0 -1
    outer loop
      vertex -2.7868642807006836 -31.371540069580078 -6.985000133514404
      vertex -12.699999809265137 -33.02000045776367 -6.985000133514404
      vertex -2.8802242279052734 -31.289230346679688 -6.985000133514404
    endloop
  endfacet
  facet normal 0 0 -1
    outer loop
      vertex -2.6885194778442383 -31.44782257080078 -6.985000133514404
      vertex -12.699999809265137 -33.02000045776367 -6.985000133514404
      vertex -2.7868642807006836 -31.371540069580078 -6.985000133514404
    endloop
  endfacet
  facet normal 0 0 -1
    outer loop
      vertex -2.5855798721313477 -31.517780303955078 -6.985000133514404
      vertex -12.699999809265137 -33.02000045776367 -6.985000133514404
      vertex -2.6885194778442383 -31.44782257080078 -6.985000133514404
    endloop
  endfacet
  facet normal 0 0 -1
    outer loop
      vertex -2.478449821472168 -31.581138610839844 -6.985000133514404
      vertex -12.699999809265137 -33.02000045776367 -6.985000133514404
      vertex -2.5855798721313477 -31.517780303955078 -6.985000133514404
    endloop
  endfacet
  facet normal 0 0 -1
    outer loop
      vertex -2.3675537109375 -31.63764190673828 -6.985000133514404
      vertex -12.699999809265137 -33.02000045776367 -6.985000133514404
      vertex -2.478449821472168 -31.581138610839844 -6.985000133514404
    endloop
  endfacet
  facet normal 0 0 -1
    outer loop
      vertex -2.253328323364258 -31.68707275390625 -6.985000133514404
      vertex -12.699999809265137 -33.02000045776367 -6.985000133514404
      vertex -2.3675537109375 -31.63764190673828 -6.985000133514404
    endloop
  endfacet
  facet normal 0 0 -1
    outer loop
      vertex -2.136223793029785 -31.729232788085938 -6.985000133514404
      vertex -12.699999809265137 -33.02000045776367 -6.985000133514404
      vertex -2.253328323364258 -31.68707275390625 -6.985000133514404
    endloop
  endfacet
  facet normal 0 0 -1
    outer loop
      vertex -2.0167036056518555 -31.76395606994629 -6.985000133514404
      vertex -12.699999809265137 -33.02000045776367 -6.985000133514404
      vertex -2.136223793029785 -31.729232788085938 -6.985000133514404
    endloop
  endfacet
  facet normal 0 0 -1
    outer loop
      vertex -1.8952398300170898 -31.791107177734375 -6.985000133514404
      vertex -12.699999809265137 -33.02000045776367 -6.985000133514404
      vertex -2.0167036056518555 -31.76395606994629 -6.985000133514404
    endloop
  endfacet
  facet normal 0 0 -1
    outer loop
      vertex -1.7723093032836914 -31.810577392578125 -6.985000133514404
      vertex -12.699999809265137 -33.02000045776367 -6.985000133514404
      vertex -1.8952398300170898 -31.791107177734375 -6.985000133514404
    endloop
  endfacet
  facet normal 0 0 -1
    outer loop
      vertex -1.6484003067016602 -31.822288513183594 -6.985000133514404
      vertex -12.699999809265137 -33.02000045776367 -6.985000133514404
      vertex -1.7723093032836914 -31.810577392578125 -6.985000133514404
    endloop
  endfacet
  facet normal 0 0 -1
    outer loop
      vertex -1.5239992141723633 -31.82619857788086 -6.985000133514404
      vertex -12.699999809265137 -33.02000045776367 -6.985000133514404
      vertex -1.6484003067016602 -31.822288513183594 -6.985000133514404
    endloop
  endfacet
  facet normal 0 0 -1
    outer loop
      vertex 3.489577293395996 -29.596689224243164 -6.985000133514404
      vertex 12.699999809265137 -33.02000045776367 -6.985000133514404
      vertex 3.5012903213500977 -29.720600128173828 -6.985000133514404
    endloop
  endfacet
  facet normal 0 0 -1
    outer loop
      vertex 3.5012903213500977 14.729399681091309 -6.985000133514404
      vertex 12.699999809265137 17.779998779296875 -6.985000133514404
      vertex 3.505199432373047 14.604999542236328 -6.985000133514404
    endloop
  endfacet
  facet normal 0 0 -1
    outer loop
      vertex 3.489577293395996 14.853309631347656 -6.985000133514404
      vertex 12.699999809265137 17.779998779296875 -6.985000133514404
      vertex 3.5012903213500977 14.729399681091309 -6.985000133514404
    endloop
  endfacet
  facet normal 0 0 -1
    outer loop
      vertex 3.470107078552246 14.976239204406738 -6.985000133514404
      vertex 12.699999809265137 17.779998779296875 -6.985000133514404
      vertex 3.489577293395996 14.853309631347656 -6.985000133514404
    endloop
  endfacet
  facet normal 0 0 -1
    outer loop
      vertex 3.4429569244384766 15.09770393371582 -6.985000133514404
      vertex 12.699999809265137 17.779998779296875 -6.985000133514404
      vertex 3.470107078552246 14.976239204406738 -6.985000133514404
    endloop
  endfacet
  facet normal 0 0 -1
    outer loop
      vertex 3.4082326889038086 15.217223167419434 -6.985000133514404
      vertex 12.699999809265137 17.779998779296875 -6.985000133514404
      vertex 3.4429569244384766 15.09770393371582 -6.985000133514404
    endloop
  endfacet
  facet normal 0 0 -1
    outer loop
      vertex 3.366072654724121 15.334327697753906 -6.985000133514404
      vertex 12.699999809265137 17.779998779296875 -6.985000133514404
      vertex 3.4082326889038086 15.217223167419434 -6.985000133514404
    endloop
  endfacet
  facet normal 0 0 -1
    outer loop
      vertex 3.3166427612304688 15.448553085327148 -6.985000133514404
      vertex 12.699999809265137 17.779998779296875 -6.985000133514404
      vertex 3.366072654724121 15.334327697753906 -6.985000133514404
    endloop
  endfacet
  facet normal 0 0 -1
    outer loop
      vertex 3.260138511657715 15.559449195861816 -6.985000133514404
      vertex 12.699999809265137 17.779998779296875 -6.985000133514404
      vertex 3.3166427612304688 15.448553085327148 -6.985000133514404
    endloop
  endfacet
  facet normal 0 0 -1
    outer loop
      vertex 3.196782112121582 15.666579246520996 -6.985000133514404
      vertex 12.699999809265137 17.779998779296875 -6.985000133514404
      vertex 3.260138511657715 15.559449195861816 -6.985000133514404
    endloop
  endfacet
  facet normal 0 0 -1
    outer loop
      vertex 3.126824378967285 15.769518852233887 -6.985000133514404
      vertex 12.699999809265137 17.779998779296875 -6.985000133514404
      vertex 3.196782112121582 15.666579246520996 -6.985000133514404
    endloop
  endfacet
  facet normal 0 0 -1
    outer loop
      vertex 3.050539970397949 15.867863655090332 -6.985000133514404
      vertex 12.699999809265137 17.779998779296875 -6.985000133514404
      vertex 3.126824378967285 15.769518852233887 -6.985000133514404
    endloop
  endfacet
  facet normal 0 0 -1
    outer loop
      vertex 2.9682321548461914 15.961223602294922 -6.985000133514404
      vertex 12.699999809265137 17.779998779296875 -6.985000133514404
      vertex 3.050539970397949 15.867863655090332 -6.985000133514404
    endloop
  endfacet
  facet normal 0 0 -1
    outer loop
      vertex 2.8802242279052734 16.049232482910156 -6.985000133514404
      vertex 12.699999809265137 17.779998779296875 -6.985000133514404
      vertex 2.9682321548461914 15.961223602294922 -6.985000133514404
    endloop
  endfacet
  facet normal 0 0 -1
    outer loop
      vertex 2.7868642807006836 16.131540298461914 -6.985000133514404
      vertex 12.699999809265137 17.779998779296875 -6.985000133514404
      vertex 2.8802242279052734 16.049232482910156 -6.985000133514404
    endloop
  endfacet
  facet normal 0 0 -1
    outer loop
      vertex 2.6885194778442383 16.20782470703125 -6.985000133514404
      vertex 12.699999809265137 17.779998779296875 -6.985000133514404
      vertex 2.7868642807006836 16.131540298461914 -6.985000133514404
    endloop
  endfacet
  facet normal 0 0 -1
    outer loop
      vertex 2.5855798721313477 16.277782440185547 -6.985000133514404
      vertex 12.699999809265137 17.779998779296875 -6.985000133514404
      vertex 2.6885194778442383 16.20782470703125 -6.985000133514404
    endloop
  endfacet
  facet normal 0 0 -1
    outer loop
      vertex 2.478449821472168 16.341136932373047 -6.985000133514404
      vertex 12.699999809265137 17.779998779296875 -6.985000133514404
      vertex 2.5855798721313477 16.277782440185547 -6.985000133514404
    endloop
  endfacet
  facet normal 0 0 -1
    outer loop
      vertex 2.3675537109375 16.397642135620117 -6.985000133514404
      vertex 12.699999809265137 17.779998779296875 -6.985000133514404
      vertex 2.478449821472168 16.341136932373047 -6.985000133514404
    endloop
  endfacet
  facet normal 0 0 -1
    outer loop
      vertex 2.253328323364258 16.447071075439453 -6.985000133514404
      vertex 12.699999809265137 17.779998779296875 -6.985000133514404
      vertex 2.3675537109375 16.397642135620117 -6.985000133514404
    endloop
  endfacet
  facet normal 0 0 -1
    outer loop
      vertex 2.136223793029785 16.48923110961914 -6.985000133514404
      vertex 12.699999809265137 17.779998779296875 -6.985000133514404
      vertex 2.253328323364258 16.447071075439453 -6.985000133514404
    endloop
  endfacet
  facet normal 0 0 -1
    outer loop
      vertex 2.0167036056518555 16.523956298828125 -6.985000133514404
      vertex 12.699999809265137 17.779998779296875 -6.985000133514404
      vertex 2.136223793029785 16.48923110961914 -6.985000133514404
    endloop
  endfacet
  facet normal 0 0 -1
    outer loop
      vertex 1.8952398300170898 16.551105499267578 -6.985000133514404
      vertex 12.699999809265137 17.779998779296875 -6.985000133514404
      vertex 2.0167036056518555 16.523956298828125 -6.985000133514404
    endloop
  endfacet
  facet normal 0 0 -1
    outer loop
      vertex 1.7723093032836914 16.570575714111328 -6.985000133514404
      vertex 12.699999809265137 17.779998779296875 -6.985000133514404
      vertex 1.8952398300170898 16.551105499267578 -6.985000133514404
    endloop
  endfacet
  facet normal 0 0 -1
    outer loop
      vertex 1.6484003067016602 16.582290649414062 -6.985000133514404
      vertex 12.699999809265137 17.779998779296875 -6.985000133514404
      vertex 1.7723093032836914 16.570575714111328 -6.985000133514404
    endloop
  endfacet
  facet normal 0 0 -1
    outer loop
      vertex 1.5239992141723633 16.586198806762695 -6.985000133514404
      vertex 12.699999809265137 17.779998779296875 -6.985000133514404
      vertex 1.6484003067016602 16.582290649414062 -6.985000133514404
    endloop
  endfacet
  facet normal 0 0 -1
    outer loop
      vertex -1.5239992141723633 16.586198806762695 -6.985000133514404
      vertex 12.699999809265137 17.779998779296875 -6.985000133514404
      vertex 1.5239992141723633 16.586198806762695 -6.985000133514404
    endloop
  endfacet
  facet normal 0 0 -1
    outer loop
      vertex -12.699999809265137 17.779998779296875 -6.985000133514404
      vertex -1.5239992141723633 16.586198806762695 -6.985000133514404
      vertex -1.6484003067016602 16.582290649414062 -6.985000133514404
    endloop
  endfacet
  facet normal 0 0 -1
    outer loop
      vertex -3.5012903213500977 14.480599403381348 -6.985000133514404
      vertex -12.699999809265137 17.779998779296875 -6.985000133514404
      vertex -3.505199432373047 14.604999542236328 -6.985000133514404
    endloop
  endfacet
  facet normal 0 0 -1
    outer loop
      vertex -3.505199432373047 14.604999542236328 -6.985000133514404
      vertex -12.699999809265137 17.779998779296875 -6.985000133514404
      vertex -3.5012903213500977 14.729399681091309 -6.985000133514404
    endloop
  endfacet
  facet normal 0 0 -1
    outer loop
      vertex -3.5012903213500977 14.729399681091309 -6.985000133514404
      vertex -12.699999809265137 17.779998779296875 -6.985000133514404
      vertex -3.489577293395996 14.853309631347656 -6.985000133514404
    endloop
  endfacet
  facet normal 0 0 -1
    outer loop
      vertex -1.5239992141723633 16.586198806762695 -6.985000133514404
      vertex -12.699999809265137 17.779998779296875 -6.985000133514404
      vertex 12.699999809265137 17.779998779296875 -6.985000133514404
    endloop
  endfacet
  facet normal 0 0 -1
    outer loop
      vertex -1.7723093032836914 16.570575714111328 -6.985000133514404
      vertex -12.699999809265137 17.779998779296875 -6.985000133514404
      vertex -1.6484003067016602 16.582290649414062 -6.985000133514404
    endloop
  endfacet
  facet normal 0 0 -1
    outer loop
      vertex -1.8952398300170898 16.551105499267578 -6.985000133514404
      vertex -12.699999809265137 17.779998779296875 -6.985000133514404
      vertex -1.7723093032836914 16.570575714111328 -6.985000133514404
    endloop
  endfacet
  facet normal 0 0 -1
    outer loop
      vertex -2.0167036056518555 16.523956298828125 -6.985000133514404
      vertex -12.699999809265137 17.779998779296875 -6.985000133514404
      vertex -1.8952398300170898 16.551105499267578 -6.985000133514404
    endloop
  endfacet
  facet normal 0 0 -1
    outer loop
      vertex -2.136223793029785 16.48923110961914 -6.985000133514404
      vertex -12.699999809265137 17.779998779296875 -6.985000133514404
      vertex -2.0167036056518555 16.523956298828125 -6.985000133514404
    endloop
  endfacet
  facet normal 0 0 -1
    outer loop
      vertex -2.253328323364258 16.447071075439453 -6.985000133514404
      vertex -12.699999809265137 17.779998779296875 -6.985000133514404
      vertex -2.136223793029785 16.48923110961914 -6.985000133514404
    endloop
  endfacet
  facet normal 0 0 -1
    outer loop
      vertex -2.3675537109375 16.397642135620117 -6.985000133514404
      vertex -12.699999809265137 17.779998779296875 -6.985000133514404
      vertex -2.253328323364258 16.447071075439453 -6.985000133514404
    endloop
  endfacet
  facet normal 0 0 -1
    outer loop
      vertex -2.478449821472168 16.341136932373047 -6.985000133514404
      vertex -12.699999809265137 17.779998779296875 -6.985000133514404
      vertex -2.3675537109375 16.397642135620117 -6.985000133514404
    endloop
  endfacet
  facet normal 0 0 -1
    outer loop
      vertex -2.5855798721313477 16.277782440185547 -6.985000133514404
      vertex -12.699999809265137 17.779998779296875 -6.985000133514404
      vertex -2.478449821472168 16.341136932373047 -6.985000133514404
    endloop
  endfacet
  facet normal 0 0 -1
    outer loop
      vertex -2.6885194778442383 16.20782470703125 -6.985000133514404
      vertex -12.699999809265137 17.779998779296875 -6.985000133514404
      vertex -2.5855798721313477 16.277782440185547 -6.985000133514404
    endloop
  endfacet
  facet normal 0 0 -1
    outer loop
      vertex -2.7868642807006836 16.131540298461914 -6.985000133514404
      vertex -12.699999809265137 17.779998779296875 -6.985000133514404
      vertex -2.6885194778442383 16.20782470703125 -6.985000133514404
    endloop
  endfacet
  facet normal 0 0 -1
    outer loop
      vertex -2.8802242279052734 16.049232482910156 -6.985000133514404
      vertex -12.699999809265137 17.779998779296875 -6.985000133514404
      vertex -2.7868642807006836 16.131540298461914 -6.985000133514404
    endloop
  endfacet
  facet normal 0 0 -1
    outer loop
      vertex -2.9682321548461914 15.961223602294922 -6.985000133514404
      vertex -12.699999809265137 17.779998779296875 -6.985000133514404
      vertex -2.8802242279052734 16.049232482910156 -6.985000133514404
    endloop
  endfacet
  facet normal 0 0 -1
    outer loop
      vertex -3.050539970397949 15.867863655090332 -6.985000133514404
      vertex -12.699999809265137 17.779998779296875 -6.985000133514404
      vertex -2.9682321548461914 15.961223602294922 -6.985000133514404
    endloop
  endfacet
  facet normal 0 0 -1
    outer loop
      vertex -3.126824378967285 15.769518852233887 -6.985000133514404
      vertex -12.699999809265137 17.779998779296875 -6.985000133514404
      vertex -3.050539970397949 15.867863655090332 -6.985000133514404
    endloop
  endfacet
  facet normal 0 0 -1
    outer loop
      vertex -3.196782112121582 15.666579246520996 -6.985000133514404
      vertex -12.699999809265137 17.779998779296875 -6.985000133514404
      vertex -3.126824378967285 15.769518852233887 -6.985000133514404
    endloop
  endfacet
  facet normal 0 0 -1
    outer loop
      vertex -3.260138511657715 15.559449195861816 -6.985000133514404
      vertex -12.699999809265137 17.779998779296875 -6.985000133514404
      vertex -3.196782112121582 15.666579246520996 -6.985000133514404
    endloop
  endfacet
  facet normal 0 0 -1
    outer loop
      vertex -3.3166427612304688 15.448553085327148 -6.985000133514404
      vertex -12.699999809265137 17.779998779296875 -6.985000133514404
      vertex -3.260138511657715 15.559449195861816 -6.985000133514404
    endloop
  endfacet
  facet normal 0 0 -1
    outer loop
      vertex -3.366072654724121 15.334327697753906 -6.985000133514404
      vertex -12.699999809265137 17.779998779296875 -6.985000133514404
      vertex -3.3166427612304688 15.448553085327148 -6.985000133514404
    endloop
  endfacet
  facet normal 0 0 -1
    outer loop
      vertex -3.4082326889038086 15.217223167419434 -6.985000133514404
      vertex -12.699999809265137 17.779998779296875 -6.985000133514404
      vertex -3.366072654724121 15.334327697753906 -6.985000133514404
    endloop
  endfacet
  facet normal 0 0 -1
    outer loop
      vertex -3.4429569244384766 15.09770393371582 -6.985000133514404
      vertex -12.699999809265137 17.779998779296875 -6.985000133514404
      vertex -3.4082326889038086 15.217223167419434 -6.985000133514404
    endloop
  endfacet
  facet normal 0 0 -1
    outer loop
      vertex -3.470107078552246 14.976239204406738 -6.985000133514404
      vertex -12.699999809265137 17.779998779296875 -6.985000133514404
      vertex -3.4429569244384766 15.09770393371582 -6.985000133514404
    endloop
  endfacet
  facet normal 0 0 -1
    outer loop
      vertex -3.489577293395996 14.853309631347656 -6.985000133514404
      vertex -12.699999809265137 17.779998779296875 -6.985000133514404
      vertex -3.470107078552246 14.976239204406738 -6.985000133514404
    endloop
  endfacet
  facet normal 0 -1 0
    outer loop
      vertex -12.699999809265137 -33.02000045776367 -6.985000133514404
      vertex 12.699999809265137 -33.02000045776367 -4.445000171661377
      vertex -12.699999809265137 -33.02000045776367 -4.445000171661377
    endloop
  endfacet
  facet normal 0 -1 0
    outer loop
      vertex 12.699999809265137 -33.02000045776367 -4.445000171661377
      vertex -12.699999809265137 -33.02000045776367 -6.985000133514404
      vertex 12.699999809265137 -33.02000045776367 -6.985000133514404
    endloop
  endfacet
  facet normal -1 0 0
    outer loop
      vertex -12.699999809265137 17.779998779296875 -6.985000133514404
      vertex -12.699999809265137 11.429999351501465 -4.445000171661377
      vertex -12.699999809265137 17.779998779296875 -4.445000171661377
    endloop
  endfacet
  facet normal -1 0 0
    outer loop
      vertex -12.699999809265137 1.497039794921875 0.09418487548828125
      vertex -12.699999809265137 11.429999351501465 -4.445000171661377
      vertex -12.699999809265137 1.5 0
    endloop
  endfacet
  facet normal -1 0 0
    outer loop
      vertex -12.699999809265137 11.429999351501465 -4.445000171661377
      vertex -12.699999809265137 1.497039794921875 -0.09418487548828125
      vertex -12.699999809265137 1.5 0
    endloop
  endfacet
  facet normal -1 0 0
    outer loop
      vertex -12.699999809265137 11.429999351501465 -4.445000171661377
      vertex -12.699999809265137 1.4881715774536133 -0.18799972534179688
      vertex -12.699999809265137 1.497039794921875 -0.09418487548828125
    endloop
  endfacet
  facet normal -1 0 0
    outer loop
      vertex -12.699999809265137 11.429999351501465 -4.445000171661377
      vertex -12.699999809265137 1.4734306335449219 -0.28107166290283203
      vertex -12.699999809265137 1.4881715774536133 -0.18799972534179688
    endloop
  endfacet
  facet normal -1 0 0
    outer loop
      vertex -12.699999809265137 11.429999351501465 -4.445000171661377
      vertex -12.699999809265137 1.4528741836547852 -0.3730344772338867
      vertex -12.699999809265137 1.4734306335449219 -0.28107166290283203
    endloop
  endfacet
  facet normal -1 0 0
    outer loop
      vertex -12.699999809265137 11.429999351501465 -4.445000171661377
      vertex -12.699999809265137 1.426584243774414 -0.46352481842041016
      vertex -12.699999809265137 1.4528741836547852 -0.3730344772338867
    endloop
  endfacet
  facet normal -1 0 0
    outer loop
      vertex -12.699999809265137 -26.670000076293945 -4.445000171661377
      vertex -12.699999809265137 11.429999351501465 -4.445000171661377
      vertex -12.699999809265137 17.779998779296875 -6.985000133514404
    endloop
  endfacet
  facet normal -1 0 0
    outer loop
      vertex -12.699999809265137 11.429999351501465 -4.445000171661377
      vertex -12.699999809265137 1.3946638107299805 -0.5521860122680664
      vertex -12.699999809265137 1.426584243774414 -0.46352481842041016
    endloop
  endfacet
  facet normal -1 0 0
    outer loop
      vertex -12.699999809265137 11.429999351501465 -4.445000171661377
      vertex -12.699999809265137 1.3572397232055664 -0.6386680603027344
      vertex -12.699999809265137 1.3946638107299805 -0.5521860122680664
    endloop
  endfacet
  facet normal -1 0 0
    outer loop
      vertex -12.699999809265137 11.429999351501465 -4.445000171661377
      vertex -12.699999809265137 1.3144598007202148 -0.722630500793457
      vertex -12.699999809265137 1.3572397232055664 -0.6386680603027344
    endloop
  endfacet
  facet normal -1 0 0
    outer loop
      vertex -12.699999809265137 11.429999351501465 -4.445000171661377
      vertex -12.699999809265137 1.2664909362792969 -0.8037395477294922
      vertex -12.699999809265137 1.3144598007202148 -0.722630500793457
    endloop
  endfacet
  facet normal -1 0 0
    outer loop
      vertex -12.699999809265137 11.429999351501465 -4.445000171661377
      vertex -12.699999809265137 1.2135248184204102 -0.8816776275634766
      vertex -12.699999809265137 1.2664909362792969 -0.8037395477294922
    endloop
  endfacet
  facet normal -1 0 0
    outer loop
      vertex -12.699999809265137 11.429999351501465 -4.445000171661377
      vertex -12.699999809265137 1.1557693481445312 -0.9561357498168945
      vertex -12.699999809265137 1.2135248184204102 -0.8816776275634766
    endloop
  endfacet
  facet normal -1 0 0
    outer loop
      vertex -12.699999809265137 11.429999351501465 -4.445000171661377
      vertex -12.699999809265137 1.0934524536132812 -1.026820182800293
      vertex -12.699999809265137 1.1557693481445312 -0.9561357498168945
    endloop
  endfacet
  facet normal -1 0 0
    outer loop
      vertex -12.699999809265137 11.429999351501465 -4.445000171661377
      vertex -12.699999809265137 1.026820182800293 -1.0934524536132812
      vertex -12.699999809265137 1.0934524536132812 -1.026820182800293
    endloop
  endfacet
  facet normal -1 0 0
    outer loop
      vertex -12.699999809265137 11.429999351501465 -4.445000171661377
      vertex -12.699999809265137 0.9561357498168945 -1.1557693481445312
      vertex -12.699999809265137 1.026820182800293 -1.0934524536132812
    endloop
  endfacet
  facet normal -1 0 0
    outer loop
      vertex -12.699999809265137 11.429999351501465 -4.445000171661377
      vertex -12.699999809265137 0.8816776275634766 -1.2135248184204102
      vertex -12.699999809265137 0.9561357498168945 -1.1557693481445312
    endloop
  endfacet
  facet normal -1 0 0
    outer loop
      vertex -12.699999809265137 11.429999351501465 -4.445000171661377
      vertex -12.699999809265137 0.8037395477294922 -1.2664909362792969
      vertex -12.699999809265137 0.8816776275634766 -1.2135248184204102
    endloop
  endfacet
  facet normal -1 0 0
    outer loop
      vertex -12.699999809265137 11.429999351501465 -4.445000171661377
      vertex -12.699999809265137 0.722630500793457 -1.3144598007202148
      vertex -12.699999809265137 0.8037395477294922 -1.2664909362792969
    endloop
  endfacet
  facet normal -1 0 0
    outer loop
      vertex -12.699999809265137 11.429999351501465 -4.445000171661377
      vertex -12.699999809265137 0.6386680603027344 -1.3572397232055664
      vertex -12.699999809265137 0.722630500793457 -1.3144598007202148
    endloop
  endfacet
  facet normal -1 0 0
    outer loop
      vertex -12.699999809265137 11.429999351501465 -4.445000171661377
      vertex -12.699999809265137 0.5521860122680664 -1.3946638107299805
      vertex -12.699999809265137 0.6386680603027344 -1.3572397232055664
    endloop
  endfacet
  facet normal -1 0 0
    outer loop
      vertex -12.699999809265137 11.429999351501465 -4.445000171661377
      vertex -12.699999809265137 0.46352481842041016 -1.426584243774414
      vertex -12.699999809265137 0.5521860122680664 -1.3946638107299805
    endloop
  endfacet
  facet normal -1 0 0
    outer loop
      vertex -12.699999809265137 11.429999351501465 -4.445000171661377
      vertex -12.699999809265137 0.3730344772338867 -1.4528741836547852
      vertex -12.699999809265137 0.46352481842041016 -1.426584243774414
    endloop
  endfacet
  facet normal -1 0 0
    outer loop
      vertex -12.699999809265137 11.429999351501465 -4.445000171661377
      vertex -12.699999809265137 0.28107166290283203 -1.4734306335449219
      vertex -12.699999809265137 0.3730344772338867 -1.4528741836547852
    endloop
  endfacet
  facet normal -1 0 0
    outer loop
      vertex -12.699999809265137 11.429999351501465 -4.445000171661377
      vertex -12.699999809265137 0.18799972534179688 -1.4881715774536133
      vertex -12.699999809265137 0.28107166290283203 -1.4734306335449219
    endloop
  endfacet
  facet normal -1 0 0
    outer loop
      vertex -12.699999809265137 11.429999351501465 -4.445000171661377
      vertex -12.699999809265137 0.09418487548828125 -1.497039794921875
      vertex -12.699999809265137 0.18799972534179688 -1.4881715774536133
    endloop
  endfacet
  facet normal -1 0 0
    outer loop
      vertex -12.699999809265137 11.429999351501465 -4.445000171661377
      vertex -12.699999809265137 0 -1.5
      vertex -12.699999809265137 0.09418487548828125 -1.497039794921875
    endloop
  endfacet
  facet normal -1 0 0
    outer loop
      vertex -12.699999809265137 11.429999351501465 -4.445000171661377
      vertex -12.699999809265137 -0.09418487548828125 -1.497039794921875
      vertex -12.699999809265137 0 -1.5
    endloop
  endfacet
  facet normal -1 0 0
    outer loop
      vertex -12.699999809265137 11.429999351501465 -4.445000171661377
      vertex -12.699999809265137 -0.18799972534179688 -1.4881715774536133
      vertex -12.699999809265137 -0.09418487548828125 -1.497039794921875
    endloop
  endfacet
  facet normal -1 0 0
    outer loop
      vertex -12.699999809265137 11.429999351501465 -4.445000171661377
      vertex -12.699999809265137 -26.670000076293945 -4.445000171661377
      vertex -12.699999809265137 -0.18799972534179688 -1.4881715774536133
    endloop
  endfacet
  facet normal -1 0 0
    outer loop
      vertex -12.699999809265137 -0.18799972534179688 -1.4881715774536133
      vertex -12.699999809265137 -26.670000076293945 -4.445000171661377
      vertex -12.699999809265137 -0.28107166290283203 -1.4734306335449219
    endloop
  endfacet
  facet normal -1 0 0
    outer loop
      vertex -12.699999809265137 -0.28107166290283203 -1.4734306335449219
      vertex -12.699999809265137 -26.670000076293945 -4.445000171661377
      vertex -12.699999809265137 -0.3730344772338867 -1.4528741836547852
    endloop
  endfacet
  facet normal -1 0 0
    outer loop
      vertex -12.699999809265137 -1.497039794921875 -0.09418487548828125
      vertex -12.699999809265137 -26.670000076293945 -4.445000171661377
      vertex -12.699999809265137 -1.5 0
    endloop
  endfacet
  facet normal -1 0 0
    outer loop
      vertex -12.699999809265137 -1.4881715774536133 -0.18799972534179688
      vertex -12.699999809265137 -26.670000076293945 -4.445000171661377
      vertex -12.699999809265137 -1.497039794921875 -0.09418487548828125
    endloop
  endfacet
  facet normal -1 0 0
    outer loop
      vertex -12.699999809265137 -1.4734306335449219 -0.28107166290283203
      vertex -12.699999809265137 -26.670000076293945 -4.445000171661377
      vertex -12.699999809265137 -1.4881715774536133 -0.18799972534179688
    endloop
  endfacet
  facet normal -1 0 0
    outer loop
      vertex -12.699999809265137 -1.4528741836547852 -0.3730344772338867
      vertex -12.699999809265137 -26.670000076293945 -4.445000171661377
      vertex -12.699999809265137 -1.4734306335449219 -0.28107166290283203
    endloop
  endfacet
  facet normal -1 0 0
    outer loop
      vertex -12.699999809265137 -1.426584243774414 -0.46352481842041016
      vertex -12.699999809265137 -26.670000076293945 -4.445000171661377
      vertex -12.699999809265137 -1.4528741836547852 -0.3730344772338867
    endloop
  endfacet
  facet normal -1 0 0
    outer loop
      vertex -12.699999809265137 -1.3946638107299805 -0.5521860122680664
      vertex -12.699999809265137 -26.670000076293945 -4.445000171661377
      vertex -12.699999809265137 -1.426584243774414 -0.46352481842041016
    endloop
  endfacet
  facet normal -1 0 0
    outer loop
      vertex -12.699999809265137 -1.3572397232055664 -0.6386680603027344
      vertex -12.699999809265137 -26.670000076293945 -4.445000171661377
      vertex -12.699999809265137 -1.3946638107299805 -0.5521860122680664
    endloop
  endfacet
  facet normal -1 0 0
    outer loop
      vertex -12.699999809265137 -1.3144598007202148 -0.722630500793457
      vertex -12.699999809265137 -26.670000076293945 -4.445000171661377
      vertex -12.699999809265137 -1.3572397232055664 -0.6386680603027344
    endloop
  endfacet
  facet normal -1 0 0
    outer loop
      vertex -12.699999809265137 -1.2664909362792969 -0.8037395477294922
      vertex -12.699999809265137 -26.670000076293945 -4.445000171661377
      vertex -12.699999809265137 -1.3144598007202148 -0.722630500793457
    endloop
  endfacet
  facet normal -1 0 0
    outer loop
      vertex -12.699999809265137 -1.2135248184204102 -0.8816776275634766
      vertex -12.699999809265137 -26.670000076293945 -4.445000171661377
      vertex -12.699999809265137 -1.2664909362792969 -0.8037395477294922
    endloop
  endfacet
  facet normal -1 0 0
    outer loop
      vertex -12.699999809265137 -1.1557693481445312 -0.9561357498168945
      vertex -12.699999809265137 -26.670000076293945 -4.445000171661377
      vertex -12.699999809265137 -1.2135248184204102 -0.8816776275634766
    endloop
  endfacet
  facet normal -1 0 0
    outer loop
      vertex -12.699999809265137 -1.0934524536132812 -1.026820182800293
      vertex -12.699999809265137 -26.670000076293945 -4.445000171661377
      vertex -12.699999809265137 -1.1557693481445312 -0.9561357498168945
    endloop
  endfacet
  facet normal -1 0 0
    outer loop
      vertex -12.699999809265137 -1.026820182800293 -1.0934524536132812
      vertex -12.699999809265137 -26.670000076293945 -4.445000171661377
      vertex -12.699999809265137 -1.0934524536132812 -1.026820182800293
    endloop
  endfacet
  facet normal -1 0 0
    outer loop
      vertex -12.699999809265137 -0.9561357498168945 -1.1557693481445312
      vertex -12.699999809265137 -26.670000076293945 -4.445000171661377
      vertex -12.699999809265137 -1.026820182800293 -1.0934524536132812
    endloop
  endfacet
  facet normal -1 0 0
    outer loop
      vertex -12.699999809265137 -0.8816776275634766 -1.2135248184204102
      vertex -12.699999809265137 -26.670000076293945 -4.445000171661377
      vertex -12.699999809265137 -0.9561357498168945 -1.1557693481445312
    endloop
  endfacet
  facet normal -1 0 0
    outer loop
      vertex -12.699999809265137 -0.8037395477294922 -1.2664909362792969
      vertex -12.699999809265137 -26.670000076293945 -4.445000171661377
      vertex -12.699999809265137 -0.8816776275634766 -1.2135248184204102
    endloop
  endfacet
  facet normal -1 0 0
    outer loop
      vertex -12.699999809265137 -0.722630500793457 -1.3144598007202148
      vertex -12.699999809265137 -26.670000076293945 -4.445000171661377
      vertex -12.699999809265137 -0.8037395477294922 -1.2664909362792969
    endloop
  endfacet
  facet normal -1 0 0
    outer loop
      vertex -12.699999809265137 -0.6386680603027344 -1.3572397232055664
      vertex -12.699999809265137 -26.670000076293945 -4.445000171661377
      vertex -12.699999809265137 -0.722630500793457 -1.3144598007202148
    endloop
  endfacet
  facet normal -1 0 0
    outer loop
      vertex -12.699999809265137 -0.5521860122680664 -1.3946638107299805
      vertex -12.699999809265137 -26.670000076293945 -4.445000171661377
      vertex -12.699999809265137 -0.6386680603027344 -1.3572397232055664
    endloop
  endfacet
  facet normal -1 0 0
    outer loop
      vertex -12.699999809265137 -0.46352481842041016 -1.426584243774414
      vertex -12.699999809265137 -26.670000076293945 -4.445000171661377
      vertex -12.699999809265137 -0.5521860122680664 -1.3946638107299805
    endloop
  endfacet
  facet normal -1 0 0
    outer loop
      vertex -12.699999809265137 -0.3730344772338867 -1.4528741836547852
      vertex -12.699999809265137 -26.670000076293945 -4.445000171661377
      vertex -12.699999809265137 -0.46352481842041016 -1.426584243774414
    endloop
  endfacet
  facet normal -1 0 0
    outer loop
      vertex -12.699999809265137 -33.02000045776367 -6.985000133514404
      vertex -12.699999809265137 -26.670000076293945 -4.445000171661377
      vertex -12.699999809265137 17.779998779296875 -6.985000133514404
    endloop
  endfacet
  facet normal -1 0 0
    outer loop
      vertex -12.699999809265137 -26.670000076293945 -4.445000171661377
      vertex -12.699999809265137 -33.02000045776367 -6.985000133514404
      vertex -12.699999809265137 -33.02000045776367 -4.445000171661377
    endloop
  endfacet
  facet normal -1 0 0
    outer loop
      vertex -12.699999809265137 1.4881715774536133 0.18799972534179688
      vertex -12.699999809265137 11.429999351501465 -4.445000171661377
      vertex -12.699999809265137 1.497039794921875 0.09418487548828125
    endloop
  endfacet
  facet normal -1 0 0
    outer loop
      vertex -12.699999809265137 11.429999351501465 -4.445000171661377
      vertex -12.699999809265137 1.4881715774536133 0.18799972534179688
      vertex -12.699999809265137 11.429999351501465 6.476999759674072
    endloop
  endfacet
  facet normal -1 0 0
    outer loop
      vertex -12.699999809265137 1.4734306335449219 0.28107166290283203
      vertex -12.699999809265137 11.429999351501465 6.476999759674072
      vertex -12.699999809265137 1.4881715774536133 0.18799972534179688
    endloop
  endfacet
  facet normal -1 0 0
    outer loop
      vertex -12.699999809265137 1.4528741836547852 0.3730344772338867
      vertex -12.699999809265137 11.429999351501465 6.476999759674072
      vertex -12.699999809265137 1.4734306335449219 0.28107166290283203
    endloop
  endfacet
  facet normal -1 0 0
    outer loop
      vertex -12.699999809265137 1.426584243774414 0.46352481842041016
      vertex -12.699999809265137 11.429999351501465 6.476999759674072
      vertex -12.699999809265137 1.4528741836547852 0.3730344772338867
    endloop
  endfacet
  facet normal -1 0 0
    outer loop
      vertex -12.699999809265137 1.3946638107299805 0.5521860122680664
      vertex -12.699999809265137 11.429999351501465 6.476999759674072
      vertex -12.699999809265137 1.426584243774414 0.46352481842041016
    endloop
  endfacet
  facet normal -1 0 0
    outer loop
      vertex -12.699999809265137 1.3572397232055664 0.6386680603027344
      vertex -12.699999809265137 11.429999351501465 6.476999759674072
      vertex -12.699999809265137 1.3946638107299805 0.5521860122680664
    endloop
  endfacet
  facet normal -1 0 0
    outer loop
      vertex -12.699999809265137 1.3144598007202148 0.722630500793457
      vertex -12.699999809265137 11.429999351501465 6.476999759674072
      vertex -12.699999809265137 1.3572397232055664 0.6386680603027344
    endloop
  endfacet
  facet normal -1 0 0
    outer loop
      vertex -12.699999809265137 1.2664909362792969 0.8037395477294922
      vertex -12.699999809265137 11.429999351501465 6.476999759674072
      vertex -12.699999809265137 1.3144598007202148 0.722630500793457
    endloop
  endfacet
  facet normal -1 0 0
    outer loop
      vertex -12.699999809265137 1.2135248184204102 0.8816776275634766
      vertex -12.699999809265137 11.429999351501465 6.476999759674072
      vertex -12.699999809265137 1.2664909362792969 0.8037395477294922
    endloop
  endfacet
  facet normal -1 0 0
    outer loop
      vertex -12.699999809265137 1.1557693481445312 0.9561357498168945
      vertex -12.699999809265137 11.429999351501465 6.476999759674072
      vertex -12.699999809265137 1.2135248184204102 0.8816776275634766
    endloop
  endfacet
  facet normal -1 0 0
    outer loop
      vertex -12.699999809265137 1.0934524536132812 1.026820182800293
      vertex -12.699999809265137 11.429999351501465 6.476999759674072
      vertex -12.699999809265137 1.1557693481445312 0.9561357498168945
    endloop
  endfacet
  facet normal -1 0 0
    outer loop
      vertex -12.699999809265137 1.026820182800293 1.0934524536132812
      vertex -12.699999809265137 11.429999351501465 6.476999759674072
      vertex -12.699999809265137 1.0934524536132812 1.026820182800293
    endloop
  endfacet
  facet normal -1 0 0
    outer loop
      vertex -12.699999809265137 0.9561357498168945 1.1557693481445312
      vertex -12.699999809265137 11.429999351501465 6.476999759674072
      vertex -12.699999809265137 1.026820182800293 1.0934524536132812
    endloop
  endfacet
  facet normal -1 0 0
    outer loop
      vertex -12.699999809265137 0.8816776275634766 1.2135248184204102
      vertex -12.699999809265137 11.429999351501465 6.476999759674072
      vertex -12.699999809265137 0.9561357498168945 1.1557693481445312
    endloop
  endfacet
  facet normal -1 0 0
    outer loop
      vertex -12.699999809265137 0.8037395477294922 1.2664909362792969
      vertex -12.699999809265137 11.429999351501465 6.476999759674072
      vertex -12.699999809265137 0.8816776275634766 1.2135248184204102
    endloop
  endfacet
  facet normal -1 0 0
    outer loop
      vertex -12.699999809265137 0.722630500793457 1.3144598007202148
      vertex -12.699999809265137 11.429999351501465 6.476999759674072
      vertex -12.699999809265137 0.8037395477294922 1.2664909362792969
    endloop
  endfacet
  facet normal -1 0 0
    outer loop
      vertex -12.699999809265137 0.6386680603027344 1.3572397232055664
      vertex -12.699999809265137 11.429999351501465 6.476999759674072
      vertex -12.699999809265137 0.722630500793457 1.3144598007202148
    endloop
  endfacet
  facet normal -1 0 0
    outer loop
      vertex -12.699999809265137 0.5521860122680664 1.3946638107299805
      vertex -12.699999809265137 11.429999351501465 6.476999759674072
      vertex -12.699999809265137 0.6386680603027344 1.3572397232055664
    endloop
  endfacet
  facet normal -1 0 0
    outer loop
      vertex -12.699999809265137 0.46352481842041016 1.426584243774414
      vertex -12.699999809265137 11.429999351501465 6.476999759674072
      vertex -12.699999809265137 0.5521860122680664 1.3946638107299805
    endloop
  endfacet
  facet normal -1 0 0
    outer loop
      vertex -12.699999809265137 0.3730344772338867 1.4528741836547852
      vertex -12.699999809265137 11.429999351501465 6.476999759674072
      vertex -12.699999809265137 0.46352481842041016 1.426584243774414
    endloop
  endfacet
  facet normal -1 0 0
    outer loop
      vertex -12.699999809265137 0.28107166290283203 1.4734306335449219
      vertex -12.699999809265137 11.429999351501465 6.476999759674072
      vertex -12.699999809265137 0.3730344772338867 1.4528741836547852
    endloop
  endfacet
  facet normal -1 0 0
    outer loop
      vertex -12.699999809265137 0.18799972534179688 1.4881715774536133
      vertex -12.699999809265137 11.429999351501465 6.476999759674072
      vertex -12.699999809265137 0.28107166290283203 1.4734306335449219
    endloop
  endfacet
  facet normal -1 0 0
    outer loop
      vertex -12.699999809265137 0.09418487548828125 1.497039794921875
      vertex -12.699999809265137 11.429999351501465 6.476999759674072
      vertex -12.699999809265137 0.18799972534179688 1.4881715774536133
    endloop
  endfacet
  facet normal -1 0 0
    outer loop
      vertex -12.699999809265137 0 1.5
      vertex -12.699999809265137 11.429999351501465 6.476999759674072
      vertex -12.699999809265137 0.09418487548828125 1.497039794921875
    endloop
  endfacet
  facet normal -1 0 0
    outer loop
      vertex -12.699999809265137 -0.09418487548828125 1.497039794921875
      vertex -12.699999809265137 11.429999351501465 6.476999759674072
      vertex -12.699999809265137 0 1.5
    endloop
  endfacet
  facet normal -1 0 0
    outer loop
      vertex -12.699999809265137 -0.18799972534179688 1.4881715774536133
      vertex -12.699999809265137 11.429999351501465 6.476999759674072
      vertex -12.699999809265137 -0.09418487548828125 1.497039794921875
    endloop
  endfacet
  facet normal -1 0 0
    outer loop
      vertex -12.699999809265137 -0.28107166290283203 1.4734306335449219
      vertex -12.699999809265137 11.429999351501465 6.476999759674072
      vertex -12.699999809265137 -0.18799972534179688 1.4881715774536133
    endloop
  endfacet
  facet normal -1 0 0
    outer loop
      vertex -12.699999809265137 -0.3730344772338867 1.4528741836547852
      vertex -12.699999809265137 11.429999351501465 6.476999759674072
      vertex -12.699999809265137 -0.28107166290283203 1.4734306335449219
    endloop
  endfacet
  facet normal -1 0 0
    outer loop
      vertex -12.699999809265137 -26.670000076293945 6.476999759674072
      vertex -12.699999809265137 -0.3730344772338867 1.4528741836547852
      vertex -12.699999809265137 -0.46352481842041016 1.426584243774414
    endloop
  endfacet
  facet normal -1 0 0
    outer loop
      vertex -12.699999809265137 -26.670000076293945 6.476999759674072
      vertex -12.699999809265137 -0.46352481842041016 1.426584243774414
      vertex -12.699999809265137 -0.5521860122680664 1.3946638107299805
    endloop
  endfacet
  facet normal -1 0 0
    outer loop
      vertex -12.699999809265137 -26.670000076293945 -4.445000171661377
      vertex -12.699999809265137 -1.497039794921875 0.09418487548828125
      vertex -12.699999809265137 -1.5 0
    endloop
  endfacet
  facet normal -1 0 0
    outer loop
      vertex -12.699999809265137 -26.670000076293945 6.476999759674072
      vertex -12.699999809265137 -1.497039794921875 0.09418487548828125
      vertex -12.699999809265137 -26.670000076293945 -4.445000171661377
    endloop
  endfacet
  facet normal -1 0 0
    outer loop
      vertex -12.699999809265137 -1.497039794921875 0.09418487548828125
      vertex -12.699999809265137 -26.670000076293945 6.476999759674072
      vertex -12.699999809265137 -1.4881715774536133 0.18799972534179688
    endloop
  endfacet
  facet normal -1 0 0
    outer loop
      vertex -12.699999809265137 -1.4881715774536133 0.18799972534179688
      vertex -12.699999809265137 -26.670000076293945 6.476999759674072
      vertex -12.699999809265137 -1.4734306335449219 0.28107166290283203
    endloop
  endfacet
  facet normal -1 0 0
    outer loop
      vertex -12.699999809265137 -1.4734306335449219 0.28107166290283203
      vertex -12.699999809265137 -26.670000076293945 6.476999759674072
      vertex -12.699999809265137 -1.4528741836547852 0.3730344772338867
    endloop
  endfacet
  facet normal -1 0 0
    outer loop
      vertex -12.699999809265137 -1.4528741836547852 0.3730344772338867
      vertex -12.699999809265137 -26.670000076293945 6.476999759674072
      vertex -12.699999809265137 -1.426584243774414 0.46352481842041016
    endloop
  endfacet
  facet normal -1 0 0
    outer loop
      vertex -12.699999809265137 -1.426584243774414 0.46352481842041016
      vertex -12.699999809265137 -26.670000076293945 6.476999759674072
      vertex -12.699999809265137 -1.3946638107299805 0.5521860122680664
    endloop
  endfacet
  facet normal -1 0 0
    outer loop
      vertex -12.699999809265137 -1.3946638107299805 0.5521860122680664
      vertex -12.699999809265137 -26.670000076293945 6.476999759674072
      vertex -12.699999809265137 -1.3572397232055664 0.6386680603027344
    endloop
  endfacet
  facet normal -1 0 0
    outer loop
      vertex -12.699999809265137 -1.3572397232055664 0.6386680603027344
      vertex -12.699999809265137 -26.670000076293945 6.476999759674072
      vertex -12.699999809265137 -1.3144598007202148 0.722630500793457
    endloop
  endfacet
  facet normal -1 0 0
    outer loop
      vertex -12.699999809265137 -1.3144598007202148 0.722630500793457
      vertex -12.699999809265137 -26.670000076293945 6.476999759674072
      vertex -12.699999809265137 -1.2664909362792969 0.8037395477294922
    endloop
  endfacet
  facet normal -1 0 0
    outer loop
      vertex -12.699999809265137 -1.2664909362792969 0.8037395477294922
      vertex -12.699999809265137 -26.670000076293945 6.476999759674072
      vertex -12.699999809265137 -1.2135248184204102 0.8816776275634766
    endloop
  endfacet
  facet normal -1 0 0
    outer loop
      vertex -12.699999809265137 -1.2135248184204102 0.8816776275634766
      vertex -12.699999809265137 -26.670000076293945 6.476999759674072
      vertex -12.699999809265137 -1.1557693481445312 0.9561357498168945
    endloop
  endfacet
  facet normal -1 0 0
    outer loop
      vertex -12.699999809265137 -1.1557693481445312 0.9561357498168945
      vertex -12.699999809265137 -26.670000076293945 6.476999759674072
      vertex -12.699999809265137 -1.0934524536132812 1.026820182800293
    endloop
  endfacet
  facet normal -1 0 0
    outer loop
      vertex -12.699999809265137 -1.0934524536132812 1.026820182800293
      vertex -12.699999809265137 -26.670000076293945 6.476999759674072
      vertex -12.699999809265137 -1.026820182800293 1.0934524536132812
    endloop
  endfacet
  facet normal -1 0 0
    outer loop
      vertex -12.699999809265137 -1.026820182800293 1.0934524536132812
      vertex -12.699999809265137 -26.670000076293945 6.476999759674072
      vertex -12.699999809265137 -0.9561357498168945 1.1557693481445312
    endloop
  endfacet
  facet normal -1 0 0
    outer loop
      vertex -12.699999809265137 -0.9561357498168945 1.1557693481445312
      vertex -12.699999809265137 -26.670000076293945 6.476999759674072
      vertex -12.699999809265137 -0.8816776275634766 1.2135248184204102
    endloop
  endfacet
  facet normal -1 0 0
    outer loop
      vertex -12.699999809265137 -0.8816776275634766 1.2135248184204102
      vertex -12.699999809265137 -26.670000076293945 6.476999759674072
      vertex -12.699999809265137 -0.8037395477294922 1.2664909362792969
    endloop
  endfacet
  facet normal -1 0 0
    outer loop
      vertex -12.699999809265137 -0.8037395477294922 1.2664909362792969
      vertex -12.699999809265137 -26.670000076293945 6.476999759674072
      vertex -12.699999809265137 -0.722630500793457 1.3144598007202148
    endloop
  endfacet
  facet normal -1 0 0
    outer loop
      vertex -12.699999809265137 -0.722630500793457 1.3144598007202148
      vertex -12.699999809265137 -26.670000076293945 6.476999759674072
      vertex -12.699999809265137 -0.6386680603027344 1.3572397232055664
    endloop
  endfacet
  facet normal -1 0 0
    outer loop
      vertex -12.699999809265137 -0.6386680603027344 1.3572397232055664
      vertex -12.699999809265137 -26.670000076293945 6.476999759674072
      vertex -12.699999809265137 -0.5521860122680664 1.3946638107299805
    endloop
  endfacet
  facet normal -1 0 0
    outer loop
      vertex -12.699999809265137 -0.3730344772338867 1.4528741836547852
      vertex -12.699999809265137 -26.670000076293945 6.476999759674072
      vertex -12.699999809265137 11.429999351501465 6.476999759674072
    endloop
  endfacet
  facet normal 1 0 0
    outer loop
      vertex 12.699999809265137 1.4881715774536133 0.18799972534179688
      vertex 12.699999809265137 11.429999351501465 -4.445000171661377
      vertex 12.699999809265137 11.429999351501465 6.476999759674072
    endloop
  endfacet
  facet normal 1 0 0
    outer loop
      vertex 12.699999809265137 11.429999351501465 -4.445000171661377
      vertex 12.699999809265137 1.497039794921875 0.09418487548828125
      vertex 12.699999809265137 1.5 0
    endloop
  endfacet
  facet normal 1 0 0
    outer loop
      vertex 12.699999809265137 11.429999351501465 -4.445000171661377
      vertex 12.699999809265137 1.4881715774536133 0.18799972534179688
      vertex 12.699999809265137 1.497039794921875 0.09418487548828125
    endloop
  endfacet
  facet normal 1 0 0
    outer loop
      vertex 12.699999809265137 11.429999351501465 6.476999759674072
      vertex 12.699999809265137 1.4734306335449219 0.28107166290283203
      vertex 12.699999809265137 1.4881715774536133 0.18799972534179688
    endloop
  endfacet
  facet normal 1 0 0
    outer loop
      vertex 12.699999809265137 11.429999351501465 6.476999759674072
      vertex 12.699999809265137 1.4528741836547852 0.3730344772338867
      vertex 12.699999809265137 1.4734306335449219 0.28107166290283203
    endloop
  endfacet
  facet normal 1 0 0
    outer loop
      vertex 12.699999809265137 11.429999351501465 6.476999759674072
      vertex 12.699999809265137 1.426584243774414 0.46352481842041016
      vertex 12.699999809265137 1.4528741836547852 0.3730344772338867
    endloop
  endfacet
  facet normal 1 0 0
    outer loop
      vertex 12.699999809265137 11.429999351501465 6.476999759674072
      vertex 12.699999809265137 1.3946638107299805 0.5521860122680664
      vertex 12.699999809265137 1.426584243774414 0.46352481842041016
    endloop
  endfacet
  facet normal 1 0 0
    outer loop
      vertex 12.699999809265137 11.429999351501465 6.476999759674072
      vertex 12.699999809265137 1.3572397232055664 0.6386680603027344
      vertex 12.699999809265137 1.3946638107299805 0.5521860122680664
    endloop
  endfacet
  facet normal 1 0 0
    outer loop
      vertex 12.699999809265137 11.429999351501465 6.476999759674072
      vertex 12.699999809265137 1.3144598007202148 0.722630500793457
      vertex 12.699999809265137 1.3572397232055664 0.6386680603027344
    endloop
  endfacet
  facet normal 1 0 0
    outer loop
      vertex 12.699999809265137 11.429999351501465 6.476999759674072
      vertex 12.699999809265137 1.2664909362792969 0.8037395477294922
      vertex 12.699999809265137 1.3144598007202148 0.722630500793457
    endloop
  endfacet
  facet normal 1 0 0
    outer loop
      vertex 12.699999809265137 11.429999351501465 6.476999759674072
      vertex 12.699999809265137 1.2135248184204102 0.8816776275634766
      vertex 12.699999809265137 1.2664909362792969 0.8037395477294922
    endloop
  endfacet
  facet normal 1 0 0
    outer loop
      vertex 12.699999809265137 11.429999351501465 6.476999759674072
      vertex 12.699999809265137 1.1557693481445312 0.9561357498168945
      vertex 12.699999809265137 1.2135248184204102 0.8816776275634766
    endloop
  endfacet
  facet normal 1 0 0
    outer loop
      vertex 12.699999809265137 11.429999351501465 6.476999759674072
      vertex 12.699999809265137 1.0934524536132812 1.026820182800293
      vertex 12.699999809265137 1.1557693481445312 0.9561357498168945
    endloop
  endfacet
  facet normal 1 0 0
    outer loop
      vertex 12.699999809265137 11.429999351501465 6.476999759674072
      vertex 12.699999809265137 1.026820182800293 1.0934524536132812
      vertex 12.699999809265137 1.0934524536132812 1.026820182800293
    endloop
  endfacet
  facet normal 1 0 0
    outer loop
      vertex 12.699999809265137 11.429999351501465 6.476999759674072
      vertex 12.699999809265137 0.9561357498168945 1.1557693481445312
      vertex 12.699999809265137 1.026820182800293 1.0934524536132812
    endloop
  endfacet
  facet normal 1 0 0
    outer loop
      vertex 12.699999809265137 11.429999351501465 6.476999759674072
      vertex 12.699999809265137 0.8816776275634766 1.2135248184204102
      vertex 12.699999809265137 0.9561357498168945 1.1557693481445312
    endloop
  endfacet
  facet normal 1 0 0
    outer loop
      vertex 12.699999809265137 11.429999351501465 6.476999759674072
      vertex 12.699999809265137 0.8037395477294922 1.2664909362792969
      vertex 12.699999809265137 0.8816776275634766 1.2135248184204102
    endloop
  endfacet
  facet normal 1 0 0
    outer loop
      vertex 12.699999809265137 11.429999351501465 6.476999759674072
      vertex 12.699999809265137 0.722630500793457 1.3144598007202148
      vertex 12.699999809265137 0.8037395477294922 1.2664909362792969
    endloop
  endfacet
  facet normal 1 0 0
    outer loop
      vertex 12.699999809265137 11.429999351501465 6.476999759674072
      vertex 12.699999809265137 0.6386680603027344 1.3572397232055664
      vertex 12.699999809265137 0.722630500793457 1.3144598007202148
    endloop
  endfacet
  facet normal 1 0 0
    outer loop
      vertex 12.699999809265137 11.429999351501465 6.476999759674072
      vertex 12.699999809265137 0.5521860122680664 1.3946638107299805
      vertex 12.699999809265137 0.6386680603027344 1.3572397232055664
    endloop
  endfacet
  facet normal 1 0 0
    outer loop
      vertex 12.699999809265137 11.429999351501465 6.476999759674072
      vertex 12.699999809265137 0.46352481842041016 1.426584243774414
      vertex 12.699999809265137 0.5521860122680664 1.3946638107299805
    endloop
  endfacet
  facet normal 1 0 0
    outer loop
      vertex 12.699999809265137 11.429999351501465 6.476999759674072
      vertex 12.699999809265137 0.3730344772338867 1.4528741836547852
      vertex 12.699999809265137 0.46352481842041016 1.426584243774414
    endloop
  endfacet
  facet normal 1 0 0
    outer loop
      vertex 12.699999809265137 11.429999351501465 6.476999759674072
      vertex 12.699999809265137 0.28107166290283203 1.4734306335449219
      vertex 12.699999809265137 0.3730344772338867 1.4528741836547852
    endloop
  endfacet
  facet normal 1 0 0
    outer loop
      vertex 12.699999809265137 11.429999351501465 6.476999759674072
      vertex 12.699999809265137 0.18799972534179688 1.4881715774536133
      vertex 12.699999809265137 0.28107166290283203 1.4734306335449219
    endloop
  endfacet
  facet normal 1 0 0
    outer loop
      vertex 12.699999809265137 11.429999351501465 6.476999759674072
      vertex 12.699999809265137 0.09418487548828125 1.497039794921875
      vertex 12.699999809265137 0.18799972534179688 1.4881715774536133
    endloop
  endfacet
  facet normal 1 0 0
    outer loop
      vertex 12.699999809265137 11.429999351501465 6.476999759674072
      vertex 12.699999809265137 0 1.5
      vertex 12.699999809265137 0.09418487548828125 1.497039794921875
    endloop
  endfacet
  facet normal 1 0 0
    outer loop
      vertex 12.699999809265137 11.429999351501465 6.476999759674072
      vertex 12.699999809265137 -0.09418487548828125 1.497039794921875
      vertex 12.699999809265137 0 1.5
    endloop
  endfacet
  facet normal 1 0 0
    outer loop
      vertex 12.699999809265137 11.429999351501465 6.476999759674072
      vertex 12.699999809265137 -0.18799972534179688 1.4881715774536133
      vertex 12.699999809265137 -0.09418487548828125 1.497039794921875
    endloop
  endfacet
  facet normal 1 0 0
    outer loop
      vertex 12.699999809265137 11.429999351501465 6.476999759674072
      vertex 12.699999809265137 -0.28107166290283203 1.4734306335449219
      vertex 12.699999809265137 -0.18799972534179688 1.4881715774536133
    endloop
  endfacet
  facet normal 1 0 0
    outer loop
      vertex 12.699999809265137 11.429999351501465 6.476999759674072
      vertex 12.699999809265137 -0.3730344772338867 1.4528741836547852
      vertex 12.699999809265137 -0.28107166290283203 1.4734306335449219
    endloop
  endfacet
  facet normal 1 0 0
    outer loop
      vertex 12.699999809265137 -26.670000076293945 6.476999759674072
      vertex 12.699999809265137 -0.3730344772338867 1.4528741836547852
      vertex 12.699999809265137 11.429999351501465 6.476999759674072
    endloop
  endfacet
  facet normal 1 0 0
    outer loop
      vertex 12.699999809265137 -0.3730344772338867 1.4528741836547852
      vertex 12.699999809265137 -26.670000076293945 6.476999759674072
      vertex 12.699999809265137 -0.46352481842041016 1.426584243774414
    endloop
  endfacet
  facet normal 1 0 0
    outer loop
      vertex 12.699999809265137 -26.670000076293945 -4.445000171661377
      vertex 12.699999809265137 -1.497039794921875 0.09418487548828125
      vertex 12.699999809265137 -26.670000076293945 6.476999759674072
    endloop
  endfacet
  facet normal 1 0 0
    outer loop
      vertex 12.699999809265137 -1.4881715774536133 0.18799972534179688
      vertex 12.699999809265137 -26.670000076293945 6.476999759674072
      vertex 12.699999809265137 -1.497039794921875 0.09418487548828125
    endloop
  endfacet
  facet normal 1 0 0
    outer loop
      vertex 12.699999809265137 -1.4734306335449219 0.28107166290283203
      vertex 12.699999809265137 -26.670000076293945 6.476999759674072
      vertex 12.699999809265137 -1.4881715774536133 0.18799972534179688
    endloop
  endfacet
  facet normal 1 0 0
    outer loop
      vertex 12.699999809265137 -1.4528741836547852 0.3730344772338867
      vertex 12.699999809265137 -26.670000076293945 6.476999759674072
      vertex 12.699999809265137 -1.4734306335449219 0.28107166290283203
    endloop
  endfacet
  facet normal 1 0 0
    outer loop
      vertex 12.699999809265137 -1.426584243774414 0.46352481842041016
      vertex 12.699999809265137 -26.670000076293945 6.476999759674072
      vertex 12.699999809265137 -1.4528741836547852 0.3730344772338867
    endloop
  endfacet
  facet normal 1 0 0
    outer loop
      vertex 12.699999809265137 -1.3946638107299805 0.5521860122680664
      vertex 12.699999809265137 -26.670000076293945 6.476999759674072
      vertex 12.699999809265137 -1.426584243774414 0.46352481842041016
    endloop
  endfacet
  facet normal 1 0 0
    outer loop
      vertex 12.699999809265137 -1.3572397232055664 0.6386680603027344
      vertex 12.699999809265137 -26.670000076293945 6.476999759674072
      vertex 12.699999809265137 -1.3946638107299805 0.5521860122680664
    endloop
  endfacet
  facet normal 1 0 0
    outer loop
      vertex 12.699999809265137 -1.3144598007202148 0.722630500793457
      vertex 12.699999809265137 -26.670000076293945 6.476999759674072
      vertex 12.699999809265137 -1.3572397232055664 0.6386680603027344
    endloop
  endfacet
  facet normal 1 0 0
    outer loop
      vertex 12.699999809265137 -1.2664909362792969 0.8037395477294922
      vertex 12.699999809265137 -26.670000076293945 6.476999759674072
      vertex 12.699999809265137 -1.3144598007202148 0.722630500793457
    endloop
  endfacet
  facet normal 1 0 0
    outer loop
      vertex 12.699999809265137 -1.2135248184204102 0.8816776275634766
      vertex 12.699999809265137 -26.670000076293945 6.476999759674072
      vertex 12.699999809265137 -1.2664909362792969 0.8037395477294922
    endloop
  endfacet
  facet normal 1 0 0
    outer loop
      vertex 12.699999809265137 -1.1557693481445312 0.9561357498168945
      vertex 12.699999809265137 -26.670000076293945 6.476999759674072
      vertex 12.699999809265137 -1.2135248184204102 0.8816776275634766
    endloop
  endfacet
  facet normal 1 0 0
    outer loop
      vertex 12.699999809265137 -1.0934524536132812 1.026820182800293
      vertex 12.699999809265137 -26.670000076293945 6.476999759674072
      vertex 12.699999809265137 -1.1557693481445312 0.9561357498168945
    endloop
  endfacet
  facet normal 1 0 0
    outer loop
      vertex 12.699999809265137 -1.026820182800293 1.0934524536132812
      vertex 12.699999809265137 -26.670000076293945 6.476999759674072
      vertex 12.699999809265137 -1.0934524536132812 1.026820182800293
    endloop
  endfacet
  facet normal 1 0 0
    outer loop
      vertex 12.699999809265137 -0.9561357498168945 1.1557693481445312
      vertex 12.699999809265137 -26.670000076293945 6.476999759674072
      vertex 12.699999809265137 -1.026820182800293 1.0934524536132812
    endloop
  endfacet
  facet normal 1 0 0
    outer loop
      vertex 12.699999809265137 -0.8816776275634766 1.2135248184204102
      vertex 12.699999809265137 -26.670000076293945 6.476999759674072
      vertex 12.699999809265137 -0.9561357498168945 1.1557693481445312
    endloop
  endfacet
  facet normal 1 0 0
    outer loop
      vertex 12.699999809265137 -0.8037395477294922 1.2664909362792969
      vertex 12.699999809265137 -26.670000076293945 6.476999759674072
      vertex 12.699999809265137 -0.8816776275634766 1.2135248184204102
    endloop
  endfacet
  facet normal 1 0 0
    outer loop
      vertex 12.699999809265137 -0.722630500793457 1.3144598007202148
      vertex 12.699999809265137 -26.670000076293945 6.476999759674072
      vertex 12.699999809265137 -0.8037395477294922 1.2664909362792969
    endloop
  endfacet
  facet normal 1 0 0
    outer loop
      vertex 12.699999809265137 -0.6386680603027344 1.3572397232055664
      vertex 12.699999809265137 -26.670000076293945 6.476999759674072
      vertex 12.699999809265137 -0.722630500793457 1.3144598007202148
    endloop
  endfacet
  facet normal 1 0 0
    outer loop
      vertex 12.699999809265137 -0.5521860122680664 1.3946638107299805
      vertex 12.699999809265137 -26.670000076293945 6.476999759674072
      vertex 12.699999809265137 -0.6386680603027344 1.3572397232055664
    endloop
  endfacet
  facet normal 1 0 0
    outer loop
      vertex 12.699999809265137 -0.46352481842041016 1.426584243774414
      vertex 12.699999809265137 -26.670000076293945 6.476999759674072
      vertex 12.699999809265137 -0.5521860122680664 1.3946638107299805
    endloop
  endfacet
  facet normal 1 0 0
    outer loop
      vertex 12.699999809265137 11.429999351501465 -4.445000171661377
      vertex 12.699999809265137 17.779998779296875 -6.985000133514404
      vertex 12.699999809265137 17.779998779296875 -4.445000171661377
    endloop
  endfacet
  facet normal 1 0 0
    outer loop
      vertex 12.699999809265137 1.497039794921875 -0.09418487548828125
      vertex 12.699999809265137 11.429999351501465 -4.445000171661377
      vertex 12.699999809265137 1.5 0
    endloop
  endfacet
  facet normal 1 0 0
    outer loop
      vertex 12.699999809265137 1.4881715774536133 -0.18799972534179688
      vertex 12.699999809265137 11.429999351501465 -4.445000171661377
      vertex 12.699999809265137 1.497039794921875 -0.09418487548828125
    endloop
  endfacet
  facet normal 1 0 0
    outer loop
      vertex 12.699999809265137 1.4734306335449219 -0.28107166290283203
      vertex 12.699999809265137 11.429999351501465 -4.445000171661377
      vertex 12.699999809265137 1.4881715774536133 -0.18799972534179688
    endloop
  endfacet
  facet normal 1 0 0
    outer loop
      vertex 12.699999809265137 1.4528741836547852 -0.3730344772338867
      vertex 12.699999809265137 11.429999351501465 -4.445000171661377
      vertex 12.699999809265137 1.4734306335449219 -0.28107166290283203
    endloop
  endfacet
  facet normal 1 0 0
    outer loop
      vertex 12.699999809265137 1.426584243774414 -0.46352481842041016
      vertex 12.699999809265137 11.429999351501465 -4.445000171661377
      vertex 12.699999809265137 1.4528741836547852 -0.3730344772338867
    endloop
  endfacet
  facet normal 1 0 0
    outer loop
      vertex 12.699999809265137 1.3946638107299805 -0.5521860122680664
      vertex 12.699999809265137 11.429999351501465 -4.445000171661377
      vertex 12.699999809265137 1.426584243774414 -0.46352481842041016
    endloop
  endfacet
  facet normal 1 0 0
    outer loop
      vertex 12.699999809265137 1.3572397232055664 -0.6386680603027344
      vertex 12.699999809265137 11.429999351501465 -4.445000171661377
      vertex 12.699999809265137 1.3946638107299805 -0.5521860122680664
    endloop
  endfacet
  facet normal 1 0 0
    outer loop
      vertex 12.699999809265137 1.3144598007202148 -0.722630500793457
      vertex 12.699999809265137 11.429999351501465 -4.445000171661377
      vertex 12.699999809265137 1.3572397232055664 -0.6386680603027344
    endloop
  endfacet
  facet normal 1 0 0
    outer loop
      vertex 12.699999809265137 1.2664909362792969 -0.8037395477294922
      vertex 12.699999809265137 11.429999351501465 -4.445000171661377
      vertex 12.699999809265137 1.3144598007202148 -0.722630500793457
    endloop
  endfacet
  facet normal 1 0 0
    outer loop
      vertex 12.699999809265137 1.2135248184204102 -0.8816776275634766
      vertex 12.699999809265137 11.429999351501465 -4.445000171661377
      vertex 12.699999809265137 1.2664909362792969 -0.8037395477294922
    endloop
  endfacet
  facet normal 1 0 0
    outer loop
      vertex 12.699999809265137 1.1557693481445312 -0.9561357498168945
      vertex 12.699999809265137 11.429999351501465 -4.445000171661377
      vertex 12.699999809265137 1.2135248184204102 -0.8816776275634766
    endloop
  endfacet
  facet normal 1 0 0
    outer loop
      vertex 12.699999809265137 1.0934524536132812 -1.026820182800293
      vertex 12.699999809265137 11.429999351501465 -4.445000171661377
      vertex 12.699999809265137 1.1557693481445312 -0.9561357498168945
    endloop
  endfacet
  facet normal 1 0 0
    outer loop
      vertex 12.699999809265137 1.026820182800293 -1.0934524536132812
      vertex 12.699999809265137 11.429999351501465 -4.445000171661377
      vertex 12.699999809265137 1.0934524536132812 -1.026820182800293
    endloop
  endfacet
  facet normal 1 0 0
    outer loop
      vertex 12.699999809265137 0.9561357498168945 -1.1557693481445312
      vertex 12.699999809265137 11.429999351501465 -4.445000171661377
      vertex 12.699999809265137 1.026820182800293 -1.0934524536132812
    endloop
  endfacet
  facet normal 1 0 0
    outer loop
      vertex 12.699999809265137 0.8816776275634766 -1.2135248184204102
      vertex 12.699999809265137 11.429999351501465 -4.445000171661377
      vertex 12.699999809265137 0.9561357498168945 -1.1557693481445312
    endloop
  endfacet
  facet normal 1 0 0
    outer loop
      vertex 12.699999809265137 0.8037395477294922 -1.2664909362792969
      vertex 12.699999809265137 11.429999351501465 -4.445000171661377
      vertex 12.699999809265137 0.8816776275634766 -1.2135248184204102
    endloop
  endfacet
  facet normal 1 0 0
    outer loop
      vertex 12.699999809265137 0.722630500793457 -1.3144598007202148
      vertex 12.699999809265137 11.429999351501465 -4.445000171661377
      vertex 12.699999809265137 0.8037395477294922 -1.2664909362792969
    endloop
  endfacet
  facet normal 1 0 0
    outer loop
      vertex 12.699999809265137 0.6386680603027344 -1.3572397232055664
      vertex 12.699999809265137 11.429999351501465 -4.445000171661377
      vertex 12.699999809265137 0.722630500793457 -1.3144598007202148
    endloop
  endfacet
  facet normal 1 0 0
    outer loop
      vertex 12.699999809265137 0.5521860122680664 -1.3946638107299805
      vertex 12.699999809265137 11.429999351501465 -4.445000171661377
      vertex 12.699999809265137 0.6386680603027344 -1.3572397232055664
    endloop
  endfacet
  facet normal 1 0 0
    outer loop
      vertex 12.699999809265137 0.46352481842041016 -1.426584243774414
      vertex 12.699999809265137 11.429999351501465 -4.445000171661377
      vertex 12.699999809265137 0.5521860122680664 -1.3946638107299805
    endloop
  endfacet
  facet normal 1 0 0
    outer loop
      vertex 12.699999809265137 0.3730344772338867 -1.4528741836547852
      vertex 12.699999809265137 11.429999351501465 -4.445000171661377
      vertex 12.699999809265137 0.46352481842041016 -1.426584243774414
    endloop
  endfacet
  facet normal 1 0 0
    outer loop
      vertex 12.699999809265137 0.28107166290283203 -1.4734306335449219
      vertex 12.699999809265137 11.429999351501465 -4.445000171661377
      vertex 12.699999809265137 0.3730344772338867 -1.4528741836547852
    endloop
  endfacet
  facet normal 1 0 0
    outer loop
      vertex 12.699999809265137 0.18799972534179688 -1.4881715774536133
      vertex 12.699999809265137 11.429999351501465 -4.445000171661377
      vertex 12.699999809265137 0.28107166290283203 -1.4734306335449219
    endloop
  endfacet
  facet normal 1 0 0
    outer loop
      vertex 12.699999809265137 0.09418487548828125 -1.497039794921875
      vertex 12.699999809265137 11.429999351501465 -4.445000171661377
      vertex 12.699999809265137 0.18799972534179688 -1.4881715774536133
    endloop
  endfacet
  facet normal 1 0 0
    outer loop
      vertex 12.699999809265137 0 -1.5
      vertex 12.699999809265137 11.429999351501465 -4.445000171661377
      vertex 12.699999809265137 0.09418487548828125 -1.497039794921875
    endloop
  endfacet
  facet normal 1 0 0
    outer loop
      vertex 12.699999809265137 -0.09418487548828125 -1.497039794921875
      vertex 12.699999809265137 11.429999351501465 -4.445000171661377
      vertex 12.699999809265137 0 -1.5
    endloop
  endfacet
  facet normal 1 0 0
    outer loop
      vertex 12.699999809265137 -0.18799972534179688 -1.4881715774536133
      vertex 12.699999809265137 11.429999351501465 -4.445000171661377
      vertex 12.699999809265137 -0.09418487548828125 -1.497039794921875
    endloop
  endfacet
  facet normal 1 0 0
    outer loop
      vertex 12.699999809265137 -26.670000076293945 -4.445000171661377
      vertex 12.699999809265137 11.429999351501465 -4.445000171661377
      vertex 12.699999809265137 -0.18799972534179688 -1.4881715774536133
    endloop
  endfacet
  facet normal 1 0 0
    outer loop
      vertex 12.699999809265137 -26.670000076293945 -4.445000171661377
      vertex 12.699999809265137 -0.18799972534179688 -1.4881715774536133
      vertex 12.699999809265137 -0.28107166290283203 -1.4734306335449219
    endloop
  endfacet
  facet normal 1 0 0
    outer loop
      vertex 12.699999809265137 -26.670000076293945 -4.445000171661377
      vertex 12.699999809265137 -0.28107166290283203 -1.4734306335449219
      vertex 12.699999809265137 -0.3730344772338867 -1.4528741836547852
    endloop
  endfacet
  facet normal 1 0 0
    outer loop
      vertex 12.699999809265137 -26.670000076293945 -4.445000171661377
      vertex 12.699999809265137 -0.3730344772338867 -1.4528741836547852
      vertex 12.699999809265137 -0.46352481842041016 -1.426584243774414
    endloop
  endfacet
  facet normal 1 0 0
    outer loop
      vertex 12.699999809265137 -1.497039794921875 0.09418487548828125
      vertex 12.699999809265137 -26.670000076293945 -4.445000171661377
      vertex 12.699999809265137 -1.5 0
    endloop
  endfacet
  facet normal 1 0 0
    outer loop
      vertex 12.699999809265137 -1.5 0
      vertex 12.699999809265137 -26.670000076293945 -4.445000171661377
      vertex 12.699999809265137 -1.497039794921875 -0.09418487548828125
    endloop
  endfacet
  facet normal 1 0 0
    outer loop
      vertex 12.699999809265137 -1.497039794921875 -0.09418487548828125
      vertex 12.699999809265137 -26.670000076293945 -4.445000171661377
      vertex 12.699999809265137 -1.4881715774536133 -0.18799972534179688
    endloop
  endfacet
  facet normal 1 0 0
    outer loop
      vertex 12.699999809265137 -1.4881715774536133 -0.18799972534179688
      vertex 12.699999809265137 -26.670000076293945 -4.445000171661377
      vertex 12.699999809265137 -1.4734306335449219 -0.28107166290283203
    endloop
  endfacet
  facet normal 1 0 0
    outer loop
      vertex 12.699999809265137 -1.4734306335449219 -0.28107166290283203
      vertex 12.699999809265137 -26.670000076293945 -4.445000171661377
      vertex 12.699999809265137 -1.4528741836547852 -0.3730344772338867
    endloop
  endfacet
  facet normal 1 0 0
    outer loop
      vertex 12.699999809265137 -1.4528741836547852 -0.3730344772338867
      vertex 12.699999809265137 -26.670000076293945 -4.445000171661377
      vertex 12.699999809265137 -1.426584243774414 -0.46352481842041016
    endloop
  endfacet
  facet normal 1 0 0
    outer loop
      vertex 12.699999809265137 -1.426584243774414 -0.46352481842041016
      vertex 12.699999809265137 -26.670000076293945 -4.445000171661377
      vertex 12.699999809265137 -1.3946638107299805 -0.5521860122680664
    endloop
  endfacet
  facet normal 1 0 0
    outer loop
      vertex 12.699999809265137 -1.3946638107299805 -0.5521860122680664
      vertex 12.699999809265137 -26.670000076293945 -4.445000171661377
      vertex 12.699999809265137 -1.3572397232055664 -0.6386680603027344
    endloop
  endfacet
  facet normal 1 0 0
    outer loop
      vertex 12.699999809265137 -1.3572397232055664 -0.6386680603027344
      vertex 12.699999809265137 -26.670000076293945 -4.445000171661377
      vertex 12.699999809265137 -1.3144598007202148 -0.722630500793457
    endloop
  endfacet
  facet normal 1 0 0
    outer loop
      vertex 12.699999809265137 -1.3144598007202148 -0.722630500793457
      vertex 12.699999809265137 -26.670000076293945 -4.445000171661377
      vertex 12.699999809265137 -1.2664909362792969 -0.8037395477294922
    endloop
  endfacet
  facet normal 1 0 0
    outer loop
      vertex 12.699999809265137 -1.2664909362792969 -0.8037395477294922
      vertex 12.699999809265137 -26.670000076293945 -4.445000171661377
      vertex 12.699999809265137 -1.2135248184204102 -0.8816776275634766
    endloop
  endfacet
  facet normal 1 0 0
    outer loop
      vertex 12.699999809265137 -1.2135248184204102 -0.8816776275634766
      vertex 12.699999809265137 -26.670000076293945 -4.445000171661377
      vertex 12.699999809265137 -1.1557693481445312 -0.9561357498168945
    endloop
  endfacet
  facet normal 1 0 0
    outer loop
      vertex 12.699999809265137 -1.1557693481445312 -0.9561357498168945
      vertex 12.699999809265137 -26.670000076293945 -4.445000171661377
      vertex 12.699999809265137 -1.0934524536132812 -1.026820182800293
    endloop
  endfacet
  facet normal 1 0 0
    outer loop
      vertex 12.699999809265137 -1.0934524536132812 -1.026820182800293
      vertex 12.699999809265137 -26.670000076293945 -4.445000171661377
      vertex 12.699999809265137 -1.026820182800293 -1.0934524536132812
    endloop
  endfacet
  facet normal 1 0 0
    outer loop
      vertex 12.699999809265137 -1.026820182800293 -1.0934524536132812
      vertex 12.699999809265137 -26.670000076293945 -4.445000171661377
      vertex 12.699999809265137 -0.9561357498168945 -1.1557693481445312
    endloop
  endfacet
  facet normal 1 0 0
    outer loop
      vertex 12.699999809265137 -0.9561357498168945 -1.1557693481445312
      vertex 12.699999809265137 -26.670000076293945 -4.445000171661377
      vertex 12.699999809265137 -0.8816776275634766 -1.2135248184204102
    endloop
  endfacet
  facet normal 1 0 0
    outer loop
      vertex 12.699999809265137 -0.8816776275634766 -1.2135248184204102
      vertex 12.699999809265137 -26.670000076293945 -4.445000171661377
      vertex 12.699999809265137 -0.8037395477294922 -1.2664909362792969
    endloop
  endfacet
  facet normal 1 0 0
    outer loop
      vertex 12.699999809265137 -0.8037395477294922 -1.2664909362792969
      vertex 12.699999809265137 -26.670000076293945 -4.445000171661377
      vertex 12.699999809265137 -0.722630500793457 -1.3144598007202148
    endloop
  endfacet
  facet normal 1 0 0
    outer loop
      vertex 12.699999809265137 -0.722630500793457 -1.3144598007202148
      vertex 12.699999809265137 -26.670000076293945 -4.445000171661377
      vertex 12.699999809265137 -0.6386680603027344 -1.3572397232055664
    endloop
  endfacet
  facet normal 1 0 0
    outer loop
      vertex 12.699999809265137 -0.6386680603027344 -1.3572397232055664
      vertex 12.699999809265137 -26.670000076293945 -4.445000171661377
      vertex 12.699999809265137 -0.5521860122680664 -1.3946638107299805
    endloop
  endfacet
  facet normal 1 0 0
    outer loop
      vertex 12.699999809265137 -0.5521860122680664 -1.3946638107299805
      vertex 12.699999809265137 -26.670000076293945 -4.445000171661377
      vertex 12.699999809265137 -0.46352481842041016 -1.426584243774414
    endloop
  endfacet
  facet normal 1 0 0
    outer loop
      vertex 12.699999809265137 11.429999351501465 -4.445000171661377
      vertex 12.699999809265137 -26.670000076293945 -4.445000171661377
      vertex 12.699999809265137 17.779998779296875 -6.985000133514404
    endloop
  endfacet
  facet normal 1 0 0
    outer loop
      vertex 12.699999809265137 -33.02000045776367 -6.985000133514404
      vertex 12.699999809265137 -26.670000076293945 -4.445000171661377
      vertex 12.699999809265137 -33.02000045776367 -4.445000171661377
    endloop
  endfacet
  facet normal 1 0 0
    outer loop
      vertex 12.699999809265137 -26.670000076293945 -4.445000171661377
      vertex 12.699999809265137 -33.02000045776367 -6.985000133514404
      vertex 12.699999809265137 17.779998779296875 -6.985000133514404
    endloop
  endfacet
  facet normal 0 1 0
    outer loop
      vertex 12.699999809265137 11.429999351501465 -4.445000171661377
      vertex -12.699999809265137 11.429999351501465 6.476999759674072
      vertex 12.699999809265137 11.429999351501465 6.476999759674072
    endloop
  endfacet
  facet normal 0 1 0
    outer loop
      vertex -12.699999809265137 11.429999351501465 6.476999759674072
      vertex 12.699999809265137 11.429999351501465 -4.445000171661377
      vertex -12.699999809265137 11.429999351501465 -4.445000171661377
    endloop
  endfacet
  facet normal 0 0 1
    outer loop
      vertex -12.699999809265137 11.429999351501465 6.476999759674072
      vertex 12.699999809265137 -26.670000076293945 6.476999759674072
      vertex 12.699999809265137 11.429999351501465 6.476999759674072
    endloop
  endfacet
  facet normal 0 0 1
    outer loop
      vertex 12.699999809265137 -26.670000076293945 6.476999759674072
      vertex -12.699999809265137 11.429999351501465 6.476999759674072
      vertex -12.699999809265137 -26.670000076293945 6.476999759674072
    endloop
  endfacet
  facet normal 0 -1 0
    outer loop
      vertex -6.193023681640625 -26.670000076293945 2.4950666427612305
      vertex -12.699999809265137 -26.670000076293945 6.476999759674072
      vertex -6.34999942779541 -26.670000076293945 2.5
    endloop
  endfacet
  facet normal 0 -1 0
    outer loop
      vertex -12.699999809265137 -26.670000076293945 6.476999759674072
      vertex -6.506976127624512 -26.670000076293945 2.4950666427612305
      vertex -6.34999942779541 -26.670000076293945 2.5
    endloop
  endfacet
  facet normal 0 -1 0
    outer loop
      vertex -12.699999809265137 -26.670000076293945 6.476999759674072
      vertex -6.663332939147949 -26.670000076293945 2.4802865982055664
      vertex -6.506976127624512 -26.670000076293945 2.4950666427612305
    endloop
  endfacet
  facet normal 0 -1 0
    outer loop
      vertex -12.699999809265137 -26.670000076293945 6.476999759674072
      vertex -6.818452835083008 -26.670000076293945 2.4557180404663086
      vertex -6.663332939147949 -26.670000076293945 2.4802865982055664
    endloop
  endfacet
  facet normal 0 -1 0
    outer loop
      vertex -12.699999809265137 -26.670000076293945 6.476999759674072
      vertex -6.971724510192871 -26.670000076293945 2.421457290649414
      vertex -6.818452835083008 -26.670000076293945 2.4557180404663086
    endloop
  endfacet
  facet normal 0 -1 0
    outer loop
      vertex -12.699999809265137 -26.670000076293945 6.476999759674072
      vertex -7.122542381286621 -26.670000076293945 2.377640724182129
      vertex -6.971724510192871 -26.670000076293945 2.421457290649414
    endloop
  endfacet
  facet normal 0 -1 0
    outer loop
      vertex -12.699999809265137 -26.670000076293945 6.476999759674072
      vertex -7.27031135559082 -26.670000076293945 2.3244409561157227
      vertex -7.122542381286621 -26.670000076293945 2.377640724182129
    endloop
  endfacet
  facet normal 0 -1 0
    outer loop
      vertex -12.699999809265137 -26.670000076293945 6.476999759674072
      vertex -7.414447784423828 -26.670000076293945 2.2620668411254883
      vertex -7.27031135559082 -26.670000076293945 2.3244409561157227
    endloop
  endfacet
  facet normal 0 -1 0
    outer loop
      vertex -12.699999809265137 -26.670000076293945 6.476999759674072
      vertex -7.554383277893066 -26.670000076293945 2.1907663345336914
      vertex -7.414447784423828 -26.670000076293945 2.2620668411254883
    endloop
  endfacet
  facet normal 0 -1 0
    outer loop
      vertex -12.699999809265137 -26.670000076293945 6.476999759674072
      vertex -7.689566612243652 -26.670000076293945 2.110818862915039
      vertex -7.554383277893066 -26.670000076293945 2.1907663345336914
    endloop
  endfacet
  facet normal 0 -1 0
    outer loop
      vertex -12.699999809265137 -26.670000076293945 6.476999759674072
      vertex -7.819462776184082 -26.670000076293945 2.0225419998168945
      vertex -7.689566612243652 -26.670000076293945 2.110818862915039
    endloop
  endfacet
  facet normal 0 -1 0
    outer loop
      vertex -12.699999809265137 -26.670000076293945 6.476999759674072
      vertex -7.943559646606445 -26.670000076293945 1.9262828826904297
      vertex -7.819462776184082 -26.670000076293945 2.0225419998168945
    endloop
  endfacet
  facet normal 0 -1 0
    outer loop
      vertex -12.699999809265137 -26.670000076293945 6.476999759674072
      vertex -8.06136703491211 -26.670000076293945 1.8224210739135742
      vertex -7.943559646606445 -26.670000076293945 1.9262828826904297
    endloop
  endfacet
  facet normal 0 -1 0
    outer loop
      vertex -12.699999809265137 -26.670000076293945 6.476999759674072
      vertex -8.1724214553833 -26.670000076293945 1.7113676071166992
      vertex -8.06136703491211 -26.670000076293945 1.8224210739135742
    endloop
  endfacet
  facet normal 0 -1 0
    outer loop
      vertex -12.699999809265137 -26.670000076293945 6.476999759674072
      vertex -8.27628231048584 -26.670000076293945 1.5935592651367188
      vertex -8.1724214553833 -26.670000076293945 1.7113676071166992
    endloop
  endfacet
  facet normal 0 -1 0
    outer loop
      vertex -12.699999809265137 -26.670000076293945 6.476999759674072
      vertex -8.372542381286621 -26.670000076293945 1.4694623947143555
      vertex -8.27628231048584 -26.670000076293945 1.5935592651367188
    endloop
  endfacet
  facet normal 0 -1 0
    outer loop
      vertex -12.699999809265137 -26.670000076293945 6.476999759674072
      vertex -8.460819244384766 -26.670000076293945 1.3395662307739258
      vertex -8.372542381286621 -26.670000076293945 1.4694623947143555
    endloop
  endfacet
  facet normal 0 -1 0
    outer loop
      vertex -12.699999809265137 -26.670000076293945 6.476999759674072
      vertex -8.540765762329102 -26.670000076293945 1.2043838500976562
      vertex -8.460819244384766 -26.670000076293945 1.3395662307739258
    endloop
  endfacet
  facet normal 0 -1 0
    outer loop
      vertex -12.699999809265137 -26.670000076293945 6.476999759674072
      vertex -8.612067222595215 -26.670000076293945 1.0644474029541016
      vertex -8.540765762329102 -26.670000076293945 1.2043838500976562
    endloop
  endfacet
  facet normal 0 -1 0
    outer loop
      vertex -12.699999809265137 -26.670000076293945 6.476999759674072
      vertex -8.674440383911133 -26.670000076293945 0.9203109741210938
      vertex -8.612067222595215 -26.670000076293945 1.0644474029541016
    endloop
  endfacet
  facet normal 0 -1 0
    outer loop
      vertex -12.699999809265137 -26.670000076293945 6.476999759674072
      vertex -8.727641105651855 -26.670000076293945 0.7725419998168945
      vertex -8.674440383911133 -26.670000076293945 0.9203109741210938
    endloop
  endfacet
  facet normal 0 -1 0
    outer loop
      vertex -12.699999809265137 -26.670000076293945 6.476999759674072
      vertex -8.77145767211914 -26.670000076293945 0.6217241287231445
      vertex -8.727641105651855 -26.670000076293945 0.7725419998168945
    endloop
  endfacet
  facet normal 0 -1 0
    outer loop
      vertex -12.699999809265137 -26.670000076293945 6.476999759674072
      vertex -8.805717468261719 -26.670000076293945 0.46845245361328125
      vertex -8.77145767211914 -26.670000076293945 0.6217241287231445
    endloop
  endfacet
  facet normal 0 -1 0
    outer loop
      vertex -12.699999809265137 -26.670000076293945 6.476999759674072
      vertex -8.830286026000977 -26.670000076293945 0.31333255767822266
      vertex -8.805717468261719 -26.670000076293945 0.46845245361328125
    endloop
  endfacet
  facet normal 0 -1 0
    outer loop
      vertex -12.699999809265137 -26.670000076293945 -4.445000171661377
      vertex -8.830286026000977 -26.670000076293945 0.31333255767822266
      vertex -12.699999809265137 -26.670000076293945 6.476999759674072
    endloop
  endfacet
  facet normal 0 -1 0
    outer loop
      vertex -8.830286026000977 -26.670000076293945 0.31333255767822266
      vertex -12.699999809265137 -26.670000076293945 -4.445000171661377
      vertex -8.84506607055664 -26.670000076293945 0.15697574615478516
    endloop
  endfacet
  facet normal 0 -1 0
    outer loop
      vertex -8.84506607055664 -26.670000076293945 0.15697574615478516
      vertex -12.699999809265137 -26.670000076293945 -4.445000171661377
      vertex -8.84999942779541 -26.670000076293945 0
    endloop
  endfacet
  facet normal 0 -1 0
    outer loop
      vertex -8.84999942779541 -26.670000076293945 0
      vertex -12.699999809265137 -26.670000076293945 -4.445000171661377
      vertex -8.84506607055664 -26.670000076293945 -0.15697574615478516
    endloop
  endfacet
  facet normal 0 -1 0
    outer loop
      vertex -8.84506607055664 -26.670000076293945 -0.15697574615478516
      vertex -12.699999809265137 -26.670000076293945 -4.445000171661377
      vertex -8.830286026000977 -26.670000076293945 -0.31333255767822266
    endloop
  endfacet
  facet normal 0 -1 0
    outer loop
      vertex -8.830286026000977 -26.670000076293945 -0.31333255767822266
      vertex -12.699999809265137 -26.670000076293945 -4.445000171661377
      vertex -8.805717468261719 -26.670000076293945 -0.46845245361328125
    endloop
  endfacet
  facet normal 0 -1 0
    outer loop
      vertex -8.805717468261719 -26.670000076293945 -0.46845245361328125
      vertex -12.699999809265137 -26.670000076293945 -4.445000171661377
      vertex -8.77145767211914 -26.670000076293945 -0.6217241287231445
    endloop
  endfacet
  facet normal 0 -1 0
    outer loop
      vertex -8.77145767211914 -26.670000076293945 -0.6217241287231445
      vertex -12.699999809265137 -26.670000076293945 -4.445000171661377
      vertex -8.727641105651855 -26.670000076293945 -0.7725419998168945
    endloop
  endfacet
  facet normal 0 -1 0
    outer loop
      vertex -8.727641105651855 -26.670000076293945 -0.7725419998168945
      vertex -12.699999809265137 -26.670000076293945 -4.445000171661377
      vertex -8.674440383911133 -26.670000076293945 -0.9203109741210938
    endloop
  endfacet
  facet normal 0 -1 0
    outer loop
      vertex -8.674440383911133 -26.670000076293945 -0.9203109741210938
      vertex -12.699999809265137 -26.670000076293945 -4.445000171661377
      vertex -8.612067222595215 -26.670000076293945 -1.0644474029541016
    endloop
  endfacet
  facet normal 0 -1 0
    outer loop
      vertex -6.506976127624512 -26.670000076293945 -2.4950666427612305
      vertex -12.699999809265137 -26.670000076293945 -4.445000171661377
      vertex -6.34999942779541 -26.670000076293945 -2.5
    endloop
  endfacet
  facet normal 0 -1 0
    outer loop
      vertex -6.663332939147949 -26.670000076293945 -2.4802865982055664
      vertex -12.699999809265137 -26.670000076293945 -4.445000171661377
      vertex -6.506976127624512 -26.670000076293945 -2.4950666427612305
    endloop
  endfacet
  facet normal 0 -1 0
    outer loop
      vertex -6.818452835083008 -26.670000076293945 -2.4557180404663086
      vertex -12.699999809265137 -26.670000076293945 -4.445000171661377
      vertex -6.663332939147949 -26.670000076293945 -2.4802865982055664
    endloop
  endfacet
  facet normal 0 -1 0
    outer loop
      vertex -6.971724510192871 -26.670000076293945 -2.421457290649414
      vertex -12.699999809265137 -26.670000076293945 -4.445000171661377
      vertex -6.818452835083008 -26.670000076293945 -2.4557180404663086
    endloop
  endfacet
  facet normal 0 -1 0
    outer loop
      vertex -7.122542381286621 -26.670000076293945 -2.377640724182129
      vertex -12.699999809265137 -26.670000076293945 -4.445000171661377
      vertex -6.971724510192871 -26.670000076293945 -2.421457290649414
    endloop
  endfacet
  facet normal 0 -1 0
    outer loop
      vertex -7.27031135559082 -26.670000076293945 -2.3244409561157227
      vertex -12.699999809265137 -26.670000076293945 -4.445000171661377
      vertex -7.122542381286621 -26.670000076293945 -2.377640724182129
    endloop
  endfacet
  facet normal 0 -1 0
    outer loop
      vertex -7.414447784423828 -26.670000076293945 -2.2620668411254883
      vertex -12.699999809265137 -26.670000076293945 -4.445000171661377
      vertex -7.27031135559082 -26.670000076293945 -2.3244409561157227
    endloop
  endfacet
  facet normal 0 -1 0
    outer loop
      vertex -7.554383277893066 -26.670000076293945 -2.1907663345336914
      vertex -12.699999809265137 -26.670000076293945 -4.445000171661377
      vertex -7.414447784423828 -26.670000076293945 -2.2620668411254883
    endloop
  endfacet
  facet normal 0 -1 0
    outer loop
      vertex -7.689566612243652 -26.670000076293945 -2.110818862915039
      vertex -12.699999809265137 -26.670000076293945 -4.445000171661377
      vertex -7.554383277893066 -26.670000076293945 -2.1907663345336914
    endloop
  endfacet
  facet normal 0 -1 0
    outer loop
      vertex -7.819462776184082 -26.670000076293945 -2.0225419998168945
      vertex -12.699999809265137 -26.670000076293945 -4.445000171661377
      vertex -7.689566612243652 -26.670000076293945 -2.110818862915039
    endloop
  endfacet
  facet normal 0 -1 0
    outer loop
      vertex -7.943559646606445 -26.670000076293945 -1.9262828826904297
      vertex -12.699999809265137 -26.670000076293945 -4.445000171661377
      vertex -7.819462776184082 -26.670000076293945 -2.0225419998168945
    endloop
  endfacet
  facet normal 0 -1 0
    outer loop
      vertex -8.06136703491211 -26.670000076293945 -1.8224210739135742
      vertex -12.699999809265137 -26.670000076293945 -4.445000171661377
      vertex -7.943559646606445 -26.670000076293945 -1.9262828826904297
    endloop
  endfacet
  facet normal 0 -1 0
    outer loop
      vertex -8.1724214553833 -26.670000076293945 -1.7113676071166992
      vertex -12.699999809265137 -26.670000076293945 -4.445000171661377
      vertex -8.06136703491211 -26.670000076293945 -1.8224210739135742
    endloop
  endfacet
  facet normal 0 -1 0
    outer loop
      vertex -8.27628231048584 -26.670000076293945 -1.5935592651367188
      vertex -12.699999809265137 -26.670000076293945 -4.445000171661377
      vertex -8.1724214553833 -26.670000076293945 -1.7113676071166992
    endloop
  endfacet
  facet normal 0 -1 0
    outer loop
      vertex -8.372542381286621 -26.670000076293945 -1.4694623947143555
      vertex -12.699999809265137 -26.670000076293945 -4.445000171661377
      vertex -8.27628231048584 -26.670000076293945 -1.5935592651367188
    endloop
  endfacet
  facet normal 0 -1 0
    outer loop
      vertex -8.460819244384766 -26.670000076293945 -1.3395662307739258
      vertex -12.699999809265137 -26.670000076293945 -4.445000171661377
      vertex -8.372542381286621 -26.670000076293945 -1.4694623947143555
    endloop
  endfacet
  facet normal 0 -1 0
    outer loop
      vertex -8.540765762329102 -26.670000076293945 -1.2043838500976562
      vertex -12.699999809265137 -26.670000076293945 -4.445000171661377
      vertex -8.460819244384766 -26.670000076293945 -1.3395662307739258
    endloop
  endfacet
  facet normal 0 -1 0
    outer loop
      vertex -8.612067222595215 -26.670000076293945 -1.0644474029541016
      vertex -12.699999809265137 -26.670000076293945 -4.445000171661377
      vertex -8.540765762329102 -26.670000076293945 -1.2043838500976562
    endloop
  endfacet
  facet normal 0 -1 0
    outer loop
      vertex -6.0366668701171875 -26.670000076293945 2.4802865982055664
      vertex -12.699999809265137 -26.670000076293945 6.476999759674072
      vertex -6.193023681640625 -26.670000076293945 2.4950666427612305
    endloop
  endfacet
  facet normal 0 -1 0
    outer loop
      vertex -5.8815460205078125 -26.670000076293945 2.4557180404663086
      vertex -12.699999809265137 -26.670000076293945 6.476999759674072
      vertex -6.0366668701171875 -26.670000076293945 2.4802865982055664
    endloop
  endfacet
  facet normal 0 -1 0
    outer loop
      vertex -5.728274345397949 -26.670000076293945 2.421457290649414
      vertex -12.699999809265137 -26.670000076293945 6.476999759674072
      vertex -5.8815460205078125 -26.670000076293945 2.4557180404663086
    endloop
  endfacet
  facet normal 0 -1 0
    outer loop
      vertex -5.577457427978516 -26.670000076293945 2.377640724182129
      vertex -12.699999809265137 -26.670000076293945 6.476999759674072
      vertex -5.728274345397949 -26.670000076293945 2.421457290649414
    endloop
  endfacet
  facet normal 0 -1 0
    outer loop
      vertex -12.699999809265137 -26.670000076293945 6.476999759674072
      vertex -5.577457427978516 -26.670000076293945 2.377640724182129
      vertex 12.699999809265137 -26.670000076293945 6.476999759674072
    endloop
  endfacet
  facet normal 0 -1 0
    outer loop
      vertex -5.429688453674316 -26.670000076293945 2.3244409561157227
      vertex 12.699999809265137 -26.670000076293945 6.476999759674072
      vertex -5.577457427978516 -26.670000076293945 2.377640724182129
    endloop
  endfacet
  facet normal 0 -1 0
    outer loop
      vertex -5.285551071166992 -26.670000076293945 2.2620668411254883
      vertex 12.699999809265137 -26.670000076293945 6.476999759674072
      vertex -5.429688453674316 -26.670000076293945 2.3244409561157227
    endloop
  endfacet
  facet normal 0 -1 0
    outer loop
      vertex -5.145615577697754 -26.670000076293945 2.1907663345336914
      vertex 12.699999809265137 -26.670000076293945 6.476999759674072
      vertex -5.285551071166992 -26.670000076293945 2.2620668411254883
    endloop
  endfacet
  facet normal 0 -1 0
    outer loop
      vertex -5.010432243347168 -26.670000076293945 2.110818862915039
      vertex 12.699999809265137 -26.670000076293945 6.476999759674072
      vertex -5.145615577697754 -26.670000076293945 2.1907663345336914
    endloop
  endfacet
  facet normal 0 -1 0
    outer loop
      vertex -4.880536079406738 -26.670000076293945 2.0225419998168945
      vertex 12.699999809265137 -26.670000076293945 6.476999759674072
      vertex -5.010432243347168 -26.670000076293945 2.110818862915039
    endloop
  endfacet
  facet normal 0 -1 0
    outer loop
      vertex -4.756439208984375 -26.670000076293945 1.9262828826904297
      vertex 12.699999809265137 -26.670000076293945 6.476999759674072
      vertex -4.880536079406738 -26.670000076293945 2.0225419998168945
    endloop
  endfacet
  facet normal 0 -1 0
    outer loop
      vertex -4.638631820678711 -26.670000076293945 1.8224210739135742
      vertex 12.699999809265137 -26.670000076293945 6.476999759674072
      vertex -4.756439208984375 -26.670000076293945 1.9262828826904297
    endloop
  endfacet
  facet normal 0 -1 0
    outer loop
      vertex -4.527578353881836 -26.670000076293945 1.7113676071166992
      vertex 12.699999809265137 -26.670000076293945 6.476999759674072
      vertex -4.638631820678711 -26.670000076293945 1.8224210739135742
    endloop
  endfacet
  facet normal 0 -1 0
    outer loop
      vertex -4.4237165451049805 -26.670000076293945 1.5935592651367188
      vertex 12.699999809265137 -26.670000076293945 6.476999759674072
      vertex -4.527578353881836 -26.670000076293945 1.7113676071166992
    endloop
  endfacet
  facet normal 0 -1 0
    outer loop
      vertex -4.327457427978516 -26.670000076293945 1.4694623947143555
      vertex 12.699999809265137 -26.670000076293945 6.476999759674072
      vertex -4.4237165451049805 -26.670000076293945 1.5935592651367188
    endloop
  endfacet
  facet normal 0 -1 0
    outer loop
      vertex -4.239179611206055 -26.670000076293945 1.3395662307739258
      vertex 12.699999809265137 -26.670000076293945 6.476999759674072
      vertex -4.327457427978516 -26.670000076293945 1.4694623947143555
    endloop
  endfacet
  facet normal 0 -1 0
    outer loop
      vertex -4.159233093261719 -26.670000076293945 1.2043838500976562
      vertex 12.699999809265137 -26.670000076293945 6.476999759674072
      vertex -4.239179611206055 -26.670000076293945 1.3395662307739258
    endloop
  endfacet
  facet normal 0 -1 0
    outer loop
      vertex -4.0879316329956055 -26.670000076293945 1.0644474029541016
      vertex 12.699999809265137 -26.670000076293945 6.476999759674072
      vertex -4.159233093261719 -26.670000076293945 1.2043838500976562
    endloop
  endfacet
  facet normal 0 -1 0
    outer loop
      vertex -4.0255584716796875 -26.670000076293945 0.9203109741210938
      vertex 12.699999809265137 -26.670000076293945 6.476999759674072
      vertex -4.0879316329956055 -26.670000076293945 1.0644474029541016
    endloop
  endfacet
  facet normal 0 -1 0
    outer loop
      vertex -3.9723587036132812 -26.670000076293945 0.7725419998168945
      vertex 12.699999809265137 -26.670000076293945 6.476999759674072
      vertex -4.0255584716796875 -26.670000076293945 0.9203109741210938
    endloop
  endfacet
  facet normal 0 -1 0
    outer loop
      vertex -3.9285411834716797 -26.670000076293945 0.6217241287231445
      vertex 12.699999809265137 -26.670000076293945 6.476999759674072
      vertex -3.9723587036132812 -26.670000076293945 0.7725419998168945
    endloop
  endfacet
  facet normal 0 -1 0
    outer loop
      vertex -3.8942813873291016 -26.670000076293945 0.46845245361328125
      vertex 12.699999809265137 -26.670000076293945 6.476999759674072
      vertex -3.9285411834716797 -26.670000076293945 0.6217241287231445
    endloop
  endfacet
  facet normal 0 -1 0
    outer loop
      vertex -3.8697128295898438 -26.670000076293945 0.31333255767822266
      vertex 12.699999809265137 -26.670000076293945 6.476999759674072
      vertex -3.8942813873291016 -26.670000076293945 0.46845245361328125
    endloop
  endfacet
  facet normal 0 -1 0
    outer loop
      vertex -3.8549327850341797 -26.670000076293945 0.15697574615478516
      vertex 12.699999809265137 -26.670000076293945 6.476999759674072
      vertex -3.8697128295898438 -26.670000076293945 0.31333255767822266
    endloop
  endfacet
  facet normal 0 -1 0
    outer loop
      vertex 12.699999809265137 -26.670000076293945 -4.445000171661377
      vertex -3.8549327850341797 -26.670000076293945 0.15697574615478516
      vertex -3.84999942779541 -26.670000076293945 0
    endloop
  endfacet
  facet normal 0 -1 0
    outer loop
      vertex 12.699999809265137 -26.670000076293945 -4.445000171661377
      vertex -3.84999942779541 -26.670000076293945 0
      vertex -3.8549327850341797 -26.670000076293945 -0.15697574615478516
    endloop
  endfacet
  facet normal 0 -1 0
    outer loop
      vertex 12.699999809265137 -26.670000076293945 -4.445000171661377
      vertex -3.8549327850341797 -26.670000076293945 -0.15697574615478516
      vertex -3.8697128295898438 -26.670000076293945 -0.31333255767822266
    endloop
  endfacet
  facet normal 0 -1 0
    outer loop
      vertex 12.699999809265137 -26.670000076293945 -4.445000171661377
      vertex -3.8697128295898438 -26.670000076293945 -0.31333255767822266
      vertex -3.8942813873291016 -26.670000076293945 -0.46845245361328125
    endloop
  endfacet
  facet normal 0 -1 0
    outer loop
      vertex 12.699999809265137 -26.670000076293945 -4.445000171661377
      vertex -3.8942813873291016 -26.670000076293945 -0.46845245361328125
      vertex -3.9285411834716797 -26.670000076293945 -0.6217241287231445
    endloop
  endfacet
  facet normal 0 -1 0
    outer loop
      vertex 12.699999809265137 -26.670000076293945 -4.445000171661377
      vertex -3.9285411834716797 -26.670000076293945 -0.6217241287231445
      vertex -3.9723587036132812 -26.670000076293945 -0.7725419998168945
    endloop
  endfacet
  facet normal 0 -1 0
    outer loop
      vertex 12.699999809265137 -26.670000076293945 -4.445000171661377
      vertex -3.9723587036132812 -26.670000076293945 -0.7725419998168945
      vertex -4.0255584716796875 -26.670000076293945 -0.9203109741210938
    endloop
  endfacet
  facet normal 0 -1 0
    outer loop
      vertex 12.699999809265137 -26.670000076293945 -4.445000171661377
      vertex -4.0255584716796875 -26.670000076293945 -0.9203109741210938
      vertex -4.0879316329956055 -26.670000076293945 -1.0644474029541016
    endloop
  endfacet
  facet normal 0 -1 0
    outer loop
      vertex 12.699999809265137 -26.670000076293945 -4.445000171661377
      vertex -4.0879316329956055 -26.670000076293945 -1.0644474029541016
      vertex -4.159233093261719 -26.670000076293945 -1.2043838500976562
    endloop
  endfacet
  facet normal 0 -1 0
    outer loop
      vertex 12.699999809265137 -26.670000076293945 -4.445000171661377
      vertex -4.159233093261719 -26.670000076293945 -1.2043838500976562
      vertex -4.239179611206055 -26.670000076293945 -1.3395662307739258
    endloop
  endfacet
  facet normal 0 -1 0
    outer loop
      vertex 12.699999809265137 -26.670000076293945 -4.445000171661377
      vertex -4.239179611206055 -26.670000076293945 -1.3395662307739258
      vertex -4.327457427978516 -26.670000076293945 -1.4694623947143555
    endloop
  endfacet
  facet normal 0 -1 0
    outer loop
      vertex 12.699999809265137 -26.670000076293945 -4.445000171661377
      vertex -4.327457427978516 -26.670000076293945 -1.4694623947143555
      vertex -4.4237165451049805 -26.670000076293945 -1.5935592651367188
    endloop
  endfacet
  facet normal 0 -1 0
    outer loop
      vertex 12.699999809265137 -26.670000076293945 -4.445000171661377
      vertex -4.4237165451049805 -26.670000076293945 -1.5935592651367188
      vertex -4.527578353881836 -26.670000076293945 -1.7113676071166992
    endloop
  endfacet
  facet normal 0 -1 0
    outer loop
      vertex 12.699999809265137 -26.670000076293945 -4.445000171661377
      vertex -4.527578353881836 -26.670000076293945 -1.7113676071166992
      vertex -4.638631820678711 -26.670000076293945 -1.8224210739135742
    endloop
  endfacet
  facet normal 0 -1 0
    outer loop
      vertex 12.699999809265137 -26.670000076293945 -4.445000171661377
      vertex -4.638631820678711 -26.670000076293945 -1.8224210739135742
      vertex -4.756439208984375 -26.670000076293945 -1.9262828826904297
    endloop
  endfacet
  facet normal 0 -1 0
    outer loop
      vertex 12.699999809265137 -26.670000076293945 -4.445000171661377
      vertex -4.756439208984375 -26.670000076293945 -1.9262828826904297
      vertex -4.880536079406738 -26.670000076293945 -2.0225419998168945
    endloop
  endfacet
  facet normal 0 -1 0
    outer loop
      vertex 12.699999809265137 -26.670000076293945 -4.445000171661377
      vertex -4.880536079406738 -26.670000076293945 -2.0225419998168945
      vertex -5.010432243347168 -26.670000076293945 -2.110818862915039
    endloop
  endfacet
  facet normal 0 -1 0
    outer loop
      vertex 12.699999809265137 -26.670000076293945 -4.445000171661377
      vertex -5.010432243347168 -26.670000076293945 -2.110818862915039
      vertex -5.145615577697754 -26.670000076293945 -2.1907663345336914
    endloop
  endfacet
  facet normal 0 -1 0
    outer loop
      vertex 12.699999809265137 -26.670000076293945 -4.445000171661377
      vertex -5.145615577697754 -26.670000076293945 -2.1907663345336914
      vertex -5.285551071166992 -26.670000076293945 -2.2620668411254883
    endloop
  endfacet
  facet normal 0 -1 0
    outer loop
      vertex -12.699999809265137 -26.670000076293945 -4.445000171661377
      vertex -6.193023681640625 -26.670000076293945 -2.4950666427612305
      vertex -6.34999942779541 -26.670000076293945 -2.5
    endloop
  endfacet
  facet normal 0 -1 0
    outer loop
      vertex -12.699999809265137 -26.670000076293945 -4.445000171661377
      vertex -6.0366668701171875 -26.670000076293945 -2.4802865982055664
      vertex -6.193023681640625 -26.670000076293945 -2.4950666427612305
    endloop
  endfacet
  facet normal 0 -1 0
    outer loop
      vertex -12.699999809265137 -26.670000076293945 -4.445000171661377
      vertex -5.8815460205078125 -26.670000076293945 -2.4557180404663086
      vertex -6.0366668701171875 -26.670000076293945 -2.4802865982055664
    endloop
  endfacet
  facet normal 0 -1 0
    outer loop
      vertex 12.699999809265137 -26.670000076293945 -4.445000171661377
      vertex -5.8815460205078125 -26.670000076293945 -2.4557180404663086
      vertex -12.699999809265137 -26.670000076293945 -4.445000171661377
    endloop
  endfacet
  facet normal 0 -1 0
    outer loop
      vertex -3.8549327850341797 -26.670000076293945 0.15697574615478516
      vertex 12.699999809265137 -26.670000076293945 -4.445000171661377
      vertex 12.699999809265137 -26.670000076293945 6.476999759674072
    endloop
  endfacet
  facet normal 0 -1 0
    outer loop
      vertex -5.429688453674316 -26.670000076293945 -2.3244409561157227
      vertex 12.699999809265137 -26.670000076293945 -4.445000171661377
      vertex -5.285551071166992 -26.670000076293945 -2.2620668411254883
    endloop
  endfacet
  facet normal 0 -1 0
    outer loop
      vertex -5.577457427978516 -26.670000076293945 -2.377640724182129
      vertex 12.699999809265137 -26.670000076293945 -4.445000171661377
      vertex -5.429688453674316 -26.670000076293945 -2.3244409561157227
    endloop
  endfacet
  facet normal 0 -1 0
    outer loop
      vertex -5.728274345397949 -26.670000076293945 -2.421457290649414
      vertex 12.699999809265137 -26.670000076293945 -4.445000171661377
      vertex -5.577457427978516 -26.670000076293945 -2.377640724182129
    endloop
  endfacet
  facet normal 0 -1 0
    outer loop
      vertex -5.8815460205078125 -26.670000076293945 -2.4557180404663086
      vertex 12.699999809265137 -26.670000076293945 -4.445000171661377
      vertex -5.728274345397949 -26.670000076293945 -2.421457290649414
    endloop
  endfacet
  facet normal 0.15643340159341682 0 0.9876885090279793
    outer loop
      vertex -6.0366668701171875 -26.670000076293945 2.4802865982055664
      vertex -5.8815460205078125 -32.66999816894531 2.4557180404663086
      vertex -5.8815460205078125 -26.670000076293945 2.4557180404663086
    endloop
  endfacet
  facet normal 0.15643340159341682 0 0.9876885090279793
    outer loop
      vertex -5.8815460205078125 -32.66999816894531 2.4557180404663086
      vertex -6.0366668701171875 -26.670000076293945 2.4802865982055664
      vertex -6.0366668701171875 -32.66999816894531 2.4802865982055664
    endloop
  endfacet
  facet normal -0.5090426920071875 0 -0.8607412722264894
    outer loop
      vertex -7.689566612243652 -32.66999816894531 -2.110818862915039
      vertex -7.554383277893066 -26.670000076293945 -2.1907663345336914
      vertex -7.554383277893066 -32.66999816894531 -2.1907663345336914
    endloop
  endfacet
  facet normal -0.5090426920071875 0 -0.8607412722264894
    outer loop
      vertex -7.554383277893066 -26.670000076293945 -2.1907663345336914
      vertex -7.689566612243652 -32.66999816894531 -2.110818862915039
      vertex -7.689566612243652 -26.670000076293945 -2.110818862915039
    endloop
  endfacet
  facet normal -0.750114763578325 0 0.6613076753386685
    outer loop
      vertex -8.27628231048584 -32.66999816894531 1.5935592651367188
      vertex -8.1724214553833 -26.670000076293945 1.7113676071166992
      vertex -8.27628231048584 -26.670000076293945 1.5935592651367188
    endloop
  endfacet
  facet normal -0.750114763578325 0 0.6613076753386685
    outer loop
      vertex -8.1724214553833 -26.670000076293945 1.7113676071166992
      vertex -8.27628231048584 -32.66999816894531 1.5935592651367188
      vertex -8.1724214553833 -32.66999816894531 1.7113676071166992
    endloop
  endfacet
  facet normal -0.3971517116315226 0 0.9177529721815952
    outer loop
      vertex -7.414447784423828 -26.670000076293945 2.2620668411254883
      vertex -7.27031135559082 -32.66999816894531 2.3244409561157227
      vertex -7.27031135559082 -26.670000076293945 2.3244409561157227
    endloop
  endfacet
  facet normal -0.3971517116315226 0 0.9177529721815952
    outer loop
      vertex -7.27031135559082 -32.66999816894531 2.3244409561157227
      vertex -7.414447784423828 -26.670000076293945 2.2620668411254883
      vertex -7.414447784423828 -32.66999816894531 2.2620668411254883
    endloop
  endfacet
  facet normal 0.9876883604300362 0 -0.1564343398075595
    outer loop
      vertex -3.8697128295898438 -32.66999816894531 -0.31333255767822266
      vertex -3.8942813873291016 -26.670000076293945 -0.46845245361328125
      vertex -3.8697128295898438 -26.670000076293945 -0.31333255767822266
    endloop
  endfacet
  facet normal 0.9876883604300362 0 -0.1564343398075595
    outer loop
      vertex -3.8942813873291016 -26.670000076293945 -0.46845245361328125
      vertex -3.8697128295898438 -32.66999816894531 -0.31333255767822266
      vertex -3.8942813873291016 -32.66999816894531 -0.46845245361328125
    endloop
  endfacet
  facet normal -0.9955619799509916 0 -0.09410815095442854
    outer loop
      vertex -8.830286026000977 -32.66999816894531 -0.31333255767822266
      vertex -8.84506607055664 -26.670000076293945 -0.15697574615478516
      vertex -8.830286026000977 -26.670000076293945 -0.31333255767822266
    endloop
  endfacet
  facet normal -0.9955619799509916 0 -0.09410815095442854
    outer loop
      vertex -8.84506607055664 -26.670000076293945 -0.15697574615478516
      vertex -8.830286026000977 -32.66999816894531 -0.31333255767822266
      vertex -8.84506607055664 -32.66999816894531 -0.15697574615478516
    endloop
  endfacet
  facet normal -0.6613141042151305 0 0.7501090957761674
    outer loop
      vertex -8.06136703491211 -26.670000076293945 1.8224210739135742
      vertex -7.943559646606445 -32.66999816894531 1.9262828826904297
      vertex -7.943559646606445 -26.670000076293945 1.9262828826904297
    endloop
  endfacet
  facet normal -0.6613141042151305 0 0.7501090957761674
    outer loop
      vertex -7.943559646606445 -32.66999816894531 1.9262828826904297
      vertex -8.06136703491211 -26.670000076293945 1.8224210739135742
      vertex -8.06136703491211 -32.66999816894531 1.8224210739135742
    endloop
  endfacet
  facet normal 0.8910058052498546 0 0.4539919107330638
    outer loop
      vertex -4.159233093261719 -32.66999816894531 1.2043838500976562
      vertex -4.0879316329956055 -26.670000076293945 1.0644474029541016
      vertex -4.159233093261719 -26.670000076293945 1.2043838500976562
    endloop
  endfacet
  facet normal 0.8910058052498546 0 0.4539919107330638
    outer loop
      vertex -4.0879316329956055 -26.670000076293945 1.0644474029541016
      vertex -4.159233093261719 -32.66999816894531 1.2043838500976562
      vertex -4.0879316329956055 -32.66999816894531 1.0644474029541016
    endloop
  endfacet
  facet normal 0.9177551854425267 0 0.3971465971066017
    outer loop
      vertex -4.0879316329956055 -32.66999816894531 1.0644474029541016
      vertex -4.0255584716796875 -26.670000076293945 0.9203109741210938
      vertex -4.0879316329956055 -26.670000076293945 1.0644474029541016
    endloop
  endfacet
  facet normal 0.9177551854425267 0 0.3971465971066017
    outer loop
      vertex -4.0255584716796875 -26.670000076293945 0.9203109741210938
      vertex -4.0879316329956055 -32.66999816894531 1.0644474029541016
      vertex -4.0255584716796875 -32.66999816894531 0.9203109741210938
    endloop
  endfacet
  facet normal -0.9955619799509916 0 0.09410815095442854
    outer loop
      vertex -8.84506607055664 -32.66999816894531 0.15697574615478516
      vertex -8.830286026000977 -26.670000076293945 0.31333255767822266
      vertex -8.84506607055664 -26.670000076293945 0.15697574615478516
    endloop
  endfacet
  facet normal -0.9955619799509916 0 0.09410815095442854
    outer loop
      vertex -8.830286026000977 -26.670000076293945 0.31333255767822266
      vertex -8.84506607055664 -32.66999816894531 0.15697574615478516
      vertex -8.830286026000977 -32.66999816894531 0.31333255767822266
    endloop
  endfacet
  facet normal -0.9177551854425267 0 -0.3971465971066017
    outer loop
      vertex -8.612067222595215 -32.66999816894531 -1.0644474029541016
      vertex -8.674440383911133 -26.670000076293945 -0.9203109741210938
      vertex -8.612067222595215 -26.670000076293945 -1.0644474029541016
    endloop
  endfacet
  facet normal -0.9177551854425267 0 -0.3971465971066017
    outer loop
      vertex -8.674440383911133 -26.670000076293945 -0.9203109741210938
      vertex -8.612067222595215 -32.66999816894531 -1.0644474029541016
      vertex -8.674440383911133 -32.66999816894531 -0.9203109741210938
    endloop
  endfacet
  facet normal 0.5090426920071875 0 -0.8607412722264894
    outer loop
      vertex -5.145615577697754 -32.66999816894531 -2.1907663345336914
      vertex -5.010432243347168 -26.670000076293945 -2.110818862915039
      vertex -5.010432243347168 -32.66999816894531 -2.110818862915039
    endloop
  endfacet
  facet normal 0.5090426920071875 0 -0.8607412722264894
    outer loop
      vertex -5.010432243347168 -26.670000076293945 -2.110818862915039
      vertex -5.145615577697754 -32.66999816894531 -2.1907663345336914
      vertex -5.145615577697754 -26.670000076293945 -2.1907663345336914
    endloop
  endfacet
  facet normal 0.3387360250723312 0 -0.940881451256319
    outer loop
      vertex -5.577457427978516 -32.66999816894531 -2.377640724182129
      vertex -5.429688453674316 -26.670000076293945 -2.3244409561157227
      vertex -5.429688453674316 -32.66999816894531 -2.3244409561157227
    endloop
  endfacet
  facet normal 0.3387360250723312 0 -0.940881451256319
    outer loop
      vertex -5.429688453674316 -26.670000076293945 -2.3244409561157227
      vertex -5.577457427978516 -32.66999816894531 -2.377640724182129
      vertex -5.577457427978516 -26.670000076293945 -2.377640724182129
    endloop
  endfacet
  facet normal -0.5620812925732648 0 0.8270819914247729
    outer loop
      vertex -7.819462776184082 -26.670000076293945 2.0225419998168945
      vertex -7.689566612243652 -32.66999816894531 2.110818862915039
      vertex -7.689566612243652 -26.670000076293945 2.110818862915039
    endloop
  endfacet
  facet normal -0.5620812925732648 0 0.8270819914247729
    outer loop
      vertex -7.689566612243652 -32.66999816894531 2.110818862915039
      vertex -7.819462776184082 -26.670000076293945 2.0225419998168945
      vertex -7.819462776184082 -32.66999816894531 2.0225419998168945
    endloop
  endfacet
  facet normal 0.8607423593458005 0 0.5090408537905626
    outer loop
      vertex -4.239179611206055 -32.66999816894531 1.3395662307739258
      vertex -4.159233093261719 -26.670000076293945 1.2043838500976562
      vertex -4.239179611206055 -26.670000076293945 1.3395662307739258
    endloop
  endfacet
  facet normal 0.8607423593458005 0 0.5090408537905626
    outer loop
      vertex -4.159233093261719 -26.670000076293945 1.2043838500976562
      vertex -4.239179611206055 -32.66999816894531 1.3395662307739258
      vertex -4.159233093261719 -32.66999816894531 1.2043838500976562
    endloop
  endfacet
  facet normal 0.8910058052498546 0 -0.4539919107330638
    outer loop
      vertex -4.0879316329956055 -32.66999816894531 -1.0644474029541016
      vertex -4.159233093261719 -26.670000076293945 -1.2043838500976562
      vertex -4.0879316329956055 -26.670000076293945 -1.0644474029541016
    endloop
  endfacet
  facet normal 0.8910058052498546 0 -0.4539919107330638
    outer loop
      vertex -4.159233093261719 -26.670000076293945 -1.2043838500976562
      vertex -4.0879316329956055 -32.66999816894531 -1.0644474029541016
      vertex -4.159233093261719 -32.66999816894531 -1.2043838500976562
    endloop
  endfacet
  facet normal -0.03141181313357849 0 0.9995065272401482
    outer loop
      vertex -6.506976127624512 -26.670000076293945 2.4950666427612305
      vertex -6.34999942779541 -32.66999816894531 2.5
      vertex -6.34999942779541 -26.670000076293945 2.5
    endloop
  endfacet
  facet normal -0.03141181313357849 0 0.9995065272401482
    outer loop
      vertex -6.34999942779541 -32.66999816894531 2.5
      vertex -6.506976127624512 -26.670000076293945 2.4950666427612305
      vertex -6.506976127624512 -32.66999816894531 2.4950666427612305
    endloop
  endfacet
  facet normal -0.9995065212485802 0 -0.03141200378137986
    outer loop
      vertex -8.84506607055664 -32.66999816894531 -0.15697574615478516
      vertex -8.84999942779541 -26.670000076293945 0
      vertex -8.84506607055664 -26.670000076293945 -0.15697574615478516
    endloop
  endfacet
  facet normal -0.9995065212485802 0 -0.03141200378137986
    outer loop
      vertex -8.84999942779541 -26.670000076293945 0
      vertex -8.84506607055664 -32.66999816894531 -0.15697574615478516
      vertex -8.84999942779541 -32.66999816894531 0
    endloop
  endfacet
  facet normal -0.3387360250723312 0 -0.940881451256319
    outer loop
      vertex -7.27031135559082 -32.66999816894531 -2.3244409561157227
      vertex -7.122542381286621 -26.670000076293945 -2.377640724182129
      vertex -7.122542381286621 -32.66999816894531 -2.377640724182129
    endloop
  endfacet
  facet normal -0.3387360250723312 0 -0.940881451256319
    outer loop
      vertex -7.122542381286621 -26.670000076293945 -2.377640724182129
      vertex -7.27031135559082 -32.66999816894531 -2.3244409561157227
      vertex -7.27031135559082 -26.670000076293945 -2.3244409561157227
    endloop
  endfacet
  facet normal 0.21814609978468297 0 0.9759161230089044
    outer loop
      vertex -5.8815460205078125 -26.670000076293945 2.4557180404663086
      vertex -5.728274345397949 -32.66999816894531 2.421457290649414
      vertex -5.728274345397949 -26.670000076293945 2.421457290649414
    endloop
  endfacet
  facet normal 0.21814609978468297 0 0.9759161230089044
    outer loop
      vertex -5.728274345397949 -32.66999816894531 2.421457290649414
      vertex -5.8815460205078125 -26.670000076293945 2.4557180404663086
      vertex -5.8815460205078125 -32.66999816894531 2.4557180404663086
    endloop
  endfacet
  facet normal -0.7901529431905973 0 0.6129097212210268
    outer loop
      vertex -8.372542381286621 -32.66999816894531 1.4694623947143555
      vertex -8.27628231048584 -26.670000076293945 1.5935592651367188
      vertex -8.372542381286621 -26.670000076293945 1.4694623947143555
    endloop
  endfacet
  facet normal -0.7901529431905973 0 0.6129097212210268
    outer loop
      vertex -8.27628231048584 -26.670000076293945 1.5935592651367188
      vertex -8.372542381286621 -32.66999816894531 1.4694623947143555
      vertex -8.27628231048584 -32.66999816894531 1.5935592651367188
    endloop
  endfacet
  facet normal -0.6129059300343599 0 0.7901558839423498
    outer loop
      vertex -7.943559646606445 -26.670000076293945 1.9262828826904297
      vertex -7.819462776184082 -32.66999816894531 2.0225419998168945
      vertex -7.819462776184082 -26.670000076293945 2.0225419998168945
    endloop
  endfacet
  facet normal -0.6129059300343599 0 0.7901558839423498
    outer loop
      vertex -7.819462776184082 -32.66999816894531 2.0225419998168945
      vertex -7.943559646606445 -26.670000076293945 1.9262828826904297
      vertex -7.943559646606445 -32.66999816894531 1.9262828826904297
    endloop
  endfacet
  facet normal 0.5090426920071875 0 0.8607412722264894
    outer loop
      vertex -5.145615577697754 -26.670000076293945 2.1907663345336914
      vertex -5.010432243347168 -32.66999816894531 2.110818862915039
      vertex -5.010432243347168 -26.670000076293945 2.110818862915039
    endloop
  endfacet
  facet normal 0.5090426920071875 0 0.8607412722264894
    outer loop
      vertex -5.010432243347168 -32.66999816894531 2.110818862915039
      vertex -5.145615577697754 -26.670000076293945 2.1907663345336914
      vertex -5.145615577697754 -32.66999816894531 2.1907663345336914
    endloop
  endfacet
  facet normal 0.8270791684945458 0 0.562085446389044
    outer loop
      vertex -4.327457427978516 -32.66999816894531 1.4694623947143555
      vertex -4.239179611206055 -26.670000076293945 1.3395662307739258
      vertex -4.327457427978516 -26.670000076293945 1.4694623947143555
    endloop
  endfacet
  facet normal 0.8270791684945458 0 0.562085446389044
    outer loop
      vertex -4.239179611206055 -26.670000076293945 1.3395662307739258
      vertex -4.327457427978516 -32.66999816894531 1.4694623947143555
      vertex -4.239179611206055 -32.66999816894531 1.3395662307739258
    endloop
  endfacet
  facet normal 0.9177551854425267 0 -0.3971465971066017
    outer loop
      vertex -4.0255584716796875 -32.66999816894531 -0.9203109741210938
      vertex -4.0879316329956055 -26.670000076293945 -1.0644474029541016
      vertex -4.0255584716796875 -26.670000076293945 -0.9203109741210938
    endloop
  endfacet
  facet normal 0.9177551854425267 0 -0.3971465971066017
    outer loop
      vertex -4.0879316329956055 -26.670000076293945 -1.0644474029541016
      vertex -4.0255584716796875 -32.66999816894531 -0.9203109741210938
      vertex -4.0879316329956055 -32.66999816894531 -1.0644474029541016
    endloop
  endfacet
  facet normal 0.6613141042151305 0 0.7501090957761674
    outer loop
      vertex -4.756439208984375 -26.670000076293945 1.9262828826904297
      vertex -4.638631820678711 -32.66999816894531 1.8224210739135742
      vertex -4.638631820678711 -26.670000076293945 1.8224210739135742
    endloop
  endfacet
  facet normal 0.6613141042151305 0 0.7501090957761674
    outer loop
      vertex -4.638631820678711 -32.66999816894531 1.8224210739135742
      vertex -4.756439208984375 -26.670000076293945 1.9262828826904297
      vertex -4.756439208984375 -32.66999816894531 1.9262828826904297
    endloop
  endfacet
  facet normal 0.7501117513879908 0 0.6613110920207229
    outer loop
      vertex -4.527578353881836 -32.66999816894531 1.7113676071166992
      vertex -4.4237165451049805 -26.670000076293945 1.5935592651367188
      vertex -4.527578353881836 -26.670000076293945 1.7113676071166992
    endloop
  endfacet
  facet normal 0.7501117513879908 0 0.6613110920207229
    outer loop
      vertex -4.4237165451049805 -26.670000076293945 1.5935592651367188
      vertex -4.527578353881836 -32.66999816894531 1.7113676071166992
      vertex -4.4237165451049805 -32.66999816894531 1.5935592651367188
    endloop
  endfacet
  facet normal -0.5620812925732648 0 -0.8270819914247729
    outer loop
      vertex -7.819462776184082 -32.66999816894531 -2.0225419998168945
      vertex -7.689566612243652 -26.670000076293945 -2.110818862915039
      vertex -7.689566612243652 -32.66999816894531 -2.110818862915039
    endloop
  endfacet
  facet normal -0.5620812925732648 0 -0.8270819914247729
    outer loop
      vertex -7.689566612243652 -26.670000076293945 -2.110818862915039
      vertex -7.819462776184082 -32.66999816894531 -2.0225419998168945
      vertex -7.819462776184082 -26.670000076293945 -2.0225419998168945
    endloop
  endfacet
  facet normal 0.6129059300343599 0 -0.7901558839423498
    outer loop
      vertex -4.880536079406738 -32.66999816894531 -2.0225419998168945
      vertex -4.756439208984375 -26.670000076293945 -1.9262828826904297
      vertex -4.756439208984375 -32.66999816894531 -1.9262828826904297
    endloop
  endfacet
  facet normal 0.6129059300343599 0 -0.7901558839423498
    outer loop
      vertex -4.756439208984375 -26.670000076293945 -1.9262828826904297
      vertex -4.880536079406738 -32.66999816894531 -2.0225419998168945
      vertex -4.880536079406738 -26.670000076293945 -2.0225419998168945
    endloop
  endfacet
  facet normal -0.45398954628708255 0 -0.8910070099960207
    outer loop
      vertex -7.554383277893066 -32.66999816894531 -2.1907663345336914
      vertex -7.414447784423828 -26.670000076293945 -2.2620668411254883
      vertex -7.414447784423828 -32.66999816894531 -2.2620668411254883
    endloop
  endfacet
  facet normal -0.45398954628708255 0 -0.8910070099960207
    outer loop
      vertex -7.414447784423828 -26.670000076293945 -2.2620668411254883
      vertex -7.554383277893066 -32.66999816894531 -2.1907663345336914
      vertex -7.554383277893066 -26.670000076293945 -2.1907663345336914
    endloop
  endfacet
  facet normal -0.45398954628708255 0 0.8910070099960207
    outer loop
      vertex -7.554383277893066 -26.670000076293945 2.1907663345336914
      vertex -7.414447784423828 -32.66999816894531 2.2620668411254883
      vertex -7.414447784423828 -26.670000076293945 2.2620668411254883
    endloop
  endfacet
  facet normal -0.45398954628708255 0 0.8910070099960207
    outer loop
      vertex -7.414447784423828 -32.66999816894531 2.2620668411254883
      vertex -7.554383277893066 -26.670000076293945 2.1907663345336914
      vertex -7.554383277893066 -32.66999816894531 2.1907663345336914
    endloop
  endfacet
  facet normal -0.8607423593458005 0 0.5090408537905626
    outer loop
      vertex -8.540765762329102 -32.66999816894531 1.2043838500976562
      vertex -8.460819244384766 -26.670000076293945 1.3395662307739258
      vertex -8.540765762329102 -26.670000076293945 1.2043838500976562
    endloop
  endfacet
  facet normal -0.8607423593458005 0 0.5090408537905626
    outer loop
      vertex -8.460819244384766 -26.670000076293945 1.3395662307739258
      vertex -8.540765762329102 -32.66999816894531 1.2043838500976562
      vertex -8.460819244384766 -32.66999816894531 1.3395662307739258
    endloop
  endfacet
  facet normal 0.8607423593458005 0 -0.5090408537905626
    outer loop
      vertex -4.159233093261719 -32.66999816894531 -1.2043838500976562
      vertex -4.239179611206055 -26.670000076293945 -1.3395662307739258
      vertex -4.159233093261719 -26.670000076293945 -1.2043838500976562
    endloop
  endfacet
  facet normal 0.8607423593458005 0 -0.5090408537905626
    outer loop
      vertex -4.239179611206055 -26.670000076293945 -1.3395662307739258
      vertex -4.159233093261719 -32.66999816894531 -1.2043838500976562
      vertex -4.239179611206055 -32.66999816894531 -1.3395662307739258
    endloop
  endfacet
  facet normal -0.1564343398075595 0 0.9876883604300362
    outer loop
      vertex -6.818452835083008 -26.670000076293945 2.4557180404663086
      vertex -6.663332939147949 -32.66999816894531 2.4802865982055664
      vertex -6.663332939147949 -26.670000076293945 2.4802865982055664
    endloop
  endfacet
  facet normal -0.1564343398075595 0 0.9876883604300362
    outer loop
      vertex -6.663332939147949 -32.66999816894531 2.4802865982055664
      vertex -6.818452835083008 -26.670000076293945 2.4557180404663086
      vertex -6.818452835083008 -32.66999816894531 2.4557180404663086
    endloop
  endfacet
  facet normal 0.278992289225085 0 0.960293341928885
    outer loop
      vertex -5.728274345397949 -26.670000076293945 2.421457290649414
      vertex -5.577457427978516 -32.66999816894531 2.377640724182129
      vertex -5.577457427978516 -26.670000076293945 2.377640724182129
    endloop
  endfacet
  facet normal 0.278992289225085 0 0.960293341928885
    outer loop
      vertex -5.577457427978516 -32.66999816894531 2.377640724182129
      vertex -5.728274345397949 -26.670000076293945 2.421457290649414
      vertex -5.728274345397949 -32.66999816894531 2.421457290649414
    endloop
  endfacet
  facet normal 0.5620812925732648 0 0.8270819914247729
    outer loop
      vertex -5.010432243347168 -26.670000076293945 2.110818862915039
      vertex -4.880536079406738 -32.66999816894531 2.0225419998168945
      vertex -4.880536079406738 -26.670000076293945 2.0225419998168945
    endloop
  endfacet
  facet normal 0.5620812925732648 0 0.8270819914247729
    outer loop
      vertex -4.880536079406738 -32.66999816894531 2.0225419998168945
      vertex -5.010432243347168 -26.670000076293945 2.110818862915039
      vertex -5.010432243347168 -32.66999816894531 2.110818862915039
    endloop
  endfacet
  facet normal -0.3971517116315226 0 -0.9177529721815952
    outer loop
      vertex -7.414447784423828 -32.66999816894531 -2.2620668411254883
      vertex -7.27031135559082 -26.670000076293945 -2.3244409561157227
      vertex -7.27031135559082 -32.66999816894531 -2.3244409561157227
    endloop
  endfacet
  facet normal -0.3971517116315226 0 -0.9177529721815952
    outer loop
      vertex -7.27031135559082 -26.670000076293945 -2.3244409561157227
      vertex -7.414447784423828 -32.66999816894531 -2.2620668411254883
      vertex -7.414447784423828 -26.670000076293945 -2.2620668411254883
    endloop
  endfacet
  facet normal -0.9995065212485802 0 0.03141200378137986
    outer loop
      vertex -8.84999942779541 -32.66999816894531 0
      vertex -8.84506607055664 -26.670000076293945 0.15697574615478516
      vertex -8.84999942779541 -26.670000076293945 0
    endloop
  endfacet
  facet normal -0.9995065212485802 0 0.03141200378137986
    outer loop
      vertex -8.84506607055664 -26.670000076293945 0.15697574615478516
      vertex -8.84999942779541 -32.66999816894531 0
      vertex -8.84506607055664 -32.66999816894531 0.15697574615478516
    endloop
  endfacet
  facet normal -0.6613141042151305 0 -0.7501090957761674
    outer loop
      vertex -8.06136703491211 -32.66999816894531 -1.8224210739135742
      vertex -7.943559646606445 -26.670000076293945 -1.9262828826904297
      vertex -7.943559646606445 -32.66999816894531 -1.9262828826904297
    endloop
  endfacet
  facet normal -0.6613141042151305 0 -0.7501090957761674
    outer loop
      vertex -7.943559646606445 -26.670000076293945 -1.9262828826904297
      vertex -8.06136703491211 -32.66999816894531 -1.8224210739135742
      vertex -8.06136703491211 -26.670000076293945 -1.8224210739135742
    endloop
  endfacet
  facet normal -0.9759174157317978 0 -0.21814031647398288
    outer loop
      vertex -8.77145767211914 -32.66999816894531 -0.6217241287231445
      vertex -8.805717468261719 -26.670000076293945 -0.46845245361328125
      vertex -8.77145767211914 -26.670000076293945 -0.6217241287231445
    endloop
  endfacet
  facet normal -0.9759174157317978 0 -0.21814031647398288
    outer loop
      vertex -8.805717468261719 -26.670000076293945 -0.46845245361328125
      vertex -8.77145767211914 -32.66999816894531 -0.6217241287231445
      vertex -8.805717468261719 -32.66999816894531 -0.46845245361328125
    endloop
  endfacet
  facet normal 0.09410815095442854 0 0.9955619799509916
    outer loop
      vertex -6.193023681640625 -26.670000076293945 2.4950666427612305
      vertex -6.0366668701171875 -32.66999816894531 2.4802865982055664
      vertex -6.0366668701171875 -26.670000076293945 2.4802865982055664
    endloop
  endfacet
  facet normal 0.09410815095442854 0 0.9955619799509916
    outer loop
      vertex -6.0366668701171875 -32.66999816894531 2.4802865982055664
      vertex -6.193023681640625 -26.670000076293945 2.4950666427612305
      vertex -6.193023681640625 -32.66999816894531 2.4950666427612305
    endloop
  endfacet
  facet normal 0.7071067811865476 0 0.7071067811865476
    outer loop
      vertex -4.638631820678711 -32.66999816894531 1.8224210739135742
      vertex -4.527578353881836 -26.670000076293945 1.7113676071166992
      vertex -4.638631820678711 -26.670000076293945 1.8224210739135742
    endloop
  endfacet
  facet normal 0.7071067811865476 0 0.7071067811865476
    outer loop
      vertex -4.527578353881836 -26.670000076293945 1.7113676071166992
      vertex -4.638631820678711 -32.66999816894531 1.8224210739135742
      vertex -4.527578353881836 -32.66999816894531 1.7113676071166992
    endloop
  endfacet
  facet normal 0 -1 0
    outer loop
      vertex -6.506976127624512 -32.66999816894531 2.4950666427612305
      vertex -6.193023681640625 -32.66999816894531 2.4950666427612305
      vertex -6.34999942779541 -32.66999816894531 2.5
    endloop
  endfacet
  facet normal 0 -1 0
    outer loop
      vertex -6.663332939147949 -32.66999816894531 2.4802865982055664
      vertex -6.193023681640625 -32.66999816894531 2.4950666427612305
      vertex -6.506976127624512 -32.66999816894531 2.4950666427612305
    endloop
  endfacet
  facet normal 0 -1 0
    outer loop
      vertex -6.663332939147949 -32.66999816894531 2.4802865982055664
      vertex -6.0366668701171875 -32.66999816894531 2.4802865982055664
      vertex -6.193023681640625 -32.66999816894531 2.4950666427612305
    endloop
  endfacet
  facet normal 0 -1 0
    outer loop
      vertex -6.818452835083008 -32.66999816894531 2.4557180404663086
      vertex -6.0366668701171875 -32.66999816894531 2.4802865982055664
      vertex -6.663332939147949 -32.66999816894531 2.4802865982055664
    endloop
  endfacet
  facet normal 0 -1 0
    outer loop
      vertex -6.818452835083008 -32.66999816894531 2.4557180404663086
      vertex -5.8815460205078125 -32.66999816894531 2.4557180404663086
      vertex -6.0366668701171875 -32.66999816894531 2.4802865982055664
    endloop
  endfacet
  facet normal 0 -1 0
    outer loop
      vertex -6.971724510192871 -32.66999816894531 2.421457290649414
      vertex -5.8815460205078125 -32.66999816894531 2.4557180404663086
      vertex -6.818452835083008 -32.66999816894531 2.4557180404663086
    endloop
  endfacet
  facet normal 0 -1 0
    outer loop
      vertex -6.971724510192871 -32.66999816894531 2.421457290649414
      vertex -5.728274345397949 -32.66999816894531 2.421457290649414
      vertex -5.8815460205078125 -32.66999816894531 2.4557180404663086
    endloop
  endfacet
  facet normal 0 -1 0
    outer loop
      vertex -7.122542381286621 -32.66999816894531 2.377640724182129
      vertex -5.728274345397949 -32.66999816894531 2.421457290649414
      vertex -6.971724510192871 -32.66999816894531 2.421457290649414
    endloop
  endfacet
  facet normal 0 -1 0
    outer loop
      vertex -7.122542381286621 -32.66999816894531 2.377640724182129
      vertex -5.577457427978516 -32.66999816894531 2.377640724182129
      vertex -5.728274345397949 -32.66999816894531 2.421457290649414
    endloop
  endfacet
  facet normal 0 -1 0
    outer loop
      vertex -7.27031135559082 -32.66999816894531 2.3244409561157227
      vertex -5.577457427978516 -32.66999816894531 2.377640724182129
      vertex -7.122542381286621 -32.66999816894531 2.377640724182129
    endloop
  endfacet
  facet normal 0 -1 0
    outer loop
      vertex -7.27031135559082 -32.66999816894531 2.3244409561157227
      vertex -5.429688453674316 -32.66999816894531 2.3244409561157227
      vertex -5.577457427978516 -32.66999816894531 2.377640724182129
    endloop
  endfacet
  facet normal 0 -1 0
    outer loop
      vertex -7.414447784423828 -32.66999816894531 2.2620668411254883
      vertex -5.429688453674316 -32.66999816894531 2.3244409561157227
      vertex -7.27031135559082 -32.66999816894531 2.3244409561157227
    endloop
  endfacet
  facet normal 0 -1 0
    outer loop
      vertex -7.414447784423828 -32.66999816894531 2.2620668411254883
      vertex -5.285551071166992 -32.66999816894531 2.2620668411254883
      vertex -5.429688453674316 -32.66999816894531 2.3244409561157227
    endloop
  endfacet
  facet normal 0 -1 0
    outer loop
      vertex -7.554383277893066 -32.66999816894531 2.1907663345336914
      vertex -5.285551071166992 -32.66999816894531 2.2620668411254883
      vertex -7.414447784423828 -32.66999816894531 2.2620668411254883
    endloop
  endfacet
  facet normal 0 -1 0
    outer loop
      vertex -7.554383277893066 -32.66999816894531 2.1907663345336914
      vertex -5.145615577697754 -32.66999816894531 2.1907663345336914
      vertex -5.285551071166992 -32.66999816894531 2.2620668411254883
    endloop
  endfacet
  facet normal 0 -1 0
    outer loop
      vertex -7.689566612243652 -32.66999816894531 2.110818862915039
      vertex -5.145615577697754 -32.66999816894531 2.1907663345336914
      vertex -7.554383277893066 -32.66999816894531 2.1907663345336914
    endloop
  endfacet
  facet normal 0 -1 0
    outer loop
      vertex -7.689566612243652 -32.66999816894531 2.110818862915039
      vertex -5.010432243347168 -32.66999816894531 2.110818862915039
      vertex -5.145615577697754 -32.66999816894531 2.1907663345336914
    endloop
  endfacet
  facet normal 0 -1 0
    outer loop
      vertex -7.819462776184082 -32.66999816894531 2.0225419998168945
      vertex -5.010432243347168 -32.66999816894531 2.110818862915039
      vertex -7.689566612243652 -32.66999816894531 2.110818862915039
    endloop
  endfacet
  facet normal 0 -1 0
    outer loop
      vertex -7.819462776184082 -32.66999816894531 2.0225419998168945
      vertex -4.880536079406738 -32.66999816894531 2.0225419998168945
      vertex -5.010432243347168 -32.66999816894531 2.110818862915039
    endloop
  endfacet
  facet normal 0 -1 0
    outer loop
      vertex -7.943559646606445 -32.66999816894531 1.9262828826904297
      vertex -4.880536079406738 -32.66999816894531 2.0225419998168945
      vertex -7.819462776184082 -32.66999816894531 2.0225419998168945
    endloop
  endfacet
  facet normal 0 -1 0
    outer loop
      vertex -7.943559646606445 -32.66999816894531 1.9262828826904297
      vertex -4.756439208984375 -32.66999816894531 1.9262828826904297
      vertex -4.880536079406738 -32.66999816894531 2.0225419998168945
    endloop
  endfacet
  facet normal 0 -1 0
    outer loop
      vertex -8.06136703491211 -32.66999816894531 1.8224210739135742
      vertex -4.756439208984375 -32.66999816894531 1.9262828826904297
      vertex -7.943559646606445 -32.66999816894531 1.9262828826904297
    endloop
  endfacet
  facet normal 0 -1 0
    outer loop
      vertex -8.06136703491211 -32.66999816894531 1.8224210739135742
      vertex -4.638631820678711 -32.66999816894531 1.8224210739135742
      vertex -4.756439208984375 -32.66999816894531 1.9262828826904297
    endloop
  endfacet
  facet normal 0 -1 0
    outer loop
      vertex -8.1724214553833 -32.66999816894531 1.7113676071166992
      vertex -4.638631820678711 -32.66999816894531 1.8224210739135742
      vertex -8.06136703491211 -32.66999816894531 1.8224210739135742
    endloop
  endfacet
  facet normal 0 -1 0
    outer loop
      vertex -8.1724214553833 -32.66999816894531 1.7113676071166992
      vertex -4.527578353881836 -32.66999816894531 1.7113676071166992
      vertex -4.638631820678711 -32.66999816894531 1.8224210739135742
    endloop
  endfacet
  facet normal 0 -1 0
    outer loop
      vertex -8.27628231048584 -32.66999816894531 1.5935592651367188
      vertex -4.527578353881836 -32.66999816894531 1.7113676071166992
      vertex -8.1724214553833 -32.66999816894531 1.7113676071166992
    endloop
  endfacet
  facet normal 0 -1 0
    outer loop
      vertex -8.27628231048584 -32.66999816894531 1.5935592651367188
      vertex -4.4237165451049805 -32.66999816894531 1.5935592651367188
      vertex -4.527578353881836 -32.66999816894531 1.7113676071166992
    endloop
  endfacet
  facet normal 0 -1 0
    outer loop
      vertex -8.372542381286621 -32.66999816894531 1.4694623947143555
      vertex -4.4237165451049805 -32.66999816894531 1.5935592651367188
      vertex -8.27628231048584 -32.66999816894531 1.5935592651367188
    endloop
  endfacet
  facet normal 0 -1 0
    outer loop
      vertex -8.372542381286621 -32.66999816894531 1.4694623947143555
      vertex -4.327457427978516 -32.66999816894531 1.4694623947143555
      vertex -4.4237165451049805 -32.66999816894531 1.5935592651367188
    endloop
  endfacet
  facet normal 0 -1 0
    outer loop
      vertex -8.460819244384766 -32.66999816894531 1.3395662307739258
      vertex -4.327457427978516 -32.66999816894531 1.4694623947143555
      vertex -8.372542381286621 -32.66999816894531 1.4694623947143555
    endloop
  endfacet
  facet normal 0 -1 0
    outer loop
      vertex -8.460819244384766 -32.66999816894531 1.3395662307739258
      vertex -4.239179611206055 -32.66999816894531 1.3395662307739258
      vertex -4.327457427978516 -32.66999816894531 1.4694623947143555
    endloop
  endfacet
  facet normal 0 -1 0
    outer loop
      vertex -8.540765762329102 -32.66999816894531 1.2043838500976562
      vertex -4.239179611206055 -32.66999816894531 1.3395662307739258
      vertex -8.460819244384766 -32.66999816894531 1.3395662307739258
    endloop
  endfacet
  facet normal 0 -1 0
    outer loop
      vertex -8.540765762329102 -32.66999816894531 1.2043838500976562
      vertex -4.159233093261719 -32.66999816894531 1.2043838500976562
      vertex -4.239179611206055 -32.66999816894531 1.3395662307739258
    endloop
  endfacet
  facet normal 0 -1 0
    outer loop
      vertex -8.612067222595215 -32.66999816894531 1.0644474029541016
      vertex -4.159233093261719 -32.66999816894531 1.2043838500976562
      vertex -8.540765762329102 -32.66999816894531 1.2043838500976562
    endloop
  endfacet
  facet normal 0 -1 0
    outer loop
      vertex -8.612067222595215 -32.66999816894531 1.0644474029541016
      vertex -4.0879316329956055 -32.66999816894531 1.0644474029541016
      vertex -4.159233093261719 -32.66999816894531 1.2043838500976562
    endloop
  endfacet
  facet normal 0 -1 0
    outer loop
      vertex -8.674440383911133 -32.66999816894531 0.9203109741210938
      vertex -4.0879316329956055 -32.66999816894531 1.0644474029541016
      vertex -8.612067222595215 -32.66999816894531 1.0644474029541016
    endloop
  endfacet
  facet normal 0 -1 0
    outer loop
      vertex -8.674440383911133 -32.66999816894531 0.9203109741210938
      vertex -4.0255584716796875 -32.66999816894531 0.9203109741210938
      vertex -4.0879316329956055 -32.66999816894531 1.0644474029541016
    endloop
  endfacet
  facet normal 0 -1 0
    outer loop
      vertex -8.727641105651855 -32.66999816894531 0.7725419998168945
      vertex -4.0255584716796875 -32.66999816894531 0.9203109741210938
      vertex -8.674440383911133 -32.66999816894531 0.9203109741210938
    endloop
  endfacet
  facet normal 0 -1 0
    outer loop
      vertex -8.727641105651855 -32.66999816894531 0.7725419998168945
      vertex -3.9723587036132812 -32.66999816894531 0.7725419998168945
      vertex -4.0255584716796875 -32.66999816894531 0.9203109741210938
    endloop
  endfacet
  facet normal 0 -1 0
    outer loop
      vertex -8.77145767211914 -32.66999816894531 0.6217241287231445
      vertex -3.9723587036132812 -32.66999816894531 0.7725419998168945
      vertex -8.727641105651855 -32.66999816894531 0.7725419998168945
    endloop
  endfacet
  facet normal 0 -1 0
    outer loop
      vertex -8.77145767211914 -32.66999816894531 0.6217241287231445
      vertex -3.9285411834716797 -32.66999816894531 0.6217241287231445
      vertex -3.9723587036132812 -32.66999816894531 0.7725419998168945
    endloop
  endfacet
  facet normal 0 -1 0
    outer loop
      vertex -8.805717468261719 -32.66999816894531 0.46845245361328125
      vertex -3.9285411834716797 -32.66999816894531 0.6217241287231445
      vertex -8.77145767211914 -32.66999816894531 0.6217241287231445
    endloop
  endfacet
  facet normal 0 -1 0
    outer loop
      vertex -8.805717468261719 -32.66999816894531 0.46845245361328125
      vertex -3.8942813873291016 -32.66999816894531 0.46845245361328125
      vertex -3.9285411834716797 -32.66999816894531 0.6217241287231445
    endloop
  endfacet
  facet normal 0 -1 0
    outer loop
      vertex -8.830286026000977 -32.66999816894531 0.31333255767822266
      vertex -3.8942813873291016 -32.66999816894531 0.46845245361328125
      vertex -8.805717468261719 -32.66999816894531 0.46845245361328125
    endloop
  endfacet
  facet normal 0 -1 0
    outer loop
      vertex -8.830286026000977 -32.66999816894531 0.31333255767822266
      vertex -3.8697128295898438 -32.66999816894531 0.31333255767822266
      vertex -3.8942813873291016 -32.66999816894531 0.46845245361328125
    endloop
  endfacet
  facet normal 0 -1 0
    outer loop
      vertex -8.84506607055664 -32.66999816894531 0.15697574615478516
      vertex -3.8697128295898438 -32.66999816894531 0.31333255767822266
      vertex -8.830286026000977 -32.66999816894531 0.31333255767822266
    endloop
  endfacet
  facet normal 0 -1 0
    outer loop
      vertex -8.84506607055664 -32.66999816894531 0.15697574615478516
      vertex -3.8549327850341797 -32.66999816894531 0.15697574615478516
      vertex -3.8697128295898438 -32.66999816894531 0.31333255767822266
    endloop
  endfacet
  facet normal 0 -1 0
    outer loop
      vertex -8.84999942779541 -32.66999816894531 0
      vertex -3.8549327850341797 -32.66999816894531 0.15697574615478516
      vertex -8.84506607055664 -32.66999816894531 0.15697574615478516
    endloop
  endfacet
  facet normal 0 -1 0
    outer loop
      vertex -8.84999942779541 -32.66999816894531 0
      vertex -3.84999942779541 -32.66999816894531 0
      vertex -3.8549327850341797 -32.66999816894531 0.15697574615478516
    endloop
  endfacet
  facet normal 0 -1 0
    outer loop
      vertex -8.84506607055664 -32.66999816894531 -0.15697574615478516
      vertex -3.84999942779541 -32.66999816894531 0
      vertex -8.84999942779541 -32.66999816894531 0
    endloop
  endfacet
  facet normal 0 -1 0
    outer loop
      vertex -8.84506607055664 -32.66999816894531 -0.15697574615478516
      vertex -3.8549327850341797 -32.66999816894531 -0.15697574615478516
      vertex -3.84999942779541 -32.66999816894531 0
    endloop
  endfacet
  facet normal 0 -1 0
    outer loop
      vertex -8.830286026000977 -32.66999816894531 -0.31333255767822266
      vertex -3.8549327850341797 -32.66999816894531 -0.15697574615478516
      vertex -8.84506607055664 -32.66999816894531 -0.15697574615478516
    endloop
  endfacet
  facet normal 0 -1 0
    outer loop
      vertex -8.830286026000977 -32.66999816894531 -0.31333255767822266
      vertex -3.8697128295898438 -32.66999816894531 -0.31333255767822266
      vertex -3.8549327850341797 -32.66999816894531 -0.15697574615478516
    endloop
  endfacet
  facet normal 0 -1 0
    outer loop
      vertex -8.805717468261719 -32.66999816894531 -0.46845245361328125
      vertex -3.8697128295898438 -32.66999816894531 -0.31333255767822266
      vertex -8.830286026000977 -32.66999816894531 -0.31333255767822266
    endloop
  endfacet
  facet normal 0 -1 0
    outer loop
      vertex -8.805717468261719 -32.66999816894531 -0.46845245361328125
      vertex -3.8942813873291016 -32.66999816894531 -0.46845245361328125
      vertex -3.8697128295898438 -32.66999816894531 -0.31333255767822266
    endloop
  endfacet
  facet normal 0 -1 0
    outer loop
      vertex -8.77145767211914 -32.66999816894531 -0.6217241287231445
      vertex -3.8942813873291016 -32.66999816894531 -0.46845245361328125
      vertex -8.805717468261719 -32.66999816894531 -0.46845245361328125
    endloop
  endfacet
  facet normal 0 -1 0
    outer loop
      vertex -8.77145767211914 -32.66999816894531 -0.6217241287231445
      vertex -3.9285411834716797 -32.66999816894531 -0.6217241287231445
      vertex -3.8942813873291016 -32.66999816894531 -0.46845245361328125
    endloop
  endfacet
  facet normal 0 -1 0
    outer loop
      vertex -8.727641105651855 -32.66999816894531 -0.7725419998168945
      vertex -3.9285411834716797 -32.66999816894531 -0.6217241287231445
      vertex -8.77145767211914 -32.66999816894531 -0.6217241287231445
    endloop
  endfacet
  facet normal 0 -1 0
    outer loop
      vertex -8.727641105651855 -32.66999816894531 -0.7725419998168945
      vertex -3.9723587036132812 -32.66999816894531 -0.7725419998168945
      vertex -3.9285411834716797 -32.66999816894531 -0.6217241287231445
    endloop
  endfacet
  facet normal 0 -1 0
    outer loop
      vertex -8.674440383911133 -32.66999816894531 -0.9203109741210938
      vertex -3.9723587036132812 -32.66999816894531 -0.7725419998168945
      vertex -8.727641105651855 -32.66999816894531 -0.7725419998168945
    endloop
  endfacet
  facet normal 0 -1 0
    outer loop
      vertex -8.674440383911133 -32.66999816894531 -0.9203109741210938
      vertex -4.0255584716796875 -32.66999816894531 -0.9203109741210938
      vertex -3.9723587036132812 -32.66999816894531 -0.7725419998168945
    endloop
  endfacet
  facet normal 0 -1 0
    outer loop
      vertex -8.612067222595215 -32.66999816894531 -1.0644474029541016
      vertex -4.0255584716796875 -32.66999816894531 -0.9203109741210938
      vertex -8.674440383911133 -32.66999816894531 -0.9203109741210938
    endloop
  endfacet
  facet normal 0 -1 0
    outer loop
      vertex -8.612067222595215 -32.66999816894531 -1.0644474029541016
      vertex -4.0879316329956055 -32.66999816894531 -1.0644474029541016
      vertex -4.0255584716796875 -32.66999816894531 -0.9203109741210938
    endloop
  endfacet
  facet normal 0 -1 0
    outer loop
      vertex -8.540765762329102 -32.66999816894531 -1.2043838500976562
      vertex -4.0879316329956055 -32.66999816894531 -1.0644474029541016
      vertex -8.612067222595215 -32.66999816894531 -1.0644474029541016
    endloop
  endfacet
  facet normal 0 -1 0
    outer loop
      vertex -8.540765762329102 -32.66999816894531 -1.2043838500976562
      vertex -4.159233093261719 -32.66999816894531 -1.2043838500976562
      vertex -4.0879316329956055 -32.66999816894531 -1.0644474029541016
    endloop
  endfacet
  facet normal 0 -1 0
    outer loop
      vertex -8.460819244384766 -32.66999816894531 -1.3395662307739258
      vertex -4.159233093261719 -32.66999816894531 -1.2043838500976562
      vertex -8.540765762329102 -32.66999816894531 -1.2043838500976562
    endloop
  endfacet
  facet normal 0 -1 0
    outer loop
      vertex -8.460819244384766 -32.66999816894531 -1.3395662307739258
      vertex -4.239179611206055 -32.66999816894531 -1.3395662307739258
      vertex -4.159233093261719 -32.66999816894531 -1.2043838500976562
    endloop
  endfacet
  facet normal 0 -1 0
    outer loop
      vertex -8.372542381286621 -32.66999816894531 -1.4694623947143555
      vertex -4.239179611206055 -32.66999816894531 -1.3395662307739258
      vertex -8.460819244384766 -32.66999816894531 -1.3395662307739258
    endloop
  endfacet
  facet normal 0 -1 0
    outer loop
      vertex -8.372542381286621 -32.66999816894531 -1.4694623947143555
      vertex -4.327457427978516 -32.66999816894531 -1.4694623947143555
      vertex -4.239179611206055 -32.66999816894531 -1.3395662307739258
    endloop
  endfacet
  facet normal 0 -1 0
    outer loop
      vertex -8.27628231048584 -32.66999816894531 -1.5935592651367188
      vertex -4.327457427978516 -32.66999816894531 -1.4694623947143555
      vertex -8.372542381286621 -32.66999816894531 -1.4694623947143555
    endloop
  endfacet
  facet normal 0 -1 0
    outer loop
      vertex -8.27628231048584 -32.66999816894531 -1.5935592651367188
      vertex -4.4237165451049805 -32.66999816894531 -1.5935592651367188
      vertex -4.327457427978516 -32.66999816894531 -1.4694623947143555
    endloop
  endfacet
  facet normal 0 -1 0
    outer loop
      vertex -8.1724214553833 -32.66999816894531 -1.7113676071166992
      vertex -4.4237165451049805 -32.66999816894531 -1.5935592651367188
      vertex -8.27628231048584 -32.66999816894531 -1.5935592651367188
    endloop
  endfacet
  facet normal 0 -1 0
    outer loop
      vertex -8.1724214553833 -32.66999816894531 -1.7113676071166992
      vertex -4.527578353881836 -32.66999816894531 -1.7113676071166992
      vertex -4.4237165451049805 -32.66999816894531 -1.5935592651367188
    endloop
  endfacet
  facet normal 0 -1 0
    outer loop
      vertex -8.06136703491211 -32.66999816894531 -1.8224210739135742
      vertex -4.527578353881836 -32.66999816894531 -1.7113676071166992
      vertex -8.1724214553833 -32.66999816894531 -1.7113676071166992
    endloop
  endfacet
  facet normal 0 -1 0
    outer loop
      vertex -8.06136703491211 -32.66999816894531 -1.8224210739135742
      vertex -4.638631820678711 -32.66999816894531 -1.8224210739135742
      vertex -4.527578353881836 -32.66999816894531 -1.7113676071166992
    endloop
  endfacet
  facet normal 0 -1 0
    outer loop
      vertex -7.943559646606445 -32.66999816894531 -1.9262828826904297
      vertex -4.638631820678711 -32.66999816894531 -1.8224210739135742
      vertex -8.06136703491211 -32.66999816894531 -1.8224210739135742
    endloop
  endfacet
  facet normal 0 -1 0
    outer loop
      vertex -7.943559646606445 -32.66999816894531 -1.9262828826904297
      vertex -4.756439208984375 -32.66999816894531 -1.9262828826904297
      vertex -4.638631820678711 -32.66999816894531 -1.8224210739135742
    endloop
  endfacet
  facet normal 0 -1 0
    outer loop
      vertex -7.819462776184082 -32.66999816894531 -2.0225419998168945
      vertex -4.756439208984375 -32.66999816894531 -1.9262828826904297
      vertex -7.943559646606445 -32.66999816894531 -1.9262828826904297
    endloop
  endfacet
  facet normal 0 -1 0
    outer loop
      vertex -7.819462776184082 -32.66999816894531 -2.0225419998168945
      vertex -4.880536079406738 -32.66999816894531 -2.0225419998168945
      vertex -4.756439208984375 -32.66999816894531 -1.9262828826904297
    endloop
  endfacet
  facet normal 0 -1 0
    outer loop
      vertex -7.689566612243652 -32.66999816894531 -2.110818862915039
      vertex -4.880536079406738 -32.66999816894531 -2.0225419998168945
      vertex -7.819462776184082 -32.66999816894531 -2.0225419998168945
    endloop
  endfacet
  facet normal 0 -1 0
    outer loop
      vertex -7.689566612243652 -32.66999816894531 -2.110818862915039
      vertex -5.010432243347168 -32.66999816894531 -2.110818862915039
      vertex -4.880536079406738 -32.66999816894531 -2.0225419998168945
    endloop
  endfacet
  facet normal 0 -1 0
    outer loop
      vertex -7.554383277893066 -32.66999816894531 -2.1907663345336914
      vertex -5.010432243347168 -32.66999816894531 -2.110818862915039
      vertex -7.689566612243652 -32.66999816894531 -2.110818862915039
    endloop
  endfacet
  facet normal 0 -1 0
    outer loop
      vertex -7.554383277893066 -32.66999816894531 -2.1907663345336914
      vertex -5.145615577697754 -32.66999816894531 -2.1907663345336914
      vertex -5.010432243347168 -32.66999816894531 -2.110818862915039
    endloop
  endfacet
  facet normal 0 -1 0
    outer loop
      vertex -7.414447784423828 -32.66999816894531 -2.2620668411254883
      vertex -5.145615577697754 -32.66999816894531 -2.1907663345336914
      vertex -7.554383277893066 -32.66999816894531 -2.1907663345336914
    endloop
  endfacet
  facet normal 0 -1 0
    outer loop
      vertex -7.414447784423828 -32.66999816894531 -2.2620668411254883
      vertex -5.285551071166992 -32.66999816894531 -2.2620668411254883
      vertex -5.145615577697754 -32.66999816894531 -2.1907663345336914
    endloop
  endfacet
  facet normal 0 -1 0
    outer loop
      vertex -7.27031135559082 -32.66999816894531 -2.3244409561157227
      vertex -5.285551071166992 -32.66999816894531 -2.2620668411254883
      vertex -7.414447784423828 -32.66999816894531 -2.2620668411254883
    endloop
  endfacet
  facet normal 0 -1 0
    outer loop
      vertex -7.27031135559082 -32.66999816894531 -2.3244409561157227
      vertex -5.429688453674316 -32.66999816894531 -2.3244409561157227
      vertex -5.285551071166992 -32.66999816894531 -2.2620668411254883
    endloop
  endfacet
  facet normal 0 -1 0
    outer loop
      vertex -7.122542381286621 -32.66999816894531 -2.377640724182129
      vertex -5.429688453674316 -32.66999816894531 -2.3244409561157227
      vertex -7.27031135559082 -32.66999816894531 -2.3244409561157227
    endloop
  endfacet
  facet normal 0 -1 0
    outer loop
      vertex -7.122542381286621 -32.66999816894531 -2.377640724182129
      vertex -5.577457427978516 -32.66999816894531 -2.377640724182129
      vertex -5.429688453674316 -32.66999816894531 -2.3244409561157227
    endloop
  endfacet
  facet normal 0 -1 0
    outer loop
      vertex -6.971724510192871 -32.66999816894531 -2.421457290649414
      vertex -5.577457427978516 -32.66999816894531 -2.377640724182129
      vertex -7.122542381286621 -32.66999816894531 -2.377640724182129
    endloop
  endfacet
  facet normal 0 -1 0
    outer loop
      vertex -6.971724510192871 -32.66999816894531 -2.421457290649414
      vertex -5.728274345397949 -32.66999816894531 -2.421457290649414
      vertex -5.577457427978516 -32.66999816894531 -2.377640724182129
    endloop
  endfacet
  facet normal 0 -1 0
    outer loop
      vertex -6.818452835083008 -32.66999816894531 -2.4557180404663086
      vertex -5.728274345397949 -32.66999816894531 -2.421457290649414
      vertex -6.971724510192871 -32.66999816894531 -2.421457290649414
    endloop
  endfacet
  facet normal 0 -1 0
    outer loop
      vertex -6.818452835083008 -32.66999816894531 -2.4557180404663086
      vertex -5.8815460205078125 -32.66999816894531 -2.4557180404663086
      vertex -5.728274345397949 -32.66999816894531 -2.421457290649414
    endloop
  endfacet
  facet normal 0 -1 0
    outer loop
      vertex -6.663332939147949 -32.66999816894531 -2.4802865982055664
      vertex -5.8815460205078125 -32.66999816894531 -2.4557180404663086
      vertex -6.818452835083008 -32.66999816894531 -2.4557180404663086
    endloop
  endfacet
  facet normal 0 -1 0
    outer loop
      vertex -6.663332939147949 -32.66999816894531 -2.4802865982055664
      vertex -6.0366668701171875 -32.66999816894531 -2.4802865982055664
      vertex -5.8815460205078125 -32.66999816894531 -2.4557180404663086
    endloop
  endfacet
  facet normal 0 -1 0
    outer loop
      vertex -6.506976127624512 -32.66999816894531 -2.4950666427612305
      vertex -6.0366668701171875 -32.66999816894531 -2.4802865982055664
      vertex -6.663332939147949 -32.66999816894531 -2.4802865982055664
    endloop
  endfacet
  facet normal 0 -1 0
    outer loop
      vertex -6.506976127624512 -32.66999816894531 -2.4950666427612305
      vertex -6.193023681640625 -32.66999816894531 -2.4950666427612305
      vertex -6.0366668701171875 -32.66999816894531 -2.4802865982055664
    endloop
  endfacet
  facet normal 0 -1 0
    outer loop
      vertex -6.193023681640625 -32.66999816894531 -2.4950666427612305
      vertex -6.506976127624512 -32.66999816894531 -2.4950666427612305
      vertex -6.34999942779541 -32.66999816894531 -2.5
    endloop
  endfacet
  facet normal 0.03141200378137986 0 -0.9995065212485802
    outer loop
      vertex -6.34999942779541 -32.66999816894531 -2.5
      vertex -6.193023681640625 -26.670000076293945 -2.4950666427612305
      vertex -6.193023681640625 -32.66999816894531 -2.4950666427612305
    endloop
  endfacet
  facet normal 0.03141200378137986 0 -0.9995065212485802
    outer loop
      vertex -6.193023681640625 -26.670000076293945 -2.4950666427612305
      vertex -6.34999942779541 -32.66999816894531 -2.5
      vertex -6.34999942779541 -26.670000076293945 -2.5
    endloop
  endfacet
  facet normal 0.3971494983728567 0 0.9177539299519171
    outer loop
      vertex -5.429688453674316 -26.670000076293945 2.3244409561157227
      vertex -5.285551071166992 -32.66999816894531 2.2620668411254883
      vertex -5.285551071166992 -26.670000076293945 2.2620668411254883
    endloop
  endfacet
  facet normal 0.3971494983728567 0 0.9177539299519171
    outer loop
      vertex -5.285551071166992 -32.66999816894531 2.2620668411254883
      vertex -5.429688453674316 -26.670000076293945 2.3244409561157227
      vertex -5.429688453674316 -32.66999816894531 2.3244409561157227
    endloop
  endfacet
  facet normal -0.3387360250723312 0 0.940881451256319
    outer loop
      vertex -7.27031135559082 -26.670000076293945 2.3244409561157227
      vertex -7.122542381286621 -32.66999816894531 2.377640724182129
      vertex -7.122542381286621 -26.670000076293945 2.377640724182129
    endloop
  endfacet
  facet normal -0.3387360250723312 0 0.940881451256319
    outer loop
      vertex -7.122542381286621 -32.66999816894531 2.377640724182129
      vertex -7.27031135559082 -26.670000076293945 2.3244409561157227
      vertex -7.27031135559082 -32.66999816894531 2.3244409561157227
    endloop
  endfacet
  facet normal 0.9759174157317978 0 -0.21814031647398288
    outer loop
      vertex -3.8942813873291016 -32.66999816894531 -0.46845245361328125
      vertex -3.9285411834716797 -26.670000076293945 -0.6217241287231445
      vertex -3.8942813873291016 -26.670000076293945 -0.46845245361328125
    endloop
  endfacet
  facet normal 0.9759174157317978 0 -0.21814031647398288
    outer loop
      vertex -3.9285411834716797 -26.670000076293945 -0.6217241287231445
      vertex -3.8942813873291016 -32.66999816894531 -0.46845245361328125
      vertex -3.9285411834716797 -32.66999816894531 -0.6217241287231445
    endloop
  endfacet
  facet normal 0.7901558839423498 0 0.6129059300343599
    outer loop
      vertex -4.4237165451049805 -32.66999816894531 1.5935592651367188
      vertex -4.327457427978516 -26.670000076293945 1.4694623947143555
      vertex -4.4237165451049805 -26.670000076293945 1.5935592651367188
    endloop
  endfacet
  facet normal 0.7901558839423498 0 0.6129059300343599
    outer loop
      vertex -4.327457427978516 -26.670000076293945 1.4694623947143555
      vertex -4.4237165451049805 -32.66999816894531 1.5935592651367188
      vertex -4.327457427978516 -32.66999816894531 1.4694623947143555
    endloop
  endfacet
  facet normal 0.940881451256319 0 -0.3387360250723312
    outer loop
      vertex -3.9723587036132812 -32.66999816894531 -0.7725419998168945
      vertex -4.0255584716796875 -26.670000076293945 -0.9203109741210938
      vertex -3.9723587036132812 -26.670000076293945 -0.7725419998168945
    endloop
  endfacet
  facet normal 0.940881451256319 0 -0.3387360250723312
    outer loop
      vertex -4.0255584716796875 -26.670000076293945 -0.9203109741210938
      vertex -3.9723587036132812 -32.66999816894531 -0.7725419998168945
      vertex -4.0255584716796875 -32.66999816894531 -0.9203109741210938
    endloop
  endfacet
  facet normal -0.5090426920071875 0 0.8607412722264894
    outer loop
      vertex -7.689566612243652 -26.670000076293945 2.110818862915039
      vertex -7.554383277893066 -32.66999816894531 2.1907663345336914
      vertex -7.554383277893066 -26.670000076293945 2.1907663345336914
    endloop
  endfacet
  facet normal -0.5090426920071875 0 0.8607412722264894
    outer loop
      vertex -7.554383277893066 -32.66999816894531 2.1907663345336914
      vertex -7.689566612243652 -26.670000076293945 2.110818862915039
      vertex -7.689566612243652 -32.66999816894531 2.110818862915039
    endloop
  endfacet
  facet normal 0.03141200378137986 0 0.9995065212485802
    outer loop
      vertex -6.34999942779541 -26.670000076293945 2.5
      vertex -6.193023681640625 -32.66999816894531 2.4950666427612305
      vertex -6.193023681640625 -26.670000076293945 2.4950666427612305
    endloop
  endfacet
  facet normal 0.03141200378137986 0 0.9995065212485802
    outer loop
      vertex -6.193023681640625 -32.66999816894531 2.4950666427612305
      vertex -6.34999942779541 -26.670000076293945 2.5
      vertex -6.34999942779541 -32.66999816894531 2.5
    endloop
  endfacet
  facet normal -0.750114763578325 0 -0.6613076753386685
    outer loop
      vertex -8.1724214553833 -32.66999816894531 -1.7113676071166992
      vertex -8.27628231048584 -26.670000076293945 -1.5935592651367188
      vertex -8.1724214553833 -26.670000076293945 -1.7113676071166992
    endloop
  endfacet
  facet normal -0.750114763578325 0 -0.6613076753386685
    outer loop
      vertex -8.27628231048584 -26.670000076293945 -1.5935592651367188
      vertex -8.1724214553833 -32.66999816894531 -1.7113676071166992
      vertex -8.27628231048584 -32.66999816894531 -1.5935592651367188
    endloop
  endfacet
  facet normal 0.6129059300343599 0 0.7901558839423498
    outer loop
      vertex -4.880536079406738 -26.670000076293945 2.0225419998168945
      vertex -4.756439208984375 -32.66999816894531 1.9262828826904297
      vertex -4.756439208984375 -26.670000076293945 1.9262828826904297
    endloop
  endfacet
  facet normal 0.6129059300343599 0 0.7901558839423498
    outer loop
      vertex -4.756439208984375 -32.66999816894531 1.9262828826904297
      vertex -4.880536079406738 -26.670000076293945 2.0225419998168945
      vertex -4.880536079406738 -32.66999816894531 2.0225419998168945
    endloop
  endfacet
  facet normal -0.8270819914247729 0 -0.5620812925732648
    outer loop
      vertex -8.372542381286621 -32.66999816894531 -1.4694623947143555
      vertex -8.460819244384766 -26.670000076293945 -1.3395662307739258
      vertex -8.372542381286621 -26.670000076293945 -1.4694623947143555
    endloop
  endfacet
  facet normal -0.8270819914247729 0 -0.5620812925732648
    outer loop
      vertex -8.460819244384766 -26.670000076293945 -1.3395662307739258
      vertex -8.372542381286621 -32.66999816894531 -1.4694623947143555
      vertex -8.460819244384766 -32.66999816894531 -1.3395662307739258
    endloop
  endfacet
  facet normal -0.09410815095442854 0 0.9955619799509916
    outer loop
      vertex -6.663332939147949 -26.670000076293945 2.4802865982055664
      vertex -6.506976127624512 -32.66999816894531 2.4950666427612305
      vertex -6.506976127624512 -26.670000076293945 2.4950666427612305
    endloop
  endfacet
  facet normal -0.09410815095442854 0 0.9955619799509916
    outer loop
      vertex -6.506976127624512 -32.66999816894531 2.4950666427612305
      vertex -6.663332939147949 -26.670000076293945 2.4802865982055664
      vertex -6.663332939147949 -32.66999816894531 2.4802865982055664
    endloop
  endfacet
  facet normal 0.9602921877183637 0 -0.2789962619948145
    outer loop
      vertex -3.9285411834716797 -32.66999816894531 -0.6217241287231445
      vertex -3.9723587036132812 -26.670000076293945 -0.7725419998168945
      vertex -3.9285411834716797 -26.670000076293945 -0.6217241287231445
    endloop
  endfacet
  facet normal 0.9602921877183637 0 -0.2789962619948145
    outer loop
      vertex -3.9723587036132812 -26.670000076293945 -0.7725419998168945
      vertex -3.9285411834716797 -32.66999816894531 -0.6217241287231445
      vertex -3.9723587036132812 -32.66999816894531 -0.7725419998168945
    endloop
  endfacet
  facet normal -0.7071037450448229 0 0.7071098173152358
    outer loop
      vertex -8.1724214553833 -26.670000076293945 1.7113676071166992
      vertex -8.06136703491211 -32.66999816894531 1.8224210739135742
      vertex -8.06136703491211 -26.670000076293945 1.8224210739135742
    endloop
  endfacet
  facet normal -0.7071037450448229 0 0.7071098173152358
    outer loop
      vertex -8.06136703491211 -32.66999816894531 1.8224210739135742
      vertex -8.1724214553833 -26.670000076293945 1.7113676071166992
      vertex -8.1724214553833 -32.66999816894531 1.7113676071166992
    endloop
  endfacet
  facet normal -0.8270819914247729 0 0.5620812925732648
    outer loop
      vertex -8.460819244384766 -32.66999816894531 1.3395662307739258
      vertex -8.372542381286621 -26.670000076293945 1.4694623947143555
      vertex -8.460819244384766 -26.670000076293945 1.3395662307739258
    endloop
  endfacet
  facet normal -0.8270819914247729 0 0.5620812925732648
    outer loop
      vertex -8.372542381286621 -26.670000076293945 1.4694623947143555
      vertex -8.460819244384766 -32.66999816894531 1.3395662307739258
      vertex -8.372542381286621 -32.66999816894531 1.4694623947143555
    endloop
  endfacet
  facet normal -0.8607423593458005 0 -0.5090408537905626
    outer loop
      vertex -8.460819244384766 -32.66999816894531 -1.3395662307739258
      vertex -8.540765762329102 -26.670000076293945 -1.2043838500976562
      vertex -8.460819244384766 -26.670000076293945 -1.3395662307739258
    endloop
  endfacet
  facet normal -0.8607423593458005 0 -0.5090408537905626
    outer loop
      vertex -8.540765762329102 -26.670000076293945 -1.2043838500976562
      vertex -8.460819244384766 -32.66999816894531 -1.3395662307739258
      vertex -8.540765762329102 -32.66999816894531 -1.2043838500976562
    endloop
  endfacet
  facet normal 0.9955619799509916 0 0.09410815095442854
    outer loop
      vertex -3.8697128295898438 -32.66999816894531 0.31333255767822266
      vertex -3.8549327850341797 -26.670000076293945 0.15697574615478516
      vertex -3.8697128295898438 -26.670000076293945 0.31333255767822266
    endloop
  endfacet
  facet normal 0.9955619799509916 0 0.09410815095442854
    outer loop
      vertex -3.8549327850341797 -26.670000076293945 0.15697574615478516
      vertex -3.8697128295898438 -32.66999816894531 0.31333255767822266
      vertex -3.8549327850341797 -32.66999816894531 0.15697574615478516
    endloop
  endfacet
  facet normal 0.21814609978468297 0 -0.9759161230089044
    outer loop
      vertex -5.8815460205078125 -32.66999816894531 -2.4557180404663086
      vertex -5.728274345397949 -26.670000076293945 -2.421457290649414
      vertex -5.728274345397949 -32.66999816894531 -2.421457290649414
    endloop
  endfacet
  facet normal 0.21814609978468297 0 -0.9759161230089044
    outer loop
      vertex -5.728274345397949 -26.670000076293945 -2.421457290649414
      vertex -5.8815460205078125 -32.66999816894531 -2.4557180404663086
      vertex -5.8815460205078125 -26.670000076293945 -2.4557180404663086
    endloop
  endfacet
  facet normal 0.9995065212485802 0 -0.03141200378137986
    outer loop
      vertex -3.84999942779541 -32.66999816894531 0
      vertex -3.8549327850341797 -26.670000076293945 -0.15697574615478516
      vertex -3.84999942779541 -26.670000076293945 0
    endloop
  endfacet
  facet normal 0.9995065212485802 0 -0.03141200378137986
    outer loop
      vertex -3.8549327850341797 -26.670000076293945 -0.15697574615478516
      vertex -3.84999942779541 -32.66999816894531 0
      vertex -3.8549327850341797 -32.66999816894531 -0.15697574615478516
    endloop
  endfacet
  facet normal -0.7901529431905973 0 -0.6129097212210268
    outer loop
      vertex -8.27628231048584 -32.66999816894531 -1.5935592651367188
      vertex -8.372542381286621 -26.670000076293945 -1.4694623947143555
      vertex -8.27628231048584 -26.670000076293945 -1.5935592651367188
    endloop
  endfacet
  facet normal -0.7901529431905973 0 -0.6129097212210268
    outer loop
      vertex -8.372542381286621 -26.670000076293945 -1.4694623947143555
      vertex -8.27628231048584 -32.66999816894531 -1.5935592651367188
      vertex -8.372542381286621 -32.66999816894531 -1.4694623947143555
    endloop
  endfacet
  facet normal -0.1564343398075595 0 -0.9876883604300362
    outer loop
      vertex -6.818452835083008 -32.66999816894531 -2.4557180404663086
      vertex -6.663332939147949 -26.670000076293945 -2.4802865982055664
      vertex -6.663332939147949 -32.66999816894531 -2.4802865982055664
    endloop
  endfacet
  facet normal -0.1564343398075595 0 -0.9876883604300362
    outer loop
      vertex -6.663332939147949 -26.670000076293945 -2.4802865982055664
      vertex -6.818452835083008 -32.66999816894531 -2.4557180404663086
      vertex -6.818452835083008 -26.670000076293945 -2.4557180404663086
    endloop
  endfacet
  facet normal 0.9876883604300362 0 0.1564343398075595
    outer loop
      vertex -3.8942813873291016 -32.66999816894531 0.46845245361328125
      vertex -3.8697128295898438 -26.670000076293945 0.31333255767822266
      vertex -3.8942813873291016 -26.670000076293945 0.46845245361328125
    endloop
  endfacet
  facet normal 0.9876883604300362 0 0.1564343398075595
    outer loop
      vertex -3.8697128295898438 -26.670000076293945 0.31333255767822266
      vertex -3.8942813873291016 -32.66999816894531 0.46845245361328125
      vertex -3.8697128295898438 -32.66999816894531 0.31333255767822266
    endloop
  endfacet
  facet normal -0.6129059300343599 0 -0.7901558839423498
    outer loop
      vertex -7.943559646606445 -32.66999816894531 -1.9262828826904297
      vertex -7.819462776184082 -26.670000076293945 -2.0225419998168945
      vertex -7.819462776184082 -32.66999816894531 -2.0225419998168945
    endloop
  endfacet
  facet normal -0.6129059300343599 0 -0.7901558839423498
    outer loop
      vertex -7.819462776184082 -26.670000076293945 -2.0225419998168945
      vertex -7.943559646606445 -32.66999816894531 -1.9262828826904297
      vertex -7.943559646606445 -26.670000076293945 -1.9262828826904297
    endloop
  endfacet
  facet normal -0.9602938145733179 0 0.27899066237461484
    outer loop
      vertex -8.77145767211914 -32.66999816894531 0.6217241287231445
      vertex -8.727641105651855 -26.670000076293945 0.7725419998168945
      vertex -8.77145767211914 -26.670000076293945 0.6217241287231445
    endloop
  endfacet
  facet normal -0.9602938145733179 0 0.27899066237461484
    outer loop
      vertex -8.727641105651855 -26.670000076293945 0.7725419998168945
      vertex -8.77145767211914 -32.66999816894531 0.6217241287231445
      vertex -8.727641105651855 -32.66999816894531 0.7725419998168945
    endloop
  endfacet
  facet normal -0.9759174157317978 0 0.21814031647398288
    outer loop
      vertex -8.805717468261719 -32.66999816894531 0.46845245361328125
      vertex -8.77145767211914 -26.670000076293945 0.6217241287231445
      vertex -8.805717468261719 -26.670000076293945 0.46845245361328125
    endloop
  endfacet
  facet normal -0.9759174157317978 0 0.21814031647398288
    outer loop
      vertex -8.77145767211914 -26.670000076293945 0.6217241287231445
      vertex -8.805717468261719 -32.66999816894531 0.46845245361328125
      vertex -8.77145767211914 -32.66999816894531 0.6217241287231445
    endloop
  endfacet
  facet normal -0.9876883604300362 0 0.1564343398075595
    outer loop
      vertex -8.830286026000977 -32.66999816894531 0.31333255767822266
      vertex -8.805717468261719 -26.670000076293945 0.46845245361328125
      vertex -8.830286026000977 -26.670000076293945 0.31333255767822266
    endloop
  endfacet
  facet normal -0.9876883604300362 0 0.1564343398075595
    outer loop
      vertex -8.805717468261719 -26.670000076293945 0.46845245361328125
      vertex -8.830286026000977 -32.66999816894531 0.31333255767822266
      vertex -8.805717468261719 -32.66999816894531 0.46845245361328125
    endloop
  endfacet
  facet normal 0.45398954628708255 0 0.8910070099960207
    outer loop
      vertex -5.285551071166992 -26.670000076293945 2.2620668411254883
      vertex -5.145615577697754 -32.66999816894531 2.1907663345336914
      vertex -5.145615577697754 -26.670000076293945 2.1907663345336914
    endloop
  endfacet
  facet normal 0.45398954628708255 0 0.8910070099960207
    outer loop
      vertex -5.145615577697754 -32.66999816894531 2.1907663345336914
      vertex -5.285551071166992 -26.670000076293945 2.2620668411254883
      vertex -5.285551071166992 -32.66999816894531 2.2620668411254883
    endloop
  endfacet
  facet normal 0.09410815095442854 0 -0.9955619799509916
    outer loop
      vertex -6.193023681640625 -32.66999816894531 -2.4950666427612305
      vertex -6.0366668701171875 -26.670000076293945 -2.4802865982055664
      vertex -6.0366668701171875 -32.66999816894531 -2.4802865982055664
    endloop
  endfacet
  facet normal 0.09410815095442854 0 -0.9955619799509916
    outer loop
      vertex -6.0366668701171875 -26.670000076293945 -2.4802865982055664
      vertex -6.193023681640625 -32.66999816894531 -2.4950666427612305
      vertex -6.193023681640625 -26.670000076293945 -2.4950666427612305
    endloop
  endfacet
  facet normal -0.9408795159461383 0 0.3387414005889454
    outer loop
      vertex -8.727641105651855 -32.66999816894531 0.7725419998168945
      vertex -8.674440383911133 -26.670000076293945 0.9203109741210938
      vertex -8.727641105651855 -26.670000076293945 0.7725419998168945
    endloop
  endfacet
  facet normal -0.9408795159461383 0 0.3387414005889454
    outer loop
      vertex -8.674440383911133 -26.670000076293945 0.9203109741210938
      vertex -8.727641105651855 -32.66999816894531 0.7725419998168945
      vertex -8.674440383911133 -32.66999816894531 0.9203109741210938
    endloop
  endfacet
  facet normal -0.27899066237461484 0 0.9602938145733179
    outer loop
      vertex -7.122542381286621 -26.670000076293945 2.377640724182129
      vertex -6.971724510192871 -32.66999816894531 2.421457290649414
      vertex -6.971724510192871 -26.670000076293945 2.421457290649414
    endloop
  endfacet
  facet normal -0.27899066237461484 0 0.9602938145733179
    outer loop
      vertex -6.971724510192871 -32.66999816894531 2.421457290649414
      vertex -7.122542381286621 -26.670000076293945 2.377640724182129
      vertex -7.122542381286621 -32.66999816894531 2.377640724182129
    endloop
  endfacet
  facet normal 0.9995065212485802 0 0.03141200378137986
    outer loop
      vertex -3.8549327850341797 -32.66999816894531 0.15697574615478516
      vertex -3.84999942779541 -26.670000076293945 0
      vertex -3.8549327850341797 -26.670000076293945 0.15697574615478516
    endloop
  endfacet
  facet normal 0.9995065212485802 0 0.03141200378137986
    outer loop
      vertex -3.84999942779541 -26.670000076293945 0
      vertex -3.8549327850341797 -32.66999816894531 0.15697574615478516
      vertex -3.84999942779541 -32.66999816894531 0
    endloop
  endfacet
  facet normal 0.940881451256319 0 0.3387360250723312
    outer loop
      vertex -4.0255584716796875 -32.66999816894531 0.9203109741210938
      vertex -3.9723587036132812 -26.670000076293945 0.7725419998168945
      vertex -4.0255584716796875 -26.670000076293945 0.9203109741210938
    endloop
  endfacet
  facet normal 0.940881451256319 0 0.3387360250723312
    outer loop
      vertex -3.9723587036132812 -26.670000076293945 0.7725419998168945
      vertex -4.0255584716796875 -32.66999816894531 0.9203109741210938
      vertex -3.9723587036132812 -32.66999816894531 0.7725419998168945
    endloop
  endfacet
  facet normal -0.8910058052498546 0 -0.4539919107330638
    outer loop
      vertex -8.540765762329102 -32.66999816894531 -1.2043838500976562
      vertex -8.612067222595215 -26.670000076293945 -1.0644474029541016
      vertex -8.540765762329102 -26.670000076293945 -1.2043838500976562
    endloop
  endfacet
  facet normal -0.8910058052498546 0 -0.4539919107330638
    outer loop
      vertex -8.612067222595215 -26.670000076293945 -1.0644474029541016
      vertex -8.540765762329102 -32.66999816894531 -1.2043838500976562
      vertex -8.612067222595215 -32.66999816894531 -1.0644474029541016
    endloop
  endfacet
  facet normal -0.9408795159461383 0 -0.3387414005889454
    outer loop
      vertex -8.674440383911133 -32.66999816894531 -0.9203109741210938
      vertex -8.727641105651855 -26.670000076293945 -0.7725419998168945
      vertex -8.674440383911133 -26.670000076293945 -0.9203109741210938
    endloop
  endfacet
  facet normal -0.9408795159461383 0 -0.3387414005889454
    outer loop
      vertex -8.727641105651855 -26.670000076293945 -0.7725419998168945
      vertex -8.674440383911133 -32.66999816894531 -0.9203109741210938
      vertex -8.727641105651855 -32.66999816894531 -0.7725419998168945
    endloop
  endfacet
  facet normal -0.9602938145733179 0 -0.27899066237461484
    outer loop
      vertex -8.727641105651855 -32.66999816894531 -0.7725419998168945
      vertex -8.77145767211914 -26.670000076293945 -0.6217241287231445
      vertex -8.727641105651855 -26.670000076293945 -0.7725419998168945
    endloop
  endfacet
  facet normal -0.9602938145733179 0 -0.27899066237461484
    outer loop
      vertex -8.77145767211914 -26.670000076293945 -0.6217241287231445
      vertex -8.727641105651855 -32.66999816894531 -0.7725419998168945
      vertex -8.77145767211914 -32.66999816894531 -0.6217241287231445
    endloop
  endfacet
  facet normal -0.9876883604300362 0 -0.1564343398075595
    outer loop
      vertex -8.805717468261719 -32.66999816894531 -0.46845245361328125
      vertex -8.830286026000977 -26.670000076293945 -0.31333255767822266
      vertex -8.805717468261719 -26.670000076293945 -0.46845245361328125
    endloop
  endfacet
  facet normal -0.9876883604300362 0 -0.1564343398075595
    outer loop
      vertex -8.830286026000977 -26.670000076293945 -0.31333255767822266
      vertex -8.805717468261719 -32.66999816894531 -0.46845245361328125
      vertex -8.830286026000977 -32.66999816894531 -0.31333255767822266
    endloop
  endfacet
  facet normal -0.9177551854425267 0 0.3971465971066017
    outer loop
      vertex -8.674440383911133 -32.66999816894531 0.9203109741210938
      vertex -8.612067222595215 -26.670000076293945 1.0644474029541016
      vertex -8.674440383911133 -26.670000076293945 0.9203109741210938
    endloop
  endfacet
  facet normal -0.9177551854425267 0 0.3971465971066017
    outer loop
      vertex -8.612067222595215 -26.670000076293945 1.0644474029541016
      vertex -8.674440383911133 -32.66999816894531 0.9203109741210938
      vertex -8.612067222595215 -32.66999816894531 1.0644474029541016
    endloop
  endfacet
  facet normal -0.03141181313357849 0 -0.9995065272401482
    outer loop
      vertex -6.506976127624512 -32.66999816894531 -2.4950666427612305
      vertex -6.34999942779541 -26.670000076293945 -2.5
      vertex -6.34999942779541 -32.66999816894531 -2.5
    endloop
  endfacet
  facet normal -0.03141181313357849 0 -0.9995065272401482
    outer loop
      vertex -6.34999942779541 -26.670000076293945 -2.5
      vertex -6.506976127624512 -32.66999816894531 -2.4950666427612305
      vertex -6.506976127624512 -26.670000076293945 -2.4950666427612305
    endloop
  endfacet
  facet normal 0.6613141042151305 0 -0.7501090957761674
    outer loop
      vertex -4.756439208984375 -32.66999816894531 -1.9262828826904297
      vertex -4.638631820678711 -26.670000076293945 -1.8224210739135742
      vertex -4.638631820678711 -32.66999816894531 -1.8224210739135742
    endloop
  endfacet
  facet normal 0.6613141042151305 0 -0.7501090957761674
    outer loop
      vertex -4.638631820678711 -26.670000076293945 -1.8224210739135742
      vertex -4.756439208984375 -32.66999816894531 -1.9262828826904297
      vertex -4.756439208984375 -26.670000076293945 -1.9262828826904297
    endloop
  endfacet
  facet normal -0.8910058052498546 0 0.4539919107330638
    outer loop
      vertex -8.612067222595215 -32.66999816894531 1.0644474029541016
      vertex -8.540765762329102 -26.670000076293945 1.2043838500976562
      vertex -8.612067222595215 -26.670000076293945 1.0644474029541016
    endloop
  endfacet
  facet normal -0.8910058052498546 0 0.4539919107330638
    outer loop
      vertex -8.540765762329102 -26.670000076293945 1.2043838500976562
      vertex -8.612067222595215 -32.66999816894531 1.0644474029541016
      vertex -8.540765762329102 -32.66999816894531 1.2043838500976562
    endloop
  endfacet
  facet normal -0.7071037450448229 0 -0.7071098173152358
    outer loop
      vertex -8.1724214553833 -32.66999816894531 -1.7113676071166992
      vertex -8.06136703491211 -26.670000076293945 -1.8224210739135742
      vertex -8.06136703491211 -32.66999816894531 -1.8224210739135742
    endloop
  endfacet
  facet normal -0.7071037450448229 0 -0.7071098173152358
    outer loop
      vertex -8.06136703491211 -26.670000076293945 -1.8224210739135742
      vertex -8.1724214553833 -32.66999816894531 -1.7113676071166992
      vertex -8.1724214553833 -26.670000076293945 -1.7113676071166992
    endloop
  endfacet
  facet normal -0.27899066237461484 0 -0.9602938145733179
    outer loop
      vertex -7.122542381286621 -32.66999816894531 -2.377640724182129
      vertex -6.971724510192871 -26.670000076293945 -2.421457290649414
      vertex -6.971724510192871 -32.66999816894531 -2.421457290649414
    endloop
  endfacet
  facet normal -0.27899066237461484 0 -0.9602938145733179
    outer loop
      vertex -6.971724510192871 -26.670000076293945 -2.421457290649414
      vertex -7.122542381286621 -32.66999816894531 -2.377640724182129
      vertex -7.122542381286621 -26.670000076293945 -2.377640724182129
    endloop
  endfacet
  facet normal -0.21814609978468297 0 0.9759161230089044
    outer loop
      vertex -6.971724510192871 -26.670000076293945 2.421457290649414
      vertex -6.818452835083008 -32.66999816894531 2.4557180404663086
      vertex -6.818452835083008 -26.670000076293945 2.4557180404663086
    endloop
  endfacet
  facet normal -0.21814609978468297 0 0.9759161230089044
    outer loop
      vertex -6.818452835083008 -32.66999816894531 2.4557180404663086
      vertex -6.971724510192871 -26.670000076293945 2.421457290649414
      vertex -6.971724510192871 -32.66999816894531 2.421457290649414
    endloop
  endfacet
  facet normal 0.8270791684945458 0 -0.562085446389044
    outer loop
      vertex -4.239179611206055 -32.66999816894531 -1.3395662307739258
      vertex -4.327457427978516 -26.670000076293945 -1.4694623947143555
      vertex -4.239179611206055 -26.670000076293945 -1.3395662307739258
    endloop
  endfacet
  facet normal 0.8270791684945458 0 -0.562085446389044
    outer loop
      vertex -4.327457427978516 -26.670000076293945 -1.4694623947143555
      vertex -4.239179611206055 -32.66999816894531 -1.3395662307739258
      vertex -4.327457427978516 -32.66999816894531 -1.4694623947143555
    endloop
  endfacet
  facet normal 0.3387360250723312 0 0.940881451256319
    outer loop
      vertex -5.577457427978516 -26.670000076293945 2.377640724182129
      vertex -5.429688453674316 -32.66999816894531 2.3244409561157227
      vertex -5.429688453674316 -26.670000076293945 2.3244409561157227
    endloop
  endfacet
  facet normal 0.3387360250723312 0 0.940881451256319
    outer loop
      vertex -5.429688453674316 -32.66999816894531 2.3244409561157227
      vertex -5.577457427978516 -26.670000076293945 2.377640724182129
      vertex -5.577457427978516 -32.66999816894531 2.377640724182129
    endloop
  endfacet
  facet normal 0.15643340159341682 0 -0.9876885090279793
    outer loop
      vertex -6.0366668701171875 -32.66999816894531 -2.4802865982055664
      vertex -5.8815460205078125 -26.670000076293945 -2.4557180404663086
      vertex -5.8815460205078125 -32.66999816894531 -2.4557180404663086
    endloop
  endfacet
  facet normal 0.15643340159341682 0 -0.9876885090279793
    outer loop
      vertex -5.8815460205078125 -26.670000076293945 -2.4557180404663086
      vertex -6.0366668701171875 -32.66999816894531 -2.4802865982055664
      vertex -6.0366668701171875 -26.670000076293945 -2.4802865982055664
    endloop
  endfacet
  facet normal 0.5620812925732648 0 -0.8270819914247729
    outer loop
      vertex -5.010432243347168 -32.66999816894531 -2.110818862915039
      vertex -4.880536079406738 -26.670000076293945 -2.0225419998168945
      vertex -4.880536079406738 -32.66999816894531 -2.0225419998168945
    endloop
  endfacet
  facet normal 0.5620812925732648 0 -0.8270819914247729
    outer loop
      vertex -4.880536079406738 -26.670000076293945 -2.0225419998168945
      vertex -5.010432243347168 -32.66999816894531 -2.110818862915039
      vertex -5.010432243347168 -26.670000076293945 -2.110818862915039
    endloop
  endfacet
  facet normal -0.09410815095442854 0 -0.9955619799509916
    outer loop
      vertex -6.663332939147949 -32.66999816894531 -2.4802865982055664
      vertex -6.506976127624512 -26.670000076293945 -2.4950666427612305
      vertex -6.506976127624512 -32.66999816894531 -2.4950666427612305
    endloop
  endfacet
  facet normal -0.09410815095442854 0 -0.9955619799509916
    outer loop
      vertex -6.506976127624512 -26.670000076293945 -2.4950666427612305
      vertex -6.663332939147949 -32.66999816894531 -2.4802865982055664
      vertex -6.663332939147949 -26.670000076293945 -2.4802865982055664
    endloop
  endfacet
  facet normal 0.7071067811865476 0 -0.7071067811865476
    outer loop
      vertex -4.527578353881836 -32.66999816894531 -1.7113676071166992
      vertex -4.638631820678711 -26.670000076293945 -1.8224210739135742
      vertex -4.527578353881836 -26.670000076293945 -1.7113676071166992
    endloop
  endfacet
  facet normal 0.7071067811865476 0 -0.7071067811865476
    outer loop
      vertex -4.638631820678711 -26.670000076293945 -1.8224210739135742
      vertex -4.527578353881836 -32.66999816894531 -1.7113676071166992
      vertex -4.638631820678711 -32.66999816894531 -1.8224210739135742
    endloop
  endfacet
  facet normal 0.45398954628708255 0 -0.8910070099960207
    outer loop
      vertex -5.285551071166992 -32.66999816894531 -2.2620668411254883
      vertex -5.145615577697754 -26.670000076293945 -2.1907663345336914
      vertex -5.145615577697754 -32.66999816894531 -2.1907663345336914
    endloop
  endfacet
  facet normal 0.45398954628708255 0 -0.8910070099960207
    outer loop
      vertex -5.145615577697754 -26.670000076293945 -2.1907663345336914
      vertex -5.285551071166992 -32.66999816894531 -2.2620668411254883
      vertex -5.285551071166992 -26.670000076293945 -2.2620668411254883
    endloop
  endfacet
  facet normal 0.278992289225085 0 -0.960293341928885
    outer loop
      vertex -5.728274345397949 -32.66999816894531 -2.421457290649414
      vertex -5.577457427978516 -26.670000076293945 -2.377640724182129
      vertex -5.577457427978516 -32.66999816894531 -2.377640724182129
    endloop
  endfacet
  facet normal 0.278992289225085 0 -0.960293341928885
    outer loop
      vertex -5.577457427978516 -26.670000076293945 -2.377640724182129
      vertex -5.728274345397949 -32.66999816894531 -2.421457290649414
      vertex -5.728274345397949 -26.670000076293945 -2.421457290649414
    endloop
  endfacet
  facet normal 0.9955619799509916 0 -0.09410815095442854
    outer loop
      vertex -3.8549327850341797 -32.66999816894531 -0.15697574615478516
      vertex -3.8697128295898438 -26.670000076293945 -0.31333255767822266
      vertex -3.8549327850341797 -26.670000076293945 -0.15697574615478516
    endloop
  endfacet
  facet normal 0.9955619799509916 0 -0.09410815095442854
    outer loop
      vertex -3.8697128295898438 -26.670000076293945 -0.31333255767822266
      vertex -3.8549327850341797 -32.66999816894531 -0.15697574615478516
      vertex -3.8697128295898438 -32.66999816894531 -0.31333255767822266
    endloop
  endfacet
  facet normal 0.3971494983728567 0 -0.9177539299519171
    outer loop
      vertex -5.429688453674316 -32.66999816894531 -2.3244409561157227
      vertex -5.285551071166992 -26.670000076293945 -2.2620668411254883
      vertex -5.285551071166992 -32.66999816894531 -2.2620668411254883
    endloop
  endfacet
  facet normal 0.3971494983728567 0 -0.9177539299519171
    outer loop
      vertex -5.285551071166992 -26.670000076293945 -2.2620668411254883
      vertex -5.429688453674316 -32.66999816894531 -2.3244409561157227
      vertex -5.429688453674316 -26.670000076293945 -2.3244409561157227
    endloop
  endfacet
  facet normal 0.9602921877183637 0 0.2789962619948145
    outer loop
      vertex -3.9723587036132812 -32.66999816894531 0.7725419998168945
      vertex -3.9285411834716797 -26.670000076293945 0.6217241287231445
      vertex -3.9723587036132812 -26.670000076293945 0.7725419998168945
    endloop
  endfacet
  facet normal 0.9602921877183637 0 0.2789962619948145
    outer loop
      vertex -3.9285411834716797 -26.670000076293945 0.6217241287231445
      vertex -3.9723587036132812 -32.66999816894531 0.7725419998168945
      vertex -3.9285411834716797 -32.66999816894531 0.6217241287231445
    endloop
  endfacet
  facet normal 0.7901558839423498 0 -0.6129059300343599
    outer loop
      vertex -4.327457427978516 -32.66999816894531 -1.4694623947143555
      vertex -4.4237165451049805 -26.670000076293945 -1.5935592651367188
      vertex -4.327457427978516 -26.670000076293945 -1.4694623947143555
    endloop
  endfacet
  facet normal 0.7901558839423498 0 -0.6129059300343599
    outer loop
      vertex -4.4237165451049805 -26.670000076293945 -1.5935592651367188
      vertex -4.327457427978516 -32.66999816894531 -1.4694623947143555
      vertex -4.4237165451049805 -32.66999816894531 -1.5935592651367188
    endloop
  endfacet
  facet normal 0.7501117513879908 0 -0.6613110920207229
    outer loop
      vertex -4.4237165451049805 -32.66999816894531 -1.5935592651367188
      vertex -4.527578353881836 -26.670000076293945 -1.7113676071166992
      vertex -4.4237165451049805 -26.670000076293945 -1.5935592651367188
    endloop
  endfacet
  facet normal 0.7501117513879908 0 -0.6613110920207229
    outer loop
      vertex -4.527578353881836 -26.670000076293945 -1.7113676071166992
      vertex -4.4237165451049805 -32.66999816894531 -1.5935592651367188
      vertex -4.527578353881836 -32.66999816894531 -1.7113676071166992
    endloop
  endfacet
  facet normal 0.9759174157317978 0 0.21814031647398288
    outer loop
      vertex -3.9285411834716797 -32.66999816894531 0.6217241287231445
      vertex -3.8942813873291016 -26.670000076293945 0.46845245361328125
      vertex -3.9285411834716797 -26.670000076293945 0.6217241287231445
    endloop
  endfacet
  facet normal 0.9759174157317978 0 0.21814031647398288
    outer loop
      vertex -3.8942813873291016 -26.670000076293945 0.46845245361328125
      vertex -3.9285411834716797 -32.66999816894531 0.6217241287231445
      vertex -3.8942813873291016 -32.66999816894531 0.46845245361328125
    endloop
  endfacet
  facet normal -0.21814609978468297 0 -0.9759161230089044
    outer loop
      vertex -6.971724510192871 -32.66999816894531 -2.421457290649414
      vertex -6.818452835083008 -26.670000076293945 -2.4557180404663086
      vertex -6.818452835083008 -32.66999816894531 -2.4557180404663086
    endloop
  endfacet
  facet normal -0.21814609978468297 0 -0.9759161230089044
    outer loop
      vertex -6.818452835083008 -26.670000076293945 -2.4557180404663086
      vertex -6.971724510192871 -32.66999816894531 -2.421457290649414
      vertex -6.971724510192871 -26.670000076293945 -2.421457290649414
    endloop
  endfacet
  facet normal 0.15643393338153427 0.9876884248014562 0
    outer loop
      vertex -1.7723093032836914 -31.810577392578125 -6.985000133514404
      vertex -1.8952398300170898 -31.791107177734375 -4.445000171661377
      vertex -1.7723093032836914 -31.810577392578125 -4.445000171661377
    endloop
  endfacet
  facet normal 0.15643393338153427 0.9876884248014562 0
    outer loop
      vertex -1.8952398300170898 -31.791107177734375 -4.445000171661377
      vertex -1.7723093032836914 -31.810577392578125 -6.985000133514404
      vertex -1.8952398300170898 -31.791107177734375 -6.985000133514404
    endloop
  endfacet
  facet normal 0.6128992914403627 -0.7901610333039091 0
    outer loop
      vertex -2.7868642807006836 -28.318458557128906 -6.985000133514404
      vertex -2.6885194778442383 -28.242176055908203 -4.445000171661377
      vertex -2.7868642807006836 -28.318458557128906 -4.445000171661377
    endloop
  endfacet
  facet normal 0.6128992914403627 -0.7901610333039091 0
    outer loop
      vertex -2.6885194778442383 -28.242176055908203 -4.445000171661377
      vertex -2.7868642807006836 -28.318458557128906 -6.985000133514404
      vertex -2.6885194778442383 -28.242176055908203 -6.985000133514404
    endloop
  endfacet
  facet normal 0.09409455158847915 0.9955632653736091 0
    outer loop
      vertex -1.6484003067016602 -31.822288513183594 -6.985000133514404
      vertex -1.7723093032836914 -31.810577392578125 -4.445000171661377
      vertex -1.6484003067016602 -31.822288513183594 -4.445000171661377
    endloop
  endfacet
  facet normal 0.09409455158847915 0.9955632653736091 0
    outer loop
      vertex -1.7723093032836914 -31.810577392578125 -4.445000171661377
      vertex -1.6484003067016602 -31.822288513183594 -6.985000133514404
      vertex -1.7723093032836914 -31.810577392578125 -6.985000133514404
    endloop
  endfacet
  facet normal -0.21814888281654124 -0.9759155009148563 0
    outer loop
      vertex 1.8952398300170898 -27.89889144897461 -6.985000133514404
      vertex 2.0167036056518555 -27.926042556762695 -4.445000171661377
      vertex 1.8952398300170898 -27.89889144897461 -4.445000171661377
    endloop
  endfacet
  facet normal -0.21814888281654124 -0.9759155009148563 0
    outer loop
      vertex 2.0167036056518555 -27.926042556762695 -4.445000171661377
      vertex 1.8952398300170898 -27.89889144897461 -6.985000133514404
      vertex 2.0167036056518555 -27.926042556762695 -6.985000133514404
    endloop
  endfacet
  facet normal -0.7901593683974759 -0.612901437862322 0
    outer loop
      vertex 3.126824378967285 -28.68048095703125 -6.985000133514404
      vertex 3.050539970397949 -28.582134246826172 -4.445000171661377
      vertex 3.050539970397949 -28.582134246826172 -6.985000133514404
    endloop
  endfacet
  facet normal -0.7901593683974759 -0.612901437862322 0
    outer loop
      vertex 3.050539970397949 -28.582134246826172 -4.445000171661377
      vertex 3.126824378967285 -28.68048095703125 -6.985000133514404
      vertex 3.126824378967285 -28.68048095703125 -4.445000171661377
    endloop
  endfacet
  facet normal -0.3387365619556946 -0.9408812579674631 0
    outer loop
      vertex 2.136223793029785 -27.960765838623047 -6.985000133514404
      vertex 2.253328323364258 -28.002925872802734 -4.445000171661377
      vertex 2.136223793029785 -27.960765838623047 -4.445000171661377
    endloop
  endfacet
  facet normal -0.3387365619556946 -0.9408812579674631 0
    outer loop
      vertex 2.253328323364258 -28.002925872802734 -4.445000171661377
      vertex 2.136223793029785 -27.960765838623047 -6.985000133514404
      vertex 2.253328323364258 -28.002925872802734 -6.985000133514404
    endloop
  endfacet
  facet normal -0.7501079166071601 0.6613154417093751 0
    outer loop
      vertex 2.9682321548461914 -31.201223373413086 -6.985000133514404
      vertex 3.050539970397949 -31.107864379882812 -4.445000171661377
      vertex 3.050539970397949 -31.107864379882812 -6.985000133514404
    endloop
  endfacet
  facet normal -0.7501079166071601 0.6613154417093751 0
    outer loop
      vertex 3.050539970397949 -31.107864379882812 -4.445000171661377
      vertex 2.9682321548461914 -31.201223373413086 -6.985000133514404
      vertex 2.9682321548461914 -31.201223373413086 -4.445000171661377
    endloop
  endfacet
  facet normal -0.6613202633372877 -0.7501036657019486 0
    outer loop
      vertex 2.7868642807006836 -28.318458557128906 -6.985000133514404
      vertex 2.8802242279052734 -28.400768280029297 -4.445000171661377
      vertex 2.7868642807006836 -28.318458557128906 -4.445000171661377
    endloop
  endfacet
  facet normal -0.6613202633372877 -0.7501036657019486 0
    outer loop
      vertex 2.8802242279052734 -28.400768280029297 -4.445000171661377
      vertex 2.7868642807006836 -28.318458557128906 -6.985000133514404
      vertex 2.8802242279052734 -28.400768280029297 -6.985000133514404
    endloop
  endfacet
  facet normal -0.9955619653964325 -0.09410830492572142 0
    outer loop
      vertex 3.5012903213500977 -29.720600128173828 -6.985000133514404
      vertex 3.489577293395996 -29.596689224243164 -4.445000171661377
      vertex 3.489577293395996 -29.596689224243164 -6.985000133514404
    endloop
  endfacet
  facet normal -0.9955619653964325 -0.09410830492572142 0
    outer loop
      vertex 3.489577293395996 -29.596689224243164 -4.445000171661377
      vertex 3.5012903213500977 -29.720600128173828 -6.985000133514404
      vertex 3.5012903213500977 -29.720600128173828 -4.445000171661377
    endloop
  endfacet
  facet normal -0.7071029499688368 0.7071106123835003 0
    outer loop
      vertex 2.9682321548461914 -31.201223373413086 -6.985000133514404
      vertex 2.8802242279052734 -31.289230346679688 -4.445000171661377
      vertex 2.9682321548461914 -31.201223373413086 -4.445000171661377
    endloop
  endfacet
  facet normal -0.7071029499688368 0.7071106123835003 0
    outer loop
      vertex 2.8802242279052734 -31.289230346679688 -4.445000171661377
      vertex 2.9682321548461914 -31.201223373413086 -6.985000133514404
      vertex 2.8802242279052734 -31.289230346679688 -6.985000133514404
    endloop
  endfacet
  facet normal 0.8607385340503289 -0.5090473219661321 0
    outer loop
      vertex -3.260138511657715 -28.890548706054688 -4.445000171661377
      vertex -3.196782112121582 -28.78342056274414 -6.985000133514404
      vertex -3.196782112121582 -28.78342056274414 -4.445000171661377
    endloop
  endfacet
  facet normal 0.8607385340503289 -0.5090473219661321 0
    outer loop
      vertex -3.196782112121582 -28.78342056274414 -6.985000133514404
      vertex -3.260138511657715 -28.890548706054688 -4.445000171661377
      vertex -3.260138511657715 -28.890548706054688 -6.985000133514404
    endloop
  endfacet
  facet normal 0 1 0
    outer loop
      vertex 1.5239992141723633 -31.82619857788086 -6.985000133514404
      vertex -1.5239992141723633 -31.82619857788086 -4.445000171661377
      vertex 1.5239992141723633 -31.82619857788086 -4.445000171661377
    endloop
  endfacet
  facet normal 0 1 0
    outer loop
      vertex -1.5239992141723633 -31.82619857788086 -4.445000171661377
      vertex 1.5239992141723633 -31.82619857788086 -6.985000133514404
      vertex -1.5239992141723633 -31.82619857788086 -6.985000133514404
    endloop
  endfacet
  facet normal 0.3971553890585702 0.9177513807898824 0
    outer loop
      vertex -2.253328323364258 -31.68707275390625 -6.985000133514404
      vertex -2.3675537109375 -31.63764190673828 -4.445000171661377
      vertex -2.253328323364258 -31.68707275390625 -4.445000171661377
    endloop
  endfacet
  facet normal 0.3971553890585702 0.9177513807898824 0
    outer loop
      vertex -2.3675537109375 -31.63764190673828 -4.445000171661377
      vertex -2.253328323364258 -31.68707275390625 -6.985000133514404
      vertex -2.3675537109375 -31.63764190673828 -6.985000133514404
    endloop
  endfacet
  facet normal 0.5090519609269513 0.86073579051671 0
    outer loop
      vertex -2.478449821472168 -31.581138610839844 -6.985000133514404
      vertex -2.5855798721313477 -31.517780303955078 -4.445000171661377
      vertex -2.478449821472168 -31.581138610839844 -4.445000171661377
    endloop
  endfacet
  facet normal 0.5090519609269513 0.86073579051671 0
    outer loop
      vertex -2.5855798721313477 -31.517780303955078 -4.445000171661377
      vertex -2.478449821472168 -31.581138610839844 -6.985000133514404
      vertex -2.5855798721313477 -31.517780303955078 -6.985000133514404
    endloop
  endfacet
  facet normal 0.8270803899338122 -0.5620836491012111 0
    outer loop
      vertex -3.196782112121582 -28.78342056274414 -4.445000171661377
      vertex -3.126824378967285 -28.68048095703125 -6.985000133514404
      vertex -3.126824378967285 -28.68048095703125 -4.445000171661377
    endloop
  endfacet
  facet normal 0.8270803899338122 -0.5620836491012111 0
    outer loop
      vertex -3.126824378967285 -28.68048095703125 -6.985000133514404
      vertex -3.196782112121582 -28.78342056274414 -4.445000171661377
      vertex -3.196782112121582 -28.78342056274414 -6.985000133514404
    endloop
  endfacet
  facet normal 0.9408821371532567 0.3387341199022035 0
    outer loop
      vertex -3.366072654724121 -30.57432746887207 -4.445000171661377
      vertex -3.4082326889038086 -30.45722198486328 -6.985000133514404
      vertex -3.4082326889038086 -30.45722198486328 -4.445000171661377
    endloop
  endfacet
  facet normal 0.9408821371532567 0.3387341199022035 0
    outer loop
      vertex -3.4082326889038086 -30.45722198486328 -6.985000133514404
      vertex -3.366072654724121 -30.57432746887207 -4.445000171661377
      vertex -3.366072654724121 -30.57432746887207 -6.985000133514404
    endloop
  endfacet
  facet normal -0.5620836491012111 -0.8270803899338122 0
    outer loop
      vertex 2.5855798721313477 -28.172218322753906 -6.985000133514404
      vertex 2.6885194778442383 -28.242176055908203 -4.445000171661377
      vertex 2.5855798721313477 -28.172218322753906 -4.445000171661377
    endloop
  endfacet
  facet normal -0.5620836491012111 -0.8270803899338122 0
    outer loop
      vertex 2.6885194778442383 -28.242176055908203 -4.445000171661377
      vertex 2.5855798721313477 -28.172218322753906 -6.985000133514404
      vertex 2.6885194778442383 -28.242176055908203 -6.985000133514404
    endloop
  endfacet
  facet normal -0.7071029499688368 -0.7071106123835003 0
    outer loop
      vertex 2.8802242279052734 -28.400768280029297 -6.985000133514404
      vertex 2.9682321548461914 -28.4887752532959 -4.445000171661377
      vertex 2.8802242279052734 -28.400768280029297 -4.445000171661377
    endloop
  endfacet
  facet normal -0.7071029499688368 -0.7071106123835003 0
    outer loop
      vertex 2.9682321548461914 -28.4887752532959 -4.445000171661377
      vertex 2.8802242279052734 -28.400768280029297 -6.985000133514404
      vertex 2.9682321548461914 -28.4887752532959 -6.985000133514404
    endloop
  endfacet
  facet normal -0.09409455158847915 0.9955632653736091 0
    outer loop
      vertex 1.7723093032836914 -31.810577392578125 -6.985000133514404
      vertex 1.6484003067016602 -31.822288513183594 -4.445000171661377
      vertex 1.7723093032836914 -31.810577392578125 -4.445000171661377
    endloop
  endfacet
  facet normal -0.09409455158847915 0.9955632653736091 0
    outer loop
      vertex 1.6484003067016602 -31.822288513183594 -4.445000171661377
      vertex 1.7723093032836914 -31.810577392578125 -6.985000133514404
      vertex 1.6484003067016602 -31.822288513183594 -6.985000133514404
    endloop
  endfacet
  facet normal -0.7501079166071601 -0.6613154417093751 0
    outer loop
      vertex 3.050539970397949 -28.582134246826172 -6.985000133514404
      vertex 2.9682321548461914 -28.4887752532959 -4.445000171661377
      vertex 2.9682321548461914 -28.4887752532959 -6.985000133514404
    endloop
  endfacet
  facet normal -0.7501079166071601 -0.6613154417093751 0
    outer loop
      vertex 2.9682321548461914 -28.4887752532959 -4.445000171661377
      vertex 3.050539970397949 -28.582134246826172 -6.985000133514404
      vertex 3.050539970397949 -28.582134246826172 -4.445000171661377
    endloop
  endfacet
  facet normal -0.6128992914403627 -0.7901610333039091 0
    outer loop
      vertex 2.6885194778442383 -28.242176055908203 -6.985000133514404
      vertex 2.7868642807006836 -28.318458557128906 -4.445000171661377
      vertex 2.6885194778442383 -28.242176055908203 -4.445000171661377
    endloop
  endfacet
  facet normal -0.6128992914403627 -0.7901610333039091 0
    outer loop
      vertex 2.7868642807006836 -28.318458557128906 -4.445000171661377
      vertex 2.6885194778442383 -28.242176055908203 -6.985000133514404
      vertex 2.7868642807006836 -28.318458557128906 -6.985000133514404
    endloop
  endfacet
  facet normal 0.031415598064757085 0.9995064082827251 0
    outer loop
      vertex -1.5239992141723633 -31.82619857788086 -6.985000133514404
      vertex -1.6484003067016602 -31.822288513183594 -4.445000171661377
      vertex -1.5239992141723633 -31.82619857788086 -4.445000171661377
    endloop
  endfacet
  facet normal 0.031415598064757085 0.9995064082827251 0
    outer loop
      vertex -1.6484003067016602 -31.822288513183594 -4.445000171661377
      vertex -1.5239992141723633 -31.82619857788086 -6.985000133514404
      vertex -1.6484003067016602 -31.822288513183594 -6.985000133514404
    endloop
  endfacet
  facet normal -0.8607385340503289 0.5090473219661321 0
    outer loop
      vertex 3.196782112121582 -30.906578063964844 -6.985000133514404
      vertex 3.260138511657715 -30.799449920654297 -4.445000171661377
      vertex 3.260138511657715 -30.799449920654297 -6.985000133514404
    endloop
  endfacet
  facet normal -0.8607385340503289 0.5090473219661321 0
    outer loop
      vertex 3.260138511657715 -30.799449920654297 -4.445000171661377
      vertex 3.196782112121582 -30.906578063964844 -6.985000133514404
      vertex 3.196782112121582 -30.906578063964844 -4.445000171661377
    endloop
  endfacet
  facet normal 0.21814888281654124 0.9759155009148563 0
    outer loop
      vertex -1.8952398300170898 -31.791107177734375 -6.985000133514404
      vertex -2.0167036056518555 -31.76395606994629 -4.445000171661377
      vertex -1.8952398300170898 -31.791107177734375 -4.445000171661377
    endloop
  endfacet
  facet normal 0.21814888281654124 0.9759155009148563 0
    outer loop
      vertex -2.0167036056518555 -31.76395606994629 -4.445000171661377
      vertex -1.8952398300170898 -31.791107177734375 -6.985000133514404
      vertex -2.0167036056518555 -31.76395606994629 -6.985000133514404
    endloop
  endfacet
  facet normal 0 -1 0
    outer loop
      vertex -1.5239992141723633 -27.863800048828125 -6.985000133514404
      vertex 1.5239992141723633 -27.863800048828125 -4.445000171661377
      vertex -1.5239992141723633 -27.863800048828125 -4.445000171661377
    endloop
  endfacet
  facet normal 0 -1 0
    outer loop
      vertex 1.5239992141723633 -27.863800048828125 -4.445000171661377
      vertex -1.5239992141723633 -27.863800048828125 -6.985000133514404
      vertex 1.5239992141723633 -27.863800048828125 -6.985000133514404
    endloop
  endfacet
  facet normal 0.6613202633372877 -0.7501036657019486 0
    outer loop
      vertex -2.8802242279052734 -28.400768280029297 -6.985000133514404
      vertex -2.7868642807006836 -28.318458557128906 -4.445000171661377
      vertex -2.8802242279052734 -28.400768280029297 -4.445000171661377
    endloop
  endfacet
  facet normal 0.6613202633372877 -0.7501036657019486 0
    outer loop
      vertex -2.7868642807006836 -28.318458557128906 -4.445000171661377
      vertex -2.8802242279052734 -28.400768280029297 -6.985000133514404
      vertex -2.7868642807006836 -28.318458557128906 -6.985000133514404
    endloop
  endfacet
  facet normal 0.9759171321786501 -0.21814158503182995 0
    outer loop
      vertex -3.470107078552246 -29.473758697509766 -4.445000171661377
      vertex -3.4429569244384766 -29.352294921875 -6.985000133514404
      vertex -3.4429569244384766 -29.352294921875 -4.445000171661377
    endloop
  endfacet
  facet normal 0.9759171321786501 -0.21814158503182995 0
    outer loop
      vertex -3.4429569244384766 -29.352294921875 -6.985000133514404
      vertex -3.470107078552246 -29.473758697509766 -4.445000171661377
      vertex -3.470107078552246 -29.473758697509766 -6.985000133514404
    endloop
  endfacet
  facet normal -0.9177541736281879 0.3971489352724515 0
    outer loop
      vertex 3.3166427612304688 -30.688552856445312 -6.985000133514404
      vertex 3.366072654724121 -30.57432746887207 -4.445000171661377
      vertex 3.366072654724121 -30.57432746887207 -6.985000133514404
    endloop
  endfacet
  facet normal -0.9177541736281879 0.3971489352724515 0
    outer loop
      vertex 3.366072654724121 -30.57432746887207 -4.445000171661377
      vertex 3.3166427612304688 -30.688552856445312 -6.985000133514404
      vertex 3.3166427612304688 -30.688552856445312 -4.445000171661377
    endloop
  endfacet
  facet normal -0.9955619653964325 0.09410830492572142 0
    outer loop
      vertex 3.489577293395996 -30.09330940246582 -6.985000133514404
      vertex 3.5012903213500977 -29.969398498535156 -4.445000171661377
      vertex 3.5012903213500977 -29.969398498535156 -6.985000133514404
    endloop
  endfacet
  facet normal -0.9955619653964325 0.09410830492572142 0
    outer loop
      vertex 3.5012903213500977 -29.969398498535156 -4.445000171661377
      vertex 3.489577293395996 -30.09330940246582 -6.985000133514404
      vertex 3.489577293395996 -30.09330940246582 -4.445000171661377
    endloop
  endfacet
  facet normal -0.031415598064757085 0.9995064082827251 0
    outer loop
      vertex 1.6484003067016602 -31.822288513183594 -6.985000133514404
      vertex 1.5239992141723633 -31.82619857788086 -4.445000171661377
      vertex 1.6484003067016602 -31.822288513183594 -4.445000171661377
    endloop
  endfacet
  facet normal -0.031415598064757085 0.9995064082827251 0
    outer loop
      vertex 1.5239992141723633 -31.82619857788086 -4.445000171661377
      vertex 1.6484003067016602 -31.822288513183594 -6.985000133514404
      vertex 1.5239992141723633 -31.82619857788086 -6.985000133514404
    endloop
  endfacet
  facet normal 0.891008561684897 0.4539865009052704 0
    outer loop
      vertex -3.260138511657715 -30.799449920654297 -4.445000171661377
      vertex -3.3166427612304688 -30.688552856445312 -6.985000133514404
      vertex -3.3166427612304688 -30.688552856445312 -4.445000171661377
    endloop
  endfacet
  facet normal 0.891008561684897 0.4539865009052704 0
    outer loop
      vertex -3.3166427612304688 -30.688552856445312 -6.985000133514404
      vertex -3.260138511657715 -30.799449920654297 -4.445000171661377
      vertex -3.260138511657715 -30.799449920654297 -6.985000133514404
    endloop
  endfacet
  facet normal -0.031415598064757085 -0.9995064082827251 0
    outer loop
      vertex 1.5239992141723633 -27.863800048828125 -6.985000133514404
      vertex 1.6484003067016602 -27.86771011352539 -4.445000171661377
      vertex 1.5239992141723633 -27.863800048828125 -4.445000171661377
    endloop
  endfacet
  facet normal -0.031415598064757085 -0.9995064082827251 0
    outer loop
      vertex 1.6484003067016602 -27.86771011352539 -4.445000171661377
      vertex 1.5239992141723633 -27.863800048828125 -6.985000133514404
      vertex 1.6484003067016602 -27.86771011352539 -6.985000133514404
    endloop
  endfacet
  facet normal 0.7901593683974759 0.612901437862322 0
    outer loop
      vertex -3.050539970397949 -31.107864379882812 -4.445000171661377
      vertex -3.126824378967285 -31.009517669677734 -6.985000133514404
      vertex -3.126824378967285 -31.009517669677734 -4.445000171661377
    endloop
  endfacet
  facet normal 0.7901593683974759 0.612901437862322 0
    outer loop
      vertex -3.126824378967285 -31.009517669677734 -6.985000133514404
      vertex -3.050539970397949 -31.107864379882812 -4.445000171661377
      vertex -3.050539970397949 -31.107864379882812 -6.985000133514404
    endloop
  endfacet
  facet normal -0.9408821371532567 -0.3387341199022035 0
    outer loop
      vertex 3.4082326889038086 -29.232776641845703 -6.985000133514404
      vertex 3.366072654724121 -29.115671157836914 -4.445000171661377
      vertex 3.366072654724121 -29.115671157836914 -6.985000133514404
    endloop
  endfacet
  facet normal -0.9408821371532567 -0.3387341199022035 0
    outer loop
      vertex 3.366072654724121 -29.115671157836914 -4.445000171661377
      vertex 3.4082326889038086 -29.232776641845703 -6.985000133514404
      vertex 3.4082326889038086 -29.232776641845703 -4.445000171661377
    endloop
  endfacet
  facet normal 0.8607385340503289 0.5090473219661321 0
    outer loop
      vertex -3.196782112121582 -30.906578063964844 -4.445000171661377
      vertex -3.260138511657715 -30.799449920654297 -6.985000133514404
      vertex -3.260138511657715 -30.799449920654297 -4.445000171661377
    endloop
  endfacet
  facet normal 0.8607385340503289 0.5090473219661321 0
    outer loop
      vertex -3.260138511657715 -30.799449920654297 -6.985000133514404
      vertex -3.196782112121582 -30.906578063964844 -4.445000171661377
      vertex -3.196782112121582 -30.906578063964844 -6.985000133514404
    endloop
  endfacet
  facet normal 0.9955619653964325 0.09410830492572142 0
    outer loop
      vertex -3.489577293395996 -30.09330940246582 -4.445000171661377
      vertex -3.5012903213500977 -29.969398498535156 -6.985000133514404
      vertex -3.5012903213500977 -29.969398498535156 -4.445000171661377
    endloop
  endfacet
  facet normal 0.9955619653964325 0.09410830492572142 0
    outer loop
      vertex -3.5012903213500977 -29.969398498535156 -6.985000133514404
      vertex -3.489577293395996 -30.09330940246582 -4.445000171661377
      vertex -3.489577293395996 -30.09330940246582 -6.985000133514404
    endloop
  endfacet
  facet normal -0.6613202633372877 0.7501036657019486 0
    outer loop
      vertex 2.8802242279052734 -31.289230346679688 -6.985000133514404
      vertex 2.7868642807006836 -31.371540069580078 -4.445000171661377
      vertex 2.8802242279052734 -31.289230346679688 -4.445000171661377
    endloop
  endfacet
  facet normal -0.6613202633372877 0.7501036657019486 0
    outer loop
      vertex 2.7868642807006836 -31.371540069580078 -4.445000171661377
      vertex 2.8802242279052734 -31.289230346679688 -6.985000133514404
      vertex 2.7868642807006836 -31.371540069580078 -6.985000133514404
    endloop
  endfacet
  facet normal 0.9177541736281879 -0.3971489352724515 0
    outer loop
      vertex -3.366072654724121 -29.115671157836914 -4.445000171661377
      vertex -3.3166427612304688 -29.001445770263672 -6.985000133514404
      vertex -3.3166427612304688 -29.001445770263672 -4.445000171661377
    endloop
  endfacet
  facet normal 0.9177541736281879 -0.3971489352724515 0
    outer loop
      vertex -3.3166427612304688 -29.001445770263672 -6.985000133514404
      vertex -3.366072654724121 -29.115671157836914 -4.445000171661377
      vertex -3.366072654724121 -29.115671157836914 -6.985000133514404
    endloop
  endfacet
  facet normal 0.9995066337341597 -0.03140842437003665 0
    outer loop
      vertex -3.505199432373047 -29.844999313354492 -4.445000171661377
      vertex -3.5012903213500977 -29.720600128173828 -6.985000133514404
      vertex -3.5012903213500977 -29.720600128173828 -4.445000171661377
    endloop
  endfacet
  facet normal 0.9995066337341597 -0.03140842437003665 0
    outer loop
      vertex -3.5012903213500977 -29.720600128173828 -6.985000133514404
      vertex -3.505199432373047 -29.844999313354492 -4.445000171661377
      vertex -3.505199432373047 -29.844999313354492 -6.985000133514404
    endloop
  endfacet
  facet normal 0.9759171321786501 0.21814158503182995 0
    outer loop
      vertex -3.4429569244384766 -30.337703704833984 -4.445000171661377
      vertex -3.470107078552246 -30.21623992919922 -6.985000133514404
      vertex -3.470107078552246 -30.21623992919922 -4.445000171661377
    endloop
  endfacet
  facet normal 0.9759171321786501 0.21814158503182995 0
    outer loop
      vertex -3.470107078552246 -30.21623992919922 -6.985000133514404
      vertex -3.4429569244384766 -30.337703704833984 -4.445000171661377
      vertex -3.4429569244384766 -30.337703704833984 -6.985000133514404
    endloop
  endfacet
  facet normal -0.15643393338153427 0.9876884248014562 0
    outer loop
      vertex 1.8952398300170898 -31.791107177734375 -6.985000133514404
      vertex 1.7723093032836914 -31.810577392578125 -4.445000171661377
      vertex 1.8952398300170898 -31.791107177734375 -4.445000171661377
    endloop
  endfacet
  facet normal -0.15643393338153427 0.9876884248014562 0
    outer loop
      vertex 1.7723093032836914 -31.810577392578125 -4.445000171661377
      vertex 1.8952398300170898 -31.791107177734375 -6.985000133514404
      vertex 1.7723093032836914 -31.810577392578125 -6.985000133514404
    endloop
  endfacet
  facet normal 0.7501079166071601 0.6613154417093751 0
    outer loop
      vertex -2.9682321548461914 -31.201223373413086 -4.445000171661377
      vertex -3.050539970397949 -31.107864379882812 -6.985000133514404
      vertex -3.050539970397949 -31.107864379882812 -4.445000171661377
    endloop
  endfacet
  facet normal 0.7501079166071601 0.6613154417093751 0
    outer loop
      vertex -3.050539970397949 -31.107864379882812 -6.985000133514404
      vertex -2.9682321548461914 -31.201223373413086 -4.445000171661377
      vertex -2.9682321548461914 -31.201223373413086 -6.985000133514404
    endloop
  endfacet
  facet normal -0.15643393338153427 -0.9876884248014562 0
    outer loop
      vertex 1.7723093032836914 -27.87942123413086 -6.985000133514404
      vertex 1.8952398300170898 -27.89889144897461 -4.445000171661377
      vertex 1.7723093032836914 -27.87942123413086 -4.445000171661377
    endloop
  endfacet
  facet normal -0.15643393338153427 -0.9876884248014562 0
    outer loop
      vertex 1.8952398300170898 -27.89889144897461 -4.445000171661377
      vertex 1.7723093032836914 -27.87942123413086 -6.985000133514404
      vertex 1.8952398300170898 -27.89889144897461 -6.985000133514404
    endloop
  endfacet
  facet normal -0.9602916077121253 -0.27899825834162806 0
    outer loop
      vertex 3.4429569244384766 -29.352294921875 -6.985000133514404
      vertex 3.4082326889038086 -29.232776641845703 -4.445000171661377
      vertex 3.4082326889038086 -29.232776641845703 -6.985000133514404
    endloop
  endfacet
  facet normal -0.9602916077121253 -0.27899825834162806 0
    outer loop
      vertex 3.4082326889038086 -29.232776641845703 -4.445000171661377
      vertex 3.4429569244384766 -29.352294921875 -6.985000133514404
      vertex 3.4429569244384766 -29.352294921875 -4.445000171661377
    endloop
  endfacet
  facet normal 0.3387365619556946 0.9408812579674631 0
    outer loop
      vertex -2.136223793029785 -31.729232788085938 -6.985000133514404
      vertex -2.253328323364258 -31.68707275390625 -4.445000171661377
      vertex -2.136223793029785 -31.729232788085938 -4.445000171661377
    endloop
  endfacet
  facet normal 0.3387365619556946 0.9408812579674631 0
    outer loop
      vertex -2.253328323364258 -31.68707275390625 -4.445000171661377
      vertex -2.136223793029785 -31.729232788085938 -6.985000133514404
      vertex -2.253328323364258 -31.68707275390625 -6.985000133514404
    endloop
  endfacet
  facet normal -0.2789870865845108 0.9602948534273662 0
    outer loop
      vertex 2.136223793029785 -31.729232788085938 -6.985000133514404
      vertex 2.0167036056518555 -31.76395606994629 -4.445000171661377
      vertex 2.136223793029785 -31.729232788085938 -4.445000171661377
    endloop
  endfacet
  facet normal -0.2789870865845108 0.9602948534273662 0
    outer loop
      vertex 2.0167036056518555 -31.76395606994629 -4.445000171661377
      vertex 2.136223793029785 -31.729232788085938 -6.985000133514404
      vertex 2.0167036056518555 -31.76395606994629 -6.985000133514404
    endloop
  endfacet
  facet normal -0.5090519609269513 0.86073579051671 0
    outer loop
      vertex 2.5855798721313477 -31.517780303955078 -6.985000133514404
      vertex 2.478449821472168 -31.581138610839844 -4.445000171661377
      vertex 2.5855798721313477 -31.517780303955078 -4.445000171661377
    endloop
  endfacet
  facet normal -0.5090519609269513 0.86073579051671 0
    outer loop
      vertex 2.478449821472168 -31.581138610839844 -4.445000171661377
      vertex 2.5855798721313477 -31.517780303955078 -6.985000133514404
      vertex 2.478449821472168 -31.581138610839844 -6.985000133514404
    endloop
  endfacet
  facet normal -0.09409455158847915 -0.9955632653736091 0
    outer loop
      vertex 1.6484003067016602 -27.86771011352539 -6.985000133514404
      vertex 1.7723093032836914 -27.87942123413086 -4.445000171661377
      vertex 1.6484003067016602 -27.86771011352539 -4.445000171661377
    endloop
  endfacet
  facet normal -0.09409455158847915 -0.9955632653736091 0
    outer loop
      vertex 1.7723093032836914 -27.87942123413086 -4.445000171661377
      vertex 1.6484003067016602 -27.86771011352539 -6.985000133514404
      vertex 1.7723093032836914 -27.87942123413086 -6.985000133514404
    endloop
  endfacet
  facet normal -0.21814888281654124 0.9759155009148563 0
    outer loop
      vertex 2.0167036056518555 -31.76395606994629 -6.985000133514404
      vertex 1.8952398300170898 -31.791107177734375 -4.445000171661377
      vertex 2.0167036056518555 -31.76395606994629 -4.445000171661377
    endloop
  endfacet
  facet normal -0.21814888281654124 0.9759155009148563 0
    outer loop
      vertex 1.8952398300170898 -31.791107177734375 -4.445000171661377
      vertex 2.0167036056518555 -31.76395606994629 -6.985000133514404
      vertex 1.8952398300170898 -31.791107177734375 -6.985000133514404
    endloop
  endfacet
  facet normal 0.8270803899338122 0.5620836491012111 0
    outer loop
      vertex -3.126824378967285 -31.009517669677734 -4.445000171661377
      vertex -3.196782112121582 -30.906578063964844 -6.985000133514404
      vertex -3.196782112121582 -30.906578063964844 -4.445000171661377
    endloop
  endfacet
  facet normal 0.8270803899338122 0.5620836491012111 0
    outer loop
      vertex -3.196782112121582 -30.906578063964844 -6.985000133514404
      vertex -3.126824378967285 -31.009517669677734 -4.445000171661377
      vertex -3.126824378967285 -31.009517669677734 -6.985000133514404
    endloop
  endfacet
  facet normal 0.15643393338153427 -0.9876884248014562 0
    outer loop
      vertex -1.8952398300170898 -27.89889144897461 -6.985000133514404
      vertex -1.7723093032836914 -27.87942123413086 -4.445000171661377
      vertex -1.8952398300170898 -27.89889144897461 -4.445000171661377
    endloop
  endfacet
  facet normal 0.15643393338153427 -0.9876884248014562 0
    outer loop
      vertex -1.7723093032836914 -27.87942123413086 -4.445000171661377
      vertex -1.8952398300170898 -27.89889144897461 -6.985000133514404
      vertex -1.7723093032836914 -27.87942123413086 -6.985000133514404
    endloop
  endfacet
  facet normal -0.9876884248014562 -0.15643393338153427 0
    outer loop
      vertex 3.489577293395996 -29.596689224243164 -6.985000133514404
      vertex 3.470107078552246 -29.473758697509766 -4.445000171661377
      vertex 3.470107078552246 -29.473758697509766 -6.985000133514404
    endloop
  endfacet
  facet normal -0.9876884248014562 -0.15643393338153427 0
    outer loop
      vertex 3.470107078552246 -29.473758697509766 -4.445000171661377
      vertex 3.489577293395996 -29.596689224243164 -6.985000133514404
      vertex 3.489577293395996 -29.596689224243164 -4.445000171661377
    endloop
  endfacet
  facet normal 0.2789870865845108 0.9602948534273662 0
    outer loop
      vertex -2.0167036056518555 -31.76395606994629 -6.985000133514404
      vertex -2.136223793029785 -31.729232788085938 -4.445000171661377
      vertex -2.0167036056518555 -31.76395606994629 -4.445000171661377
    endloop
  endfacet
  facet normal 0.2789870865845108 0.9602948534273662 0
    outer loop
      vertex -2.136223793029785 -31.729232788085938 -4.445000171661377
      vertex -2.0167036056518555 -31.76395606994629 -6.985000133514404
      vertex -2.136223793029785 -31.729232788085938 -6.985000133514404
    endloop
  endfacet
  facet normal 0.5090519609269513 -0.86073579051671 0
    outer loop
      vertex -2.5855798721313477 -28.172218322753906 -6.985000133514404
      vertex -2.478449821472168 -28.10886001586914 -4.445000171661377
      vertex -2.5855798721313477 -28.172218322753906 -4.445000171661377
    endloop
  endfacet
  facet normal 0.5090519609269513 -0.86073579051671 0
    outer loop
      vertex -2.478449821472168 -28.10886001586914 -4.445000171661377
      vertex -2.5855798721313477 -28.172218322753906 -6.985000133514404
      vertex -2.478449821472168 -28.10886001586914 -6.985000133514404
    endloop
  endfacet
  facet normal -0.5090519609269513 -0.86073579051671 0
    outer loop
      vertex 2.478449821472168 -28.10886001586914 -6.985000133514404
      vertex 2.5855798721313477 -28.172218322753906 -4.445000171661377
      vertex 2.478449821472168 -28.10886001586914 -4.445000171661377
    endloop
  endfacet
  facet normal -0.5090519609269513 -0.86073579051671 0
    outer loop
      vertex 2.5855798721313477 -28.172218322753906 -4.445000171661377
      vertex 2.478449821472168 -28.10886001586914 -6.985000133514404
      vertex 2.5855798721313477 -28.172218322753906 -6.985000133514404
    endloop
  endfacet
  facet normal 0.9177541736281879 0.3971489352724515 0
    outer loop
      vertex -3.3166427612304688 -30.688552856445312 -4.445000171661377
      vertex -3.366072654724121 -30.57432746887207 -6.985000133514404
      vertex -3.366072654724121 -30.57432746887207 -4.445000171661377
    endloop
  endfacet
  facet normal 0.9177541736281879 0.3971489352724515 0
    outer loop
      vertex -3.366072654724121 -30.57432746887207 -6.985000133514404
      vertex -3.3166427612304688 -30.688552856445312 -4.445000171661377
      vertex -3.3166427612304688 -30.688552856445312 -6.985000133514404
    endloop
  endfacet
  facet normal 0.9602916077121253 0.27899825834162806 0
    outer loop
      vertex -3.4082326889038086 -30.45722198486328 -4.445000171661377
      vertex -3.4429569244384766 -30.337703704833984 -6.985000133514404
      vertex -3.4429569244384766 -30.337703704833984 -4.445000171661377
    endloop
  endfacet
  facet normal 0.9602916077121253 0.27899825834162806 0
    outer loop
      vertex -3.4429569244384766 -30.337703704833984 -6.985000133514404
      vertex -3.4082326889038086 -30.45722198486328 -4.445000171661377
      vertex -3.4082326889038086 -30.45722198486328 -6.985000133514404
    endloop
  endfacet
  facet normal 0.2789870865845108 -0.9602948534273662 0
    outer loop
      vertex -2.136223793029785 -27.960765838623047 -6.985000133514404
      vertex -2.0167036056518555 -27.926042556762695 -4.445000171661377
      vertex -2.136223793029785 -27.960765838623047 -4.445000171661377
    endloop
  endfacet
  facet normal 0.2789870865845108 -0.9602948534273662 0
    outer loop
      vertex -2.0167036056518555 -27.926042556762695 -4.445000171661377
      vertex -2.136223793029785 -27.960765838623047 -6.985000133514404
      vertex -2.0167036056518555 -27.926042556762695 -6.985000133514404
    endloop
  endfacet
  facet normal -0.6128992914403627 0.7901610333039091 0
    outer loop
      vertex 2.7868642807006836 -31.371540069580078 -6.985000133514404
      vertex 2.6885194778442383 -31.44782257080078 -4.445000171661377
      vertex 2.7868642807006836 -31.371540069580078 -4.445000171661377
    endloop
  endfacet
  facet normal -0.6128992914403627 0.7901610333039091 0
    outer loop
      vertex 2.6885194778442383 -31.44782257080078 -4.445000171661377
      vertex 2.7868642807006836 -31.371540069580078 -6.985000133514404
      vertex 2.6885194778442383 -31.44782257080078 -6.985000133514404
    endloop
  endfacet
  facet normal 0.6128992914403627 0.7901610333039091 0
    outer loop
      vertex -2.6885194778442383 -31.44782257080078 -6.985000133514404
      vertex -2.7868642807006836 -31.371540069580078 -4.445000171661377
      vertex -2.6885194778442383 -31.44782257080078 -4.445000171661377
    endloop
  endfacet
  facet normal 0.6128992914403627 0.7901610333039091 0
    outer loop
      vertex -2.7868642807006836 -31.371540069580078 -4.445000171661377
      vertex -2.6885194778442383 -31.44782257080078 -6.985000133514404
      vertex -2.7868642807006836 -31.371540069580078 -6.985000133514404
    endloop
  endfacet
  facet normal -0.3971553890585702 -0.9177513807898824 0
    outer loop
      vertex 2.253328323364258 -28.002925872802734 -6.985000133514404
      vertex 2.3675537109375 -28.052356719970703 -4.445000171661377
      vertex 2.253328323364258 -28.002925872802734 -4.445000171661377
    endloop
  endfacet
  facet normal -0.3971553890585702 -0.9177513807898824 0
    outer loop
      vertex 2.3675537109375 -28.052356719970703 -4.445000171661377
      vertex 2.253328323364258 -28.002925872802734 -6.985000133514404
      vertex 2.3675537109375 -28.052356719970703 -6.985000133514404
    endloop
  endfacet
  facet normal -0.9995066337341597 0.03140842437003665 0
    outer loop
      vertex 3.5012903213500977 -29.969398498535156 -6.985000133514404
      vertex 3.505199432373047 -29.844999313354492 -4.445000171661377
      vertex 3.505199432373047 -29.844999313354492 -6.985000133514404
    endloop
  endfacet
  facet normal -0.9995066337341597 0.03140842437003665 0
    outer loop
      vertex 3.505199432373047 -29.844999313354492 -4.445000171661377
      vertex 3.5012903213500977 -29.969398498535156 -6.985000133514404
      vertex 3.5012903213500977 -29.969398498535156 -4.445000171661377
    endloop
  endfacet
  facet normal 0.5620836491012111 -0.8270803899338122 0
    outer loop
      vertex -2.6885194778442383 -28.242176055908203 -6.985000133514404
      vertex -2.5855798721313477 -28.172218322753906 -4.445000171661377
      vertex -2.6885194778442383 -28.242176055908203 -4.445000171661377
    endloop
  endfacet
  facet normal 0.5620836491012111 -0.8270803899338122 0
    outer loop
      vertex -2.5855798721313477 -28.172218322753906 -4.445000171661377
      vertex -2.6885194778442383 -28.242176055908203 -6.985000133514404
      vertex -2.5855798721313477 -28.172218322753906 -6.985000133514404
    endloop
  endfacet
  facet normal 0.9876884248014562 0.15643393338153427 0
    outer loop
      vertex -3.470107078552246 -30.21623992919922 -4.445000171661377
      vertex -3.489577293395996 -30.09330940246582 -6.985000133514404
      vertex -3.489577293395996 -30.09330940246582 -4.445000171661377
    endloop
  endfacet
  facet normal 0.9876884248014562 0.15643393338153427 0
    outer loop
      vertex -3.489577293395996 -30.09330940246582 -6.985000133514404
      vertex -3.470107078552246 -30.21623992919922 -4.445000171661377
      vertex -3.470107078552246 -30.21623992919922 -6.985000133514404
    endloop
  endfacet
  facet normal 0.9408821371532567 -0.3387341199022035 0
    outer loop
      vertex -3.4082326889038086 -29.232776641845703 -4.445000171661377
      vertex -3.366072654724121 -29.115671157836914 -6.985000133514404
      vertex -3.366072654724121 -29.115671157836914 -4.445000171661377
    endloop
  endfacet
  facet normal 0.9408821371532567 -0.3387341199022035 0
    outer loop
      vertex -3.366072654724121 -29.115671157836914 -6.985000133514404
      vertex -3.4082326889038086 -29.232776641845703 -4.445000171661377
      vertex -3.4082326889038086 -29.232776641845703 -6.985000133514404
    endloop
  endfacet
  facet normal -0.9876884248014562 0.15643393338153427 0
    outer loop
      vertex 3.470107078552246 -30.21623992919922 -6.985000133514404
      vertex 3.489577293395996 -30.09330940246582 -4.445000171661377
      vertex 3.489577293395996 -30.09330940246582 -6.985000133514404
    endloop
  endfacet
  facet normal -0.9876884248014562 0.15643393338153427 0
    outer loop
      vertex 3.489577293395996 -30.09330940246582 -4.445000171661377
      vertex 3.470107078552246 -30.21623992919922 -6.985000133514404
      vertex 3.470107078552246 -30.21623992919922 -4.445000171661377
    endloop
  endfacet
  facet normal 0.9876884248014562 -0.15643393338153427 0
    outer loop
      vertex -3.489577293395996 -29.596689224243164 -4.445000171661377
      vertex -3.470107078552246 -29.473758697509766 -6.985000133514404
      vertex -3.470107078552246 -29.473758697509766 -4.445000171661377
    endloop
  endfacet
  facet normal 0.9876884248014562 -0.15643393338153427 0
    outer loop
      vertex -3.470107078552246 -29.473758697509766 -6.985000133514404
      vertex -3.489577293395996 -29.596689224243164 -4.445000171661377
      vertex -3.489577293395996 -29.596689224243164 -6.985000133514404
    endloop
  endfacet
  facet normal 0.9995066337341597 0.03140842437003665 0
    outer loop
      vertex -3.5012903213500977 -29.969398498535156 -4.445000171661377
      vertex -3.505199432373047 -29.844999313354492 -6.985000133514404
      vertex -3.505199432373047 -29.844999313354492 -4.445000171661377
    endloop
  endfacet
  facet normal 0.9995066337341597 0.03140842437003665 0
    outer loop
      vertex -3.505199432373047 -29.844999313354492 -6.985000133514404
      vertex -3.5012903213500977 -29.969398498535156 -4.445000171661377
      vertex -3.5012903213500977 -29.969398498535156 -6.985000133514404
    endloop
  endfacet
  facet normal -0.3387365619556946 0.9408812579674631 0
    outer loop
      vertex 2.253328323364258 -31.68707275390625 -6.985000133514404
      vertex 2.136223793029785 -31.729232788085938 -4.445000171661377
      vertex 2.253328323364258 -31.68707275390625 -4.445000171661377
    endloop
  endfacet
  facet normal -0.3387365619556946 0.9408812579674631 0
    outer loop
      vertex 2.136223793029785 -31.729232788085938 -4.445000171661377
      vertex 2.253328323364258 -31.68707275390625 -6.985000133514404
      vertex 2.136223793029785 -31.729232788085938 -6.985000133514404
    endloop
  endfacet
  facet normal 0.7901593683974759 -0.612901437862322 0
    outer loop
      vertex -3.126824378967285 -28.68048095703125 -4.445000171661377
      vertex -3.050539970397949 -28.582134246826172 -6.985000133514404
      vertex -3.050539970397949 -28.582134246826172 -4.445000171661377
    endloop
  endfacet
  facet normal 0.7901593683974759 -0.612901437862322 0
    outer loop
      vertex -3.050539970397949 -28.582134246826172 -6.985000133514404
      vertex -3.126824378967285 -28.68048095703125 -4.445000171661377
      vertex -3.126824378967285 -28.68048095703125 -6.985000133514404
    endloop
  endfacet
  facet normal -0.2789870865845108 -0.9602948534273662 0
    outer loop
      vertex 2.0167036056518555 -27.926042556762695 -6.985000133514404
      vertex 2.136223793029785 -27.960765838623047 -4.445000171661377
      vertex 2.0167036056518555 -27.926042556762695 -4.445000171661377
    endloop
  endfacet
  facet normal -0.2789870865845108 -0.9602948534273662 0
    outer loop
      vertex 2.136223793029785 -27.960765838623047 -4.445000171661377
      vertex 2.0167036056518555 -27.926042556762695 -6.985000133514404
      vertex 2.136223793029785 -27.960765838623047 -6.985000133514404
    endloop
  endfacet
  facet normal 0.45398351722694913 0.891010081921775 0
    outer loop
      vertex -2.3675537109375 -31.63764190673828 -6.985000133514404
      vertex -2.478449821472168 -31.581138610839844 -4.445000171661377
      vertex -2.3675537109375 -31.63764190673828 -4.445000171661377
    endloop
  endfacet
  facet normal 0.45398351722694913 0.891010081921775 0
    outer loop
      vertex -2.478449821472168 -31.581138610839844 -4.445000171661377
      vertex -2.3675537109375 -31.63764190673828 -6.985000133514404
      vertex -2.478449821472168 -31.581138610839844 -6.985000133514404
    endloop
  endfacet
  facet normal -0.45398351722694913 -0.891010081921775 0
    outer loop
      vertex 2.3675537109375 -28.052356719970703 -6.985000133514404
      vertex 2.478449821472168 -28.10886001586914 -4.445000171661377
      vertex 2.3675537109375 -28.052356719970703 -4.445000171661377
    endloop
  endfacet
  facet normal -0.45398351722694913 -0.891010081921775 0
    outer loop
      vertex 2.478449821472168 -28.10886001586914 -4.445000171661377
      vertex 2.3675537109375 -28.052356719970703 -6.985000133514404
      vertex 2.478449821472168 -28.10886001586914 -6.985000133514404
    endloop
  endfacet
  facet normal -0.9995066337341597 -0.03140842437003665 0
    outer loop
      vertex 3.505199432373047 -29.844999313354492 -6.985000133514404
      vertex 3.5012903213500977 -29.720600128173828 -4.445000171661377
      vertex 3.5012903213500977 -29.720600128173828 -6.985000133514404
    endloop
  endfacet
  facet normal -0.9995066337341597 -0.03140842437003665 0
    outer loop
      vertex 3.5012903213500977 -29.720600128173828 -4.445000171661377
      vertex 3.505199432373047 -29.844999313354492 -6.985000133514404
      vertex 3.505199432373047 -29.844999313354492 -4.445000171661377
    endloop
  endfacet
  facet normal -0.8270803899338122 0.5620836491012111 0
    outer loop
      vertex 3.126824378967285 -31.009517669677734 -6.985000133514404
      vertex 3.196782112121582 -30.906578063964844 -4.445000171661377
      vertex 3.196782112121582 -30.906578063964844 -6.985000133514404
    endloop
  endfacet
  facet normal -0.8270803899338122 0.5620836491012111 0
    outer loop
      vertex 3.196782112121582 -30.906578063964844 -4.445000171661377
      vertex 3.126824378967285 -31.009517669677734 -6.985000133514404
      vertex 3.126824378967285 -31.009517669677734 -4.445000171661377
    endloop
  endfacet
  facet normal 0.5620836491012111 0.8270803899338122 0
    outer loop
      vertex -2.5855798721313477 -31.517780303955078 -6.985000133514404
      vertex -2.6885194778442383 -31.44782257080078 -4.445000171661377
      vertex -2.5855798721313477 -31.517780303955078 -4.445000171661377
    endloop
  endfacet
  facet normal 0.5620836491012111 0.8270803899338122 0
    outer loop
      vertex -2.6885194778442383 -31.44782257080078 -4.445000171661377
      vertex -2.5855798721313477 -31.517780303955078 -6.985000133514404
      vertex -2.6885194778442383 -31.44782257080078 -6.985000133514404
    endloop
  endfacet
  facet normal 0.031415598064757085 -0.9995064082827251 0
    outer loop
      vertex -1.6484003067016602 -27.86771011352539 -6.985000133514404
      vertex -1.5239992141723633 -27.863800048828125 -4.445000171661377
      vertex -1.6484003067016602 -27.86771011352539 -4.445000171661377
    endloop
  endfacet
  facet normal 0.031415598064757085 -0.9995064082827251 0
    outer loop
      vertex -1.5239992141723633 -27.863800048828125 -4.445000171661377
      vertex -1.6484003067016602 -27.86771011352539 -6.985000133514404
      vertex -1.5239992141723633 -27.863800048828125 -6.985000133514404
    endloop
  endfacet
  facet normal 0.09409455158847915 -0.9955632653736091 0
    outer loop
      vertex -1.7723093032836914 -27.87942123413086 -6.985000133514404
      vertex -1.6484003067016602 -27.86771011352539 -4.445000171661377
      vertex -1.7723093032836914 -27.87942123413086 -4.445000171661377
    endloop
  endfacet
  facet normal 0.09409455158847915 -0.9955632653736091 0
    outer loop
      vertex -1.6484003067016602 -27.86771011352539 -4.445000171661377
      vertex -1.7723093032836914 -27.87942123413086 -6.985000133514404
      vertex -1.6484003067016602 -27.86771011352539 -6.985000133514404
    endloop
  endfacet
  facet normal 0.3971553890585702 -0.9177513807898824 0
    outer loop
      vertex -2.3675537109375 -28.052356719970703 -6.985000133514404
      vertex -2.253328323364258 -28.002925872802734 -4.445000171661377
      vertex -2.3675537109375 -28.052356719970703 -4.445000171661377
    endloop
  endfacet
  facet normal 0.3971553890585702 -0.9177513807898824 0
    outer loop
      vertex -2.253328323364258 -28.002925872802734 -4.445000171661377
      vertex -2.3675537109375 -28.052356719970703 -6.985000133514404
      vertex -2.253328323364258 -28.002925872802734 -6.985000133514404
    endloop
  endfacet
  facet normal -0.7901593683974759 0.612901437862322 0
    outer loop
      vertex 3.050539970397949 -31.107864379882812 -6.985000133514404
      vertex 3.126824378967285 -31.009517669677734 -4.445000171661377
      vertex 3.126824378967285 -31.009517669677734 -6.985000133514404
    endloop
  endfacet
  facet normal -0.7901593683974759 0.612901437862322 0
    outer loop
      vertex 3.126824378967285 -31.009517669677734 -4.445000171661377
      vertex 3.050539970397949 -31.107864379882812 -6.985000133514404
      vertex 3.050539970397949 -31.107864379882812 -4.445000171661377
    endloop
  endfacet
  facet normal 0.3387365619556946 -0.9408812579674631 0
    outer loop
      vertex -2.253328323364258 -28.002925872802734 -6.985000133514404
      vertex -2.136223793029785 -27.960765838623047 -4.445000171661377
      vertex -2.253328323364258 -28.002925872802734 -4.445000171661377
    endloop
  endfacet
  facet normal 0.3387365619556946 -0.9408812579674631 0
    outer loop
      vertex -2.136223793029785 -27.960765838623047 -4.445000171661377
      vertex -2.253328323364258 -28.002925872802734 -6.985000133514404
      vertex -2.136223793029785 -27.960765838623047 -6.985000133514404
    endloop
  endfacet
  facet normal -0.891008561684897 0.4539865009052704 0
    outer loop
      vertex 3.260138511657715 -30.799449920654297 -6.985000133514404
      vertex 3.3166427612304688 -30.688552856445312 -4.445000171661377
      vertex 3.3166427612304688 -30.688552856445312 -6.985000133514404
    endloop
  endfacet
  facet normal -0.891008561684897 0.4539865009052704 0
    outer loop
      vertex 3.3166427612304688 -30.688552856445312 -4.445000171661377
      vertex 3.260138511657715 -30.799449920654297 -6.985000133514404
      vertex 3.260138511657715 -30.799449920654297 -4.445000171661377
    endloop
  endfacet
  facet normal -0.3971553890585702 0.9177513807898824 0
    outer loop
      vertex 2.3675537109375 -31.63764190673828 -6.985000133514404
      vertex 2.253328323364258 -31.68707275390625 -4.445000171661377
      vertex 2.3675537109375 -31.63764190673828 -4.445000171661377
    endloop
  endfacet
  facet normal -0.3971553890585702 0.9177513807898824 0
    outer loop
      vertex 2.253328323364258 -31.68707275390625 -4.445000171661377
      vertex 2.3675537109375 -31.63764190673828 -6.985000133514404
      vertex 2.253328323364258 -31.68707275390625 -6.985000133514404
    endloop
  endfacet
  facet normal -0.9759171321786501 -0.21814158503182995 0
    outer loop
      vertex 3.470107078552246 -29.473758697509766 -6.985000133514404
      vertex 3.4429569244384766 -29.352294921875 -4.445000171661377
      vertex 3.4429569244384766 -29.352294921875 -6.985000133514404
    endloop
  endfacet
  facet normal -0.9759171321786501 -0.21814158503182995 0
    outer loop
      vertex 3.4429569244384766 -29.352294921875 -4.445000171661377
      vertex 3.470107078552246 -29.473758697509766 -6.985000133514404
      vertex 3.470107078552246 -29.473758697509766 -4.445000171661377
    endloop
  endfacet
  facet normal 0.7501079166071601 -0.6613154417093751 0
    outer loop
      vertex -3.050539970397949 -28.582134246826172 -4.445000171661377
      vertex -2.9682321548461914 -28.4887752532959 -6.985000133514404
      vertex -2.9682321548461914 -28.4887752532959 -4.445000171661377
    endloop
  endfacet
  facet normal 0.7501079166071601 -0.6613154417093751 0
    outer loop
      vertex -2.9682321548461914 -28.4887752532959 -6.985000133514404
      vertex -3.050539970397949 -28.582134246826172 -4.445000171661377
      vertex -3.050539970397949 -28.582134246826172 -6.985000133514404
    endloop
  endfacet
  facet normal -0.8607385340503289 -0.5090473219661321 0
    outer loop
      vertex 3.260138511657715 -28.890548706054688 -6.985000133514404
      vertex 3.196782112121582 -28.78342056274414 -4.445000171661377
      vertex 3.196782112121582 -28.78342056274414 -6.985000133514404
    endloop
  endfacet
  facet normal -0.8607385340503289 -0.5090473219661321 0
    outer loop
      vertex 3.196782112121582 -28.78342056274414 -4.445000171661377
      vertex 3.260138511657715 -28.890548706054688 -6.985000133514404
      vertex 3.260138511657715 -28.890548706054688 -4.445000171661377
    endloop
  endfacet
  facet normal 0.9955619653964325 -0.09410830492572142 0
    outer loop
      vertex -3.5012903213500977 -29.720600128173828 -4.445000171661377
      vertex -3.489577293395996 -29.596689224243164 -6.985000133514404
      vertex -3.489577293395996 -29.596689224243164 -4.445000171661377
    endloop
  endfacet
  facet normal 0.9955619653964325 -0.09410830492572142 0
    outer loop
      vertex -3.489577293395996 -29.596689224243164 -6.985000133514404
      vertex -3.5012903213500977 -29.720600128173828 -4.445000171661377
      vertex -3.5012903213500977 -29.720600128173828 -6.985000133514404
    endloop
  endfacet
  facet normal -0.8270803899338122 -0.5620836491012111 0
    outer loop
      vertex 3.196782112121582 -28.78342056274414 -6.985000133514404
      vertex 3.126824378967285 -28.68048095703125 -4.445000171661377
      vertex 3.126824378967285 -28.68048095703125 -6.985000133514404
    endloop
  endfacet
  facet normal -0.8270803899338122 -0.5620836491012111 0
    outer loop
      vertex 3.126824378967285 -28.68048095703125 -4.445000171661377
      vertex 3.196782112121582 -28.78342056274414 -6.985000133514404
      vertex 3.196782112121582 -28.78342056274414 -4.445000171661377
    endloop
  endfacet
  facet normal -0.891008561684897 -0.4539865009052704 0
    outer loop
      vertex 3.3166427612304688 -29.001445770263672 -6.985000133514404
      vertex 3.260138511657715 -28.890548706054688 -4.445000171661377
      vertex 3.260138511657715 -28.890548706054688 -6.985000133514404
    endloop
  endfacet
  facet normal -0.891008561684897 -0.4539865009052704 0
    outer loop
      vertex 3.260138511657715 -28.890548706054688 -4.445000171661377
      vertex 3.3166427612304688 -29.001445770263672 -6.985000133514404
      vertex 3.3166427612304688 -29.001445770263672 -4.445000171661377
    endloop
  endfacet
  facet normal 0.6613202633372877 0.7501036657019486 0
    outer loop
      vertex -2.7868642807006836 -31.371540069580078 -6.985000133514404
      vertex -2.8802242279052734 -31.289230346679688 -4.445000171661377
      vertex -2.7868642807006836 -31.371540069580078 -4.445000171661377
    endloop
  endfacet
  facet normal 0.6613202633372877 0.7501036657019486 0
    outer loop
      vertex -2.8802242279052734 -31.289230346679688 -4.445000171661377
      vertex -2.7868642807006836 -31.371540069580078 -6.985000133514404
      vertex -2.8802242279052734 -31.289230346679688 -6.985000133514404
    endloop
  endfacet
  facet normal 0.7071029499688368 -0.7071106123835003 0
    outer loop
      vertex -2.9682321548461914 -28.4887752532959 -6.985000133514404
      vertex -2.8802242279052734 -28.400768280029297 -4.445000171661377
      vertex -2.9682321548461914 -28.4887752532959 -4.445000171661377
    endloop
  endfacet
  facet normal 0.7071029499688368 -0.7071106123835003 0
    outer loop
      vertex -2.8802242279052734 -28.400768280029297 -4.445000171661377
      vertex -2.9682321548461914 -28.4887752532959 -6.985000133514404
      vertex -2.8802242279052734 -28.400768280029297 -6.985000133514404
    endloop
  endfacet
  facet normal -0.5620836491012111 0.8270803899338122 0
    outer loop
      vertex 2.6885194778442383 -31.44782257080078 -6.985000133514404
      vertex 2.5855798721313477 -31.517780303955078 -4.445000171661377
      vertex 2.6885194778442383 -31.44782257080078 -4.445000171661377
    endloop
  endfacet
  facet normal -0.5620836491012111 0.8270803899338122 0
    outer loop
      vertex 2.5855798721313477 -31.517780303955078 -4.445000171661377
      vertex 2.6885194778442383 -31.44782257080078 -6.985000133514404
      vertex 2.5855798721313477 -31.517780303955078 -6.985000133514404
    endloop
  endfacet
  facet normal -0.9759171321786501 0.21814158503182995 0
    outer loop
      vertex 3.4429569244384766 -30.337703704833984 -6.985000133514404
      vertex 3.470107078552246 -30.21623992919922 -4.445000171661377
      vertex 3.470107078552246 -30.21623992919922 -6.985000133514404
    endloop
  endfacet
  facet normal -0.9759171321786501 0.21814158503182995 0
    outer loop
      vertex 3.470107078552246 -30.21623992919922 -4.445000171661377
      vertex 3.4429569244384766 -30.337703704833984 -6.985000133514404
      vertex 3.4429569244384766 -30.337703704833984 -4.445000171661377
    endloop
  endfacet
  facet normal -0.9408821371532567 0.3387341199022035 0
    outer loop
      vertex 3.366072654724121 -30.57432746887207 -6.985000133514404
      vertex 3.4082326889038086 -30.45722198486328 -4.445000171661377
      vertex 3.4082326889038086 -30.45722198486328 -6.985000133514404
    endloop
  endfacet
  facet normal -0.9408821371532567 0.3387341199022035 0
    outer loop
      vertex 3.4082326889038086 -30.45722198486328 -4.445000171661377
      vertex 3.366072654724121 -30.57432746887207 -6.985000133514404
      vertex 3.366072654724121 -30.57432746887207 -4.445000171661377
    endloop
  endfacet
  facet normal -0.45398351722694913 0.891010081921775 0
    outer loop
      vertex 2.478449821472168 -31.581138610839844 -6.985000133514404
      vertex 2.3675537109375 -31.63764190673828 -4.445000171661377
      vertex 2.478449821472168 -31.581138610839844 -4.445000171661377
    endloop
  endfacet
  facet normal -0.45398351722694913 0.891010081921775 0
    outer loop
      vertex 2.3675537109375 -31.63764190673828 -4.445000171661377
      vertex 2.478449821472168 -31.581138610839844 -6.985000133514404
      vertex 2.3675537109375 -31.63764190673828 -6.985000133514404
    endloop
  endfacet
  facet normal -0.9177541736281879 -0.3971489352724515 0
    outer loop
      vertex 3.366072654724121 -29.115671157836914 -6.985000133514404
      vertex 3.3166427612304688 -29.001445770263672 -4.445000171661377
      vertex 3.3166427612304688 -29.001445770263672 -6.985000133514404
    endloop
  endfacet
  facet normal -0.9177541736281879 -0.3971489352724515 0
    outer loop
      vertex 3.3166427612304688 -29.001445770263672 -4.445000171661377
      vertex 3.366072654724121 -29.115671157836914 -6.985000133514404
      vertex 3.366072654724121 -29.115671157836914 -4.445000171661377
    endloop
  endfacet
  facet normal 0.45398351722694913 -0.891010081921775 0
    outer loop
      vertex -2.478449821472168 -28.10886001586914 -6.985000133514404
      vertex -2.3675537109375 -28.052356719970703 -4.445000171661377
      vertex -2.478449821472168 -28.10886001586914 -4.445000171661377
    endloop
  endfacet
  facet normal 0.45398351722694913 -0.891010081921775 0
    outer loop
      vertex -2.3675537109375 -28.052356719970703 -4.445000171661377
      vertex -2.478449821472168 -28.10886001586914 -6.985000133514404
      vertex -2.3675537109375 -28.052356719970703 -6.985000133514404
    endloop
  endfacet
  facet normal 0.21814888281654124 -0.9759155009148563 0
    outer loop
      vertex -2.0167036056518555 -27.926042556762695 -6.985000133514404
      vertex -1.8952398300170898 -27.89889144897461 -4.445000171661377
      vertex -2.0167036056518555 -27.926042556762695 -4.445000171661377
    endloop
  endfacet
  facet normal 0.21814888281654124 -0.9759155009148563 0
    outer loop
      vertex -1.8952398300170898 -27.89889144897461 -4.445000171661377
      vertex -2.0167036056518555 -27.926042556762695 -6.985000133514404
      vertex -1.8952398300170898 -27.89889144897461 -6.985000133514404
    endloop
  endfacet
  facet normal 0.7071029499688368 0.7071106123835003 0
    outer loop
      vertex -2.8802242279052734 -31.289230346679688 -6.985000133514404
      vertex -2.9682321548461914 -31.201223373413086 -4.445000171661377
      vertex -2.8802242279052734 -31.289230346679688 -4.445000171661377
    endloop
  endfacet
  facet normal 0.7071029499688368 0.7071106123835003 0
    outer loop
      vertex -2.9682321548461914 -31.201223373413086 -4.445000171661377
      vertex -2.8802242279052734 -31.289230346679688 -6.985000133514404
      vertex -2.9682321548461914 -31.201223373413086 -6.985000133514404
    endloop
  endfacet
  facet normal 0.891008561684897 -0.4539865009052704 0
    outer loop
      vertex -3.3166427612304688 -29.001445770263672 -4.445000171661377
      vertex -3.260138511657715 -28.890548706054688 -6.985000133514404
      vertex -3.260138511657715 -28.890548706054688 -4.445000171661377
    endloop
  endfacet
  facet normal 0.891008561684897 -0.4539865009052704 0
    outer loop
      vertex -3.260138511657715 -28.890548706054688 -6.985000133514404
      vertex -3.3166427612304688 -29.001445770263672 -4.445000171661377
      vertex -3.3166427612304688 -29.001445770263672 -6.985000133514404
    endloop
  endfacet
  facet normal -0.9602916077121253 0.27899825834162806 0
    outer loop
      vertex 3.4082326889038086 -30.45722198486328 -6.985000133514404
      vertex 3.4429569244384766 -30.337703704833984 -4.445000171661377
      vertex 3.4429569244384766 -30.337703704833984 -6.985000133514404
    endloop
  endfacet
  facet normal -0.9602916077121253 0.27899825834162806 0
    outer loop
      vertex 3.4429569244384766 -30.337703704833984 -4.445000171661377
      vertex 3.4082326889038086 -30.45722198486328 -6.985000133514404
      vertex 3.4082326889038086 -30.45722198486328 -4.445000171661377
    endloop
  endfacet
  facet normal 0.9602916077121253 -0.27899825834162806 0
    outer loop
      vertex -3.4429569244384766 -29.352294921875 -4.445000171661377
      vertex -3.4082326889038086 -29.232776641845703 -6.985000133514404
      vertex -3.4082326889038086 -29.232776641845703 -4.445000171661377
    endloop
  endfacet
  facet normal 0.9602916077121253 -0.27899825834162806 0
    outer loop
      vertex -3.4082326889038086 -29.232776641845703 -6.985000133514404
      vertex -3.4429569244384766 -29.352294921875 -4.445000171661377
      vertex -3.4429569244384766 -29.352294921875 -6.985000133514404
    endloop
  endfacet
  facet normal 0.15643393338153427 0.9876884248014562 0
    outer loop
      vertex -1.7723093032836914 12.639422416687012 -6.985000133514404
      vertex -1.8952398300170898 12.658892631530762 -4.445000171661377
      vertex -1.7723093032836914 12.639422416687012 -4.445000171661377
    endloop
  endfacet
  facet normal 0.15643393338153427 0.9876884248014562 0
    outer loop
      vertex -1.8952398300170898 12.658892631530762 -4.445000171661377
      vertex -1.7723093032836914 12.639422416687012 -6.985000133514404
      vertex -1.8952398300170898 12.658892631530762 -6.985000133514404
    endloop
  endfacet
  facet normal 0.031407943283271254 0.9995066488516797 0
    outer loop
      vertex -1.5239992141723633 12.623800277709961 -6.985000133514404
      vertex -1.6484003067016602 12.62770938873291 -4.445000171661377
      vertex -1.5239992141723633 12.623800277709961 -4.445000171661377
    endloop
  endfacet
  facet normal 0.031407943283271254 0.9995066488516797 0
    outer loop
      vertex -1.6484003067016602 12.62770938873291 -4.445000171661377
      vertex -1.5239992141723633 12.623800277709961 -6.985000133514404
      vertex -1.6484003067016602 12.62770938873291 -6.985000133514404
    endloop
  endfacet
  facet normal -0.21813428721052397 -0.975918763393325 0
    outer loop
      vertex 1.8952398300170898 16.551105499267578 -6.985000133514404
      vertex 2.0167036056518555 16.523956298828125 -4.445000171661377
      vertex 1.8952398300170898 16.551105499267578 -4.445000171661377
    endloop
  endfacet
  facet normal -0.21813428721052397 -0.975918763393325 0
    outer loop
      vertex 2.0167036056518555 16.523956298828125 -4.445000171661377
      vertex 1.8952398300170898 16.551105499267578 -6.985000133514404
      vertex 2.0167036056518555 16.523956298828125 -6.985000133514404
    endloop
  endfacet
  facet normal 0.3971489352724515 0.9177541736281879 0
    outer loop
      vertex -2.253328323364258 12.762927055358887 -6.985000133514404
      vertex -2.3675537109375 12.812356948852539 -4.445000171661377
      vertex -2.253328323364258 12.762927055358887 -4.445000171661377
    endloop
  endfacet
  facet normal 0.3971489352724515 0.9177541736281879 0
    outer loop
      vertex -2.3675537109375 12.812356948852539 -4.445000171661377
      vertex -2.253328323364258 12.762927055358887 -6.985000133514404
      vertex -2.3675537109375 12.812356948852539 -6.985000133514404
    endloop
  endfacet
  facet normal 0.6129088594009061 -0.7901536116907144 0
    outer loop
      vertex -2.7868642807006836 16.131540298461914 -6.985000133514404
      vertex -2.6885194778442383 16.20782470703125 -4.445000171661377
      vertex -2.7868642807006836 16.131540298461914 -4.445000171661377
    endloop
  endfacet
  facet normal 0.6129088594009061 -0.7901536116907144 0
    outer loop
      vertex -2.6885194778442383 16.20782470703125 -4.445000171661377
      vertex -2.7868642807006836 16.131540298461914 -6.985000133514404
      vertex -2.6885194778442383 16.20782470703125 -6.985000133514404
    endloop
  endfacet
  facet normal 0.7501112676598585 0.6613116407033224 0
    outer loop
      vertex -2.9682321548461914 13.248775482177734 -4.445000171661377
      vertex -3.050539970397949 13.342135429382324 -6.985000133514404
      vertex -3.050539970397949 13.342135429382324 -4.445000171661377
    endloop
  endfacet
  facet normal 0.7501112676598585 0.6613116407033224 0
    outer loop
      vertex -3.050539970397949 13.342135429382324 -6.985000133514404
      vertex -2.9682321548461914 13.248775482177734 -4.445000171661377
      vertex -2.9682321548461914 13.248775482177734 -6.985000133514404
    endloop
  endfacet
  facet normal 0.7071067811865475 0.7071067811865475 0
    outer loop
      vertex -2.8802242279052734 13.160767555236816 -4.445000171661377
      vertex -2.9682321548461914 13.248775482177734 -6.985000133514404
      vertex -2.9682321548461914 13.248775482177734 -4.445000171661377
    endloop
  endfacet
  facet normal 0.7071067811865475 0.7071067811865475 0
    outer loop
      vertex -2.9682321548461914 13.248775482177734 -6.985000133514404
      vertex -2.8802242279052734 13.160767555236816 -4.445000171661377
      vertex -2.8802242279052734 13.160767555236816 -6.985000133514404
    endloop
  endfacet
  facet normal -0.9408812579674631 -0.3387365619556946 0
    outer loop
      vertex 3.4082326889038086 15.217223167419434 -6.985000133514404
      vertex 3.366072654724121 15.334327697753906 -4.445000171661377
      vertex 3.366072654724121 15.334327697753906 -6.985000133514404
    endloop
  endfacet
  facet normal -0.9408812579674631 -0.3387365619556946 0
    outer loop
      vertex 3.366072654724121 15.334327697753906 -4.445000171661377
      vertex 3.4082326889038086 15.217223167419434 -6.985000133514404
      vertex 3.4082326889038086 15.217223167419434 -4.445000171661377
    endloop
  endfacet
  facet normal -0.3387365619556946 -0.9408812579674631 0
    outer loop
      vertex 2.136223793029785 16.48923110961914 -6.985000133514404
      vertex 2.253328323364258 16.447071075439453 -4.445000171661377
      vertex 2.136223793029785 16.48923110961914 -4.445000171661377
    endloop
  endfacet
  facet normal -0.3387365619556946 -0.9408812579674631 0
    outer loop
      vertex 2.253328323364258 16.447071075439453 -4.445000171661377
      vertex 2.136223793029785 16.48923110961914 -6.985000133514404
      vertex 2.253328323364258 16.447071075439453 -6.985000133514404
    endloop
  endfacet
  facet normal 0.9876882372902752 0.15643511728006965 0
    outer loop
      vertex -3.470107078552246 14.233759880065918 -4.445000171661377
      vertex -3.489577293395996 14.356689453125 -6.985000133514404
      vertex -3.489577293395996 14.356689453125 -4.445000171661377
    endloop
  endfacet
  facet normal 0.9876882372902752 0.15643511728006965 0
    outer loop
      vertex -3.489577293395996 14.356689453125 -6.985000133514404
      vertex -3.470107078552246 14.233759880065918 -4.445000171661377
      vertex -3.470107078552246 14.233759880065918 -6.985000133514404
    endloop
  endfacet
  facet normal -0.8607425051013919 0.5090406073308693 0
    outer loop
      vertex 3.196782112121582 13.54341983795166 -6.985000133514404
      vertex 3.260138511657715 13.65054988861084 -4.445000171661377
      vertex 3.260138511657715 13.65054988861084 -6.985000133514404
    endloop
  endfacet
  facet normal -0.8607425051013919 0.5090406073308693 0
    outer loop
      vertex 3.260138511657715 13.65054988861084 -4.445000171661377
      vertex 3.196782112121582 13.54341983795166 -6.985000133514404
      vertex 3.196782112121582 13.54341983795166 -4.445000171661377
    endloop
  endfacet
  facet normal -0.3387365619556946 0.9408812579674631 0
    outer loop
      vertex 2.253328323364258 12.762927055358887 -6.985000133514404
      vertex 2.136223793029785 12.7207670211792 -4.445000171661377
      vertex 2.253328323364258 12.762927055358887 -4.445000171661377
    endloop
  endfacet
  facet normal -0.3387365619556946 0.9408812579674631 0
    outer loop
      vertex 2.136223793029785 12.7207670211792 -4.445000171661377
      vertex 2.253328323364258 12.762927055358887 -6.985000133514404
      vertex 2.136223793029785 12.7207670211792 -6.985000133514404
    endloop
  endfacet
  facet normal -0.6129088594009061 -0.7901536116907144 0
    outer loop
      vertex 2.6885194778442383 16.20782470703125 -6.985000133514404
      vertex 2.7868642807006836 16.131540298461914 -4.445000171661377
      vertex 2.6885194778442383 16.20782470703125 -4.445000171661377
    endloop
  endfacet
  facet normal -0.6129088594009061 -0.7901536116907144 0
    outer loop
      vertex 2.7868642807006836 16.131540298461914 -4.445000171661377
      vertex 2.6885194778442383 16.20782470703125 -6.985000133514404
      vertex 2.7868642807006836 16.131540298461914 -6.985000133514404
    endloop
  endfacet
  facet normal 0 1 0
    outer loop
      vertex 1.5239992141723633 12.623800277709961 -6.985000133514404
      vertex -1.5239992141723633 12.623800277709961 -4.445000171661377
      vertex 1.5239992141723633 12.623800277709961 -4.445000171661377
    endloop
  endfacet
  facet normal 0 1 0
    outer loop
      vertex -1.5239992141723633 12.623800277709961 -4.445000171661377
      vertex 1.5239992141723633 12.623800277709961 -6.985000133514404
      vertex -1.5239992141723633 12.623800277709961 -6.985000133514404
    endloop
  endfacet
  facet normal -0.7901536116907144 -0.6129088594009061 0
    outer loop
      vertex 3.126824378967285 15.769518852233887 -6.985000133514404
      vertex 3.050539970397949 15.867863655090332 -4.445000171661377
      vertex 3.050539970397949 15.867863655090332 -6.985000133514404
    endloop
  endfacet
  facet normal -0.7901536116907144 -0.6129088594009061 0
    outer loop
      vertex 3.050539970397949 15.867863655090332 -4.445000171661377
      vertex 3.126824378967285 15.769518852233887 -6.985000133514404
      vertex 3.126824378967285 15.769518852233887 -4.445000171661377
    endloop
  endfacet
  facet normal 0.8270803899338122 0.5620836491012111 0
    outer loop
      vertex -3.126824378967285 13.44048023223877 -4.445000171661377
      vertex -3.196782112121582 13.54341983795166 -6.985000133514404
      vertex -3.196782112121582 13.54341983795166 -4.445000171661377
    endloop
  endfacet
  facet normal 0.8270803899338122 0.5620836491012111 0
    outer loop
      vertex -3.196782112121582 13.54341983795166 -6.985000133514404
      vertex -3.126824378967285 13.44048023223877 -4.445000171661377
      vertex -3.126824378967285 13.44048023223877 -6.985000133514404
    endloop
  endfacet
  facet normal 0.21814158503182995 0.9759171321786501 0
    outer loop
      vertex -1.8952398300170898 12.658892631530762 -6.985000133514404
      vertex -2.0167036056518555 12.686042785644531 -4.445000171661377
      vertex -1.8952398300170898 12.658892631530762 -4.445000171661377
    endloop
  endfacet
  facet normal 0.21814158503182995 0.9759171321786501 0
    outer loop
      vertex -2.0167036056518555 12.686042785644531 -4.445000171661377
      vertex -1.8952398300170898 12.658892631530762 -6.985000133514404
      vertex -2.0167036056518555 12.686042785644531 -6.985000133514404
    endloop
  endfacet
  facet normal -0.7071067811865475 0.7071067811865475 0
    outer loop
      vertex 2.8802242279052734 13.160767555236816 -6.985000133514404
      vertex 2.9682321548461914 13.248775482177734 -4.445000171661377
      vertex 2.9682321548461914 13.248775482177734 -6.985000133514404
    endloop
  endfacet
  facet normal -0.7071067811865475 0.7071067811865475 0
    outer loop
      vertex 2.9682321548461914 13.248775482177734 -4.445000171661377
      vertex 2.8802242279052734 13.160767555236816 -6.985000133514404
      vertex 2.8802242279052734 13.160767555236816 -4.445000171661377
    endloop
  endfacet
  facet normal -0.15643393338153427 -0.9876884248014562 0
    outer loop
      vertex 1.7723093032836914 16.570575714111328 -6.985000133514404
      vertex 1.8952398300170898 16.551105499267578 -4.445000171661377
      vertex 1.7723093032836914 16.570575714111328 -4.445000171661377
    endloop
  endfacet
  facet normal -0.15643393338153427 -0.9876884248014562 0
    outer loop
      vertex 1.8952398300170898 16.551105499267578 -4.445000171661377
      vertex 1.7723093032836914 16.570575714111328 -6.985000133514404
      vertex 1.8952398300170898 16.551105499267578 -6.985000133514404
    endloop
  endfacet
  facet normal 0 -1 0
    outer loop
      vertex -1.5239992141723633 16.586198806762695 -6.985000133514404
      vertex 1.5239992141723633 16.586198806762695 -4.445000171661377
      vertex -1.5239992141723633 16.586198806762695 -4.445000171661377
    endloop
  endfacet
  facet normal 0 -1 0
    outer loop
      vertex 1.5239992141723633 16.586198806762695 -4.445000171661377
      vertex -1.5239992141723633 16.586198806762695 -6.985000133514404
      vertex 1.5239992141723633 16.586198806762695 -6.985000133514404
    endloop
  endfacet
  facet normal -0.2789941525454573 0.9602928005798242 0
    outer loop
      vertex 2.136223793029785 12.7207670211792 -6.985000133514404
      vertex 2.0167036056518555 12.686042785644531 -4.445000171661377
      vertex 2.136223793029785 12.7207670211792 -4.445000171661377
    endloop
  endfacet
  facet normal -0.2789941525454573 0.9602928005798242 0
    outer loop
      vertex 2.0167036056518555 12.686042785644531 -4.445000171661377
      vertex 2.136223793029785 12.7207670211792 -6.985000133514404
      vertex 2.0167036056518555 12.686042785644531 -6.985000133514404
    endloop
  endfacet
  facet normal 0.09410974071827724 0.9955618296730439 0
    outer loop
      vertex -1.6484003067016602 12.62770938873291 -6.985000133514404
      vertex -1.7723093032836914 12.639422416687012 -4.445000171661377
      vertex -1.6484003067016602 12.62770938873291 -4.445000171661377
    endloop
  endfacet
  facet normal 0.09410974071827724 0.9955618296730439 0
    outer loop
      vertex -1.7723093032836914 12.639422416687012 -4.445000171661377
      vertex -1.6484003067016602 12.62770938873291 -6.985000133514404
      vertex -1.7723093032836914 12.639422416687012 -6.985000133514404
    endloop
  endfacet
  facet normal 0.7501112676598585 -0.6613116407033224 0
    outer loop
      vertex -3.050539970397949 15.867863655090332 -4.445000171661377
      vertex -2.9682321548461914 15.961223602294922 -6.985000133514404
      vertex -2.9682321548461914 15.961223602294922 -4.445000171661377
    endloop
  endfacet
  facet normal 0.7501112676598585 -0.6613116407033224 0
    outer loop
      vertex -2.9682321548461914 15.961223602294922 -6.985000133514404
      vertex -3.050539970397949 15.867863655090332 -4.445000171661377
      vertex -3.050539970397949 15.867863655090332 -6.985000133514404
    endloop
  endfacet
  facet normal 0.9602922041525577 -0.2789962054290746 0
    outer loop
      vertex -3.4429569244384766 15.09770393371582 -4.445000171661377
      vertex -3.4082326889038086 15.217223167419434 -6.985000133514404
      vertex -3.4082326889038086 15.217223167419434 -4.445000171661377
    endloop
  endfacet
  facet normal 0.9602922041525577 -0.2789962054290746 0
    outer loop
      vertex -3.4082326889038086 15.217223167419434 -6.985000133514404
      vertex -3.4429569244384766 15.09770393371582 -4.445000171661377
      vertex -3.4429569244384766 15.09770393371582 -6.985000133514404
    endloop
  endfacet
  facet normal -0.9955618975355146 -0.09410902281654743 0
    outer loop
      vertex 3.5012903213500977 14.729399681091309 -6.985000133514404
      vertex 3.489577293395996 14.853309631347656 -4.445000171661377
      vertex 3.489577293395996 14.853309631347656 -6.985000133514404
    endloop
  endfacet
  facet normal -0.9955618975355146 -0.09410902281654743 0
    outer loop
      vertex 3.489577293395996 14.853309631347656 -4.445000171661377
      vertex 3.5012903213500977 14.729399681091309 -6.985000133514404
      vertex 3.5012903213500977 14.729399681091309 -4.445000171661377
    endloop
  endfacet
  facet normal 0.9995066412930065 -0.03140818382481263 0
    outer loop
      vertex -3.505199432373047 14.604999542236328 -4.445000171661377
      vertex -3.5012903213500977 14.729399681091309 -6.985000133514404
      vertex -3.5012903213500977 14.729399681091309 -4.445000171661377
    endloop
  endfacet
  facet normal 0.9995066412930065 -0.03140818382481263 0
    outer loop
      vertex -3.5012903213500977 14.729399681091309 -6.985000133514404
      vertex -3.505199432373047 14.604999542236328 -4.445000171661377
      vertex -3.505199432373047 14.604999542236328 -6.985000133514404
    endloop
  endfacet
  facet normal 0.39714248142741393 -0.9177569664381068 0
    outer loop
      vertex -2.3675537109375 16.397642135620117 -6.985000133514404
      vertex -2.253328323364258 16.447071075439453 -4.445000171661377
      vertex -2.3675537109375 16.397642135620117 -4.445000171661377
    endloop
  endfacet
  facet normal 0.39714248142741393 -0.9177569664381068 0
    outer loop
      vertex -2.253328323364258 16.447071075439453 -4.445000171661377
      vertex -2.3675537109375 16.397642135620117 -6.985000133514404
      vertex -2.253328323364258 16.447071075439453 -6.985000133514404
    endloop
  endfacet
  facet normal -0.031400288496258845 -0.9995068893621252 0
    outer loop
      vertex 1.5239992141723633 16.586198806762695 -6.985000133514404
      vertex 1.6484003067016602 16.582290649414062 -4.445000171661377
      vertex 1.5239992141723633 16.586198806762695 -4.445000171661377
    endloop
  endfacet
  facet normal -0.031400288496258845 -0.9995068893621252 0
    outer loop
      vertex 1.6484003067016602 16.582290649414062 -4.445000171661377
      vertex 1.5239992141723633 16.586198806762695 -6.985000133514404
      vertex 1.6484003067016602 16.582290649414062 -6.985000133514404
    endloop
  endfacet
  facet normal -0.9995066412930065 -0.03140818382481263 0
    outer loop
      vertex 3.505199432373047 14.604999542236328 -6.985000133514404
      vertex 3.5012903213500977 14.729399681091309 -4.445000171661377
      vertex 3.5012903213500977 14.729399681091309 -6.985000133514404
    endloop
  endfacet
  facet normal -0.9995066412930065 -0.03140818382481263 0
    outer loop
      vertex 3.5012903213500977 14.729399681091309 -4.445000171661377
      vertex 3.505199432373047 14.604999542236328 -6.985000133514404
      vertex 3.505199432373047 14.604999542236328 -4.445000171661377
    endloop
  endfacet
  facet normal -0.8270803899338122 -0.5620836491012111 0
    outer loop
      vertex 3.196782112121582 15.666579246520996 -6.985000133514404
      vertex 3.126824378967285 15.769518852233887 -4.445000171661377
      vertex 3.126824378967285 15.769518852233887 -6.985000133514404
    endloop
  endfacet
  facet normal -0.8270803899338122 -0.5620836491012111 0
    outer loop
      vertex 3.126824378967285 15.769518852233887 -4.445000171661377
      vertex 3.196782112121582 15.666579246520996 -6.985000133514404
      vertex 3.196782112121582 15.666579246520996 -4.445000171661377
    endloop
  endfacet
  facet normal -0.09412492978235747 -0.9955603937448829 0
    outer loop
      vertex 1.6484003067016602 16.582290649414062 -6.985000133514404
      vertex 1.7723093032836914 16.570575714111328 -4.445000171661377
      vertex 1.6484003067016602 16.582290649414062 -4.445000171661377
    endloop
  endfacet
  facet normal -0.09412492978235747 -0.9955603937448829 0
    outer loop
      vertex 1.7723093032836914 16.570575714111328 -4.445000171661377
      vertex 1.6484003067016602 16.582290649414062 -6.985000133514404
      vertex 1.7723093032836914 16.570575714111328 -6.985000133514404
    endloop
  endfacet
  facet normal 0.7901536116907144 -0.6129088594009061 0
    outer loop
      vertex -3.126824378967285 15.769518852233887 -4.445000171661377
      vertex -3.050539970397949 15.867863655090332 -6.985000133514404
      vertex -3.050539970397949 15.867863655090332 -4.445000171661377
    endloop
  endfacet
  facet normal 0.7901536116907144 -0.6129088594009061 0
    outer loop
      vertex -3.050539970397949 15.867863655090332 -6.985000133514404
      vertex -3.126824378967285 15.769518852233887 -4.445000171661377
      vertex -3.126824378967285 15.769518852233887 -6.985000133514404
    endloop
  endfacet
  facet normal -0.9876882372902752 0.15643511728006965 0
    outer loop
      vertex 3.470107078552246 14.233759880065918 -6.985000133514404
      vertex 3.489577293395996 14.356689453125 -4.445000171661377
      vertex 3.489577293395996 14.356689453125 -6.985000133514404
    endloop
  endfacet
  facet normal -0.9876882372902752 0.15643511728006965 0
    outer loop
      vertex 3.489577293395996 14.356689453125 -4.445000171661377
      vertex 3.470107078552246 14.233759880065918 -6.985000133514404
      vertex 3.470107078552246 14.233759880065918 -4.445000171661377
    endloop
  endfacet
  facet normal -0.21814158503182995 0.9759171321786501 0
    outer loop
      vertex 2.0167036056518555 12.686042785644531 -6.985000133514404
      vertex 1.8952398300170898 12.658892631530762 -4.445000171661377
      vertex 2.0167036056518555 12.686042785644531 -4.445000171661377
    endloop
  endfacet
  facet normal -0.21814158503182995 0.9759171321786501 0
    outer loop
      vertex 1.8952398300170898 12.658892631530762 -4.445000171661377
      vertex 2.0167036056518555 12.686042785644531 -6.985000133514404
      vertex 1.8952398300170898 12.658892631530762 -6.985000133514404
    endloop
  endfacet
  facet normal 0.6613116407033224 -0.7501112676598585 0
    outer loop
      vertex -2.8802242279052734 16.049232482910156 -6.985000133514404
      vertex -2.7868642807006836 16.131540298461914 -4.445000171661377
      vertex -2.8802242279052734 16.049232482910156 -4.445000171661377
    endloop
  endfacet
  facet normal 0.6613116407033224 -0.7501112676598585 0
    outer loop
      vertex -2.7868642807006836 16.131540298461914 -4.445000171661377
      vertex -2.8802242279052734 16.049232482910156 -6.985000133514404
      vertex -2.7868642807006836 16.131540298461914 -6.985000133514404
    endloop
  endfacet
  facet normal -0.5090292534690796 -0.8607492196410704 0
    outer loop
      vertex 2.478449821472168 16.341136932373047 -6.985000133514404
      vertex 2.5855798721313477 16.277782440185547 -4.445000171661377
      vertex 2.478449821472168 16.341136932373047 -4.445000171661377
    endloop
  endfacet
  facet normal -0.5090292534690796 -0.8607492196410704 0
    outer loop
      vertex 2.5855798721313477 16.277782440185547 -4.445000171661377
      vertex 2.478449821472168 16.341136932373047 -6.985000133514404
      vertex 2.5855798721313477 16.277782440185547 -6.985000133514404
    endloop
  endfacet
  facet normal -0.09410974071827724 0.9955618296730439 0
    outer loop
      vertex 1.7723093032836914 12.639422416687012 -6.985000133514404
      vertex 1.6484003067016602 12.62770938873291 -4.445000171661377
      vertex 1.7723093032836914 12.639422416687012 -4.445000171661377
    endloop
  endfacet
  facet normal -0.09410974071827724 0.9955618296730439 0
    outer loop
      vertex 1.6484003067016602 12.62770938873291 -4.445000171661377
      vertex 1.7723093032836914 12.639422416687012 -6.985000133514404
      vertex 1.6484003067016602 12.62770938873291 -6.985000133514404
    endloop
  endfacet
  facet normal -0.031407943283271254 0.9995066488516797 0
    outer loop
      vertex 1.6484003067016602 12.62770938873291 -6.985000133514404
      vertex 1.5239992141723633 12.623800277709961 -4.445000171661377
      vertex 1.6484003067016602 12.62770938873291 -4.445000171661377
    endloop
  endfacet
  facet normal -0.031407943283271254 0.9995066488516797 0
    outer loop
      vertex 1.5239992141723633 12.623800277709961 -4.445000171661377
      vertex 1.6484003067016602 12.62770938873291 -6.985000133514404
      vertex 1.5239992141723633 12.623800277709961 -6.985000133514404
    endloop
  endfacet
  facet normal 0.031400288496258845 -0.9995068893621252 0
    outer loop
      vertex -1.6484003067016602 16.582290649414062 -6.985000133514404
      vertex -1.5239992141723633 16.586198806762695 -4.445000171661377
      vertex -1.6484003067016602 16.582290649414062 -4.445000171661377
    endloop
  endfacet
  facet normal 0.031400288496258845 -0.9995068893621252 0
    outer loop
      vertex -1.5239992141723633 16.586198806762695 -4.445000171661377
      vertex -1.6484003067016602 16.582290649414062 -6.985000133514404
      vertex -1.5239992141723633 16.586198806762695 -6.985000133514404
    endloop
  endfacet
  facet normal -0.6613159520530747 0.7501074666740328 0
    outer loop
      vertex 2.8802242279052734 13.160767555236816 -6.985000133514404
      vertex 2.7868642807006836 13.078458786010742 -4.445000171661377
      vertex 2.8802242279052734 13.160767555236816 -4.445000171661377
    endloop
  endfacet
  facet normal -0.6613159520530747 0.7501074666740328 0
    outer loop
      vertex 2.7868642807006836 13.078458786010742 -4.445000171661377
      vertex 2.8802242279052734 13.160767555236816 -6.985000133514404
      vertex 2.7868642807006836 13.078458786010742 -6.985000133514404
    endloop
  endfacet
  facet normal -0.39714248142741393 -0.9177569664381068 0
    outer loop
      vertex 2.253328323364258 16.447071075439453 -6.985000133514404
      vertex 2.3675537109375 16.397642135620117 -4.445000171661377
      vertex 2.253328323364258 16.447071075439453 -4.445000171661377
    endloop
  endfacet
  facet normal -0.39714248142741393 -0.9177569664381068 0
    outer loop
      vertex 2.3675537109375 16.397642135620117 -4.445000171661377
      vertex 2.253328323364258 16.447071075439453 -6.985000133514404
      vertex 2.3675537109375 16.397642135620117 -6.985000133514404
    endloop
  endfacet
  facet normal -0.5090406073308693 0.8607425051013919 0
    outer loop
      vertex 2.5855798721313477 12.932217597961426 -6.985000133514404
      vertex 2.478449821472168 12.868861198425293 -4.445000171661377
      vertex 2.5855798721313477 12.932217597961426 -4.445000171661377
    endloop
  endfacet
  facet normal -0.5090406073308693 0.8607425051013919 0
    outer loop
      vertex 2.478449821472168 12.868861198425293 -4.445000171661377
      vertex 2.5855798721313477 12.932217597961426 -6.985000133514404
      vertex 2.478449821472168 12.868861198425293 -6.985000133514404
    endloop
  endfacet
  facet normal 0.9408812579674631 -0.3387365619556946 0
    outer loop
      vertex -3.4082326889038086 15.217223167419434 -4.445000171661377
      vertex -3.366072654724121 15.334327697753906 -6.985000133514404
      vertex -3.366072654724121 15.334327697753906 -4.445000171661377
    endloop
  endfacet
  facet normal 0.9408812579674631 -0.3387365619556946 0
    outer loop
      vertex -3.366072654724121 15.334327697753906 -6.985000133514404
      vertex -3.4082326889038086 15.217223167419434 -4.445000171661377
      vertex -3.4082326889038086 15.217223167419434 -6.985000133514404
    endloop
  endfacet
  facet normal 0.9177541736281879 0.3971489352724515 0
    outer loop
      vertex -3.3166427612304688 13.761445999145508 -4.445000171661377
      vertex -3.366072654724121 13.87567138671875 -6.985000133514404
      vertex -3.366072654724121 13.87567138671875 -4.445000171661377
    endloop
  endfacet
  facet normal 0.9177541736281879 0.3971489352724515 0
    outer loop
      vertex -3.366072654724121 13.87567138671875 -6.985000133514404
      vertex -3.3166427612304688 13.761445999145508 -4.445000171661377
      vertex -3.3166427612304688 13.761445999145508 -6.985000133514404
    endloop
  endfacet
  facet normal 0.9602922041525577 0.2789962054290746 0
    outer loop
      vertex -3.4082326889038086 13.992775917053223 -4.445000171661377
      vertex -3.4429569244384766 14.112295150756836 -6.985000133514404
      vertex -3.4429569244384766 14.112295150756836 -4.445000171661377
    endloop
  endfacet
  facet normal 0.9602922041525577 0.2789962054290746 0
    outer loop
      vertex -3.4429569244384766 14.112295150756836 -6.985000133514404
      vertex -3.4082326889038086 13.992775917053223 -4.445000171661377
      vertex -3.4082326889038086 13.992775917053223 -6.985000133514404
    endloop
  endfacet
  facet normal 0.09412492978235747 -0.9955603937448829 0
    outer loop
      vertex -1.7723093032836914 16.570575714111328 -6.985000133514404
      vertex -1.6484003067016602 16.582290649414062 -4.445000171661377
      vertex -1.7723093032836914 16.570575714111328 -4.445000171661377
    endloop
  endfacet
  facet normal 0.09412492978235747 -0.9955603937448829 0
    outer loop
      vertex -1.6484003067016602 16.582290649414062 -4.445000171661377
      vertex -1.7723093032836914 16.570575714111328 -6.985000133514404
      vertex -1.6484003067016602 16.582290649414062 -6.985000133514404
    endloop
  endfacet
  facet normal -0.6129040754543348 0.7901573224943669 0
    outer loop
      vertex 2.7868642807006836 13.078458786010742 -6.985000133514404
      vertex 2.6885194778442383 13.002175331115723 -4.445000171661377
      vertex 2.7868642807006836 13.078458786010742 -4.445000171661377
    endloop
  endfacet
  facet normal -0.6129040754543348 0.7901573224943669 0
    outer loop
      vertex 2.6885194778442383 13.002175331115723 -4.445000171661377
      vertex 2.7868642807006836 13.078458786010742 -6.985000133514404
      vertex 2.6885194778442383 13.002175331115723 -6.985000133514404
    endloop
  endfacet
  facet normal -0.9759174967968223 -0.21813995380448895 0
    outer loop
      vertex 3.470107078552246 14.976239204406738 -6.985000133514404
      vertex 3.4429569244384766 15.09770393371582 -4.445000171661377
      vertex 3.4429569244384766 15.09770393371582 -6.985000133514404
    endloop
  endfacet
  facet normal -0.9759174967968223 -0.21813995380448895 0
    outer loop
      vertex 3.4429569244384766 15.09770393371582 -4.445000171661377
      vertex 3.470107078552246 14.976239204406738 -6.985000133514404
      vertex 3.470107078552246 14.976239204406738 -4.445000171661377
    endloop
  endfacet
  facet normal 0.21813428721052397 -0.975918763393325 0
    outer loop
      vertex -2.0167036056518555 16.523956298828125 -6.985000133514404
      vertex -1.8952398300170898 16.551105499267578 -4.445000171661377
      vertex -2.0167036056518555 16.523956298828125 -4.445000171661377
    endloop
  endfacet
  facet normal 0.21813428721052397 -0.975918763393325 0
    outer loop
      vertex -1.8952398300170898 16.551105499267578 -4.445000171661377
      vertex -2.0167036056518555 16.523956298828125 -6.985000133514404
      vertex -1.8952398300170898 16.551105499267578 -6.985000133514404
    endloop
  endfacet
  facet normal 0.45399568348686314 -0.8910038829181924 0
    outer loop
      vertex -2.478449821472168 16.341136932373047 -6.985000133514404
      vertex -2.3675537109375 16.397642135620117 -4.445000171661377
      vertex -2.478449821472168 16.341136932373047 -4.445000171661377
    endloop
  endfacet
  facet normal 0.45399568348686314 -0.8910038829181924 0
    outer loop
      vertex -2.3675537109375 16.397642135620117 -4.445000171661377
      vertex -2.478449821472168 16.341136932373047 -6.985000133514404
      vertex -2.3675537109375 16.397642135620117 -6.985000133514404
    endloop
  endfacet
  facet normal 0.8910069824299672 0.4539896003886478 0
    outer loop
      vertex -3.260138511657715 13.65054988861084 -4.445000171661377
      vertex -3.3166427612304688 13.761445999145508 -6.985000133514404
      vertex -3.3166427612304688 13.761445999145508 -4.445000171661377
    endloop
  endfacet
  facet normal 0.8910069824299672 0.4539896003886478 0
    outer loop
      vertex -3.3166427612304688 13.761445999145508 -6.985000133514404
      vertex -3.260138511657715 13.65054988861084 -4.445000171661377
      vertex -3.260138511657715 13.65054988861084 -6.985000133514404
    endloop
  endfacet
  facet normal 0.9955618975355146 -0.09410902281654743 0
    outer loop
      vertex -3.5012903213500977 14.729399681091309 -4.445000171661377
      vertex -3.489577293395996 14.853309631347656 -6.985000133514404
      vertex -3.489577293395996 14.853309631347656 -4.445000171661377
    endloop
  endfacet
  facet normal 0.9955618975355146 -0.09410902281654743 0
    outer loop
      vertex -3.489577293395996 14.853309631347656 -6.985000133514404
      vertex -3.5012903213500977 14.729399681091309 -4.445000171661377
      vertex -3.5012903213500977 14.729399681091309 -6.985000133514404
    endloop
  endfacet
  facet normal 0.9955618975355146 0.09410902281654743 0
    outer loop
      vertex -3.489577293395996 14.356689453125 -4.445000171661377
      vertex -3.5012903213500977 14.480599403381348 -6.985000133514404
      vertex -3.5012903213500977 14.480599403381348 -4.445000171661377
    endloop
  endfacet
  facet normal 0.9955618975355146 0.09410902281654743 0
    outer loop
      vertex -3.5012903213500977 14.480599403381348 -6.985000133514404
      vertex -3.489577293395996 14.356689453125 -4.445000171661377
      vertex -3.489577293395996 14.356689453125 -6.985000133514404
    endloop
  endfacet
  facet normal -0.15643393338153427 0.9876884248014562 0
    outer loop
      vertex 1.8952398300170898 12.658892631530762 -6.985000133514404
      vertex 1.7723093032836914 12.639422416687012 -4.445000171661377
      vertex 1.8952398300170898 12.658892631530762 -4.445000171661377
    endloop
  endfacet
  facet normal -0.15643393338153427 0.9876884248014562 0
    outer loop
      vertex 1.7723093032836914 12.639422416687012 -4.445000171661377
      vertex 1.8952398300170898 12.658892631530762 -6.985000133514404
      vertex 1.7723093032836914 12.639422416687012 -6.985000133514404
    endloop
  endfacet
  facet normal 0.2789941525454573 0.9602928005798242 0
    outer loop
      vertex -2.0167036056518555 12.686042785644531 -6.985000133514404
      vertex -2.136223793029785 12.7207670211792 -4.445000171661377
      vertex -2.0167036056518555 12.686042785644531 -4.445000171661377
    endloop
  endfacet
  facet normal 0.2789941525454573 0.9602928005798242 0
    outer loop
      vertex -2.136223793029785 12.7207670211792 -4.445000171661377
      vertex -2.0167036056518555 12.686042785644531 -6.985000133514404
      vertex -2.136223793029785 12.7207670211792 -6.985000133514404
    endloop
  endfacet
  facet normal 0.8607425051013919 -0.5090406073308693 0
    outer loop
      vertex -3.260138511657715 15.559449195861816 -4.445000171661377
      vertex -3.196782112121582 15.666579246520996 -6.985000133514404
      vertex -3.196782112121582 15.666579246520996 -4.445000171661377
    endloop
  endfacet
  facet normal 0.8607425051013919 -0.5090406073308693 0
    outer loop
      vertex -3.196782112121582 15.666579246520996 -6.985000133514404
      vertex -3.260138511657715 15.559449195861816 -4.445000171661377
      vertex -3.260138511657715 15.559449195861816 -6.985000133514404
    endloop
  endfacet
  facet normal 0.27900121846108805 -0.9602907476890674 0
    outer loop
      vertex -2.136223793029785 16.48923110961914 -6.985000133514404
      vertex -2.0167036056518555 16.523956298828125 -4.445000171661377
      vertex -2.136223793029785 16.48923110961914 -4.445000171661377
    endloop
  endfacet
  facet normal 0.27900121846108805 -0.9602907476890674 0
    outer loop
      vertex -2.0167036056518555 16.523956298828125 -4.445000171661377
      vertex -2.136223793029785 16.48923110961914 -6.985000133514404
      vertex -2.0167036056518555 16.523956298828125 -6.985000133514404
    endloop
  endfacet
  facet normal 0.7901536116907144 0.6129088594009061 0
    outer loop
      vertex -3.050539970397949 13.342135429382324 -4.445000171661377
      vertex -3.126824378967285 13.44048023223877 -6.985000133514404
      vertex -3.126824378967285 13.44048023223877 -4.445000171661377
    endloop
  endfacet
  facet normal 0.7901536116907144 0.6129088594009061 0
    outer loop
      vertex -3.126824378967285 13.44048023223877 -6.985000133514404
      vertex -3.050539970397949 13.342135429382324 -4.445000171661377
      vertex -3.050539970397949 13.342135429382324 -6.985000133514404
    endloop
  endfacet
  facet normal -0.9955618975355146 0.09410902281654743 0
    outer loop
      vertex 3.489577293395996 14.356689453125 -6.985000133514404
      vertex 3.5012903213500977 14.480599403381348 -4.445000171661377
      vertex 3.5012903213500977 14.480599403381348 -6.985000133514404
    endloop
  endfacet
  facet normal -0.9955618975355146 0.09410902281654743 0
    outer loop
      vertex 3.5012903213500977 14.480599403381348 -4.445000171661377
      vertex 3.489577293395996 14.356689453125 -6.985000133514404
      vertex 3.489577293395996 14.356689453125 -4.445000171661377
    endloop
  endfacet
  facet normal -0.7501112676598585 0.6613116407033224 0
    outer loop
      vertex 2.9682321548461914 13.248775482177734 -6.985000133514404
      vertex 3.050539970397949 13.342135429382324 -4.445000171661377
      vertex 3.050539970397949 13.342135429382324 -6.985000133514404
    endloop
  endfacet
  facet normal -0.7501112676598585 0.6613116407033224 0
    outer loop
      vertex 3.050539970397949 13.342135429382324 -4.445000171661377
      vertex 2.9682321548461914 13.248775482177734 -6.985000133514404
      vertex 2.9682321548461914 13.248775482177734 -4.445000171661377
    endloop
  endfacet
  facet normal -0.8910069824299672 -0.4539896003886478 0
    outer loop
      vertex 3.3166427612304688 15.448553085327148 -6.985000133514404
      vertex 3.260138511657715 15.559449195861816 -4.445000171661377
      vertex 3.260138511657715 15.559449195861816 -6.985000133514404
    endloop
  endfacet
  facet normal -0.8910069824299672 -0.4539896003886478 0
    outer loop
      vertex 3.260138511657715 15.559449195861816 -4.445000171661377
      vertex 3.3166427612304688 15.448553085327148 -6.985000133514404
      vertex 3.3166427612304688 15.448553085327148 -4.445000171661377
    endloop
  endfacet
  facet normal 0.15643393338153427 -0.9876884248014562 0
    outer loop
      vertex -1.8952398300170898 16.551105499267578 -6.985000133514404
      vertex -1.7723093032836914 16.570575714111328 -4.445000171661377
      vertex -1.8952398300170898 16.551105499267578 -4.445000171661377
    endloop
  endfacet
  facet normal 0.15643393338153427 -0.9876884248014562 0
    outer loop
      vertex -1.7723093032836914 16.570575714111328 -4.445000171661377
      vertex -1.8952398300170898 16.551105499267578 -6.985000133514404
      vertex -1.7723093032836914 16.570575714111328 -6.985000133514404
    endloop
  endfacet
  facet normal -0.7501112676598585 -0.6613116407033224 0
    outer loop
      vertex 3.050539970397949 15.867863655090332 -6.985000133514404
      vertex 2.9682321548461914 15.961223602294922 -4.445000171661377
      vertex 2.9682321548461914 15.961223602294922 -6.985000133514404
    endloop
  endfacet
  facet normal -0.7501112676598585 -0.6613116407033224 0
    outer loop
      vertex 2.9682321548461914 15.961223602294922 -4.445000171661377
      vertex 3.050539970397949 15.867863655090332 -6.985000133514404
      vertex 3.050539970397949 15.867863655090332 -4.445000171661377
    endloop
  endfacet
  facet normal -0.8910069824299672 0.4539896003886478 0
    outer loop
      vertex 3.260138511657715 13.65054988861084 -6.985000133514404
      vertex 3.3166427612304688 13.761445999145508 -4.445000171661377
      vertex 3.3166427612304688 13.761445999145508 -6.985000133514404
    endloop
  endfacet
  facet normal -0.8910069824299672 0.4539896003886478 0
    outer loop
      vertex 3.3166427612304688 13.761445999145508 -4.445000171661377
      vertex 3.260138511657715 13.65054988861084 -6.985000133514404
      vertex 3.260138511657715 13.65054988861084 -4.445000171661377
    endloop
  endfacet
  facet normal -0.5620836491012111 -0.8270803899338122 0
    outer loop
      vertex 2.5855798721313477 16.277782440185547 -6.985000133514404
      vertex 2.6885194778442383 16.20782470703125 -4.445000171661377
      vertex 2.5855798721313477 16.277782440185547 -4.445000171661377
    endloop
  endfacet
  facet normal -0.5620836491012111 -0.8270803899338122 0
    outer loop
      vertex 2.6885194778442383 16.20782470703125 -4.445000171661377
      vertex 2.5855798721313477 16.277782440185547 -6.985000133514404
      vertex 2.6885194778442383 16.20782470703125 -6.985000133514404
    endloop
  endfacet
  facet normal -0.27900121846108805 -0.9602907476890674 0
    outer loop
      vertex 2.0167036056518555 16.523956298828125 -6.985000133514404
      vertex 2.136223793029785 16.48923110961914 -4.445000171661377
      vertex 2.0167036056518555 16.523956298828125 -4.445000171661377
    endloop
  endfacet
  facet normal -0.27900121846108805 -0.9602907476890674 0
    outer loop
      vertex 2.136223793029785 16.48923110961914 -4.445000171661377
      vertex 2.0167036056518555 16.523956298828125 -6.985000133514404
      vertex 2.136223793029785 16.48923110961914 -6.985000133514404
    endloop
  endfacet
  facet normal -0.9408812579674631 0.3387365619556946 0
    outer loop
      vertex 3.366072654724121 13.87567138671875 -6.985000133514404
      vertex 3.4082326889038086 13.992775917053223 -4.445000171661377
      vertex 3.4082326889038086 13.992775917053223 -6.985000133514404
    endloop
  endfacet
  facet normal -0.9408812579674631 0.3387365619556946 0
    outer loop
      vertex 3.4082326889038086 13.992775917053223 -4.445000171661377
      vertex 3.366072654724121 13.87567138671875 -6.985000133514404
      vertex 3.366072654724121 13.87567138671875 -4.445000171661377
    endloop
  endfacet
  facet normal 0.3387365619556946 -0.9408812579674631 0
    outer loop
      vertex -2.253328323364258 16.447071075439453 -6.985000133514404
      vertex -2.136223793029785 16.48923110961914 -4.445000171661377
      vertex -2.253328323364258 16.447071075439453 -4.445000171661377
    endloop
  endfacet
  facet normal 0.3387365619556946 -0.9408812579674631 0
    outer loop
      vertex -2.136223793029785 16.48923110961914 -4.445000171661377
      vertex -2.253328323364258 16.447071075439453 -6.985000133514404
      vertex -2.136223793029785 16.48923110961914 -6.985000133514404
    endloop
  endfacet
  facet normal -0.7071106123419848 -0.7071029500103527 0
    outer loop
      vertex 2.9682321548461914 15.961223602294922 -6.985000133514404
      vertex 2.8802242279052734 16.049232482910156 -4.445000171661377
      vertex 2.8802242279052734 16.049232482910156 -6.985000133514404
    endloop
  endfacet
  facet normal -0.7071106123419848 -0.7071029500103527 0
    outer loop
      vertex 2.8802242279052734 16.049232482910156 -4.445000171661377
      vertex 2.9682321548461914 15.961223602294922 -6.985000133514404
      vertex 2.9682321548461914 15.961223602294922 -4.445000171661377
    endloop
  endfacet
  facet normal -0.8270803899338122 0.5620836491012111 0
    outer loop
      vertex 3.126824378967285 13.44048023223877 -6.985000133514404
      vertex 3.196782112121582 13.54341983795166 -4.445000171661377
      vertex 3.196782112121582 13.54341983795166 -6.985000133514404
    endloop
  endfacet
  facet normal -0.8270803899338122 0.5620836491012111 0
    outer loop
      vertex 3.196782112121582 13.54341983795166 -4.445000171661377
      vertex 3.126824378967285 13.44048023223877 -6.985000133514404
      vertex 3.126824378967285 13.44048023223877 -4.445000171661377
    endloop
  endfacet
  facet normal 0.3387365619556946 0.9408812579674631 0
    outer loop
      vertex -2.136223793029785 12.7207670211792 -6.985000133514404
      vertex -2.253328323364258 12.762927055358887 -4.445000171661377
      vertex -2.136223793029785 12.7207670211792 -4.445000171661377
    endloop
  endfacet
  facet normal 0.3387365619556946 0.9408812579674631 0
    outer loop
      vertex -2.253328323364258 12.762927055358887 -4.445000171661377
      vertex -2.136223793029785 12.7207670211792 -6.985000133514404
      vertex -2.253328323364258 12.762927055358887 -6.985000133514404
    endloop
  endfacet
  facet normal -0.4539896003886478 0.8910069824299672 0
    outer loop
      vertex 2.478449821472168 12.868861198425293 -6.985000133514404
      vertex 2.3675537109375 12.812356948852539 -4.445000171661377
      vertex 2.478449821472168 12.868861198425293 -4.445000171661377
    endloop
  endfacet
  facet normal -0.4539896003886478 0.8910069824299672 0
    outer loop
      vertex 2.3675537109375 12.812356948852539 -4.445000171661377
      vertex 2.478449821472168 12.868861198425293 -6.985000133514404
      vertex 2.3675537109375 12.812356948852539 -6.985000133514404
    endloop
  endfacet
  facet normal -0.5620836491012111 0.8270803899338122 0
    outer loop
      vertex 2.6885194778442383 13.002175331115723 -6.985000133514404
      vertex 2.5855798721313477 12.932217597961426 -4.445000171661377
      vertex 2.6885194778442383 13.002175331115723 -4.445000171661377
    endloop
  endfacet
  facet normal -0.5620836491012111 0.8270803899338122 0
    outer loop
      vertex 2.5855798721313477 12.932217597961426 -4.445000171661377
      vertex 2.6885194778442383 13.002175331115723 -6.985000133514404
      vertex 2.5855798721313477 12.932217597961426 -6.985000133514404
    endloop
  endfacet
  facet normal -0.45399568348686314 -0.8910038829181924 0
    outer loop
      vertex 2.3675537109375 16.397642135620117 -6.985000133514404
      vertex 2.478449821472168 16.341136932373047 -4.445000171661377
      vertex 2.3675537109375 16.397642135620117 -4.445000171661377
    endloop
  endfacet
  facet normal -0.45399568348686314 -0.8910038829181924 0
    outer loop
      vertex 2.478449821472168 16.341136932373047 -4.445000171661377
      vertex 2.3675537109375 16.397642135620117 -6.985000133514404
      vertex 2.478449821472168 16.341136932373047 -6.985000133514404
    endloop
  endfacet
  facet normal -0.3971489352724515 0.9177541736281879 0
    outer loop
      vertex 2.3675537109375 12.812356948852539 -6.985000133514404
      vertex 2.253328323364258 12.762927055358887 -4.445000171661377
      vertex 2.3675537109375 12.812356948852539 -4.445000171661377
    endloop
  endfacet
  facet normal -0.3971489352724515 0.9177541736281879 0
    outer loop
      vertex 2.253328323364258 12.762927055358887 -4.445000171661377
      vertex 2.3675537109375 12.812356948852539 -6.985000133514404
      vertex 2.253328323364258 12.762927055358887 -6.985000133514404
    endloop
  endfacet
  facet normal 0.8910069824299672 -0.4539896003886478 0
    outer loop
      vertex -3.3166427612304688 15.448553085327148 -4.445000171661377
      vertex -3.260138511657715 15.559449195861816 -6.985000133514404
      vertex -3.260138511657715 15.559449195861816 -4.445000171661377
    endloop
  endfacet
  facet normal 0.8910069824299672 -0.4539896003886478 0
    outer loop
      vertex -3.260138511657715 15.559449195861816 -6.985000133514404
      vertex -3.3166427612304688 15.448553085327148 -4.445000171661377
      vertex -3.3166427612304688 15.448553085327148 -6.985000133514404
    endloop
  endfacet
  facet normal 0.9759174967968223 -0.21813995380448895 0
    outer loop
      vertex -3.470107078552246 14.976239204406738 -4.445000171661377
      vertex -3.4429569244384766 15.09770393371582 -6.985000133514404
      vertex -3.4429569244384766 15.09770393371582 -4.445000171661377
    endloop
  endfacet
  facet normal 0.9759174967968223 -0.21813995380448895 0
    outer loop
      vertex -3.4429569244384766 15.09770393371582 -6.985000133514404
      vertex -3.470107078552246 14.976239204406738 -4.445000171661377
      vertex -3.470107078552246 14.976239204406738 -6.985000133514404
    endloop
  endfacet
  facet normal -0.8607425051013919 -0.5090406073308693 0
    outer loop
      vertex 3.260138511657715 15.559449195861816 -6.985000133514404
      vertex 3.196782112121582 15.666579246520996 -4.445000171661377
      vertex 3.196782112121582 15.666579246520996 -6.985000133514404
    endloop
  endfacet
  facet normal -0.8607425051013919 -0.5090406073308693 0
    outer loop
      vertex 3.196782112121582 15.666579246520996 -4.445000171661377
      vertex 3.260138511657715 15.559449195861816 -6.985000133514404
      vertex 3.260138511657715 15.559449195861816 -4.445000171661377
    endloop
  endfacet
  facet normal -0.6613116407033224 -0.7501112676598585 0
    outer loop
      vertex 2.7868642807006836 16.131540298461914 -6.985000133514404
      vertex 2.8802242279052734 16.049232482910156 -4.445000171661377
      vertex 2.7868642807006836 16.131540298461914 -4.445000171661377
    endloop
  endfacet
  facet normal -0.6613116407033224 -0.7501112676598585 0
    outer loop
      vertex 2.8802242279052734 16.049232482910156 -4.445000171661377
      vertex 2.7868642807006836 16.131540298461914 -6.985000133514404
      vertex 2.8802242279052734 16.049232482910156 -6.985000133514404
    endloop
  endfacet
  facet normal 0.9759174967968223 0.21813995380448895 0
    outer loop
      vertex -3.4429569244384766 14.112295150756836 -4.445000171661377
      vertex -3.470107078552246 14.233759880065918 -6.985000133514404
      vertex -3.470107078552246 14.233759880065918 -4.445000171661377
    endloop
  endfacet
  facet normal 0.9759174967968223 0.21813995380448895 0
    outer loop
      vertex -3.470107078552246 14.233759880065918 -6.985000133514404
      vertex -3.4429569244384766 14.112295150756836 -4.445000171661377
      vertex -3.4429569244384766 14.112295150756836 -6.985000133514404
    endloop
  endfacet
  facet normal 0.4539896003886478 0.8910069824299672 0
    outer loop
      vertex -2.3675537109375 12.812356948852539 -6.985000133514404
      vertex -2.478449821472168 12.868861198425293 -4.445000171661377
      vertex -2.3675537109375 12.812356948852539 -4.445000171661377
    endloop
  endfacet
  facet normal 0.4539896003886478 0.8910069824299672 0
    outer loop
      vertex -2.478449821472168 12.868861198425293 -4.445000171661377
      vertex -2.3675537109375 12.812356948852539 -6.985000133514404
      vertex -2.478449821472168 12.868861198425293 -6.985000133514404
    endloop
  endfacet
  facet normal 0.8270803899338122 -0.5620836491012111 0
    outer loop
      vertex -3.196782112121582 15.666579246520996 -4.445000171661377
      vertex -3.126824378967285 15.769518852233887 -6.985000133514404
      vertex -3.126824378967285 15.769518852233887 -4.445000171661377
    endloop
  endfacet
  facet normal 0.8270803899338122 -0.5620836491012111 0
    outer loop
      vertex -3.126824378967285 15.769518852233887 -6.985000133514404
      vertex -3.196782112121582 15.666579246520996 -4.445000171661377
      vertex -3.196782112121582 15.666579246520996 -6.985000133514404
    endloop
  endfacet
  facet normal 0.9408812579674631 0.3387365619556946 0
    outer loop
      vertex -3.366072654724121 13.87567138671875 -4.445000171661377
      vertex -3.4082326889038086 13.992775917053223 -6.985000133514404
      vertex -3.4082326889038086 13.992775917053223 -4.445000171661377
    endloop
  endfacet
  facet normal 0.9408812579674631 0.3387365619556946 0
    outer loop
      vertex -3.4082326889038086 13.992775917053223 -6.985000133514404
      vertex -3.366072654724121 13.87567138671875 -4.445000171661377
      vertex -3.366072654724121 13.87567138671875 -6.985000133514404
    endloop
  endfacet
  facet normal -0.9602922041525577 0.2789962054290746 0
    outer loop
      vertex 3.4082326889038086 13.992775917053223 -6.985000133514404
      vertex 3.4429569244384766 14.112295150756836 -4.445000171661377
      vertex 3.4429569244384766 14.112295150756836 -6.985000133514404
    endloop
  endfacet
  facet normal -0.9602922041525577 0.2789962054290746 0
    outer loop
      vertex 3.4429569244384766 14.112295150756836 -4.445000171661377
      vertex 3.4082326889038086 13.992775917053223 -6.985000133514404
      vertex 3.4082326889038086 13.992775917053223 -4.445000171661377
    endloop
  endfacet
  facet normal 0.5620836491012111 0.8270803899338122 0
    outer loop
      vertex -2.5855798721313477 12.932217597961426 -6.985000133514404
      vertex -2.6885194778442383 13.002175331115723 -4.445000171661377
      vertex -2.5855798721313477 12.932217597961426 -4.445000171661377
    endloop
  endfacet
  facet normal 0.5620836491012111 0.8270803899338122 0
    outer loop
      vertex -2.6885194778442383 13.002175331115723 -4.445000171661377
      vertex -2.5855798721313477 12.932217597961426 -6.985000133514404
      vertex -2.6885194778442383 13.002175331115723 -6.985000133514404
    endloop
  endfacet
  facet normal 0.5090406073308693 0.8607425051013919 0
    outer loop
      vertex -2.478449821472168 12.868861198425293 -6.985000133514404
      vertex -2.5855798721313477 12.932217597961426 -4.445000171661377
      vertex -2.478449821472168 12.868861198425293 -4.445000171661377
    endloop
  endfacet
  facet normal 0.5090406073308693 0.8607425051013919 0
    outer loop
      vertex -2.5855798721313477 12.932217597961426 -4.445000171661377
      vertex -2.478449821472168 12.868861198425293 -6.985000133514404
      vertex -2.5855798721313477 12.932217597961426 -6.985000133514404
    endloop
  endfacet
  facet normal -0.9876882372902752 -0.15643511728006965 0
    outer loop
      vertex 3.489577293395996 14.853309631347656 -6.985000133514404
      vertex 3.470107078552246 14.976239204406738 -4.445000171661377
      vertex 3.470107078552246 14.976239204406738 -6.985000133514404
    endloop
  endfacet
  facet normal -0.9876882372902752 -0.15643511728006965 0
    outer loop
      vertex 3.470107078552246 14.976239204406738 -4.445000171661377
      vertex 3.489577293395996 14.853309631347656 -6.985000133514404
      vertex 3.489577293395996 14.853309631347656 -4.445000171661377
    endloop
  endfacet
  facet normal 0.8607425051013919 0.5090406073308693 0
    outer loop
      vertex -3.196782112121582 13.54341983795166 -4.445000171661377
      vertex -3.260138511657715 13.65054988861084 -6.985000133514404
      vertex -3.260138511657715 13.65054988861084 -4.445000171661377
    endloop
  endfacet
  facet normal 0.8607425051013919 0.5090406073308693 0
    outer loop
      vertex -3.260138511657715 13.65054988861084 -6.985000133514404
      vertex -3.196782112121582 13.54341983795166 -4.445000171661377
      vertex -3.196782112121582 13.54341983795166 -6.985000133514404
    endloop
  endfacet
  facet normal -0.7901536116907144 0.6129088594009061 0
    outer loop
      vertex 3.050539970397949 13.342135429382324 -6.985000133514404
      vertex 3.126824378967285 13.44048023223877 -4.445000171661377
      vertex 3.126824378967285 13.44048023223877 -6.985000133514404
    endloop
  endfacet
  facet normal -0.7901536116907144 0.6129088594009061 0
    outer loop
      vertex 3.126824378967285 13.44048023223877 -4.445000171661377
      vertex 3.050539970397949 13.342135429382324 -6.985000133514404
      vertex 3.050539970397949 13.342135429382324 -4.445000171661377
    endloop
  endfacet
  facet normal -0.9177541736281879 0.3971489352724515 0
    outer loop
      vertex 3.3166427612304688 13.761445999145508 -6.985000133514404
      vertex 3.366072654724121 13.87567138671875 -4.445000171661377
      vertex 3.366072654724121 13.87567138671875 -6.985000133514404
    endloop
  endfacet
  facet normal -0.9177541736281879 0.3971489352724515 0
    outer loop
      vertex 3.366072654724121 13.87567138671875 -4.445000171661377
      vertex 3.3166427612304688 13.761445999145508 -6.985000133514404
      vertex 3.3166427612304688 13.761445999145508 -4.445000171661377
    endloop
  endfacet
  facet normal -0.9995066412930065 0.03140818382481263 0
    outer loop
      vertex 3.5012903213500977 14.480599403381348 -6.985000133514404
      vertex 3.505199432373047 14.604999542236328 -4.445000171661377
      vertex 3.505199432373047 14.604999542236328 -6.985000133514404
    endloop
  endfacet
  facet normal -0.9995066412930065 0.03140818382481263 0
    outer loop
      vertex 3.505199432373047 14.604999542236328 -4.445000171661377
      vertex 3.5012903213500977 14.480599403381348 -6.985000133514404
      vertex 3.5012903213500977 14.480599403381348 -4.445000171661377
    endloop
  endfacet
  facet normal -0.9177541736281879 -0.3971489352724515 0
    outer loop
      vertex 3.366072654724121 15.334327697753906 -6.985000133514404
      vertex 3.3166427612304688 15.448553085327148 -4.445000171661377
      vertex 3.3166427612304688 15.448553085327148 -6.985000133514404
    endloop
  endfacet
  facet normal -0.9177541736281879 -0.3971489352724515 0
    outer loop
      vertex 3.3166427612304688 15.448553085327148 -4.445000171661377
      vertex 3.366072654724121 15.334327697753906 -6.985000133514404
      vertex 3.366072654724121 15.334327697753906 -4.445000171661377
    endloop
  endfacet
  facet normal 0.5090292534690796 -0.8607492196410704 0
    outer loop
      vertex -2.5855798721313477 16.277782440185547 -6.985000133514404
      vertex -2.478449821472168 16.341136932373047 -4.445000171661377
      vertex -2.5855798721313477 16.277782440185547 -4.445000171661377
    endloop
  endfacet
  facet normal 0.5090292534690796 -0.8607492196410704 0
    outer loop
      vertex -2.478449821472168 16.341136932373047 -4.445000171661377
      vertex -2.5855798721313477 16.277782440185547 -6.985000133514404
      vertex -2.478449821472168 16.341136932373047 -6.985000133514404
    endloop
  endfacet
  facet normal 0.6129040754543348 0.7901573224943669 0
    outer loop
      vertex -2.6885194778442383 13.002175331115723 -6.985000133514404
      vertex -2.7868642807006836 13.078458786010742 -4.445000171661377
      vertex -2.6885194778442383 13.002175331115723 -4.445000171661377
    endloop
  endfacet
  facet normal 0.6129040754543348 0.7901573224943669 0
    outer loop
      vertex -2.7868642807006836 13.078458786010742 -4.445000171661377
      vertex -2.6885194778442383 13.002175331115723 -6.985000133514404
      vertex -2.7868642807006836 13.078458786010742 -6.985000133514404
    endloop
  endfacet
  facet normal 0.9876882372902752 -0.15643511728006965 0
    outer loop
      vertex -3.489577293395996 14.853309631347656 -4.445000171661377
      vertex -3.470107078552246 14.976239204406738 -6.985000133514404
      vertex -3.470107078552246 14.976239204406738 -4.445000171661377
    endloop
  endfacet
  facet normal 0.9876882372902752 -0.15643511728006965 0
    outer loop
      vertex -3.470107078552246 14.976239204406738 -6.985000133514404
      vertex -3.489577293395996 14.853309631347656 -4.445000171661377
      vertex -3.489577293395996 14.853309631347656 -6.985000133514404
    endloop
  endfacet
  facet normal -0.9759174967968223 0.21813995380448895 0
    outer loop
      vertex 3.4429569244384766 14.112295150756836 -6.985000133514404
      vertex 3.470107078552246 14.233759880065918 -4.445000171661377
      vertex 3.470107078552246 14.233759880065918 -6.985000133514404
    endloop
  endfacet
  facet normal -0.9759174967968223 0.21813995380448895 0
    outer loop
      vertex 3.470107078552246 14.233759880065918 -4.445000171661377
      vertex 3.4429569244384766 14.112295150756836 -6.985000133514404
      vertex 3.4429569244384766 14.112295150756836 -4.445000171661377
    endloop
  endfacet
  facet normal 0.9177541736281879 -0.3971489352724515 0
    outer loop
      vertex -3.366072654724121 15.334327697753906 -4.445000171661377
      vertex -3.3166427612304688 15.448553085327148 -6.985000133514404
      vertex -3.3166427612304688 15.448553085327148 -4.445000171661377
    endloop
  endfacet
  facet normal 0.9177541736281879 -0.3971489352724515 0
    outer loop
      vertex -3.3166427612304688 15.448553085327148 -6.985000133514404
      vertex -3.366072654724121 15.334327697753906 -4.445000171661377
      vertex -3.366072654724121 15.334327697753906 -6.985000133514404
    endloop
  endfacet
  facet normal 0.9995066412930065 0.03140818382481263 0
    outer loop
      vertex -3.5012903213500977 14.480599403381348 -4.445000171661377
      vertex -3.505199432373047 14.604999542236328 -6.985000133514404
      vertex -3.505199432373047 14.604999542236328 -4.445000171661377
    endloop
  endfacet
  facet normal 0.9995066412930065 0.03140818382481263 0
    outer loop
      vertex -3.505199432373047 14.604999542236328 -6.985000133514404
      vertex -3.5012903213500977 14.480599403381348 -4.445000171661377
      vertex -3.5012903213500977 14.480599403381348 -6.985000133514404
    endloop
  endfacet
  facet normal -0.9602922041525577 -0.2789962054290746 0
    outer loop
      vertex 3.4429569244384766 15.09770393371582 -6.985000133514404
      vertex 3.4082326889038086 15.217223167419434 -4.445000171661377
      vertex 3.4082326889038086 15.217223167419434 -6.985000133514404
    endloop
  endfacet
  facet normal -0.9602922041525577 -0.2789962054290746 0
    outer loop
      vertex 3.4082326889038086 15.217223167419434 -4.445000171661377
      vertex 3.4429569244384766 15.09770393371582 -6.985000133514404
      vertex 3.4429569244384766 15.09770393371582 -4.445000171661377
    endloop
  endfacet
  facet normal 0.5620836491012111 -0.8270803899338122 0
    outer loop
      vertex -2.6885194778442383 16.20782470703125 -6.985000133514404
      vertex -2.5855798721313477 16.277782440185547 -4.445000171661377
      vertex -2.6885194778442383 16.20782470703125 -4.445000171661377
    endloop
  endfacet
  facet normal 0.5620836491012111 -0.8270803899338122 0
    outer loop
      vertex -2.5855798721313477 16.277782440185547 -4.445000171661377
      vertex -2.6885194778442383 16.20782470703125 -6.985000133514404
      vertex -2.5855798721313477 16.277782440185547 -6.985000133514404
    endloop
  endfacet
  facet normal 0.7071106123419848 -0.7071029500103527 0
    outer loop
      vertex -2.9682321548461914 15.961223602294922 -4.445000171661377
      vertex -2.8802242279052734 16.049232482910156 -6.985000133514404
      vertex -2.8802242279052734 16.049232482910156 -4.445000171661377
    endloop
  endfacet
  facet normal 0.7071106123419848 -0.7071029500103527 0
    outer loop
      vertex -2.8802242279052734 16.049232482910156 -6.985000133514404
      vertex -2.9682321548461914 15.961223602294922 -4.445000171661377
      vertex -2.9682321548461914 15.961223602294922 -6.985000133514404
    endloop
  endfacet
  facet normal 0.6613159520530747 0.7501074666740328 0
    outer loop
      vertex -2.7868642807006836 13.078458786010742 -6.985000133514404
      vertex -2.8802242279052734 13.160767555236816 -4.445000171661377
      vertex -2.7868642807006836 13.078458786010742 -4.445000171661377
    endloop
  endfacet
  facet normal 0.6613159520530747 0.7501074666740328 0
    outer loop
      vertex -2.8802242279052734 13.160767555236816 -4.445000171661377
      vertex -2.7868642807006836 13.078458786010742 -6.985000133514404
      vertex -2.8802242279052734 13.160767555236816 -6.985000133514404
    endloop
  endfacet
  facet normal 0 -0.9759160266868776 -0.21814653069828524
    outer loop
      vertex -12.699999809265137 1.4734306335449219 0.28107166290283203
      vertex 12.699999809265137 1.4528741836547852 0.3730344772338867
      vertex -12.699999809265137 1.4528741836547852 0.3730344772338867
    endloop
  endfacet
  facet normal 0 -0.9759160266868776 -0.21814653069828524
    outer loop
      vertex 12.699999809265137 1.4528741836547852 0.3730344772338867
      vertex -12.699999809265137 1.4734306335449219 0.28107166290283203
      vertex 12.699999809265137 1.4734306335449219 0.28107166290283203
    endloop
  endfacet
  facet normal 0 -0.8270832703853201 0.5620794106251565
    outer loop
      vertex -12.699999809265137 1.2135248184204102 -0.8816776275634766
      vertex 12.699999809265137 1.2664909362792969 -0.8037395477294922
      vertex -12.699999809265137 1.2664909362792969 -0.8037395477294922
    endloop
  endfacet
  facet normal 0 -0.8270832703853201 0.5620794106251565
    outer loop
      vertex 12.699999809265137 1.2664909362792969 -0.8037395477294922
      vertex -12.699999809265137 1.2135248184204102 -0.8816776275634766
      vertex 12.699999809265137 1.2135248184204102 -0.8816776275634766
    endloop
  endfacet
  facet normal 0 -0.8910111505326134 -0.4539814199133582
    outer loop
      vertex -12.699999809265137 1.3572397232055664 0.6386680603027344
      vertex 12.699999809265137 1.3144598007202148 0.722630500793457
      vertex -12.699999809265137 1.3144598007202148 0.722630500793457
    endloop
  endfacet
  facet normal 0 -0.8910111505326134 -0.4539814199133582
    outer loop
      vertex 12.699999809265137 1.3144598007202148 0.722630500793457
      vertex -12.699999809265137 1.3572397232055664 0.6386680603027344
      vertex 12.699999809265137 1.3572397232055664 0.6386680603027344
    endloop
  endfacet
  facet normal 0 0.9759160266868776 -0.21814653069828524
    outer loop
      vertex 12.699999809265137 -1.4734306335449219 0.28107166290283203
      vertex -12.699999809265137 -1.4528741836547852 0.3730344772338867
      vertex 12.699999809265137 -1.4528741836547852 0.3730344772338867
    endloop
  endfacet
  facet normal 0 0.9759160266868776 -0.21814653069828524
    outer loop
      vertex -12.699999809265137 -1.4528741836547852 0.3730344772338867
      vertex 12.699999809265137 -1.4734306335449219 0.28107166290283203
      vertex -12.699999809265137 -1.4734306335449219 0.28107166290283203
    endloop
  endfacet
  facet normal 0 -0.6613129653285622 -0.7501100998442455
    outer loop
      vertex -12.699999809265137 0.9561357498168945 1.1557693481445312
      vertex 12.699999809265137 1.026820182800293 1.0934524536132812
      vertex 12.699999809265137 0.9561357498168945 1.1557693481445312
    endloop
  endfacet
  facet normal 0 -0.6613129653285622 -0.7501100998442455
    outer loop
      vertex 12.699999809265137 1.026820182800293 1.0934524536132812
      vertex -12.699999809265137 0.9561357498168945 1.1557693481445312
      vertex -12.699999809265137 1.026820182800293 1.0934524536132812
    endloop
  endfacet
  facet normal 0 -0.960293499477948 -0.2789917469395758
    outer loop
      vertex -12.699999809265137 1.4528741836547852 0.3730344772338867
      vertex 12.699999809265137 1.426584243774414 0.46352481842041016
      vertex -12.699999809265137 1.426584243774414 0.46352481842041016
    endloop
  endfacet
  facet normal 0 -0.960293499477948 -0.2789917469395758
    outer loop
      vertex 12.699999809265137 1.426584243774414 0.46352481842041016
      vertex -12.699999809265137 1.4528741836547852 0.3730344772338867
      vertex 12.699999809265137 1.4528741836547852 0.3730344772338867
    endloop
  endfacet
  facet normal 0 0.09410939855749509 -0.9955618620171961
    outer loop
      vertex -12.699999809265137 -0.18799972534179688 1.4881715774536133
      vertex 12.699999809265137 -0.09418487548828125 1.497039794921875
      vertex 12.699999809265137 -0.18799972534179688 1.4881715774536133
    endloop
  endfacet
  facet normal 0 0.09410939855749509 -0.9955618620171961
    outer loop
      vertex 12.699999809265137 -0.09418487548828125 1.497039794921875
      vertex -12.699999809265137 -0.18799972534179688 1.4881715774536133
      vertex -12.699999809265137 -0.09418487548828125 1.497039794921875
    endloop
  endfacet
  facet normal 0 -0.5090501255254626 -0.8607368759978342
    outer loop
      vertex -12.699999809265137 0.722630500793457 1.3144598007202148
      vertex 12.699999809265137 0.8037395477294922 1.2664909362792969
      vertex 12.699999809265137 0.722630500793457 1.3144598007202148
    endloop
  endfacet
  facet normal 0 -0.5090501255254626 -0.8607368759978342
    outer loop
      vertex 12.699999809265137 0.8037395477294922 1.2664909362792969
      vertex -12.699999809265137 0.722630500793457 1.3144598007202148
      vertex -12.699999809265137 0.8037395477294922 1.2664909362792969
    endloop
  endfacet
  facet normal 0 -0.21814653069828524 -0.9759160266868776
    outer loop
      vertex -12.699999809265137 0.28107166290283203 1.4734306335449219
      vertex 12.699999809265137 0.3730344772338867 1.4528741836547852
      vertex 12.699999809265137 0.28107166290283203 1.4734306335449219
    endloop
  endfacet
  facet normal 0 -0.21814653069828524 -0.9759160266868776
    outer loop
      vertex 12.699999809265137 0.3730344772338867 1.4528741836547852
      vertex -12.699999809265137 0.28107166290283203 1.4734306335449219
      vertex -12.699999809265137 0.3730344772338867 1.4528741836547852
    endloop
  endfacet
  facet normal 0 0.999506451704438 0.03141421654607711
    outer loop
      vertex 12.699999809265137 -1.497039794921875 -0.09418487548828125
      vertex -12.699999809265137 -1.5 0
      vertex 12.699999809265137 -1.5 0
    endloop
  endfacet
  facet normal 0 0.999506451704438 0.03141421654607711
    outer loop
      vertex -12.699999809265137 -1.5 0
      vertex 12.699999809265137 -1.497039794921875 -0.09418487548828125
      vertex -12.699999809265137 -1.497039794921875 -0.09418487548828125
    endloop
  endfacet
  facet normal 0 -0.999506451704438 -0.03141421654607711
    outer loop
      vertex -12.699999809265137 1.5 0
      vertex 12.699999809265137 1.497039794921875 0.09418487548828125
      vertex -12.699999809265137 1.497039794921875 0.09418487548828125
    endloop
  endfacet
  facet normal 0 -0.999506451704438 -0.03141421654607711
    outer loop
      vertex 12.699999809265137 1.497039794921875 0.09418487548828125
      vertex -12.699999809265137 1.5 0
      vertex 12.699999809265137 1.5 0
    endloop
  endfacet
  facet normal 0 0.999506451704438 -0.03141421654607711
    outer loop
      vertex 12.699999809265137 -1.5 0
      vertex -12.699999809265137 -1.497039794921875 0.09418487548828125
      vertex 12.699999809265137 -1.497039794921875 0.09418487548828125
    endloop
  endfacet
  facet normal 0 0.999506451704438 -0.03141421654607711
    outer loop
      vertex -12.699999809265137 -1.497039794921875 0.09418487548828125
      vertex 12.699999809265137 -1.5 0
      vertex -12.699999809265137 -1.5 0
    endloop
  endfacet
  facet normal 0 0.6129059300343599 -0.7901558839423498
    outer loop
      vertex -12.699999809265137 -0.9561357498168945 1.1557693481445312
      vertex 12.699999809265137 -0.8816776275634766 1.2135248184204102
      vertex 12.699999809265137 -0.9561357498168945 1.1557693481445312
    endloop
  endfacet
  facet normal 0 0.6129059300343599 -0.7901558839423498
    outer loop
      vertex 12.699999809265137 -0.8816776275634766 1.2135248184204102
      vertex -12.699999809265137 -0.9561357498168945 1.1557693481445312
      vertex -12.699999809265137 -0.8816776275634766 1.2135248184204102
    endloop
  endfacet
  facet normal 0 -0.9876886731680611 0.15643236524298587
    outer loop
      vertex -12.699999809265137 1.4734306335449219 -0.28107166290283203
      vertex 12.699999809265137 1.4881715774536133 -0.18799972534179688
      vertex -12.699999809265137 1.4881715774536133 -0.18799972534179688
    endloop
  endfacet
  facet normal 0 -0.9876886731680611 0.15643236524298587
    outer loop
      vertex 12.699999809265137 1.4881715774536133 -0.18799972534179688
      vertex -12.699999809265137 1.4734306335449219 -0.28107166290283203
      vertex 12.699999809265137 1.4734306335449219 -0.28107166290283203
    endloop
  endfacet
  facet normal 0 -0.9177547669444481 -0.3971475642009421
    outer loop
      vertex -12.699999809265137 1.3946638107299805 0.5521860122680664
      vertex 12.699999809265137 1.3572397232055664 0.6386680603027344
      vertex -12.699999809265137 1.3572397232055664 0.6386680603027344
    endloop
  endfacet
  facet normal 0 -0.9177547669444481 -0.3971475642009421
    outer loop
      vertex 12.699999809265137 1.3572397232055664 0.6386680603027344
      vertex -12.699999809265137 1.3946638107299805 0.5521860122680664
      vertex 12.699999809265137 1.3946638107299805 0.5521860122680664
    endloop
  endfacet
  facet normal 0 0.3387420456972796 -0.9408792836899015
    outer loop
      vertex -12.699999809265137 -0.5521860122680664 1.3946638107299805
      vertex 12.699999809265137 -0.46352481842041016 1.426584243774414
      vertex 12.699999809265137 -0.5521860122680664 1.3946638107299805
    endloop
  endfacet
  facet normal 0 0.3387420456972796 -0.9408792836899015
    outer loop
      vertex 12.699999809265137 -0.46352481842041016 1.426584243774414
      vertex -12.699999809265137 -0.5521860122680664 1.3946638107299805
      vertex -12.699999809265137 -0.46352481842041016 1.426584243774414
    endloop
  endfacet
  facet normal 0 0.3387420456972796 0.9408792836899015
    outer loop
      vertex -12.699999809265137 -0.46352481842041016 -1.426584243774414
      vertex 12.699999809265137 -0.5521860122680664 -1.3946638107299805
      vertex 12.699999809265137 -0.46352481842041016 -1.426584243774414
    endloop
  endfacet
  facet normal 0 0.3387420456972796 0.9408792836899015
    outer loop
      vertex 12.699999809265137 -0.5521860122680664 -1.3946638107299805
      vertex -12.699999809265137 -0.46352481842041016 -1.426584243774414
      vertex -12.699999809265137 -0.5521860122680664 -1.3946638107299805
    endloop
  endfacet
  facet normal 0 -0.5090501255254626 0.8607368759978342
    outer loop
      vertex -12.699999809265137 0.8037395477294922 -1.2664909362792969
      vertex 12.699999809265137 0.722630500793457 -1.3144598007202148
      vertex 12.699999809265137 0.8037395477294922 -1.2664909362792969
    endloop
  endfacet
  facet normal 0 -0.5090501255254626 0.8607368759978342
    outer loop
      vertex 12.699999809265137 0.722630500793457 -1.3144598007202148
      vertex -12.699999809265137 0.8037395477294922 -1.2664909362792969
      vertex -12.699999809265137 0.722630500793457 -1.3144598007202148
    endloop
  endfacet
  facet normal 0 -0.03141421654607711 -0.999506451704438
    outer loop
      vertex -12.699999809265137 0 1.5
      vertex 12.699999809265137 0.09418487548828125 1.497039794921875
      vertex 12.699999809265137 0 1.5
    endloop
  endfacet
  facet normal 0 -0.03141421654607711 -0.999506451704438
    outer loop
      vertex 12.699999809265137 0.09418487548828125 1.497039794921875
      vertex -12.699999809265137 0 1.5
      vertex -12.699999809265137 0.09418487548828125 1.497039794921875
    endloop
  endfacet
  facet normal 0 0.21814653069828524 -0.9759160266868776
    outer loop
      vertex -12.699999809265137 -0.3730344772338867 1.4528741836547852
      vertex 12.699999809265137 -0.28107166290283203 1.4734306335449219
      vertex 12.699999809265137 -0.3730344772338867 1.4528741836547852
    endloop
  endfacet
  facet normal 0 0.21814653069828524 -0.9759160266868776
    outer loop
      vertex 12.699999809265137 -0.28107166290283203 1.4734306335449219
      vertex -12.699999809265137 -0.3730344772338867 1.4528741836547852
      vertex -12.699999809265137 -0.28107166290283203 1.4734306335449219
    endloop
  endfacet
  facet normal 0 -0.15643236524298587 -0.9876886731680611
    outer loop
      vertex -12.699999809265137 0.18799972534179688 1.4881715774536133
      vertex 12.699999809265137 0.28107166290283203 1.4734306335449219
      vertex 12.699999809265137 0.18799972534179688 1.4881715774536133
    endloop
  endfacet
  facet normal 0 -0.15643236524298587 -0.9876886731680611
    outer loop
      vertex 12.699999809265137 0.28107166290283203 1.4734306335449219
      vertex -12.699999809265137 0.18799972534179688 1.4881715774536133
      vertex -12.699999809265137 0.28107166290283203 1.4734306335449219
    endloop
  endfacet
  facet normal 0 -0.8607368759978342 -0.5090501255254626
    outer loop
      vertex -12.699999809265137 1.3144598007202148 0.722630500793457
      vertex 12.699999809265137 1.2664909362792969 0.8037395477294922
      vertex -12.699999809265137 1.2664909362792969 0.8037395477294922
    endloop
  endfacet
  facet normal 0 -0.8607368759978342 -0.5090501255254626
    outer loop
      vertex 12.699999809265137 1.2664909362792969 0.8037395477294922
      vertex -12.699999809265137 1.3144598007202148 0.722630500793457
      vertex 12.699999809265137 1.3144598007202148 0.722630500793457
    endloop
  endfacet
  facet normal 0 0.15643236524298587 -0.9876886731680611
    outer loop
      vertex -12.699999809265137 -0.28107166290283203 1.4734306335449219
      vertex 12.699999809265137 -0.18799972534179688 1.4881715774536133
      vertex 12.699999809265137 -0.28107166290283203 1.4734306335449219
    endloop
  endfacet
  facet normal 0 0.15643236524298587 -0.9876886731680611
    outer loop
      vertex 12.699999809265137 -0.18799972534179688 1.4881715774536133
      vertex -12.699999809265137 -0.28107166290283203 1.4734306335449219
      vertex -12.699999809265137 -0.18799972534179688 1.4881715774536133
    endloop
  endfacet
  facet normal 0 -0.8270832703853201 -0.5620794106251565
    outer loop
      vertex -12.699999809265137 1.2664909362792969 0.8037395477294922
      vertex 12.699999809265137 1.2135248184204102 0.8816776275634766
      vertex -12.699999809265137 1.2135248184204102 0.8816776275634766
    endloop
  endfacet
  facet normal 0 -0.8270832703853201 -0.5620794106251565
    outer loop
      vertex 12.699999809265137 1.2135248184204102 0.8816776275634766
      vertex -12.699999809265137 1.2664909362792969 0.8037395477294922
      vertex 12.699999809265137 1.2664909362792969 0.8037395477294922
    endloop
  endfacet
  facet normal 0 -0.7501100998442455 0.6613129653285622
    outer loop
      vertex -12.699999809265137 1.0934524536132812 -1.026820182800293
      vertex 12.699999809265137 1.1557693481445312 -0.9561357498168945
      vertex -12.699999809265137 1.1557693481445312 -0.9561357498168945
    endloop
  endfacet
  facet normal 0 -0.7501100998442455 0.6613129653285622
    outer loop
      vertex 12.699999809265137 1.1557693481445312 -0.9561357498168945
      vertex -12.699999809265137 1.0934524536132812 -1.026820182800293
      vertex 12.699999809265137 1.0934524536132812 -1.026820182800293
    endloop
  endfacet
  facet normal 0 0.960293499477948 -0.2789917469395758
    outer loop
      vertex 12.699999809265137 -1.4528741836547852 0.3730344772338867
      vertex -12.699999809265137 -1.426584243774414 0.46352481842041016
      vertex 12.699999809265137 -1.426584243774414 0.46352481842041016
    endloop
  endfacet
  facet normal 0 0.960293499477948 -0.2789917469395758
    outer loop
      vertex -12.699999809265137 -1.426584243774414 0.46352481842041016
      vertex 12.699999809265137 -1.4528741836547852 0.3730344772338867
      vertex -12.699999809265137 -1.4528741836547852 0.3730344772338867
    endloop
  endfacet
  facet normal 0 0.8607368759978342 -0.5090501255254626
    outer loop
      vertex 12.699999809265137 -1.3144598007202148 0.722630500793457
      vertex -12.699999809265137 -1.2664909362792969 0.8037395477294922
      vertex 12.699999809265137 -1.2664909362792969 0.8037395477294922
    endloop
  endfacet
  facet normal 0 0.8607368759978342 -0.5090501255254626
    outer loop
      vertex -12.699999809265137 -1.2664909362792969 0.8037395477294922
      vertex 12.699999809265137 -1.3144598007202148 0.722630500793457
      vertex -12.699999809265137 -1.3144598007202148 0.722630500793457
    endloop
  endfacet
  facet normal 0 0.9876886731680611 -0.15643236524298587
    outer loop
      vertex 12.699999809265137 -1.4881715774536133 0.18799972534179688
      vertex -12.699999809265137 -1.4734306335449219 0.28107166290283203
      vertex 12.699999809265137 -1.4734306335449219 0.28107166290283203
    endloop
  endfacet
  facet normal 0 0.9876886731680611 -0.15643236524298587
    outer loop
      vertex -12.699999809265137 -1.4734306335449219 0.28107166290283203
      vertex 12.699999809265137 -1.4881715774536133 0.18799972534179688
      vertex -12.699999809265137 -1.4881715774536133 0.18799972534179688
    endloop
  endfacet
  facet normal 0 -0.7901558839423498 0.6129059300343599
    outer loop
      vertex -12.699999809265137 1.1557693481445312 -0.9561357498168945
      vertex 12.699999809265137 1.2135248184204102 -0.8816776275634766
      vertex -12.699999809265137 1.2135248184204102 -0.8816776275634766
    endloop
  endfacet
  facet normal 0 -0.7901558839423498 0.6129059300343599
    outer loop
      vertex 12.699999809265137 1.2135248184204102 -0.8816776275634766
      vertex -12.699999809265137 1.1557693481445312 -0.9561357498168945
      vertex 12.699999809265137 1.1557693481445312 -0.9561357498168945
    endloop
  endfacet
  facet normal 0 -0.6613129653285622 0.7501100998442455
    outer loop
      vertex -12.699999809265137 1.026820182800293 -1.0934524536132812
      vertex 12.699999809265137 0.9561357498168945 -1.1557693481445312
      vertex 12.699999809265137 1.026820182800293 -1.0934524536132812
    endloop
  endfacet
  facet normal 0 -0.6613129653285622 0.7501100998442455
    outer loop
      vertex 12.699999809265137 0.9561357498168945 -1.1557693481445312
      vertex -12.699999809265137 1.026820182800293 -1.0934524536132812
      vertex -12.699999809265137 0.9561357498168945 -1.1557693481445312
    endloop
  endfacet
  facet normal 0 -0.999506451704438 0.03141421654607711
    outer loop
      vertex -12.699999809265137 1.497039794921875 -0.09418487548828125
      vertex 12.699999809265137 1.5 0
      vertex -12.699999809265137 1.5 0
    endloop
  endfacet
  facet normal 0 -0.999506451704438 0.03141421654607711
    outer loop
      vertex 12.699999809265137 1.5 0
      vertex -12.699999809265137 1.497039794921875 -0.09418487548828125
      vertex 12.699999809265137 1.497039794921875 -0.09418487548828125
    endloop
  endfacet
  facet normal 0 -0.9876886731680611 -0.15643236524298587
    outer loop
      vertex -12.699999809265137 1.4881715774536133 0.18799972534179688
      vertex 12.699999809265137 1.4734306335449219 0.28107166290283203
      vertex -12.699999809265137 1.4734306335449219 0.28107166290283203
    endloop
  endfacet
  facet normal 0 -0.9876886731680611 -0.15643236524298587
    outer loop
      vertex 12.699999809265137 1.4734306335449219 0.28107166290283203
      vertex -12.699999809265137 1.4881715774536133 0.18799972534179688
      vertex 12.699999809265137 1.4881715774536133 0.18799972534179688
    endloop
  endfacet
  facet normal 0 -0.21814653069828524 0.9759160266868776
    outer loop
      vertex -12.699999809265137 0.3730344772338867 -1.4528741836547852
      vertex 12.699999809265137 0.28107166290283203 -1.4734306335449219
      vertex 12.699999809265137 0.3730344772338867 -1.4528741836547852
    endloop
  endfacet
  facet normal 0 -0.21814653069828524 0.9759160266868776
    outer loop
      vertex 12.699999809265137 0.28107166290283203 -1.4734306335449219
      vertex -12.699999809265137 0.3730344772338867 -1.4528741836547852
      vertex -12.699999809265137 0.28107166290283203 -1.4734306335449219
    endloop
  endfacet
  facet normal 0 0.7071067811865476 0.7071067811865476
    outer loop
      vertex 12.699999809265137 -1.026820182800293 -1.0934524536132812
      vertex -12.699999809265137 -1.0934524536132812 -1.026820182800293
      vertex 12.699999809265137 -1.0934524536132812 -1.026820182800293
    endloop
  endfacet
  facet normal 0 0.7071067811865476 0.7071067811865476
    outer loop
      vertex -12.699999809265137 -1.0934524536132812 -1.026820182800293
      vertex 12.699999809265137 -1.026820182800293 -1.0934524536132812
      vertex -12.699999809265137 -1.026820182800293 -1.0934524536132812
    endloop
  endfacet
  facet normal 0 0.5090501255254626 0.8607368759978342
    outer loop
      vertex -12.699999809265137 -0.722630500793457 -1.3144598007202148
      vertex 12.699999809265137 -0.8037395477294922 -1.2664909362792969
      vertex 12.699999809265137 -0.722630500793457 -1.3144598007202148
    endloop
  endfacet
  facet normal 0 0.5090501255254626 0.8607368759978342
    outer loop
      vertex 12.699999809265137 -0.8037395477294922 -1.2664909362792969
      vertex -12.699999809265137 -0.722630500793457 -1.3144598007202148
      vertex -12.699999809265137 -0.8037395477294922 -1.2664909362792969
    endloop
  endfacet
  facet normal 0 0.9408792836899015 0.3387420456972796
    outer loop
      vertex 12.699999809265137 -1.3946638107299805 -0.5521860122680664
      vertex -12.699999809265137 -1.426584243774414 -0.46352481842041016
      vertex 12.699999809265137 -1.426584243774414 -0.46352481842041016
    endloop
  endfacet
  facet normal 0 0.9408792836899015 0.3387420456972796
    outer loop
      vertex -12.699999809265137 -1.426584243774414 -0.46352481842041016
      vertex 12.699999809265137 -1.3946638107299805 -0.5521860122680664
      vertex -12.699999809265137 -1.3946638107299805 -0.5521860122680664
    endloop
  endfacet
  facet normal 0 0.9759160266868776 0.21814653069828524
    outer loop
      vertex 12.699999809265137 -1.4528741836547852 -0.3730344772338867
      vertex -12.699999809265137 -1.4734306335449219 -0.28107166290283203
      vertex 12.699999809265137 -1.4734306335449219 -0.28107166290283203
    endloop
  endfacet
  facet normal 0 0.9759160266868776 0.21814653069828524
    outer loop
      vertex -12.699999809265137 -1.4734306335449219 -0.28107166290283203
      vertex 12.699999809265137 -1.4528741836547852 -0.3730344772338867
      vertex -12.699999809265137 -1.4528741836547852 -0.3730344772338867
    endloop
  endfacet
  facet normal 0 0.9876886731680611 0.15643236524298587
    outer loop
      vertex 12.699999809265137 -1.4734306335449219 -0.28107166290283203
      vertex -12.699999809265137 -1.4881715774536133 -0.18799972534179688
      vertex 12.699999809265137 -1.4881715774536133 -0.18799972534179688
    endloop
  endfacet
  facet normal 0 0.9876886731680611 0.15643236524298587
    outer loop
      vertex -12.699999809265137 -1.4881715774536133 -0.18799972534179688
      vertex 12.699999809265137 -1.4734306335449219 -0.28107166290283203
      vertex -12.699999809265137 -1.4734306335449219 -0.28107166290283203
    endloop
  endfacet
  facet normal 0 0.3971475642009421 -0.9177547669444481
    outer loop
      vertex -12.699999809265137 -0.6386680603027344 1.3572397232055664
      vertex 12.699999809265137 -0.5521860122680664 1.3946638107299805
      vertex 12.699999809265137 -0.6386680603027344 1.3572397232055664
    endloop
  endfacet
  facet normal 0 0.3971475642009421 -0.9177547669444481
    outer loop
      vertex 12.699999809265137 -0.5521860122680664 1.3946638107299805
      vertex -12.699999809265137 -0.6386680603027344 1.3572397232055664
      vertex -12.699999809265137 -0.5521860122680664 1.3946638107299805
    endloop
  endfacet
  facet normal 0 0.8910111505326134 -0.4539814199133582
    outer loop
      vertex 12.699999809265137 -1.3572397232055664 0.6386680603027344
      vertex -12.699999809265137 -1.3144598007202148 0.722630500793457
      vertex 12.699999809265137 -1.3144598007202148 0.722630500793457
    endloop
  endfacet
  facet normal 0 0.8910111505326134 -0.4539814199133582
    outer loop
      vertex -12.699999809265137 -1.3144598007202148 0.722630500793457
      vertex 12.699999809265137 -1.3572397232055664 0.6386680603027344
      vertex -12.699999809265137 -1.3572397232055664 0.6386680603027344
    endloop
  endfacet
  facet normal 0 0.8270832703853201 -0.5620794106251565
    outer loop
      vertex 12.699999809265137 -1.2664909362792969 0.8037395477294922
      vertex -12.699999809265137 -1.2135248184204102 0.8816776275634766
      vertex 12.699999809265137 -1.2135248184204102 0.8816776275634766
    endloop
  endfacet
  facet normal 0 0.8270832703853201 -0.5620794106251565
    outer loop
      vertex -12.699999809265137 -1.2135248184204102 0.8816776275634766
      vertex 12.699999809265137 -1.2664909362792969 0.8037395477294922
      vertex -12.699999809265137 -1.2664909362792969 0.8037395477294922
    endloop
  endfacet
  facet normal 0 -0.3387420456972796 0.9408792836899015
    outer loop
      vertex -12.699999809265137 0.5521860122680664 -1.3946638107299805
      vertex 12.699999809265137 0.46352481842041016 -1.426584243774414
      vertex 12.699999809265137 0.5521860122680664 -1.3946638107299805
    endloop
  endfacet
  facet normal 0 -0.3387420456972796 0.9408792836899015
    outer loop
      vertex 12.699999809265137 0.46352481842041016 -1.426584243774414
      vertex -12.699999809265137 0.5521860122680664 -1.3946638107299805
      vertex -12.699999809265137 0.46352481842041016 -1.426584243774414
    endloop
  endfacet
  facet normal 0 0.5620794106251565 -0.8270832703853201
    outer loop
      vertex -12.699999809265137 -0.8816776275634766 1.2135248184204102
      vertex 12.699999809265137 -0.8037395477294922 1.2664909362792969
      vertex 12.699999809265137 -0.8816776275634766 1.2135248184204102
    endloop
  endfacet
  facet normal 0 0.5620794106251565 -0.8270832703853201
    outer loop
      vertex 12.699999809265137 -0.8037395477294922 1.2664909362792969
      vertex -12.699999809265137 -0.8816776275634766 1.2135248184204102
      vertex -12.699999809265137 -0.8037395477294922 1.2664909362792969
    endloop
  endfacet
  facet normal 0 -0.09410939855749509 -0.9955618620171961
    outer loop
      vertex -12.699999809265137 0.09418487548828125 1.497039794921875
      vertex 12.699999809265137 0.18799972534179688 1.4881715774536133
      vertex 12.699999809265137 0.09418487548828125 1.497039794921875
    endloop
  endfacet
  facet normal 0 -0.09410939855749509 -0.9955618620171961
    outer loop
      vertex 12.699999809265137 0.18799972534179688 1.4881715774536133
      vertex -12.699999809265137 0.09418487548828125 1.497039794921875
      vertex -12.699999809265137 0.18799972534179688 1.4881715774536133
    endloop
  endfacet
  facet normal 0 -0.09410939855749509 0.9955618620171961
    outer loop
      vertex -12.699999809265137 0.18799972534179688 -1.4881715774536133
      vertex 12.699999809265137 0.09418487548828125 -1.497039794921875
      vertex 12.699999809265137 0.18799972534179688 -1.4881715774536133
    endloop
  endfacet
  facet normal 0 -0.09410939855749509 0.9955618620171961
    outer loop
      vertex 12.699999809265137 0.09418487548828125 -1.497039794921875
      vertex -12.699999809265137 0.18799972534179688 -1.4881715774536133
      vertex -12.699999809265137 0.09418487548828125 -1.497039794921875
    endloop
  endfacet
  facet normal 0 -0.3387420456972796 -0.9408792836899015
    outer loop
      vertex -12.699999809265137 0.46352481842041016 1.426584243774414
      vertex 12.699999809265137 0.5521860122680664 1.3946638107299805
      vertex 12.699999809265137 0.46352481842041016 1.426584243774414
    endloop
  endfacet
  facet normal 0 -0.3387420456972796 -0.9408792836899015
    outer loop
      vertex 12.699999809265137 0.5521860122680664 1.3946638107299805
      vertex -12.699999809265137 0.46352481842041016 1.426584243774414
      vertex -12.699999809265137 0.5521860122680664 1.3946638107299805
    endloop
  endfacet
  facet normal 0 -0.8910111505326134 0.4539814199133582
    outer loop
      vertex -12.699999809265137 1.3144598007202148 -0.722630500793457
      vertex 12.699999809265137 1.3572397232055664 -0.6386680603027344
      vertex -12.699999809265137 1.3572397232055664 -0.6386680603027344
    endloop
  endfacet
  facet normal 0 -0.8910111505326134 0.4539814199133582
    outer loop
      vertex 12.699999809265137 1.3572397232055664 -0.6386680603027344
      vertex -12.699999809265137 1.3144598007202148 -0.722630500793457
      vertex 12.699999809265137 1.3144598007202148 -0.722630500793457
    endloop
  endfacet
  facet normal 0 -0.2789917469395758 -0.960293499477948
    outer loop
      vertex -12.699999809265137 0.3730344772338867 1.4528741836547852
      vertex 12.699999809265137 0.46352481842041016 1.426584243774414
      vertex 12.699999809265137 0.3730344772338867 1.4528741836547852
    endloop
  endfacet
  facet normal 0 -0.2789917469395758 -0.960293499477948
    outer loop
      vertex 12.699999809265137 0.46352481842041016 1.426584243774414
      vertex -12.699999809265137 0.3730344772338867 1.4528741836547852
      vertex -12.699999809265137 0.46352481842041016 1.426584243774414
    endloop
  endfacet
  facet normal 0 -0.8607368759978342 0.5090501255254626
    outer loop
      vertex -12.699999809265137 1.2664909362792969 -0.8037395477294922
      vertex 12.699999809265137 1.3144598007202148 -0.722630500793457
      vertex -12.699999809265137 1.3144598007202148 -0.722630500793457
    endloop
  endfacet
  facet normal 0 -0.8607368759978342 0.5090501255254626
    outer loop
      vertex 12.699999809265137 1.3144598007202148 -0.722630500793457
      vertex -12.699999809265137 1.2664909362792969 -0.8037395477294922
      vertex 12.699999809265137 1.2664909362792969 -0.8037395477294922
    endloop
  endfacet
  facet normal 0 0.03141421654607711 -0.999506451704438
    outer loop
      vertex -12.699999809265137 -0.09418487548828125 1.497039794921875
      vertex 12.699999809265137 0 1.5
      vertex 12.699999809265137 -0.09418487548828125 1.497039794921875
    endloop
  endfacet
  facet normal 0 0.03141421654607711 -0.999506451704438
    outer loop
      vertex 12.699999809265137 0 1.5
      vertex -12.699999809265137 -0.09418487548828125 1.497039794921875
      vertex -12.699999809265137 0 1.5
    endloop
  endfacet
  facet normal 0 0.9955618620171961 0.09410939855749509
    outer loop
      vertex 12.699999809265137 -1.4881715774536133 -0.18799972534179688
      vertex -12.699999809265137 -1.497039794921875 -0.09418487548828125
      vertex 12.699999809265137 -1.497039794921875 -0.09418487548828125
    endloop
  endfacet
  facet normal 0 0.9955618620171961 0.09410939855749509
    outer loop
      vertex -12.699999809265137 -1.497039794921875 -0.09418487548828125
      vertex 12.699999809265137 -1.4881715774536133 -0.18799972534179688
      vertex -12.699999809265137 -1.4881715774536133 -0.18799972534179688
    endloop
  endfacet
  facet normal 0 -0.4539814199133582 -0.8910111505326134
    outer loop
      vertex -12.699999809265137 0.6386680603027344 1.3572397232055664
      vertex 12.699999809265137 0.722630500793457 1.3144598007202148
      vertex 12.699999809265137 0.6386680603027344 1.3572397232055664
    endloop
  endfacet
  facet normal 0 -0.4539814199133582 -0.8910111505326134
    outer loop
      vertex 12.699999809265137 0.722630500793457 1.3144598007202148
      vertex -12.699999809265137 0.6386680603027344 1.3572397232055664
      vertex -12.699999809265137 0.722630500793457 1.3144598007202148
    endloop
  endfacet
  facet normal 0 0.9177547669444481 -0.3971475642009421
    outer loop
      vertex 12.699999809265137 -1.3946638107299805 0.5521860122680664
      vertex -12.699999809265137 -1.3572397232055664 0.6386680603027344
      vertex 12.699999809265137 -1.3572397232055664 0.6386680603027344
    endloop
  endfacet
  facet normal 0 0.9177547669444481 -0.3971475642009421
    outer loop
      vertex -12.699999809265137 -1.3572397232055664 0.6386680603027344
      vertex 12.699999809265137 -1.3946638107299805 0.5521860122680664
      vertex -12.699999809265137 -1.3946638107299805 0.5521860122680664
    endloop
  endfacet
  facet normal 0 -0.6129059300343599 -0.7901558839423498
    outer loop
      vertex -12.699999809265137 0.8816776275634766 1.2135248184204102
      vertex 12.699999809265137 0.9561357498168945 1.1557693481445312
      vertex 12.699999809265137 0.8816776275634766 1.2135248184204102
    endloop
  endfacet
  facet normal 0 -0.6129059300343599 -0.7901558839423498
    outer loop
      vertex 12.699999809265137 0.9561357498168945 1.1557693481445312
      vertex -12.699999809265137 0.8816776275634766 1.2135248184204102
      vertex -12.699999809265137 0.9561357498168945 1.1557693481445312
    endloop
  endfacet
  facet normal 0 -0.7071067811865476 0.7071067811865476
    outer loop
      vertex -12.699999809265137 1.026820182800293 -1.0934524536132812
      vertex 12.699999809265137 1.0934524536132812 -1.026820182800293
      vertex -12.699999809265137 1.0934524536132812 -1.026820182800293
    endloop
  endfacet
  facet normal 0 -0.7071067811865476 0.7071067811865476
    outer loop
      vertex 12.699999809265137 1.0934524536132812 -1.026820182800293
      vertex -12.699999809265137 1.026820182800293 -1.0934524536132812
      vertex 12.699999809265137 1.026820182800293 -1.0934524536132812
    endloop
  endfacet
  facet normal 0 -0.9955618620171961 0.09410939855749509
    outer loop
      vertex -12.699999809265137 1.4881715774536133 -0.18799972534179688
      vertex 12.699999809265137 1.497039794921875 -0.09418487548828125
      vertex -12.699999809265137 1.497039794921875 -0.09418487548828125
    endloop
  endfacet
  facet normal 0 -0.9955618620171961 0.09410939855749509
    outer loop
      vertex 12.699999809265137 1.497039794921875 -0.09418487548828125
      vertex -12.699999809265137 1.4881715774536133 -0.18799972534179688
      vertex 12.699999809265137 1.4881715774536133 -0.18799972534179688
    endloop
  endfacet
  facet normal 0 -0.5620794106251565 0.8270832703853201
    outer loop
      vertex -12.699999809265137 0.8816776275634766 -1.2135248184204102
      vertex 12.699999809265137 0.8037395477294922 -1.2664909362792969
      vertex 12.699999809265137 0.8816776275634766 -1.2135248184204102
    endloop
  endfacet
  facet normal 0 -0.5620794106251565 0.8270832703853201
    outer loop
      vertex 12.699999809265137 0.8037395477294922 -1.2664909362792969
      vertex -12.699999809265137 0.8816776275634766 -1.2135248184204102
      vertex -12.699999809265137 0.8037395477294922 -1.2664909362792969
    endloop
  endfacet
  facet normal 0 0.03141421654607711 0.999506451704438
    outer loop
      vertex -12.699999809265137 0 -1.5
      vertex 12.699999809265137 -0.09418487548828125 -1.497039794921875
      vertex 12.699999809265137 0 -1.5
    endloop
  endfacet
  facet normal 0 0.03141421654607711 0.999506451704438
    outer loop
      vertex 12.699999809265137 -0.09418487548828125 -1.497039794921875
      vertex -12.699999809265137 0 -1.5
      vertex -12.699999809265137 -0.09418487548828125 -1.497039794921875
    endloop
  endfacet
  facet normal 0 0.4539814199133582 -0.8910111505326134
    outer loop
      vertex -12.699999809265137 -0.722630500793457 1.3144598007202148
      vertex 12.699999809265137 -0.6386680603027344 1.3572397232055664
      vertex 12.699999809265137 -0.722630500793457 1.3144598007202148
    endloop
  endfacet
  facet normal 0 0.4539814199133582 -0.8910111505326134
    outer loop
      vertex 12.699999809265137 -0.6386680603027344 1.3572397232055664
      vertex -12.699999809265137 -0.722630500793457 1.3144598007202148
      vertex -12.699999809265137 -0.6386680603027344 1.3572397232055664
    endloop
  endfacet
  facet normal 0 -0.7501100998442455 -0.6613129653285622
    outer loop
      vertex -12.699999809265137 1.1557693481445312 0.9561357498168945
      vertex 12.699999809265137 1.0934524536132812 1.026820182800293
      vertex -12.699999809265137 1.0934524536132812 1.026820182800293
    endloop
  endfacet
  facet normal 0 -0.7501100998442455 -0.6613129653285622
    outer loop
      vertex 12.699999809265137 1.0934524536132812 1.026820182800293
      vertex -12.699999809265137 1.1557693481445312 0.9561357498168945
      vertex 12.699999809265137 1.1557693481445312 0.9561357498168945
    endloop
  endfacet
  facet normal 0 -0.7901558839423498 -0.6129059300343599
    outer loop
      vertex -12.699999809265137 1.2135248184204102 0.8816776275634766
      vertex 12.699999809265137 1.1557693481445312 0.9561357498168945
      vertex -12.699999809265137 1.1557693481445312 0.9561357498168945
    endloop
  endfacet
  facet normal 0 -0.7901558839423498 -0.6129059300343599
    outer loop
      vertex 12.699999809265137 1.1557693481445312 0.9561357498168945
      vertex -12.699999809265137 1.2135248184204102 0.8816776275634766
      vertex 12.699999809265137 1.2135248184204102 0.8816776275634766
    endloop
  endfacet
  facet normal 0 0.9955618620171961 -0.09410939855749509
    outer loop
      vertex 12.699999809265137 -1.497039794921875 0.09418487548828125
      vertex -12.699999809265137 -1.4881715774536133 0.18799972534179688
      vertex 12.699999809265137 -1.4881715774536133 0.18799972534179688
    endloop
  endfacet
  facet normal 0 0.9955618620171961 -0.09410939855749509
    outer loop
      vertex -12.699999809265137 -1.4881715774536133 0.18799972534179688
      vertex 12.699999809265137 -1.497039794921875 0.09418487548828125
      vertex -12.699999809265137 -1.497039794921875 0.09418487548828125
    endloop
  endfacet
  facet normal 0 -0.7071067811865476 -0.7071067811865476
    outer loop
      vertex -12.699999809265137 1.0934524536132812 1.026820182800293
      vertex 12.699999809265137 1.026820182800293 1.0934524536132812
      vertex -12.699999809265137 1.026820182800293 1.0934524536132812
    endloop
  endfacet
  facet normal 0 -0.7071067811865476 -0.7071067811865476
    outer loop
      vertex 12.699999809265137 1.026820182800293 1.0934524536132812
      vertex -12.699999809265137 1.0934524536132812 1.026820182800293
      vertex 12.699999809265137 1.0934524536132812 1.026820182800293
    endloop
  endfacet
  facet normal 0 0.15643236524298587 0.9876886731680611
    outer loop
      vertex -12.699999809265137 -0.18799972534179688 -1.4881715774536133
      vertex 12.699999809265137 -0.28107166290283203 -1.4734306335449219
      vertex 12.699999809265137 -0.18799972534179688 -1.4881715774536133
    endloop
  endfacet
  facet normal 0 0.15643236524298587 0.9876886731680611
    outer loop
      vertex 12.699999809265137 -0.28107166290283203 -1.4734306335449219
      vertex -12.699999809265137 -0.18799972534179688 -1.4881715774536133
      vertex -12.699999809265137 -0.28107166290283203 -1.4734306335449219
    endloop
  endfacet
  facet normal 0 -0.03141421654607711 0.999506451704438
    outer loop
      vertex -12.699999809265137 0.09418487548828125 -1.497039794921875
      vertex 12.699999809265137 0 -1.5
      vertex 12.699999809265137 0.09418487548828125 -1.497039794921875
    endloop
  endfacet
  facet normal 0 -0.03141421654607711 0.999506451704438
    outer loop
      vertex 12.699999809265137 0 -1.5
      vertex -12.699999809265137 0.09418487548828125 -1.497039794921875
      vertex -12.699999809265137 0 -1.5
    endloop
  endfacet
  facet normal 0 0.2789917469395758 -0.960293499477948
    outer loop
      vertex -12.699999809265137 -0.46352481842041016 1.426584243774414
      vertex 12.699999809265137 -0.3730344772338867 1.4528741836547852
      vertex 12.699999809265137 -0.46352481842041016 1.426584243774414
    endloop
  endfacet
  facet normal 0 0.2789917469395758 -0.960293499477948
    outer loop
      vertex 12.699999809265137 -0.3730344772338867 1.4528741836547852
      vertex -12.699999809265137 -0.46352481842041016 1.426584243774414
      vertex -12.699999809265137 -0.3730344772338867 1.4528741836547852
    endloop
  endfacet
  facet normal 0 0.5090501255254626 -0.8607368759978342
    outer loop
      vertex -12.699999809265137 -0.8037395477294922 1.2664909362792969
      vertex 12.699999809265137 -0.722630500793457 1.3144598007202148
      vertex 12.699999809265137 -0.8037395477294922 1.2664909362792969
    endloop
  endfacet
  facet normal 0 0.5090501255254626 -0.8607368759978342
    outer loop
      vertex 12.699999809265137 -0.722630500793457 1.3144598007202148
      vertex -12.699999809265137 -0.8037395477294922 1.2664909362792969
      vertex -12.699999809265137 -0.722630500793457 1.3144598007202148
    endloop
  endfacet
  facet normal 0 -0.6129059300343599 0.7901558839423498
    outer loop
      vertex -12.699999809265137 0.9561357498168945 -1.1557693481445312
      vertex 12.699999809265137 0.8816776275634766 -1.2135248184204102
      vertex 12.699999809265137 0.9561357498168945 -1.1557693481445312
    endloop
  endfacet
  facet normal 0 -0.6129059300343599 0.7901558839423498
    outer loop
      vertex 12.699999809265137 0.8816776275634766 -1.2135248184204102
      vertex -12.699999809265137 0.9561357498168945 -1.1557693481445312
      vertex -12.699999809265137 0.8816776275634766 -1.2135248184204102
    endloop
  endfacet
  facet normal 0 -0.5620794106251565 -0.8270832703853201
    outer loop
      vertex -12.699999809265137 0.8037395477294922 1.2664909362792969
      vertex 12.699999809265137 0.8816776275634766 1.2135248184204102
      vertex 12.699999809265137 0.8037395477294922 1.2664909362792969
    endloop
  endfacet
  facet normal 0 -0.5620794106251565 -0.8270832703853201
    outer loop
      vertex 12.699999809265137 0.8816776275634766 1.2135248184204102
      vertex -12.699999809265137 0.8037395477294922 1.2664909362792969
      vertex -12.699999809265137 0.8816776275634766 1.2135248184204102
    endloop
  endfacet
  facet normal 0 0.7901558839423498 -0.6129059300343599
    outer loop
      vertex 12.699999809265137 -1.2135248184204102 0.8816776275634766
      vertex -12.699999809265137 -1.1557693481445312 0.9561357498168945
      vertex 12.699999809265137 -1.1557693481445312 0.9561357498168945
    endloop
  endfacet
  facet normal 0 0.7901558839423498 -0.6129059300343599
    outer loop
      vertex -12.699999809265137 -1.1557693481445312 0.9561357498168945
      vertex 12.699999809265137 -1.2135248184204102 0.8816776275634766
      vertex -12.699999809265137 -1.2135248184204102 0.8816776275634766
    endloop
  endfacet
  facet normal 0 0.9408792836899015 -0.3387420456972796
    outer loop
      vertex 12.699999809265137 -1.426584243774414 0.46352481842041016
      vertex -12.699999809265137 -1.3946638107299805 0.5521860122680664
      vertex 12.699999809265137 -1.3946638107299805 0.5521860122680664
    endloop
  endfacet
  facet normal 0 0.9408792836899015 -0.3387420456972796
    outer loop
      vertex -12.699999809265137 -1.3946638107299805 0.5521860122680664
      vertex 12.699999809265137 -1.426584243774414 0.46352481842041016
      vertex -12.699999809265137 -1.426584243774414 0.46352481842041016
    endloop
  endfacet
  facet normal 0 -0.9408792836899015 -0.3387420456972796
    outer loop
      vertex -12.699999809265137 1.426584243774414 0.46352481842041016
      vertex 12.699999809265137 1.3946638107299805 0.5521860122680664
      vertex -12.699999809265137 1.3946638107299805 0.5521860122680664
    endloop
  endfacet
  facet normal 0 -0.9408792836899015 -0.3387420456972796
    outer loop
      vertex 12.699999809265137 1.3946638107299805 0.5521860122680664
      vertex -12.699999809265137 1.426584243774414 0.46352481842041016
      vertex 12.699999809265137 1.426584243774414 0.46352481842041016
    endloop
  endfacet
  facet normal 0 0.7901558839423498 0.6129059300343599
    outer loop
      vertex 12.699999809265137 -1.1557693481445312 -0.9561357498168945
      vertex -12.699999809265137 -1.2135248184204102 -0.8816776275634766
      vertex 12.699999809265137 -1.2135248184204102 -0.8816776275634766
    endloop
  endfacet
  facet normal 0 0.7901558839423498 0.6129059300343599
    outer loop
      vertex -12.699999809265137 -1.2135248184204102 -0.8816776275634766
      vertex 12.699999809265137 -1.1557693481445312 -0.9561357498168945
      vertex -12.699999809265137 -1.1557693481445312 -0.9561357498168945
    endloop
  endfacet
  facet normal 0 -0.9955618620171961 -0.09410939855749509
    outer loop
      vertex -12.699999809265137 1.497039794921875 0.09418487548828125
      vertex 12.699999809265137 1.4881715774536133 0.18799972534179688
      vertex -12.699999809265137 1.4881715774536133 0.18799972534179688
    endloop
  endfacet
  facet normal 0 -0.9955618620171961 -0.09410939855749509
    outer loop
      vertex 12.699999809265137 1.4881715774536133 0.18799972534179688
      vertex -12.699999809265137 1.497039794921875 0.09418487548828125
      vertex 12.699999809265137 1.497039794921875 0.09418487548828125
    endloop
  endfacet
  facet normal 0 0.2789917469395758 0.960293499477948
    outer loop
      vertex -12.699999809265137 -0.3730344772338867 -1.4528741836547852
      vertex 12.699999809265137 -0.46352481842041016 -1.426584243774414
      vertex 12.699999809265137 -0.3730344772338867 -1.4528741836547852
    endloop
  endfacet
  facet normal 0 0.2789917469395758 0.960293499477948
    outer loop
      vertex 12.699999809265137 -0.46352481842041016 -1.426584243774414
      vertex -12.699999809265137 -0.3730344772338867 -1.4528741836547852
      vertex -12.699999809265137 -0.46352481842041016 -1.426584243774414
    endloop
  endfacet
  facet normal 0 0.7501100998442455 0.6613129653285622
    outer loop
      vertex 12.699999809265137 -1.0934524536132812 -1.026820182800293
      vertex -12.699999809265137 -1.1557693481445312 -0.9561357498168945
      vertex 12.699999809265137 -1.1557693481445312 -0.9561357498168945
    endloop
  endfacet
  facet normal 0 0.7501100998442455 0.6613129653285622
    outer loop
      vertex -12.699999809265137 -1.1557693481445312 -0.9561357498168945
      vertex 12.699999809265137 -1.0934524536132812 -1.026820182800293
      vertex -12.699999809265137 -1.0934524536132812 -1.026820182800293
    endloop
  endfacet
  facet normal 0 0.7071067811865476 -0.7071067811865476
    outer loop
      vertex 12.699999809265137 -1.0934524536132812 1.026820182800293
      vertex -12.699999809265137 -1.026820182800293 1.0934524536132812
      vertex 12.699999809265137 -1.026820182800293 1.0934524536132812
    endloop
  endfacet
  facet normal 0 0.7071067811865476 -0.7071067811865476
    outer loop
      vertex -12.699999809265137 -1.026820182800293 1.0934524536132812
      vertex 12.699999809265137 -1.0934524536132812 1.026820182800293
      vertex -12.699999809265137 -1.0934524536132812 1.026820182800293
    endloop
  endfacet
  facet normal 0 0.7501100998442455 -0.6613129653285622
    outer loop
      vertex 12.699999809265137 -1.1557693481445312 0.9561357498168945
      vertex -12.699999809265137 -1.0934524536132812 1.026820182800293
      vertex 12.699999809265137 -1.0934524536132812 1.026820182800293
    endloop
  endfacet
  facet normal 0 0.7501100998442455 -0.6613129653285622
    outer loop
      vertex -12.699999809265137 -1.0934524536132812 1.026820182800293
      vertex 12.699999809265137 -1.1557693481445312 0.9561357498168945
      vertex -12.699999809265137 -1.1557693481445312 0.9561357498168945
    endloop
  endfacet
  facet normal 0 -0.9408792836899015 0.3387420456972796
    outer loop
      vertex -12.699999809265137 1.3946638107299805 -0.5521860122680664
      vertex 12.699999809265137 1.426584243774414 -0.46352481842041016
      vertex -12.699999809265137 1.426584243774414 -0.46352481842041016
    endloop
  endfacet
  facet normal 0 -0.9408792836899015 0.3387420456972796
    outer loop
      vertex 12.699999809265137 1.426584243774414 -0.46352481842041016
      vertex -12.699999809265137 1.3946638107299805 -0.5521860122680664
      vertex 12.699999809265137 1.3946638107299805 -0.5521860122680664
    endloop
  endfacet
  facet normal 0 -0.9759160266868776 0.21814653069828524
    outer loop
      vertex -12.699999809265137 1.4528741836547852 -0.3730344772338867
      vertex 12.699999809265137 1.4734306335449219 -0.28107166290283203
      vertex -12.699999809265137 1.4734306335449219 -0.28107166290283203
    endloop
  endfacet
  facet normal 0 -0.9759160266868776 0.21814653069828524
    outer loop
      vertex 12.699999809265137 1.4734306335449219 -0.28107166290283203
      vertex -12.699999809265137 1.4528741836547852 -0.3730344772338867
      vertex 12.699999809265137 1.4528741836547852 -0.3730344772338867
    endloop
  endfacet
  facet normal 0 -0.960293499477948 0.2789917469395758
    outer loop
      vertex -12.699999809265137 1.426584243774414 -0.46352481842041016
      vertex 12.699999809265137 1.4528741836547852 -0.3730344772338867
      vertex -12.699999809265137 1.4528741836547852 -0.3730344772338867
    endloop
  endfacet
  facet normal 0 -0.960293499477948 0.2789917469395758
    outer loop
      vertex 12.699999809265137 1.4528741836547852 -0.3730344772338867
      vertex -12.699999809265137 1.426584243774414 -0.46352481842041016
      vertex 12.699999809265137 1.426584243774414 -0.46352481842041016
    endloop
  endfacet
  facet normal 0 0.6613129653285622 -0.7501100998442455
    outer loop
      vertex -12.699999809265137 -1.026820182800293 1.0934524536132812
      vertex 12.699999809265137 -0.9561357498168945 1.1557693481445312
      vertex 12.699999809265137 -1.026820182800293 1.0934524536132812
    endloop
  endfacet
  facet normal 0 0.6613129653285622 -0.7501100998442455
    outer loop
      vertex 12.699999809265137 -0.9561357498168945 1.1557693481445312
      vertex -12.699999809265137 -1.026820182800293 1.0934524536132812
      vertex -12.699999809265137 -0.9561357498168945 1.1557693481445312
    endloop
  endfacet
  facet normal 0 -0.9177547669444481 0.3971475642009421
    outer loop
      vertex -12.699999809265137 1.3572397232055664 -0.6386680603027344
      vertex 12.699999809265137 1.3946638107299805 -0.5521860122680664
      vertex -12.699999809265137 1.3946638107299805 -0.5521860122680664
    endloop
  endfacet
  facet normal 0 -0.9177547669444481 0.3971475642009421
    outer loop
      vertex 12.699999809265137 1.3946638107299805 -0.5521860122680664
      vertex -12.699999809265137 1.3572397232055664 -0.6386680603027344
      vertex 12.699999809265137 1.3572397232055664 -0.6386680603027344
    endloop
  endfacet
  facet normal 0 0.6129059300343599 0.7901558839423498
    outer loop
      vertex -12.699999809265137 -0.8816776275634766 -1.2135248184204102
      vertex 12.699999809265137 -0.9561357498168945 -1.1557693481445312
      vertex 12.699999809265137 -0.8816776275634766 -1.2135248184204102
    endloop
  endfacet
  facet normal 0 0.6129059300343599 0.7901558839423498
    outer loop
      vertex 12.699999809265137 -0.9561357498168945 -1.1557693481445312
      vertex -12.699999809265137 -0.8816776275634766 -1.2135248184204102
      vertex -12.699999809265137 -0.9561357498168945 -1.1557693481445312
    endloop
  endfacet
  facet normal 0 0.4539814199133582 0.8910111505326134
    outer loop
      vertex -12.699999809265137 -0.6386680603027344 -1.3572397232055664
      vertex 12.699999809265137 -0.722630500793457 -1.3144598007202148
      vertex 12.699999809265137 -0.6386680603027344 -1.3572397232055664
    endloop
  endfacet
  facet normal 0 0.4539814199133582 0.8910111505326134
    outer loop
      vertex 12.699999809265137 -0.722630500793457 -1.3144598007202148
      vertex -12.699999809265137 -0.6386680603027344 -1.3572397232055664
      vertex -12.699999809265137 -0.722630500793457 -1.3144598007202148
    endloop
  endfacet
  facet normal 0 0.8607368759978342 0.5090501255254626
    outer loop
      vertex 12.699999809265137 -1.2664909362792969 -0.8037395477294922
      vertex -12.699999809265137 -1.3144598007202148 -0.722630500793457
      vertex 12.699999809265137 -1.3144598007202148 -0.722630500793457
    endloop
  endfacet
  facet normal 0 0.8607368759978342 0.5090501255254626
    outer loop
      vertex -12.699999809265137 -1.3144598007202148 -0.722630500793457
      vertex 12.699999809265137 -1.2664909362792969 -0.8037395477294922
      vertex -12.699999809265137 -1.2664909362792969 -0.8037395477294922
    endloop
  endfacet
  facet normal 0 0.6613129653285622 0.7501100998442455
    outer loop
      vertex -12.699999809265137 -0.9561357498168945 -1.1557693481445312
      vertex 12.699999809265137 -1.026820182800293 -1.0934524536132812
      vertex 12.699999809265137 -0.9561357498168945 -1.1557693481445312
    endloop
  endfacet
  facet normal 0 0.6613129653285622 0.7501100998442455
    outer loop
      vertex 12.699999809265137 -1.026820182800293 -1.0934524536132812
      vertex -12.699999809265137 -0.9561357498168945 -1.1557693481445312
      vertex -12.699999809265137 -1.026820182800293 -1.0934524536132812
    endloop
  endfacet
  facet normal 0 0.8910111505326134 0.4539814199133582
    outer loop
      vertex 12.699999809265137 -1.3144598007202148 -0.722630500793457
      vertex -12.699999809265137 -1.3572397232055664 -0.6386680603027344
      vertex 12.699999809265137 -1.3572397232055664 -0.6386680603027344
    endloop
  endfacet
  facet normal 0 0.8910111505326134 0.4539814199133582
    outer loop
      vertex -12.699999809265137 -1.3572397232055664 -0.6386680603027344
      vertex 12.699999809265137 -1.3144598007202148 -0.722630500793457
      vertex -12.699999809265137 -1.3144598007202148 -0.722630500793457
    endloop
  endfacet
  facet normal 0 0.960293499477948 0.2789917469395758
    outer loop
      vertex 12.699999809265137 -1.426584243774414 -0.46352481842041016
      vertex -12.699999809265137 -1.4528741836547852 -0.3730344772338867
      vertex 12.699999809265137 -1.4528741836547852 -0.3730344772338867
    endloop
  endfacet
  facet normal 0 0.960293499477948 0.2789917469395758
    outer loop
      vertex -12.699999809265137 -1.4528741836547852 -0.3730344772338867
      vertex 12.699999809265137 -1.426584243774414 -0.46352481842041016
      vertex -12.699999809265137 -1.426584243774414 -0.46352481842041016
    endloop
  endfacet
  facet normal 0 0.09410939855749509 0.9955618620171961
    outer loop
      vertex -12.699999809265137 -0.09418487548828125 -1.497039794921875
      vertex 12.699999809265137 -0.18799972534179688 -1.4881715774536133
      vertex 12.699999809265137 -0.09418487548828125 -1.497039794921875
    endloop
  endfacet
  facet normal 0 0.09410939855749509 0.9955618620171961
    outer loop
      vertex 12.699999809265137 -0.18799972534179688 -1.4881715774536133
      vertex -12.699999809265137 -0.09418487548828125 -1.497039794921875
      vertex -12.699999809265137 -0.18799972534179688 -1.4881715774536133
    endloop
  endfacet
  facet normal 0 -0.3971475642009421 0.9177547669444481
    outer loop
      vertex -12.699999809265137 0.6386680603027344 -1.3572397232055664
      vertex 12.699999809265137 0.5521860122680664 -1.3946638107299805
      vertex 12.699999809265137 0.6386680603027344 -1.3572397232055664
    endloop
  endfacet
  facet normal 0 -0.3971475642009421 0.9177547669444481
    outer loop
      vertex 12.699999809265137 0.5521860122680664 -1.3946638107299805
      vertex -12.699999809265137 0.6386680603027344 -1.3572397232055664
      vertex -12.699999809265137 0.5521860122680664 -1.3946638107299805
    endloop
  endfacet
  facet normal 0 -0.4539814199133582 0.8910111505326134
    outer loop
      vertex -12.699999809265137 0.722630500793457 -1.3144598007202148
      vertex 12.699999809265137 0.6386680603027344 -1.3572397232055664
      vertex 12.699999809265137 0.722630500793457 -1.3144598007202148
    endloop
  endfacet
  facet normal 0 -0.4539814199133582 0.8910111505326134
    outer loop
      vertex 12.699999809265137 0.6386680603027344 -1.3572397232055664
      vertex -12.699999809265137 0.722630500793457 -1.3144598007202148
      vertex -12.699999809265137 0.6386680603027344 -1.3572397232055664
    endloop
  endfacet
  facet normal 0 0.8270832703853201 0.5620794106251565
    outer loop
      vertex 12.699999809265137 -1.2135248184204102 -0.8816776275634766
      vertex -12.699999809265137 -1.2664909362792969 -0.8037395477294922
      vertex 12.699999809265137 -1.2664909362792969 -0.8037395477294922
    endloop
  endfacet
  facet normal 0 0.8270832703853201 0.5620794106251565
    outer loop
      vertex -12.699999809265137 -1.2664909362792969 -0.8037395477294922
      vertex 12.699999809265137 -1.2135248184204102 -0.8816776275634766
      vertex -12.699999809265137 -1.2135248184204102 -0.8816776275634766
    endloop
  endfacet
  facet normal 0 -0.3971475642009421 -0.9177547669444481
    outer loop
      vertex -12.699999809265137 0.5521860122680664 1.3946638107299805
      vertex 12.699999809265137 0.6386680603027344 1.3572397232055664
      vertex 12.699999809265137 0.5521860122680664 1.3946638107299805
    endloop
  endfacet
  facet normal 0 -0.3971475642009421 -0.9177547669444481
    outer loop
      vertex 12.699999809265137 0.6386680603027344 1.3572397232055664
      vertex -12.699999809265137 0.5521860122680664 1.3946638107299805
      vertex -12.699999809265137 0.6386680603027344 1.3572397232055664
    endloop
  endfacet
  facet normal 0 0.5620794106251565 0.8270832703853201
    outer loop
      vertex -12.699999809265137 -0.8037395477294922 -1.2664909362792969
      vertex 12.699999809265137 -0.8816776275634766 -1.2135248184204102
      vertex 12.699999809265137 -0.8037395477294922 -1.2664909362792969
    endloop
  endfacet
  facet normal 0 0.5620794106251565 0.8270832703853201
    outer loop
      vertex 12.699999809265137 -0.8816776275634766 -1.2135248184204102
      vertex -12.699999809265137 -0.8037395477294922 -1.2664909362792969
      vertex -12.699999809265137 -0.8816776275634766 -1.2135248184204102
    endloop
  endfacet
  facet normal 0 0.9177547669444481 0.3971475642009421
    outer loop
      vertex 12.699999809265137 -1.3572397232055664 -0.6386680603027344
      vertex -12.699999809265137 -1.3946638107299805 -0.5521860122680664
      vertex 12.699999809265137 -1.3946638107299805 -0.5521860122680664
    endloop
  endfacet
  facet normal 0 0.9177547669444481 0.3971475642009421
    outer loop
      vertex -12.699999809265137 -1.3946638107299805 -0.5521860122680664
      vertex 12.699999809265137 -1.3572397232055664 -0.6386680603027344
      vertex -12.699999809265137 -1.3572397232055664 -0.6386680603027344
    endloop
  endfacet
  facet normal 0 -0.15643236524298587 0.9876886731680611
    outer loop
      vertex -12.699999809265137 0.28107166290283203 -1.4734306335449219
      vertex 12.699999809265137 0.18799972534179688 -1.4881715774536133
      vertex 12.699999809265137 0.28107166290283203 -1.4734306335449219
    endloop
  endfacet
  facet normal 0 -0.15643236524298587 0.9876886731680611
    outer loop
      vertex 12.699999809265137 0.18799972534179688 -1.4881715774536133
      vertex -12.699999809265137 0.28107166290283203 -1.4734306335449219
      vertex -12.699999809265137 0.18799972534179688 -1.4881715774536133
    endloop
  endfacet
  facet normal 0 0.3971475642009421 0.9177547669444481
    outer loop
      vertex -12.699999809265137 -0.5521860122680664 -1.3946638107299805
      vertex 12.699999809265137 -0.6386680603027344 -1.3572397232055664
      vertex 12.699999809265137 -0.5521860122680664 -1.3946638107299805
    endloop
  endfacet
  facet normal 0 0.3971475642009421 0.9177547669444481
    outer loop
      vertex 12.699999809265137 -0.6386680603027344 -1.3572397232055664
      vertex -12.699999809265137 -0.5521860122680664 -1.3946638107299805
      vertex -12.699999809265137 -0.6386680603027344 -1.3572397232055664
    endloop
  endfacet
  facet normal 0 0.21814653069828524 0.9759160266868776
    outer loop
      vertex -12.699999809265137 -0.28107166290283203 -1.4734306335449219
      vertex 12.699999809265137 -0.3730344772338867 -1.4528741836547852
      vertex 12.699999809265137 -0.28107166290283203 -1.4734306335449219
    endloop
  endfacet
  facet normal 0 0.21814653069828524 0.9759160266868776
    outer loop
      vertex 12.699999809265137 -0.3730344772338867 -1.4528741836547852
      vertex -12.699999809265137 -0.28107166290283203 -1.4734306335449219
      vertex -12.699999809265137 -0.3730344772338867 -1.4528741836547852
    endloop
  endfacet
  facet normal 0 -0.2789917469395758 0.960293499477948
    outer loop
      vertex -12.699999809265137 0.46352481842041016 -1.426584243774414
      vertex 12.699999809265137 0.3730344772338867 -1.4528741836547852
      vertex 12.699999809265137 0.46352481842041016 -1.426584243774414
    endloop
  endfacet
  facet normal 0 -0.2789917469395758 0.960293499477948
    outer loop
      vertex 12.699999809265137 0.3730344772338867 -1.4528741836547852
      vertex -12.699999809265137 0.46352481842041016 -1.426584243774414
      vertex -12.699999809265137 0.3730344772338867 -1.4528741836547852
    endloop
  endfacet
endsolid OpenSCAD_Model
