solid OpenSCAD_Model
  facet normal 1 0 0
    outer loop
      vertex 4.598999977111816 -17.899999618530273 -6.699999809265137
      vertex 4.598999977111816 -11.899999618530273 5
      vertex 4.598999977111816 -17.899999618530273 5
    endloop
  endfacet
  facet normal 1 0 0
    outer loop
      vertex 4.598999977111816 -11.899999618530273 5
      vertex 4.598999977111816 -17.899999618530273 -6.699999809265137
      vertex 4.598999977111816 -11.899999618530273 -12.699999809265137
    endloop
  endfacet
  facet normal 1 0 0
    outer loop
      vertex 4.598999977111816 -29.899999618530273 -12.699999809265137
      vertex 4.598999977111816 -17.899999618530273 -6.699999809265137
      vertex 4.598999977111816 -29.899999618530273 -6.699999809265137
    endloop
  endfacet
  facet normal 1 0 0
    outer loop
      vertex 4.598999977111816 -17.899999618530273 -6.699999809265137
      vertex 4.598999977111816 -29.899999618530273 -12.699999809265137
      vertex 4.598999977111816 -11.899999618530273 -12.699999809265137
    endloop
  endfacet
  facet normal 0 0 1
    outer loop
      vertex -4.798999786376953 -11.899999618530273 5
      vertex 4.598999977111816 -17.899999618530273 5
      vertex 4.598999977111816 -11.899999618530273 5
    endloop
  endfacet
  facet normal 0 0 1
    outer loop
      vertex 4.598999977111816 -17.899999618530273 5
      vertex -4.798999786376953 -11.899999618530273 5
      vertex -4.798999786376953 -17.899999618530273 5
    endloop
  endfacet
  facet normal 0 0 -1
    outer loop
      vertex 1.9417455196380615 -21.30780029296875 -12.699999809265137
      vertex 1.0910165309906006 -17.98705291748047 -12.699999809265137
      vertex 1.099999189376831 -17.850000381469727 -12.699999809265137
    endloop
  endfacet
  facet normal 0 0 -1
    outer loop
      vertex 1.3797776699066162 -20.66699981689453 -12.699999809265137
      vertex 1.0642211437225342 -18.12175941467285 -12.699999809265137
      vertex 1.0910165309906006 -17.98705291748047 -12.699999809265137
    endloop
  endfacet
  facet normal 0 0 -1
    outer loop
      vertex 1.3797776699066162 -20.66699981689453 -12.699999809265137
      vertex 1.0200726985931396 -18.25181770324707 -12.699999809265137
      vertex 1.0642211437225342 -18.12175941467285 -12.699999809265137
    endloop
  endfacet
  facet normal 0 0 -1
    outer loop
      vertex 1.3797776699066162 -20.66699981689453 -12.699999809265137
      vertex 0.9593265652656555 -18.375 -12.699999809265137
      vertex 1.0200726985931396 -18.25181770324707 -12.699999809265137
    endloop
  endfacet
  facet normal 0 0 -1
    outer loop
      vertex 0.7924612164497375 -18.59246253967285 -12.699999809265137
      vertex 1.1421992778778076 -20.508255004882812 -12.699999809265137
      vertex 0.8859336972236633 -20.381877899169922 -12.699999809265137
    endloop
  endfacet
  facet normal 0 0 -1
    outer loop
      vertex 1.3797776699066162 -20.66699981689453 -12.699999809265137
      vertex 0.8830202221870422 -18.489198684692383 -12.699999809265137
      vertex 0.9593265652656555 -18.375 -12.699999809265137
    endloop
  endfacet
  facet normal 0 0 -1
    outer loop
      vertex 1.1421992778778076 -20.508255004882812 -12.699999809265137
      vertex 0.7924612164497375 -18.59246253967285 -12.699999809265137
      vertex 0.8830202221870422 -18.489198684692383 -12.699999809265137
    endloop
  endfacet
  facet normal 0 0 -1
    outer loop
      vertex 0.8859336972236633 -20.381877899169922 -12.699999809265137
      vertex 0.6891992688179016 -18.683021545410156 -12.699999809265137
      vertex 0.7924612164497375 -18.59246253967285 -12.699999809265137
    endloop
  endfacet
  facet normal 0 0 -1
    outer loop
      vertex 0.5749996304512024 -18.759326934814453 -12.699999809265137
      vertex 0.8859336972236633 -20.381877899169922 -12.699999809265137
      vertex 0.6153638958930969 -20.29003143310547 -12.699999809265137
    endloop
  endfacet
  facet normal 0 0 -1
    outer loop
      vertex 0.8859336972236633 -20.381877899169922 -12.699999809265137
      vertex 0.5749996304512024 -18.759326934814453 -12.699999809265137
      vertex 0.6891992688179016 -18.683021545410156 -12.699999809265137
    endloop
  endfacet
  facet normal 0 0 -1
    outer loop
      vertex 0.6153638958930969 -20.29003143310547 -12.699999809265137
      vertex 0.4518173336982727 -18.820072174072266 -12.699999809265137
      vertex 0.5749996304512024 -18.759326934814453 -12.699999809265137
    endloop
  endfacet
  facet normal 0 0 -1
    outer loop
      vertex 0.32175999879837036 -18.864221572875977 -12.699999809265137
      vertex 0.6153638958930969 -20.29003143310547 -12.699999809265137
      vertex 0.3351209759712219 -20.234289169311523 -12.699999809265137
    endloop
  endfacet
  facet normal 0 0 -1
    outer loop
      vertex 0.6153638958930969 -20.29003143310547 -12.699999809265137
      vertex 0.32175999879837036 -18.864221572875977 -12.699999809265137
      vertex 0.4518173336982727 -18.820072174072266 -12.699999809265137
    endloop
  endfacet
  facet normal 0 0 -1
    outer loop
      vertex 0.3351209759712219 -20.234289169311523 -12.699999809265137
      vertex 0.18705157935619354 -18.891016006469727 -12.699999809265137
      vertex 0.32175999879837036 -18.864221572875977 -12.699999809265137
    endloop
  endfacet
  facet normal 0 0 -1
    outer loop
      vertex 0.05000000074505806 -20.215600967407227 -12.699999809265137
      vertex 0.18705157935619354 -18.891016006469727 -12.699999809265137
      vertex 0.3351209759712219 -20.234289169311523 -12.699999809265137
    endloop
  endfacet
  facet normal 0 0 -1
    outer loop
      vertex 0.05000000074505806 -20.215600967407227 -12.699999809265137
      vertex 0.05000000074505806 -18.899999618530273 -12.699999809265137
      vertex 0.18705157935619354 -18.891016006469727 -12.699999809265137
    endloop
  endfacet
  facet normal 0 0 -1
    outer loop
      vertex 0.05000000074505806 -20.215600967407227 -12.699999809265137
      vertex -0.08705158531665802 -18.891016006469727 -12.699999809265137
      vertex 0.05000000074505806 -18.899999618530273 -12.699999809265137
    endloop
  endfacet
  facet normal 0 0 -1
    outer loop
      vertex -0.2351209670305252 -20.234289169311523 -12.699999809265137
      vertex -0.08705158531665802 -18.891016006469727 -12.699999809265137
      vertex 0.05000000074505806 -20.215600967407227 -12.699999809265137
    endloop
  endfacet
  facet normal 0 0 -1
    outer loop
      vertex -0.08705158531665802 -18.891016006469727 -12.699999809265137
      vertex -0.2351209670305252 -20.234289169311523 -12.699999809265137
      vertex -0.22175998985767365 -18.864221572875977 -12.699999809265137
    endloop
  endfacet
  facet normal 0 0 -1
    outer loop
      vertex -0.515363872051239 -20.29003143310547 -12.699999809265137
      vertex -0.22175998985767365 -18.864221572875977 -12.699999809265137
      vertex -0.2351209670305252 -20.234289169311523 -12.699999809265137
    endloop
  endfacet
  facet normal 0 0 -1
    outer loop
      vertex -0.22175998985767365 -18.864221572875977 -12.699999809265137
      vertex -0.515363872051239 -20.29003143310547 -12.699999809265137
      vertex -0.3518173098564148 -18.820072174072266 -12.699999809265137
    endloop
  endfacet
  facet normal 0 0 -1
    outer loop
      vertex -0.3518173098564148 -18.820072174072266 -12.699999809265137
      vertex -0.515363872051239 -20.29003143310547 -12.699999809265137
      vertex -0.4749996066093445 -18.759326934814453 -12.699999809265137
    endloop
  endfacet
  facet normal 0 0 -1
    outer loop
      vertex -0.7859336733818054 -20.381877899169922 -12.699999809265137
      vertex -0.4749996066093445 -18.759326934814453 -12.699999809265137
      vertex -0.515363872051239 -20.29003143310547 -12.699999809265137
    endloop
  endfacet
  facet normal 0 0 -1
    outer loop
      vertex -0.4749996066093445 -18.759326934814453 -12.699999809265137
      vertex -0.7859336733818054 -20.381877899169922 -12.699999809265137
      vertex -0.5891992449760437 -18.683021545410156 -12.699999809265137
    endloop
  endfacet
  facet normal 0 0 -1
    outer loop
      vertex -0.5891992449760437 -18.683021545410156 -12.699999809265137
      vertex -0.7859336733818054 -20.381877899169922 -12.699999809265137
      vertex -0.6924611926078796 -18.59246253967285 -12.699999809265137
    endloop
  endfacet
  facet normal 0 0 -1
    outer loop
      vertex -1.0421993732452393 -20.508255004882812 -12.699999809265137
      vertex -0.6924611926078796 -18.59246253967285 -12.699999809265137
      vertex -0.7859336733818054 -20.381877899169922 -12.699999809265137
    endloop
  endfacet
  facet normal 0 0 -1
    outer loop
      vertex -0.6924611926078796 -18.59246253967285 -12.699999809265137
      vertex -1.0421993732452393 -20.508255004882812 -12.699999809265137
      vertex -0.7830201983451843 -18.489198684692383 -12.699999809265137
    endloop
  endfacet
  facet normal 0 0 -1
    outer loop
      vertex -1.2797777652740479 -20.66699981689453 -12.699999809265137
      vertex -0.7830201983451843 -18.489198684692383 -12.699999809265137
      vertex -1.0421993732452393 -20.508255004882812 -12.699999809265137
    endloop
  endfacet
  facet normal 0 0 -1
    outer loop
      vertex -0.7830201983451843 -18.489198684692383 -12.699999809265137
      vertex -1.2797777652740479 -20.66699981689453 -12.699999809265137
      vertex -0.8593265414237976 -18.375 -12.699999809265137
    endloop
  endfacet
  facet normal 0 0 -1
    outer loop
      vertex -0.8593265414237976 -18.375 -12.699999809265137
      vertex -1.2797777652740479 -20.66699981689453 -12.699999809265137
      vertex -0.9200727343559265 -18.25181770324707 -12.699999809265137
    endloop
  endfacet
  facet normal 0 0 -1
    outer loop
      vertex -1.6830008029937744 -21.070222854614258 -12.699999809265137
      vertex -0.964221179485321 -18.12175941467285 -12.699999809265137
      vertex -1.4946033954620361 -20.855396270751953 -12.699999809265137
    endloop
  endfacet
  facet normal 0 0 -1
    outer loop
      vertex -0.9200727343559265 -18.25181770324707 -12.699999809265137
      vertex -1.4946033954620361 -20.855396270751953 -12.699999809265137
      vertex -0.964221179485321 -18.12175941467285 -12.699999809265137
    endloop
  endfacet
  facet normal 0 0 -1
    outer loop
      vertex -1.4946033954620361 -20.855396270751953 -12.699999809265137
      vertex -0.9200727343559265 -18.25181770324707 -12.699999809265137
      vertex -1.2797777652740479 -20.66699981689453 -12.699999809265137
    endloop
  endfacet
  facet normal 0 0 -1
    outer loop
      vertex 2.2343995571136475 -22.399999618530273 -12.699999809265137
      vertex 4.598999977111816 -29.899999618530273 -12.699999809265137
      vertex 2.2343995571136475 -26.399999618530273 -12.699999809265137
    endloop
  endfacet
  facet normal 0 0 -1
    outer loop
      vertex 4.598999977111816 -29.899999618530273 -12.699999809265137
      vertex 2.2157113552093506 -26.685121536254883 -12.699999809265137
      vertex 2.2343995571136475 -26.399999618530273 -12.699999809265137
    endloop
  endfacet
  facet normal 0 0 -1
    outer loop
      vertex 4.598999977111816 -29.899999618530273 -12.699999809265137
      vertex 2.159968137741089 -26.965364456176758 -12.699999809265137
      vertex 2.2157113552093506 -26.685121536254883 -12.699999809265137
    endloop
  endfacet
  facet normal 0 0 -1
    outer loop
      vertex 4.598999977111816 -29.899999618530273 -12.699999809265137
      vertex 2.0681216716766357 -27.235933303833008 -12.699999809265137
      vertex 2.159968137741089 -26.965364456176758 -12.699999809265137
    endloop
  endfacet
  facet normal 0 0 -1
    outer loop
      vertex 4.598999977111816 -29.899999618530273 -12.699999809265137
      vertex 1.9417455196380615 -27.492198944091797 -12.699999809265137
      vertex 2.0681216716766357 -27.235933303833008 -12.699999809265137
    endloop
  endfacet
  facet normal 0 0 -1
    outer loop
      vertex 4.598999977111816 -29.899999618530273 -12.699999809265137
      vertex 1.7830007076263428 -27.729778289794922 -12.699999809265137
      vertex 1.9417455196380615 -27.492198944091797 -12.699999809265137
    endloop
  endfacet
  facet normal 0 0 -1
    outer loop
      vertex 4.598999977111816 -29.899999618530273 -12.699999809265137
      vertex 1.5946033000946045 -27.944602966308594 -12.699999809265137
      vertex 1.7830007076263428 -27.729778289794922 -12.699999809265137
    endloop
  endfacet
  facet normal 0 0 -1
    outer loop
      vertex 4.598999977111816 -29.899999618530273 -12.699999809265137
      vertex 1.3797776699066162 -28.13300132751465 -12.699999809265137
      vertex 1.5946033000946045 -27.944602966308594 -12.699999809265137
    endloop
  endfacet
  facet normal 0 0 -1
    outer loop
      vertex 4.598999977111816 -29.899999618530273 -12.699999809265137
      vertex 1.1421992778778076 -28.291746139526367 -12.699999809265137
      vertex 1.3797776699066162 -28.13300132751465 -12.699999809265137
    endloop
  endfacet
  facet normal 0 0 -1
    outer loop
      vertex 4.598999977111816 -29.899999618530273 -12.699999809265137
      vertex 0.8859336972236633 -28.418121337890625 -12.699999809265137
      vertex 1.1421992778778076 -28.291746139526367 -12.699999809265137
    endloop
  endfacet
  facet normal 0 0 -1
    outer loop
      vertex 4.598999977111816 -29.899999618530273 -12.699999809265137
      vertex 0.6153638958930969 -28.509967803955078 -12.699999809265137
      vertex 0.8859336972236633 -28.418121337890625 -12.699999809265137
    endloop
  endfacet
  facet normal 0 0 -1
    outer loop
      vertex 4.598999977111816 -29.899999618530273 -12.699999809265137
      vertex 0.3351209759712219 -28.565711975097656 -12.699999809265137
      vertex 0.6153638958930969 -28.509967803955078 -12.699999809265137
    endloop
  endfacet
  facet normal 0 0 -1
    outer loop
      vertex 4.598999977111816 -29.899999618530273 -12.699999809265137
      vertex 0.05000000074505806 -28.584400177001953 -12.699999809265137
      vertex 0.3351209759712219 -28.565711975097656 -12.699999809265137
    endloop
  endfacet
  facet normal 0 0 -1
    outer loop
      vertex -4.798999786376953 -29.899999618530273 -12.699999809265137
      vertex 0.05000000074505806 -28.584400177001953 -12.699999809265137
      vertex 4.598999977111816 -29.899999618530273 -12.699999809265137
    endloop
  endfacet
  facet normal 0 0 -1
    outer loop
      vertex 0.05000000074505806 -28.584400177001953 -12.699999809265137
      vertex -4.798999786376953 -29.899999618530273 -12.699999809265137
      vertex -0.2351209670305252 -28.565711975097656 -12.699999809265137
    endloop
  endfacet
  facet normal 0 0 -1
    outer loop
      vertex -2.134399652481079 -26.399999618530273 -12.699999809265137
      vertex -4.798999786376953 -29.899999618530273 -12.699999809265137
      vertex -2.134399652481079 -22.399999618530273 -12.699999809265137
    endloop
  endfacet
  facet normal 0 0 -1
    outer loop
      vertex -2.1157114505767822 -26.685121536254883 -12.699999809265137
      vertex -4.798999786376953 -29.899999618530273 -12.699999809265137
      vertex -2.134399652481079 -26.399999618530273 -12.699999809265137
    endloop
  endfacet
  facet normal 0 0 -1
    outer loop
      vertex -2.0599682331085205 -26.965364456176758 -12.699999809265137
      vertex -4.798999786376953 -29.899999618530273 -12.699999809265137
      vertex -2.1157114505767822 -26.685121536254883 -12.699999809265137
    endloop
  endfacet
  facet normal 0 0 -1
    outer loop
      vertex -1.9681217670440674 -27.235933303833008 -12.699999809265137
      vertex -4.798999786376953 -29.899999618530273 -12.699999809265137
      vertex -2.0599682331085205 -26.965364456176758 -12.699999809265137
    endloop
  endfacet
  facet normal 0 0 -1
    outer loop
      vertex -1.8417456150054932 -27.492198944091797 -12.699999809265137
      vertex -4.798999786376953 -29.899999618530273 -12.699999809265137
      vertex -1.9681217670440674 -27.235933303833008 -12.699999809265137
    endloop
  endfacet
  facet normal 0 0 -1
    outer loop
      vertex -1.6830008029937744 -27.729778289794922 -12.699999809265137
      vertex -4.798999786376953 -29.899999618530273 -12.699999809265137
      vertex -1.8417456150054932 -27.492198944091797 -12.699999809265137
    endloop
  endfacet
  facet normal 0 0 -1
    outer loop
      vertex -1.4946033954620361 -27.944602966308594 -12.699999809265137
      vertex -4.798999786376953 -29.899999618530273 -12.699999809265137
      vertex -1.6830008029937744 -27.729778289794922 -12.699999809265137
    endloop
  endfacet
  facet normal 0 0 -1
    outer loop
      vertex -1.2797777652740479 -28.13300132751465 -12.699999809265137
      vertex -4.798999786376953 -29.899999618530273 -12.699999809265137
      vertex -1.4946033954620361 -27.944602966308594 -12.699999809265137
    endloop
  endfacet
  facet normal 0 0 -1
    outer loop
      vertex -1.0421993732452393 -28.291746139526367 -12.699999809265137
      vertex -4.798999786376953 -29.899999618530273 -12.699999809265137
      vertex -1.2797777652740479 -28.13300132751465 -12.699999809265137
    endloop
  endfacet
  facet normal 0 0 -1
    outer loop
      vertex -0.7859336733818054 -28.418121337890625 -12.699999809265137
      vertex -4.798999786376953 -29.899999618530273 -12.699999809265137
      vertex -1.0421993732452393 -28.291746139526367 -12.699999809265137
    endloop
  endfacet
  facet normal 0 0 -1
    outer loop
      vertex -0.515363872051239 -28.509967803955078 -12.699999809265137
      vertex -4.798999786376953 -29.899999618530273 -12.699999809265137
      vertex -0.7859336733818054 -28.418121337890625 -12.699999809265137
    endloop
  endfacet
  facet normal 0 0 -1
    outer loop
      vertex -0.2351209670305252 -28.565711975097656 -12.699999809265137
      vertex -4.798999786376953 -29.899999618530273 -12.699999809265137
      vertex -0.515363872051239 -28.509967803955078 -12.699999809265137
    endloop
  endfacet
  facet normal 0 0 -1
    outer loop
      vertex 2.2157113552093506 -22.114879608154297 -12.699999809265137
      vertex 4.598999977111816 -29.899999618530273 -12.699999809265137
      vertex 2.2343995571136475 -22.399999618530273 -12.699999809265137
    endloop
  endfacet
  facet normal 0 0 -1
    outer loop
      vertex 4.598999977111816 -29.899999618530273 -12.699999809265137
      vertex 2.2157113552093506 -22.114879608154297 -12.699999809265137
      vertex 4.598999977111816 -11.899999618530273 -12.699999809265137
    endloop
  endfacet
  facet normal 0 0 -1
    outer loop
      vertex 2.159968137741089 -21.834636688232422 -12.699999809265137
      vertex 4.598999977111816 -11.899999618530273 -12.699999809265137
      vertex 2.2157113552093506 -22.114879608154297 -12.699999809265137
    endloop
  endfacet
  facet normal 0 0 -1
    outer loop
      vertex 2.0681216716766357 -21.56406593322754 -12.699999809265137
      vertex 4.598999977111816 -11.899999618530273 -12.699999809265137
      vertex 2.159968137741089 -21.834636688232422 -12.699999809265137
    endloop
  endfacet
  facet normal 0 0 -1
    outer loop
      vertex 1.9417455196380615 -21.30780029296875 -12.699999809265137
      vertex 4.598999977111816 -11.899999618530273 -12.699999809265137
      vertex 2.0681216716766357 -21.56406593322754 -12.699999809265137
    endloop
  endfacet
  facet normal 0 0 -1
    outer loop
      vertex 1.0910165309906006 -17.98705291748047 -12.699999809265137
      vertex 1.9417455196380615 -21.30780029296875 -12.699999809265137
      vertex 1.7830007076263428 -21.070222854614258 -12.699999809265137
    endloop
  endfacet
  facet normal 0 0 -1
    outer loop
      vertex 1.0910165309906006 -17.98705291748047 -12.699999809265137
      vertex 1.7830007076263428 -21.070222854614258 -12.699999809265137
      vertex 1.5946033000946045 -20.855396270751953 -12.699999809265137
    endloop
  endfacet
  facet normal 0 0 -1
    outer loop
      vertex 1.0910165309906006 -17.98705291748047 -12.699999809265137
      vertex 1.5946033000946045 -20.855396270751953 -12.699999809265137
      vertex 1.3797776699066162 -20.66699981689453 -12.699999809265137
    endloop
  endfacet
  facet normal 0 0 -1
    outer loop
      vertex 0.8830202221870422 -18.489198684692383 -12.699999809265137
      vertex 1.3797776699066162 -20.66699981689453 -12.699999809265137
      vertex 1.1421992778778076 -20.508255004882812 -12.699999809265137
    endloop
  endfacet
  facet normal 0 0 -1
    outer loop
      vertex 1.9417455196380615 -21.30780029296875 -12.699999809265137
      vertex 1.099999189376831 -17.850000381469727 -12.699999809265137
      vertex 4.598999977111816 -11.899999618530273 -12.699999809265137
    endloop
  endfacet
  facet normal 0 0 -1
    outer loop
      vertex 1.099999189376831 -11.949999809265137 -12.699999809265137
      vertex 4.598999977111816 -11.899999618530273 -12.699999809265137
      vertex 1.099999189376831 -17.850000381469727 -12.699999809265137
    endloop
  endfacet
  facet normal 0 0 -1
    outer loop
      vertex 4.598999977111816 -11.899999618530273 -12.699999809265137
      vertex 1.099999189376831 -11.949999809265137 -12.699999809265137
      vertex 1.09672212600708 -11.899999618530273 -12.699999809265137
    endloop
  endfacet
  facet normal 0 0 -1
    outer loop
      vertex -0.964221179485321 -18.12175941467285 -12.699999809265137
      vertex -1.6830008029937744 -21.070222854614258 -12.699999809265137
      vertex -0.9910165667533875 -17.98705291748047 -12.699999809265137
    endloop
  endfacet
  facet normal 0 0 -1
    outer loop
      vertex -1.8417456150054932 -21.30780029296875 -12.699999809265137
      vertex -0.9910165667533875 -17.98705291748047 -12.699999809265137
      vertex -1.6830008029937744 -21.070222854614258 -12.699999809265137
    endloop
  endfacet
  facet normal 0 0 -1
    outer loop
      vertex -0.9910165667533875 -17.98705291748047 -12.699999809265137
      vertex -1.8417456150054932 -21.30780029296875 -12.699999809265137
      vertex -0.9999992251396179 -17.850000381469727 -12.699999809265137
    endloop
  endfacet
  facet normal 0 0 -1
    outer loop
      vertex -0.9999992251396179 -17.850000381469727 -12.699999809265137
      vertex -4.798999786376953 -11.899999618530273 -12.699999809265137
      vertex -0.9999992251396179 -11.949999809265137 -12.699999809265137
    endloop
  endfacet
  facet normal 0 0 -1
    outer loop
      vertex -0.9999992251396179 -17.850000381469727 -12.699999809265137
      vertex -1.8417456150054932 -21.30780029296875 -12.699999809265137
      vertex -4.798999786376953 -11.899999618530273 -12.699999809265137
    endloop
  endfacet
  facet normal 0 0 -1
    outer loop
      vertex -4.798999786376953 -11.899999618530273 -12.699999809265137
      vertex -1.8417456150054932 -21.30780029296875 -12.699999809265137
      vertex -1.9681217670440674 -21.56406593322754 -12.699999809265137
    endloop
  endfacet
  facet normal 0 0 -1
    outer loop
      vertex -4.798999786376953 -11.899999618530273 -12.699999809265137
      vertex -1.9681217670440674 -21.56406593322754 -12.699999809265137
      vertex -2.0599682331085205 -21.834636688232422 -12.699999809265137
    endloop
  endfacet
  facet normal 0 0 -1
    outer loop
      vertex -4.798999786376953 -11.899999618530273 -12.699999809265137
      vertex -2.0599682331085205 -21.834636688232422 -12.699999809265137
      vertex -2.1157114505767822 -22.114879608154297 -12.699999809265137
    endloop
  endfacet
  facet normal 0 0 -1
    outer loop
      vertex -4.798999786376953 -29.899999618530273 -12.699999809265137
      vertex -2.1157114505767822 -22.114879608154297 -12.699999809265137
      vertex -2.134399652481079 -22.399999618530273 -12.699999809265137
    endloop
  endfacet
  facet normal 0 0 -1
    outer loop
      vertex -4.798999786376953 -11.899999618530273 -12.699999809265137
      vertex -2.1157114505767822 -22.114879608154297 -12.699999809265137
      vertex -4.798999786376953 -29.899999618530273 -12.699999809265137
    endloop
  endfacet
  facet normal 0 0 -1
    outer loop
      vertex -0.9999992251396179 -11.949999809265137 -12.699999809265137
      vertex -4.798999786376953 -11.899999618530273 -12.699999809265137
      vertex -0.9967221617698669 -11.899999618530273 -12.699999809265137
    endloop
  endfacet
  facet normal -1 0 0
    outer loop
      vertex -4.798999786376953 -11.899999618530273 -12.699999809265137
      vertex -4.798999786376953 -17.899999618530273 -6.699999809265137
      vertex -4.798999786376953 -11.899999618530273 5
    endloop
  endfacet
  facet normal -1 0 0
    outer loop
      vertex -4.798999786376953 -29.899999618530273 -12.699999809265137
      vertex -4.798999786376953 -17.899999618530273 -6.699999809265137
      vertex -4.798999786376953 -11.899999618530273 -12.699999809265137
    endloop
  endfacet
  facet normal -1 0 0
    outer loop
      vertex -4.798999786376953 -17.899999618530273 -6.699999809265137
      vertex -4.798999786376953 -29.899999618530273 -12.699999809265137
      vertex -4.798999786376953 -29.899999618530273 -6.699999809265137
    endloop
  endfacet
  facet normal -1 0 0
    outer loop
      vertex -4.798999786376953 -11.899999618530273 5
      vertex -4.798999786376953 -17.899999618530273 -6.699999809265137
      vertex -4.798999786376953 -17.899999618530273 5
    endloop
  endfacet
  facet normal 0 1 0
    outer loop
      vertex 4.598999977111816 -11.899999618530273 5
      vertex 0.05000000074505806 -11.899999618530273 2.1843996047973633
      vertex -4.798999786376953 -11.899999618530273 5
    endloop
  endfacet
  facet normal 0 1 0
    outer loop
      vertex 4.598999977111816 -11.899999618530273 5
      vertex 0.3351209759712219 -11.899999618530273 2.1657114028930664
      vertex 0.05000000074505806 -11.899999618530273 2.1843996047973633
    endloop
  endfacet
  facet normal 0 1 0
    outer loop
      vertex 4.598999977111816 -11.899999618530273 5
      vertex 0.6153638958930969 -11.899999618530273 2.1099681854248047
      vertex 0.3351209759712219 -11.899999618530273 2.1657114028930664
    endloop
  endfacet
  facet normal 0 1 0
    outer loop
      vertex 4.598999977111816 -11.899999618530273 5
      vertex 0.8859336972236633 -11.899999618530273 2.0181217193603516
      vertex 0.6153638958930969 -11.899999618530273 2.1099681854248047
    endloop
  endfacet
  facet normal 0 1 0
    outer loop
      vertex 4.598999977111816 -11.899999618530273 5
      vertex 1.1421992778778076 -11.899999618530273 1.8917455673217773
      vertex 0.8859336972236633 -11.899999618530273 2.0181217193603516
    endloop
  endfacet
  facet normal 0 1 0
    outer loop
      vertex 4.598999977111816 -11.899999618530273 5
      vertex 1.3797776699066162 -11.899999618530273 1.7330007553100586
      vertex 1.1421992778778076 -11.899999618530273 1.8917455673217773
    endloop
  endfacet
  facet normal 0 1 0
    outer loop
      vertex 4.598999977111816 -11.899999618530273 5
      vertex 1.5946033000946045 -11.899999618530273 1.5446033477783203
      vertex 1.3797776699066162 -11.899999618530273 1.7330007553100586
    endloop
  endfacet
  facet normal 0 1 0
    outer loop
      vertex 4.598999977111816 -11.899999618530273 5
      vertex 1.7830007076263428 -11.899999618530273 1.329777717590332
      vertex 1.5946033000946045 -11.899999618530273 1.5446033477783203
    endloop
  endfacet
  facet normal 0 1 0
    outer loop
      vertex 4.598999977111816 -11.899999618530273 5
      vertex 1.9417455196380615 -11.899999618530273 1.0921993255615234
      vertex 1.7830007076263428 -11.899999618530273 1.329777717590332
    endloop
  endfacet
  facet normal 0 1 0
    outer loop
      vertex 4.598999977111816 -11.899999618530273 5
      vertex 2.0681216716766357 -11.899999618530273 0.8359336853027344
      vertex 1.9417455196380615 -11.899999618530273 1.0921993255615234
    endloop
  endfacet
  facet normal 0 1 0
    outer loop
      vertex 4.598999977111816 -11.899999618530273 5
      vertex 2.159968137741089 -11.899999618530273 0.565363883972168
      vertex 2.0681216716766357 -11.899999618530273 0.8359336853027344
    endloop
  endfacet
  facet normal 0 1 0
    outer loop
      vertex 4.598999977111816 -11.899999618530273 5
      vertex 2.2157113552093506 -11.899999618530273 0.28512096405029297
      vertex 2.159968137741089 -11.899999618530273 0.565363883972168
    endloop
  endfacet
  facet normal 0 1 0
    outer loop
      vertex 4.598999977111816 -11.899999618530273 5
      vertex 2.2343995571136475 -11.899999618530273 0
      vertex 2.2157113552093506 -11.899999618530273 0.28512096405029297
    endloop
  endfacet
  facet normal 0 1 0
    outer loop
      vertex 4.598999977111816 -11.899999618530273 5
      vertex 2.2157113552093506 -11.899999618530273 -0.28512096405029297
      vertex 2.2343995571136475 -11.899999618530273 0
    endloop
  endfacet
  facet normal 0 1 0
    outer loop
      vertex 4.598999977111816 -11.899999618530273 5
      vertex 2.159968137741089 -11.899999618530273 -0.565363883972168
      vertex 2.2157113552093506 -11.899999618530273 -0.28512096405029297
    endloop
  endfacet
  facet normal 0 1 0
    outer loop
      vertex 4.598999977111816 -11.899999618530273 -12.699999809265137
      vertex 2.159968137741089 -11.899999618530273 -0.565363883972168
      vertex 4.598999977111816 -11.899999618530273 5
    endloop
  endfacet
  facet normal 0 1 0
    outer loop
      vertex 0.3351209759712219 -11.899999618530273 -2.1657114028930664
      vertex 1.09672212600708 -11.899999618530273 -10.5
      vertex 0.05000000074505806 -11.899999618530273 -2.1843996047973633
    endloop
  endfacet
  facet normal 0 1 0
    outer loop
      vertex 0.6153638958930969 -11.899999618530273 -2.1099681854248047
      vertex 1.09672212600708 -11.899999618530273 -10.5
      vertex 0.3351209759712219 -11.899999618530273 -2.1657114028930664
    endloop
  endfacet
  facet normal 0 1 0
    outer loop
      vertex 0.8859336972236633 -11.899999618530273 -2.0181217193603516
      vertex 1.09672212600708 -11.899999618530273 -10.5
      vertex 0.6153638958930969 -11.899999618530273 -2.1099681854248047
    endloop
  endfacet
  facet normal 0 1 0
    outer loop
      vertex 1.1421992778778076 -11.899999618530273 -1.8917455673217773
      vertex 1.09672212600708 -11.899999618530273 -10.5
      vertex 0.8859336972236633 -11.899999618530273 -2.0181217193603516
    endloop
  endfacet
  facet normal 0 1 0
    outer loop
      vertex 1.3797776699066162 -11.899999618530273 -1.7330007553100586
      vertex 1.09672212600708 -11.899999618530273 -10.5
      vertex 1.1421992778778076 -11.899999618530273 -1.8917455673217773
    endloop
  endfacet
  facet normal 0 1 0
    outer loop
      vertex 1.5946033000946045 -11.899999618530273 -1.5446033477783203
      vertex 1.09672212600708 -11.899999618530273 -10.5
      vertex 1.3797776699066162 -11.899999618530273 -1.7330007553100586
    endloop
  endfacet
  facet normal 0 1 0
    outer loop
      vertex 4.598999977111816 -11.899999618530273 -12.699999809265137
      vertex 1.5946033000946045 -11.899999618530273 -1.5446033477783203
      vertex 1.7830007076263428 -11.899999618530273 -1.329777717590332
    endloop
  endfacet
  facet normal 0 1 0
    outer loop
      vertex 4.598999977111816 -11.899999618530273 -12.699999809265137
      vertex 1.7830007076263428 -11.899999618530273 -1.329777717590332
      vertex 1.9417455196380615 -11.899999618530273 -1.0921993255615234
    endloop
  endfacet
  facet normal 0 1 0
    outer loop
      vertex 4.598999977111816 -11.899999618530273 -12.699999809265137
      vertex 1.9417455196380615 -11.899999618530273 -1.0921993255615234
      vertex 2.0681216716766357 -11.899999618530273 -0.8359336853027344
    endloop
  endfacet
  facet normal 0 1 0
    outer loop
      vertex 2.159968137741089 -11.899999618530273 -0.565363883972168
      vertex 4.598999977111816 -11.899999618530273 -12.699999809265137
      vertex 2.0681216716766357 -11.899999618530273 -0.8359336853027344
    endloop
  endfacet
  facet normal 0 1 0
    outer loop
      vertex 1.5946033000946045 -11.899999618530273 -1.5446033477783203
      vertex 4.598999977111816 -11.899999618530273 -12.699999809265137
      vertex 1.09672212600708 -11.899999618530273 -10.5
    endloop
  endfacet
  facet normal 0 1 0
    outer loop
      vertex 1.09672212600708 -11.899999618530273 -10.5
      vertex 4.598999977111816 -11.899999618530273 -12.699999809265137
      vertex 1.09672212600708 -11.899999618530273 -12.699999809265137
    endloop
  endfacet
  facet normal 0 1 0
    outer loop
      vertex -0.2351209670305252 -11.899999618530273 2.1657114028930664
      vertex -4.798999786376953 -11.899999618530273 5
      vertex 0.05000000074505806 -11.899999618530273 2.1843996047973633
    endloop
  endfacet
  facet normal 0 1 0
    outer loop
      vertex -0.515363872051239 -11.899999618530273 2.1099681854248047
      vertex -4.798999786376953 -11.899999618530273 5
      vertex -0.2351209670305252 -11.899999618530273 2.1657114028930664
    endloop
  endfacet
  facet normal 0 1 0
    outer loop
      vertex -0.7859336733818054 -11.899999618530273 2.0181217193603516
      vertex -4.798999786376953 -11.899999618530273 5
      vertex -0.515363872051239 -11.899999618530273 2.1099681854248047
    endloop
  endfacet
  facet normal 0 1 0
    outer loop
      vertex -1.0421993732452393 -11.899999618530273 1.8917455673217773
      vertex -4.798999786376953 -11.899999618530273 5
      vertex -0.7859336733818054 -11.899999618530273 2.0181217193603516
    endloop
  endfacet
  facet normal 0 1 0
    outer loop
      vertex -1.2797777652740479 -11.899999618530273 1.7330007553100586
      vertex -4.798999786376953 -11.899999618530273 5
      vertex -1.0421993732452393 -11.899999618530273 1.8917455673217773
    endloop
  endfacet
  facet normal 0 1 0
    outer loop
      vertex -1.4946033954620361 -11.899999618530273 1.5446033477783203
      vertex -4.798999786376953 -11.899999618530273 5
      vertex -1.2797777652740479 -11.899999618530273 1.7330007553100586
    endloop
  endfacet
  facet normal 0 1 0
    outer loop
      vertex -1.6830008029937744 -11.899999618530273 1.329777717590332
      vertex -4.798999786376953 -11.899999618530273 5
      vertex -1.4946033954620361 -11.899999618530273 1.5446033477783203
    endloop
  endfacet
  facet normal 0 1 0
    outer loop
      vertex -1.8417456150054932 -11.899999618530273 1.0921993255615234
      vertex -4.798999786376953 -11.899999618530273 5
      vertex -1.6830008029937744 -11.899999618530273 1.329777717590332
    endloop
  endfacet
  facet normal 0 1 0
    outer loop
      vertex -1.9681217670440674 -11.899999618530273 0.8359336853027344
      vertex -4.798999786376953 -11.899999618530273 5
      vertex -1.8417456150054932 -11.899999618530273 1.0921993255615234
    endloop
  endfacet
  facet normal 0 1 0
    outer loop
      vertex -2.0599682331085205 -11.899999618530273 0.565363883972168
      vertex -4.798999786376953 -11.899999618530273 5
      vertex -1.9681217670440674 -11.899999618530273 0.8359336853027344
    endloop
  endfacet
  facet normal 0 1 0
    outer loop
      vertex -2.1157114505767822 -11.899999618530273 0.28512096405029297
      vertex -4.798999786376953 -11.899999618530273 5
      vertex -2.0599682331085205 -11.899999618530273 0.565363883972168
    endloop
  endfacet
  facet normal 0 1 0
    outer loop
      vertex -2.134399652481079 -11.899999618530273 0
      vertex -4.798999786376953 -11.899999618530273 5
      vertex -2.1157114505767822 -11.899999618530273 0.28512096405029297
    endloop
  endfacet
  facet normal 0 1 0
    outer loop
      vertex -2.1157114505767822 -11.899999618530273 -0.28512096405029297
      vertex -4.798999786376953 -11.899999618530273 5
      vertex -2.134399652481079 -11.899999618530273 0
    endloop
  endfacet
  facet normal 0 1 0
    outer loop
      vertex -2.0599682331085205 -11.899999618530273 -0.565363883972168
      vertex -4.798999786376953 -11.899999618530273 5
      vertex -2.1157114505767822 -11.899999618530273 -0.28512096405029297
    endloop
  endfacet
  facet normal 0 1 0
    outer loop
      vertex -4.798999786376953 -11.899999618530273 -12.699999809265137
      vertex -2.0599682331085205 -11.899999618530273 -0.565363883972168
      vertex -1.9681217670440674 -11.899999618530273 -0.8359336853027344
    endloop
  endfacet
  facet normal 0 1 0
    outer loop
      vertex -0.9967221617698669 -11.899999618530273 -10.5
      vertex 0.05000000074505806 -11.899999618530273 -2.1843996047973633
      vertex 1.09672212600708 -11.899999618530273 -10.5
    endloop
  endfacet
  facet normal 0 1 0
    outer loop
      vertex 0.05000000074505806 -11.899999618530273 -2.1843996047973633
      vertex -0.9967221617698669 -11.899999618530273 -10.5
      vertex -0.2351209670305252 -11.899999618530273 -2.1657114028930664
    endloop
  endfacet
  facet normal 0 1 0
    outer loop
      vertex -0.2351209670305252 -11.899999618530273 -2.1657114028930664
      vertex -0.9967221617698669 -11.899999618530273 -10.5
      vertex -0.515363872051239 -11.899999618530273 -2.1099681854248047
    endloop
  endfacet
  facet normal 0 1 0
    outer loop
      vertex -0.515363872051239 -11.899999618530273 -2.1099681854248047
      vertex -0.9967221617698669 -11.899999618530273 -10.5
      vertex -0.7859336733818054 -11.899999618530273 -2.0181217193603516
    endloop
  endfacet
  facet normal 0 1 0
    outer loop
      vertex -0.7859336733818054 -11.899999618530273 -2.0181217193603516
      vertex -0.9967221617698669 -11.899999618530273 -10.5
      vertex -1.0421993732452393 -11.899999618530273 -1.8917455673217773
    endloop
  endfacet
  facet normal 0 1 0
    outer loop
      vertex -1.0421993732452393 -11.899999618530273 -1.8917455673217773
      vertex -0.9967221617698669 -11.899999618530273 -10.5
      vertex -1.2797777652740479 -11.899999618530273 -1.7330007553100586
    endloop
  endfacet
  facet normal 0 1 0
    outer loop
      vertex -1.2797777652740479 -11.899999618530273 -1.7330007553100586
      vertex -0.9967221617698669 -11.899999618530273 -10.5
      vertex -1.4946033954620361 -11.899999618530273 -1.5446033477783203
    endloop
  endfacet
  facet normal 0 1 0
    outer loop
      vertex -4.798999786376953 -11.899999618530273 -12.699999809265137
      vertex -1.4946033954620361 -11.899999618530273 -1.5446033477783203
      vertex -0.9967221617698669 -11.899999618530273 -10.5
    endloop
  endfacet
  facet normal 0 1 0
    outer loop
      vertex -1.4946033954620361 -11.899999618530273 -1.5446033477783203
      vertex -4.798999786376953 -11.899999618530273 -12.699999809265137
      vertex -1.6830008029937744 -11.899999618530273 -1.329777717590332
    endloop
  endfacet
  facet normal 0 1 0
    outer loop
      vertex -1.6830008029937744 -11.899999618530273 -1.329777717590332
      vertex -4.798999786376953 -11.899999618530273 -12.699999809265137
      vertex -1.8417456150054932 -11.899999618530273 -1.0921993255615234
    endloop
  endfacet
  facet normal 0 1 0
    outer loop
      vertex -1.8417456150054932 -11.899999618530273 -1.0921993255615234
      vertex -4.798999786376953 -11.899999618530273 -12.699999809265137
      vertex -1.9681217670440674 -11.899999618530273 -0.8359336853027344
    endloop
  endfacet
  facet normal 0 1 0
    outer loop
      vertex -4.798999786376953 -11.899999618530273 -12.699999809265137
      vertex -0.9967221617698669 -11.899999618530273 -10.5
      vertex -0.9967221617698669 -11.899999618530273 -12.699999809265137
    endloop
  endfacet
  facet normal 0 1 0
    outer loop
      vertex -2.0599682331085205 -11.899999618530273 -0.565363883972168
      vertex -4.798999786376953 -11.899999618530273 -12.699999809265137
      vertex -4.798999786376953 -11.899999618530273 5
    endloop
  endfacet
  facet normal 0 -1 0
    outer loop
      vertex -4.798999786376953 -17.899999618530273 5
      vertex 0.05000000074505806 -17.899999618530273 3.5
      vertex 4.598999977111816 -17.899999618530273 5
    endloop
  endfacet
  facet normal 0 -1 0
    outer loop
      vertex -4.798999786376953 -17.899999618530273 5
      vertex -0.4068414568901062 -17.899999618530273 3.4700565338134766
      vertex 0.05000000074505806 -17.899999618530273 3.5
    endloop
  endfacet
  facet normal 0 -1 0
    outer loop
      vertex -4.798999786376953 -17.899999618530273 5
      vertex -0.8558666110038757 -17.899999618530273 3.380740165710449
      vertex -0.4068414568901062 -17.899999618530273 3.4700565338134766
    endloop
  endfacet
  facet normal 0 -1 0
    outer loop
      vertex -4.798999786376953 -17.899999618530273 5
      vertex -1.2893917560577393 -17.899999618530273 3.2335777282714844
      vertex -0.8558666110038757 -17.899999618530273 3.380740165710449
    endloop
  endfacet
  facet normal 0 -1 0
    outer loop
      vertex -4.798999786376953 -17.899999618530273 5
      vertex -1.7000000476837158 -17.899999618530273 3.0310888290405273
      vertex -1.2893917560577393 -17.899999618530273 3.2335777282714844
    endloop
  endfacet
  facet normal 0 -1 0
    outer loop
      vertex -4.798999786376953 -17.899999618530273 5
      vertex -2.080664873123169 -17.899999618530273 2.776736259460449
      vertex -1.7000000476837158 -17.899999618530273 3.0310888290405273
    endloop
  endfacet
  facet normal 0 -1 0
    outer loop
      vertex -4.798999786376953 -17.899999618530273 5
      vertex -2.4248735904693604 -17.899999618530273 2.4748735427856445
      vertex -2.080664873123169 -17.899999618530273 2.776736259460449
    endloop
  endfacet
  facet normal 0 -1 0
    outer loop
      vertex -4.798999786376953 -17.899999618530273 5
      vertex -2.726736307144165 -17.899999618530273 2.130664825439453
      vertex -2.4248735904693604 -17.899999618530273 2.4748735427856445
    endloop
  endfacet
  facet normal 0 -1 0
    outer loop
      vertex -4.798999786376953 -17.899999618530273 5
      vertex -2.981088876724243 -17.899999618530273 1.75
      vertex -2.726736307144165 -17.899999618530273 2.130664825439453
    endloop
  endfacet
  facet normal 0 -1 0
    outer loop
      vertex -4.798999786376953 -17.899999618530273 5
      vertex -3.1835777759552 -17.899999618530273 1.3393917083740234
      vertex -2.981088876724243 -17.899999618530273 1.75
    endloop
  endfacet
  facet normal 0 -1 0
    outer loop
      vertex -4.798999786376953 -17.899999618530273 5
      vertex -3.330740213394165 -17.899999618530273 0.9058666229248047
      vertex -3.1835777759552 -17.899999618530273 1.3393917083740234
    endloop
  endfacet
  facet normal 0 -1 0
    outer loop
      vertex -4.798999786376953 -17.899999618530273 5
      vertex -3.4200565814971924 -17.899999618530273 0.45684146881103516
      vertex -3.330740213394165 -17.899999618530273 0.9058666229248047
    endloop
  endfacet
  facet normal 0 -1 0
    outer loop
      vertex -4.798999786376953 -17.899999618530273 5
      vertex -3.450000047683716 -17.899999618530273 0
      vertex -3.4200565814971924 -17.899999618530273 0.45684146881103516
    endloop
  endfacet
  facet normal 0 -1 0
    outer loop
      vertex -4.798999786376953 -17.899999618530273 -6.699999809265137
      vertex -3.450000047683716 -17.899999618530273 0
      vertex -4.798999786376953 -17.899999618530273 5
    endloop
  endfacet
  facet normal 0 -1 0
    outer loop
      vertex -3.450000047683716 -17.899999618530273 0
      vertex -4.798999786376953 -17.899999618530273 -6.699999809265137
      vertex -3.4200565814971924 -17.899999618530273 -0.45684146881103516
    endloop
  endfacet
  facet normal 0 -1 0
    outer loop
      vertex -0.4068414568901062 -17.899999618530273 -3.4700565338134766
      vertex -4.798999786376953 -17.899999618530273 -6.699999809265137
      vertex 0.05000000074505806 -17.899999618530273 -3.5
    endloop
  endfacet
  facet normal 0 -1 0
    outer loop
      vertex -0.8558666110038757 -17.899999618530273 -3.380740165710449
      vertex -4.798999786376953 -17.899999618530273 -6.699999809265137
      vertex -0.4068414568901062 -17.899999618530273 -3.4700565338134766
    endloop
  endfacet
  facet normal 0 -1 0
    outer loop
      vertex -1.2893917560577393 -17.899999618530273 -3.2335777282714844
      vertex -4.798999786376953 -17.899999618530273 -6.699999809265137
      vertex -0.8558666110038757 -17.899999618530273 -3.380740165710449
    endloop
  endfacet
  facet normal 0 -1 0
    outer loop
      vertex -1.7000000476837158 -17.899999618530273 -3.0310888290405273
      vertex -4.798999786376953 -17.899999618530273 -6.699999809265137
      vertex -1.2893917560577393 -17.899999618530273 -3.2335777282714844
    endloop
  endfacet
  facet normal 0 -1 0
    outer loop
      vertex -2.080664873123169 -17.899999618530273 -2.776736259460449
      vertex -4.798999786376953 -17.899999618530273 -6.699999809265137
      vertex -1.7000000476837158 -17.899999618530273 -3.0310888290405273
    endloop
  endfacet
  facet normal 0 -1 0
    outer loop
      vertex -2.4248735904693604 -17.899999618530273 -2.4748735427856445
      vertex -4.798999786376953 -17.899999618530273 -6.699999809265137
      vertex -2.080664873123169 -17.899999618530273 -2.776736259460449
    endloop
  endfacet
  facet normal 0 -1 0
    outer loop
      vertex -2.726736307144165 -17.899999618530273 -2.130664825439453
      vertex -4.798999786376953 -17.899999618530273 -6.699999809265137
      vertex -2.4248735904693604 -17.899999618530273 -2.4748735427856445
    endloop
  endfacet
  facet normal 0 -1 0
    outer loop
      vertex -2.981088876724243 -17.899999618530273 -1.75
      vertex -4.798999786376953 -17.899999618530273 -6.699999809265137
      vertex -2.726736307144165 -17.899999618530273 -2.130664825439453
    endloop
  endfacet
  facet normal 0 -1 0
    outer loop
      vertex -3.1835777759552 -17.899999618530273 -1.3393917083740234
      vertex -4.798999786376953 -17.899999618530273 -6.699999809265137
      vertex -2.981088876724243 -17.899999618530273 -1.75
    endloop
  endfacet
  facet normal 0 -1 0
    outer loop
      vertex -3.330740213394165 -17.899999618530273 -0.9058666229248047
      vertex -4.798999786376953 -17.899999618530273 -6.699999809265137
      vertex -3.1835777759552 -17.899999618530273 -1.3393917083740234
    endloop
  endfacet
  facet normal 0 -1 0
    outer loop
      vertex -3.4200565814971924 -17.899999618530273 -0.45684146881103516
      vertex -4.798999786376953 -17.899999618530273 -6.699999809265137
      vertex -3.330740213394165 -17.899999618530273 -0.9058666229248047
    endloop
  endfacet
  facet normal 0 -1 0
    outer loop
      vertex 0.5068414807319641 -17.899999618530273 3.4700565338134766
      vertex 4.598999977111816 -17.899999618530273 5
      vertex 0.05000000074505806 -17.899999618530273 3.5
    endloop
  endfacet
  facet normal 0 -1 0
    outer loop
      vertex 0.9558666348457336 -17.899999618530273 3.380740165710449
      vertex 4.598999977111816 -17.899999618530273 5
      vertex 0.5068414807319641 -17.899999618530273 3.4700565338134766
    endloop
  endfacet
  facet normal 0 -1 0
    outer loop
      vertex 1.3893916606903076 -17.899999618530273 3.2335777282714844
      vertex 4.598999977111816 -17.899999618530273 5
      vertex 0.9558666348457336 -17.899999618530273 3.380740165710449
    endloop
  endfacet
  facet normal 0 -1 0
    outer loop
      vertex 1.7999999523162842 -17.899999618530273 3.0310888290405273
      vertex 4.598999977111816 -17.899999618530273 5
      vertex 1.3893916606903076 -17.899999618530273 3.2335777282714844
    endloop
  endfacet
  facet normal 0 -1 0
    outer loop
      vertex 2.1806647777557373 -17.899999618530273 2.776736259460449
      vertex 4.598999977111816 -17.899999618530273 5
      vertex 1.7999999523162842 -17.899999618530273 3.0310888290405273
    endloop
  endfacet
  facet normal 0 -1 0
    outer loop
      vertex 2.5248734951019287 -17.899999618530273 2.4748735427856445
      vertex 4.598999977111816 -17.899999618530273 5
      vertex 2.1806647777557373 -17.899999618530273 2.776736259460449
    endloop
  endfacet
  facet normal 0 -1 0
    outer loop
      vertex 2.8267362117767334 -17.899999618530273 2.130664825439453
      vertex 4.598999977111816 -17.899999618530273 5
      vertex 2.5248734951019287 -17.899999618530273 2.4748735427856445
    endloop
  endfacet
  facet normal 0 -1 0
    outer loop
      vertex 3.0810887813568115 -17.899999618530273 1.75
      vertex 4.598999977111816 -17.899999618530273 5
      vertex 2.8267362117767334 -17.899999618530273 2.130664825439453
    endloop
  endfacet
  facet normal 0 -1 0
    outer loop
      vertex 3.2835776805877686 -17.899999618530273 1.3393917083740234
      vertex 4.598999977111816 -17.899999618530273 5
      vertex 3.0810887813568115 -17.899999618530273 1.75
    endloop
  endfacet
  facet normal 0 -1 0
    outer loop
      vertex 3.4307401180267334 -17.899999618530273 0.9058666229248047
      vertex 4.598999977111816 -17.899999618530273 5
      vertex 3.2835776805877686 -17.899999618530273 1.3393917083740234
    endloop
  endfacet
  facet normal 0 -1 0
    outer loop
      vertex 3.5200564861297607 -17.899999618530273 0.45684146881103516
      vertex 4.598999977111816 -17.899999618530273 5
      vertex 3.4307401180267334 -17.899999618530273 0.9058666229248047
    endloop
  endfacet
  facet normal 0 -1 0
    outer loop
      vertex 3.549999952316284 -17.899999618530273 0
      vertex 4.598999977111816 -17.899999618530273 5
      vertex 3.5200564861297607 -17.899999618530273 0.45684146881103516
    endloop
  endfacet
  facet normal 0 -1 0
    outer loop
      vertex 4.598999977111816 -17.899999618530273 -6.699999809265137
      vertex 3.549999952316284 -17.899999618530273 0
      vertex 3.5200564861297607 -17.899999618530273 -0.45684146881103516
    endloop
  endfacet
  facet normal 0 -1 0
    outer loop
      vertex 4.598999977111816 -17.899999618530273 -6.699999809265137
      vertex 0.05000000074505806 -17.899999618530273 -3.5
      vertex -4.798999786376953 -17.899999618530273 -6.699999809265137
    endloop
  endfacet
  facet normal 0 -1 0
    outer loop
      vertex 0.05000000074505806 -17.899999618530273 -3.5
      vertex 4.598999977111816 -17.899999618530273 -6.699999809265137
      vertex 0.5068414807319641 -17.899999618530273 -3.4700565338134766
    endloop
  endfacet
  facet normal 0 -1 0
    outer loop
      vertex 0.5068414807319641 -17.899999618530273 -3.4700565338134766
      vertex 4.598999977111816 -17.899999618530273 -6.699999809265137
      vertex 0.9558666348457336 -17.899999618530273 -3.380740165710449
    endloop
  endfacet
  facet normal 0 -1 0
    outer loop
      vertex 0.9558666348457336 -17.899999618530273 -3.380740165710449
      vertex 4.598999977111816 -17.899999618530273 -6.699999809265137
      vertex 1.3893916606903076 -17.899999618530273 -3.2335777282714844
    endloop
  endfacet
  facet normal 0 -1 0
    outer loop
      vertex 3.549999952316284 -17.899999618530273 0
      vertex 4.598999977111816 -17.899999618530273 -6.699999809265137
      vertex 4.598999977111816 -17.899999618530273 5
    endloop
  endfacet
  facet normal 0 -1 0
    outer loop
      vertex 3.4307401180267334 -17.899999618530273 -0.9058666229248047
      vertex 4.598999977111816 -17.899999618530273 -6.699999809265137
      vertex 3.5200564861297607 -17.899999618530273 -0.45684146881103516
    endloop
  endfacet
  facet normal 0 -1 0
    outer loop
      vertex 3.2835776805877686 -17.899999618530273 -1.3393917083740234
      vertex 4.598999977111816 -17.899999618530273 -6.699999809265137
      vertex 3.4307401180267334 -17.899999618530273 -0.9058666229248047
    endloop
  endfacet
  facet normal 0 -1 0
    outer loop
      vertex 3.0810887813568115 -17.899999618530273 -1.75
      vertex 4.598999977111816 -17.899999618530273 -6.699999809265137
      vertex 3.2835776805877686 -17.899999618530273 -1.3393917083740234
    endloop
  endfacet
  facet normal 0 -1 0
    outer loop
      vertex 2.8267362117767334 -17.899999618530273 -2.130664825439453
      vertex 4.598999977111816 -17.899999618530273 -6.699999809265137
      vertex 3.0810887813568115 -17.899999618530273 -1.75
    endloop
  endfacet
  facet normal 0 -1 0
    outer loop
      vertex 2.5248734951019287 -17.899999618530273 -2.4748735427856445
      vertex 4.598999977111816 -17.899999618530273 -6.699999809265137
      vertex 2.8267362117767334 -17.899999618530273 -2.130664825439453
    endloop
  endfacet
  facet normal 0 -1 0
    outer loop
      vertex 2.1806647777557373 -17.899999618530273 -2.776736259460449
      vertex 4.598999977111816 -17.899999618530273 -6.699999809265137
      vertex 2.5248734951019287 -17.899999618530273 -2.4748735427856445
    endloop
  endfacet
  facet normal 0 -1 0
    outer loop
      vertex 1.7999999523162842 -17.899999618530273 -3.0310888290405273
      vertex 4.598999977111816 -17.899999618530273 -6.699999809265137
      vertex 2.1806647777557373 -17.899999618530273 -2.776736259460449
    endloop
  endfacet
  facet normal 0 -1 0
    outer loop
      vertex 1.3893916606903076 -17.899999618530273 -3.2335777282714844
      vertex 4.598999977111816 -17.899999618530273 -6.699999809265137
      vertex 1.7999999523162842 -17.899999618530273 -3.0310888290405273
    endloop
  endfacet
  facet normal 0 0 1
    outer loop
      vertex 4.598999977111816 -17.899999618530273 -6.699999809265137
      vertex 2.2343995571136475 -22.399999618530273 -6.699999809265137
      vertex 4.598999977111816 -29.899999618530273 -6.699999809265137
    endloop
  endfacet
  facet normal 0 0 1
    outer loop
      vertex 4.598999977111816 -17.899999618530273 -6.699999809265137
      vertex 2.2157113552093506 -22.114879608154297 -6.699999809265137
      vertex 2.2343995571136475 -22.399999618530273 -6.699999809265137
    endloop
  endfacet
  facet normal 0 0 1
    outer loop
      vertex 4.598999977111816 -17.899999618530273 -6.699999809265137
      vertex 2.159968137741089 -21.834636688232422 -6.699999809265137
      vertex 2.2157113552093506 -22.114879608154297 -6.699999809265137
    endloop
  endfacet
  facet normal 0 0 1
    outer loop
      vertex 4.598999977111816 -17.899999618530273 -6.699999809265137
      vertex 2.0681216716766357 -21.56406593322754 -6.699999809265137
      vertex 2.159968137741089 -21.834636688232422 -6.699999809265137
    endloop
  endfacet
  facet normal 0 0 1
    outer loop
      vertex 4.598999977111816 -17.899999618530273 -6.699999809265137
      vertex 1.9417455196380615 -21.30780029296875 -6.699999809265137
      vertex 2.0681216716766357 -21.56406593322754 -6.699999809265137
    endloop
  endfacet
  facet normal 0 0 1
    outer loop
      vertex 4.598999977111816 -17.899999618530273 -6.699999809265137
      vertex 1.7830007076263428 -21.070222854614258 -6.699999809265137
      vertex 1.9417455196380615 -21.30780029296875 -6.699999809265137
    endloop
  endfacet
  facet normal 0 0 1
    outer loop
      vertex 4.598999977111816 -17.899999618530273 -6.699999809265137
      vertex 1.5946033000946045 -20.855396270751953 -6.699999809265137
      vertex 1.7830007076263428 -21.070222854614258 -6.699999809265137
    endloop
  endfacet
  facet normal 0 0 1
    outer loop
      vertex 4.598999977111816 -17.899999618530273 -6.699999809265137
      vertex 1.3797776699066162 -20.66699981689453 -6.699999809265137
      vertex 1.5946033000946045 -20.855396270751953 -6.699999809265137
    endloop
  endfacet
  facet normal 0 0 1
    outer loop
      vertex 4.598999977111816 -17.899999618530273 -6.699999809265137
      vertex 1.1421992778778076 -20.508255004882812 -6.699999809265137
      vertex 1.3797776699066162 -20.66699981689453 -6.699999809265137
    endloop
  endfacet
  facet normal 0 0 1
    outer loop
      vertex 4.598999977111816 -17.899999618530273 -6.699999809265137
      vertex 0.8859336972236633 -20.381877899169922 -6.699999809265137
      vertex 1.1421992778778076 -20.508255004882812 -6.699999809265137
    endloop
  endfacet
  facet normal 0 0 1
    outer loop
      vertex 4.598999977111816 -17.899999618530273 -6.699999809265137
      vertex 0.6153638958930969 -20.29003143310547 -6.699999809265137
      vertex 0.8859336972236633 -20.381877899169922 -6.699999809265137
    endloop
  endfacet
  facet normal 0 0 1
    outer loop
      vertex 4.598999977111816 -17.899999618530273 -6.699999809265137
      vertex 0.3351209759712219 -20.234289169311523 -6.699999809265137
      vertex 0.6153638958930969 -20.29003143310547 -6.699999809265137
    endloop
  endfacet
  facet normal 0 0 1
    outer loop
      vertex 4.598999977111816 -17.899999618530273 -6.699999809265137
      vertex 0.05000000074505806 -20.215600967407227 -6.699999809265137
      vertex 0.3351209759712219 -20.234289169311523 -6.699999809265137
    endloop
  endfacet
  facet normal 0 0 1
    outer loop
      vertex -4.798999786376953 -17.899999618530273 -6.699999809265137
      vertex 0.05000000074505806 -20.215600967407227 -6.699999809265137
      vertex 4.598999977111816 -17.899999618530273 -6.699999809265137
    endloop
  endfacet
  facet normal 0 0 1
    outer loop
      vertex 0.05000000074505806 -20.215600967407227 -6.699999809265137
      vertex -4.798999786376953 -17.899999618530273 -6.699999809265137
      vertex -0.2351209670305252 -20.234289169311523 -6.699999809265137
    endloop
  endfacet
  facet normal 0 0 1
    outer loop
      vertex -0.2351209670305252 -20.234289169311523 -6.699999809265137
      vertex -4.798999786376953 -17.899999618530273 -6.699999809265137
      vertex -0.515363872051239 -20.29003143310547 -6.699999809265137
    endloop
  endfacet
  facet normal 0 0 1
    outer loop
      vertex -4.798999786376953 -29.899999618530273 -6.699999809265137
      vertex -2.134399652481079 -22.399999618530273 -6.699999809265137
      vertex -4.798999786376953 -17.899999618530273 -6.699999809265137
    endloop
  endfacet
  facet normal 0 0 1
    outer loop
      vertex -2.1157114505767822 -22.114879608154297 -6.699999809265137
      vertex -4.798999786376953 -17.899999618530273 -6.699999809265137
      vertex -2.134399652481079 -22.399999618530273 -6.699999809265137
    endloop
  endfacet
  facet normal 0 0 1
    outer loop
      vertex -2.0599682331085205 -21.834636688232422 -6.699999809265137
      vertex -4.798999786376953 -17.899999618530273 -6.699999809265137
      vertex -2.1157114505767822 -22.114879608154297 -6.699999809265137
    endloop
  endfacet
  facet normal 0 0 1
    outer loop
      vertex -1.9681217670440674 -21.56406593322754 -6.699999809265137
      vertex -4.798999786376953 -17.899999618530273 -6.699999809265137
      vertex -2.0599682331085205 -21.834636688232422 -6.699999809265137
    endloop
  endfacet
  facet normal 0 0 1
    outer loop
      vertex -1.8417456150054932 -21.30780029296875 -6.699999809265137
      vertex -4.798999786376953 -17.899999618530273 -6.699999809265137
      vertex -1.9681217670440674 -21.56406593322754 -6.699999809265137
    endloop
  endfacet
  facet normal 0 0 1
    outer loop
      vertex -1.6830008029937744 -21.070222854614258 -6.699999809265137
      vertex -4.798999786376953 -17.899999618530273 -6.699999809265137
      vertex -1.8417456150054932 -21.30780029296875 -6.699999809265137
    endloop
  endfacet
  facet normal 0 0 1
    outer loop
      vertex -1.4946033954620361 -20.855396270751953 -6.699999809265137
      vertex -4.798999786376953 -17.899999618530273 -6.699999809265137
      vertex -1.6830008029937744 -21.070222854614258 -6.699999809265137
    endloop
  endfacet
  facet normal 0 0 1
    outer loop
      vertex -1.2797777652740479 -20.66699981689453 -6.699999809265137
      vertex -4.798999786376953 -17.899999618530273 -6.699999809265137
      vertex -1.4946033954620361 -20.855396270751953 -6.699999809265137
    endloop
  endfacet
  facet normal 0 0 1
    outer loop
      vertex -1.0421993732452393 -20.508255004882812 -6.699999809265137
      vertex -4.798999786376953 -17.899999618530273 -6.699999809265137
      vertex -1.2797777652740479 -20.66699981689453 -6.699999809265137
    endloop
  endfacet
  facet normal 0 0 1
    outer loop
      vertex -0.7859336733818054 -20.381877899169922 -6.699999809265137
      vertex -4.798999786376953 -17.899999618530273 -6.699999809265137
      vertex -1.0421993732452393 -20.508255004882812 -6.699999809265137
    endloop
  endfacet
  facet normal 0 0 1
    outer loop
      vertex -0.515363872051239 -20.29003143310547 -6.699999809265137
      vertex -4.798999786376953 -17.899999618530273 -6.699999809265137
      vertex -0.7859336733818054 -20.381877899169922 -6.699999809265137
    endloop
  endfacet
  facet normal 0 0 1
    outer loop
      vertex 2.2343995571136475 -26.399999618530273 -6.699999809265137
      vertex 4.598999977111816 -29.899999618530273 -6.699999809265137
      vertex 2.2343995571136475 -22.399999618530273 -6.699999809265137
    endloop
  endfacet
  facet normal 0 0 1
    outer loop
      vertex 2.2157113552093506 -26.685121536254883 -6.699999809265137
      vertex 4.598999977111816 -29.899999618530273 -6.699999809265137
      vertex 2.2343995571136475 -26.399999618530273 -6.699999809265137
    endloop
  endfacet
  facet normal 0 0 1
    outer loop
      vertex 2.159968137741089 -26.965364456176758 -6.699999809265137
      vertex 4.598999977111816 -29.899999618530273 -6.699999809265137
      vertex 2.2157113552093506 -26.685121536254883 -6.699999809265137
    endloop
  endfacet
  facet normal 0 0 1
    outer loop
      vertex 2.0681216716766357 -27.235933303833008 -6.699999809265137
      vertex 4.598999977111816 -29.899999618530273 -6.699999809265137
      vertex 2.159968137741089 -26.965364456176758 -6.699999809265137
    endloop
  endfacet
  facet normal 0 0 1
    outer loop
      vertex 1.9417455196380615 -27.492198944091797 -6.699999809265137
      vertex 4.598999977111816 -29.899999618530273 -6.699999809265137
      vertex 2.0681216716766357 -27.235933303833008 -6.699999809265137
    endloop
  endfacet
  facet normal 0 0 1
    outer loop
      vertex 1.7830007076263428 -27.729778289794922 -6.699999809265137
      vertex 4.598999977111816 -29.899999618530273 -6.699999809265137
      vertex 1.9417455196380615 -27.492198944091797 -6.699999809265137
    endloop
  endfacet
  facet normal 0 0 1
    outer loop
      vertex 1.5946033000946045 -27.944602966308594 -6.699999809265137
      vertex 4.598999977111816 -29.899999618530273 -6.699999809265137
      vertex 1.7830007076263428 -27.729778289794922 -6.699999809265137
    endloop
  endfacet
  facet normal 0 0 1
    outer loop
      vertex 1.3797776699066162 -28.13300132751465 -6.699999809265137
      vertex 4.598999977111816 -29.899999618530273 -6.699999809265137
      vertex 1.5946033000946045 -27.944602966308594 -6.699999809265137
    endloop
  endfacet
  facet normal 0 0 1
    outer loop
      vertex 1.1421992778778076 -28.291746139526367 -6.699999809265137
      vertex 4.598999977111816 -29.899999618530273 -6.699999809265137
      vertex 1.3797776699066162 -28.13300132751465 -6.699999809265137
    endloop
  endfacet
  facet normal 0 0 1
    outer loop
      vertex 0.8859336972236633 -28.418121337890625 -6.699999809265137
      vertex 4.598999977111816 -29.899999618530273 -6.699999809265137
      vertex 1.1421992778778076 -28.291746139526367 -6.699999809265137
    endloop
  endfacet
  facet normal 0 0 1
    outer loop
      vertex 0.6153638958930969 -28.509967803955078 -6.699999809265137
      vertex 4.598999977111816 -29.899999618530273 -6.699999809265137
      vertex 0.8859336972236633 -28.418121337890625 -6.699999809265137
    endloop
  endfacet
  facet normal 0 0 1
    outer loop
      vertex 0.3351209759712219 -28.565711975097656 -6.699999809265137
      vertex 4.598999977111816 -29.899999618530273 -6.699999809265137
      vertex 0.6153638958930969 -28.509967803955078 -6.699999809265137
    endloop
  endfacet
  facet normal 0 0 1
    outer loop
      vertex 0.05000000074505806 -28.584400177001953 -6.699999809265137
      vertex 4.598999977111816 -29.899999618530273 -6.699999809265137
      vertex 0.3351209759712219 -28.565711975097656 -6.699999809265137
    endloop
  endfacet
  facet normal 0 0 1
    outer loop
      vertex -4.798999786376953 -29.899999618530273 -6.699999809265137
      vertex 0.05000000074505806 -28.584400177001953 -6.699999809265137
      vertex -0.2351209670305252 -28.565711975097656 -6.699999809265137
    endloop
  endfacet
  facet normal 0 0 1
    outer loop
      vertex -4.798999786376953 -29.899999618530273 -6.699999809265137
      vertex -0.2351209670305252 -28.565711975097656 -6.699999809265137
      vertex -0.515363872051239 -28.509967803955078 -6.699999809265137
    endloop
  endfacet
  facet normal 0 0 1
    outer loop
      vertex -2.134399652481079 -22.399999618530273 -6.699999809265137
      vertex -4.798999786376953 -29.899999618530273 -6.699999809265137
      vertex -2.134399652481079 -26.399999618530273 -6.699999809265137
    endloop
  endfacet
  facet normal 0 0 1
    outer loop
      vertex -2.134399652481079 -26.399999618530273 -6.699999809265137
      vertex -4.798999786376953 -29.899999618530273 -6.699999809265137
      vertex -2.1157114505767822 -26.685121536254883 -6.699999809265137
    endloop
  endfacet
  facet normal 0 0 1
    outer loop
      vertex 0.05000000074505806 -28.584400177001953 -6.699999809265137
      vertex -4.798999786376953 -29.899999618530273 -6.699999809265137
      vertex 4.598999977111816 -29.899999618530273 -6.699999809265137
    endloop
  endfacet
  facet normal 0 0 1
    outer loop
      vertex -0.7859336733818054 -28.418121337890625 -6.699999809265137
      vertex -4.798999786376953 -29.899999618530273 -6.699999809265137
      vertex -0.515363872051239 -28.509967803955078 -6.699999809265137
    endloop
  endfacet
  facet normal 0 0 1
    outer loop
      vertex -1.0421993732452393 -28.291746139526367 -6.699999809265137
      vertex -4.798999786376953 -29.899999618530273 -6.699999809265137
      vertex -0.7859336733818054 -28.418121337890625 -6.699999809265137
    endloop
  endfacet
  facet normal 0 0 1
    outer loop
      vertex -1.2797777652740479 -28.13300132751465 -6.699999809265137
      vertex -4.798999786376953 -29.899999618530273 -6.699999809265137
      vertex -1.0421993732452393 -28.291746139526367 -6.699999809265137
    endloop
  endfacet
  facet normal 0 0 1
    outer loop
      vertex -1.4946033954620361 -27.944602966308594 -6.699999809265137
      vertex -4.798999786376953 -29.899999618530273 -6.699999809265137
      vertex -1.2797777652740479 -28.13300132751465 -6.699999809265137
    endloop
  endfacet
  facet normal 0 0 1
    outer loop
      vertex -1.6830008029937744 -27.729778289794922 -6.699999809265137
      vertex -4.798999786376953 -29.899999618530273 -6.699999809265137
      vertex -1.4946033954620361 -27.944602966308594 -6.699999809265137
    endloop
  endfacet
  facet normal 0 0 1
    outer loop
      vertex -1.8417456150054932 -27.492198944091797 -6.699999809265137
      vertex -4.798999786376953 -29.899999618530273 -6.699999809265137
      vertex -1.6830008029937744 -27.729778289794922 -6.699999809265137
    endloop
  endfacet
  facet normal 0 0 1
    outer loop
      vertex -1.9681217670440674 -27.235933303833008 -6.699999809265137
      vertex -4.798999786376953 -29.899999618530273 -6.699999809265137
      vertex -1.8417456150054932 -27.492198944091797 -6.699999809265137
    endloop
  endfacet
  facet normal 0 0 1
    outer loop
      vertex -2.0599682331085205 -26.965364456176758 -6.699999809265137
      vertex -4.798999786376953 -29.899999618530273 -6.699999809265137
      vertex -1.9681217670440674 -27.235933303833008 -6.699999809265137
    endloop
  endfacet
  facet normal 0 0 1
    outer loop
      vertex -2.1157114505767822 -26.685121536254883 -6.699999809265137
      vertex -4.798999786376953 -29.899999618530273 -6.699999809265137
      vertex -2.0599682331085205 -26.965364456176758 -6.699999809265137
    endloop
  endfacet
  facet normal 0 -1 0
    outer loop
      vertex -4.798999786376953 -29.899999618530273 -12.699999809265137
      vertex 4.598999977111816 -29.899999618530273 -6.699999809265137
      vertex -4.798999786376953 -29.899999618530273 -6.699999809265137
    endloop
  endfacet
  facet normal 0 -1 0
    outer loop
      vertex 4.598999977111816 -29.899999618530273 -6.699999809265137
      vertex -4.798999786376953 -29.899999618530273 -12.699999809265137
      vertex 4.598999977111816 -29.899999618530273 -12.699999809265137
    endloop
  endfacet
  facet normal 0.8314706333917864 0.5555687048485196 0
    outer loop
      vertex -1.6830008029937744 -27.729778289794922 -6.699999809265137
      vertex -1.8417456150054932 -27.492198944091797 -12.699999809265137
      vertex -1.8417456150054932 -27.492198944091797 -6.699999809265137
    endloop
  endfacet
  facet normal 0.8314706333917864 0.5555687048485196 0
    outer loop
      vertex -1.8417456150054932 -27.492198944091797 -12.699999809265137
      vertex -1.6830008029937744 -27.729778289794922 -6.699999809265137
      vertex -1.6830008029937744 -27.729778289794922 -12.699999809265137
    endloop
  endfacet
  facet normal 0.9807856588717692 0.19508841931665094 0
    outer loop
      vertex -2.0599682331085205 -26.965364456176758 -6.699999809265137
      vertex -2.1157114505767822 -26.685121536254883 -12.699999809265137
      vertex -2.1157114505767822 -26.685121536254883 -6.699999809265137
    endloop
  endfacet
  facet normal 0.9807856588717692 0.19508841931665094 0
    outer loop
      vertex -2.1157114505767822 -26.685121536254883 -12.699999809265137
      vertex -2.0599682331085205 -26.965364456176758 -6.699999809265137
      vertex -2.0599682331085205 -26.965364456176758 -12.699999809265137
    endloop
  endfacet
  facet normal 0.9469293641947869 0.3214417197963834 0
    outer loop
      vertex -1.9681217670440674 -27.235933303833008 -6.699999809265137
      vertex -2.0599682331085205 -26.965364456176758 -12.699999809265137
      vertex -2.0599682331085205 -26.965364456176758 -6.699999809265137
    endloop
  endfacet
  facet normal 0.9469293641947869 0.3214417197963834 0
    outer loop
      vertex -2.0599682331085205 -26.965364456176758 -12.699999809265137
      vertex -1.9681217670440674 -27.235933303833008 -6.699999809265137
      vertex -1.9681217670440674 -27.235933303833008 -12.699999809265137
    endloop
  endfacet
  facet normal 0.6593484657654931 0.7518374828995229 0
    outer loop
      vertex -1.2797777652740479 -28.13300132751465 -12.699999809265137
      vertex -1.4946033954620361 -27.944602966308594 -6.699999809265137
      vertex -1.2797777652740479 -28.13300132751465 -6.699999809265137
    endloop
  endfacet
  facet normal 0.6593484657654931 0.7518374828995229 0
    outer loop
      vertex -1.4946033954620361 -27.944602966308594 -6.699999809265137
      vertex -1.2797777652740479 -28.13300132751465 -12.699999809265137
      vertex -1.4946033954620361 -27.944602966308594 -12.699999809265137
    endloop
  endfacet
  facet normal 0.7518376864373337 0.6593482336766796 0
    outer loop
      vertex -1.4946033954620361 -27.944602966308594 -6.699999809265137
      vertex -1.6830008029937744 -27.729778289794922 -12.699999809265137
      vertex -1.6830008029937744 -27.729778289794922 -6.699999809265137
    endloop
  endfacet
  facet normal 0.7518376864373337 0.6593482336766796 0
    outer loop
      vertex -1.6830008029937744 -27.729778289794922 -12.699999809265137
      vertex -1.4946033954620361 -27.944602966308594 -6.699999809265137
      vertex -1.4946033954620361 -27.944602966308594 -12.699999809265137
    endloop
  endfacet
  facet normal -0.32144070387895096 0.9469297090543757 0
    outer loop
      vertex 0.8859336972236633 -28.418121337890625 -12.699999809265137
      vertex 0.6153638958930969 -28.509967803955078 -6.699999809265137
      vertex 0.8859336972236633 -28.418121337890625 -6.699999809265137
    endloop
  endfacet
  facet normal -0.32144070387895096 0.9469297090543757 0
    outer loop
      vertex 0.6153638958930969 -28.509967803955078 -6.699999809265137
      vertex 0.8859336972236633 -28.418121337890625 -12.699999809265137
      vertex 0.6153638958930969 -28.509967803955078 -12.699999809265137
    endloop
  endfacet
  facet normal 0.8968728474640445 0.44228847541139593 0
    outer loop
      vertex -1.8417456150054932 -27.492198944091797 -6.699999809265137
      vertex -1.9681217670440674 -27.235933303833008 -12.699999809265137
      vertex -1.9681217670440674 -27.235933303833008 -6.699999809265137
    endloop
  endfacet
  facet normal 0.8968728474640445 0.44228847541139593 0
    outer loop
      vertex -1.9681217670440674 -27.235933303833008 -12.699999809265137
      vertex -1.8417456150054932 -27.492198944091797 -6.699999809265137
      vertex -1.8417456150054932 -27.492198944091797 -12.699999809265137
    endloop
  endfacet
  facet normal 0.19509163990367362 0.9807850182581784 0
    outer loop
      vertex -0.2351209670305252 -28.565711975097656 -12.699999809265137
      vertex -0.515363872051239 -28.509967803955078 -6.699999809265137
      vertex -0.2351209670305252 -28.565711975097656 -6.699999809265137
    endloop
  endfacet
  facet normal 0.19509163990367362 0.9807850182581784 0
    outer loop
      vertex -0.515363872051239 -28.509967803955078 -6.699999809265137
      vertex -0.2351209670305252 -28.565711975097656 -12.699999809265137
      vertex -0.515363872051239 -28.509967803955078 -12.699999809265137
    endloop
  endfacet
  facet normal -0.5555702466339772 0.8314696032057106 0
    outer loop
      vertex 1.3797776699066162 -28.13300132751465 -12.699999809265137
      vertex 1.1421992778778076 -28.291746139526367 -6.699999809265137
      vertex 1.3797776699066162 -28.13300132751465 -6.699999809265137
    endloop
  endfacet
  facet normal -0.5555702466339772 0.8314696032057106 0
    outer loop
      vertex 1.1421992778778076 -28.291746139526367 -6.699999809265137
      vertex 1.3797776699066162 -28.13300132751465 -12.699999809265137
      vertex 1.1421992778778076 -28.291746139526367 -12.699999809265137
    endloop
  endfacet
  facet normal -0.997858849213609 0.06540425862351619 0
    outer loop
      vertex 2.2157113552093506 -26.685121536254883 -12.699999809265137
      vertex 2.2343995571136475 -26.399999618530273 -6.699999809265137
      vertex 2.2343995571136475 -26.399999618530273 -12.699999809265137
    endloop
  endfacet
  facet normal -0.997858849213609 0.06540425862351619 0
    outer loop
      vertex 2.2343995571136475 -26.399999618530273 -6.699999809265137
      vertex 2.2157113552093506 -26.685121536254883 -12.699999809265137
      vertex 2.2157113552093506 -26.685121536254883 -6.699999809265137
    endloop
  endfacet
  facet normal -0.8968728474640445 0.44228847541139593 0
    outer loop
      vertex 1.9417455196380615 -27.492198944091797 -12.699999809265137
      vertex 2.0681216716766357 -27.235933303833008 -6.699999809265137
      vertex 2.0681216716766357 -27.235933303833008 -12.699999809265137
    endloop
  endfacet
  facet normal -0.8968728474640445 0.44228847541139593 0
    outer loop
      vertex 2.0681216716766357 -27.235933303833008 -6.699999809265137
      vertex 1.9417455196380615 -27.492198944091797 -12.699999809265137
      vertex 1.9417455196380615 -27.492198944091797 -6.699999809265137
    endloop
  endfacet
  facet normal 0.32144070387895096 0.9469297090543757 0
    outer loop
      vertex -0.515363872051239 -28.509967803955078 -12.699999809265137
      vertex -0.7859336733818054 -28.418121337890625 -6.699999809265137
      vertex -0.515363872051239 -28.509967803955078 -6.699999809265137
    endloop
  endfacet
  facet normal 0.32144070387895096 0.9469297090543757 0
    outer loop
      vertex -0.7859336733818054 -28.418121337890625 -6.699999809265137
      vertex -0.515363872051239 -28.509967803955078 -12.699999809265137
      vertex -0.7859336733818054 -28.418121337890625 -12.699999809265137
    endloop
  endfacet
  facet normal 0.4422857079171753 0.8968742122350286 0
    outer loop
      vertex -0.7859336733818054 -28.418121337890625 -12.699999809265137
      vertex -1.0421993732452393 -28.291746139526367 -6.699999809265137
      vertex -0.7859336733818054 -28.418121337890625 -6.699999809265137
    endloop
  endfacet
  facet normal 0.4422857079171753 0.8968742122350286 0
    outer loop
      vertex -1.0421993732452393 -28.291746139526367 -6.699999809265137
      vertex -0.7859336733818054 -28.418121337890625 -12.699999809265137
      vertex -1.0421993732452393 -28.291746139526367 -12.699999809265137
    endloop
  endfacet
  facet normal 0.5555702466339772 0.8314696032057106 0
    outer loop
      vertex -1.0421993732452393 -28.291746139526367 -12.699999809265137
      vertex -1.2797777652740479 -28.13300132751465 -6.699999809265137
      vertex -1.0421993732452393 -28.291746139526367 -6.699999809265137
    endloop
  endfacet
  facet normal 0.5555702466339772 0.8314696032057106 0
    outer loop
      vertex -1.2797777652740479 -28.13300132751465 -6.699999809265137
      vertex -1.0421993732452393 -28.291746139526367 -12.699999809265137
      vertex -1.2797777652740479 -28.13300132751465 -12.699999809265137
    endloop
  endfacet
  facet normal 0.997858849213609 0.06540425862351619 0
    outer loop
      vertex -2.1157114505767822 -26.685121536254883 -6.699999809265137
      vertex -2.134399652481079 -26.399999618530273 -12.699999809265137
      vertex -2.134399652481079 -26.399999618530273 -6.699999809265137
    endloop
  endfacet
  facet normal 0.997858849213609 0.06540425862351619 0
    outer loop
      vertex -2.134399652481079 -26.399999618530273 -12.699999809265137
      vertex -2.1157114505767822 -26.685121536254883 -6.699999809265137
      vertex -2.1157114505767822 -26.685121536254883 -12.699999809265137
    endloop
  endfacet
  facet normal 0.06540447560136016 0.9978588349918596 0
    outer loop
      vertex 0.05000000074505806 -28.584400177001953 -12.699999809265137
      vertex -0.2351209670305252 -28.565711975097656 -6.699999809265137
      vertex 0.05000000074505806 -28.584400177001953 -6.699999809265137
    endloop
  endfacet
  facet normal 0.06540447560136016 0.9978588349918596 0
    outer loop
      vertex -0.2351209670305252 -28.565711975097656 -6.699999809265137
      vertex 0.05000000074505806 -28.584400177001953 -12.699999809265137
      vertex -0.2351209670305252 -28.565711975097656 -12.699999809265137
    endloop
  endfacet
  facet normal -0.6593484657654931 0.7518374828995229 0
    outer loop
      vertex 1.5946033000946045 -27.944602966308594 -12.699999809265137
      vertex 1.3797776699066162 -28.13300132751465 -6.699999809265137
      vertex 1.5946033000946045 -27.944602966308594 -6.699999809265137
    endloop
  endfacet
  facet normal -0.6593484657654931 0.7518374828995229 0
    outer loop
      vertex 1.3797776699066162 -28.13300132751465 -6.699999809265137
      vertex 1.5946033000946045 -27.944602966308594 -12.699999809265137
      vertex 1.3797776699066162 -28.13300132751465 -12.699999809265137
    endloop
  endfacet
  facet normal -0.4422858734125043 0.8968741306224293 0
    outer loop
      vertex 1.1421992778778076 -28.291746139526367 -12.699999809265137
      vertex 0.8859336972236633 -28.418121337890625 -6.699999809265137
      vertex 1.1421992778778076 -28.291746139526367 -6.699999809265137
    endloop
  endfacet
  facet normal -0.4422858734125043 0.8968741306224293 0
    outer loop
      vertex 0.8859336972236633 -28.418121337890625 -6.699999809265137
      vertex 1.1421992778778076 -28.291746139526367 -12.699999809265137
      vertex 0.8859336972236633 -28.418121337890625 -12.699999809265137
    endloop
  endfacet
  facet normal -0.8314706333917864 0.5555687048485196 0
    outer loop
      vertex 1.7830007076263428 -27.729778289794922 -12.699999809265137
      vertex 1.9417455196380615 -27.492198944091797 -6.699999809265137
      vertex 1.9417455196380615 -27.492198944091797 -12.699999809265137
    endloop
  endfacet
  facet normal -0.8314706333917864 0.5555687048485196 0
    outer loop
      vertex 1.9417455196380615 -27.492198944091797 -6.699999809265137
      vertex 1.7830007076263428 -27.729778289794922 -12.699999809265137
      vertex 1.7830007076263428 -27.729778289794922 -6.699999809265137
    endloop
  endfacet
  facet normal -0.7518376864373337 0.6593482336766796 0
    outer loop
      vertex 1.5946033000946045 -27.944602966308594 -12.699999809265137
      vertex 1.7830007076263428 -27.729778289794922 -6.699999809265137
      vertex 1.7830007076263428 -27.729778289794922 -12.699999809265137
    endloop
  endfacet
  facet normal -0.7518376864373337 0.6593482336766796 0
    outer loop
      vertex 1.7830007076263428 -27.729778289794922 -6.699999809265137
      vertex 1.5946033000946045 -27.944602966308594 -12.699999809265137
      vertex 1.5946033000946045 -27.944602966308594 -6.699999809265137
    endloop
  endfacet
  facet normal -0.9807856588717692 0.19508841931665094 0
    outer loop
      vertex 2.159968137741089 -26.965364456176758 -12.699999809265137
      vertex 2.2157113552093506 -26.685121536254883 -6.699999809265137
      vertex 2.2157113552093506 -26.685121536254883 -12.699999809265137
    endloop
  endfacet
  facet normal -0.9807856588717692 0.19508841931665094 0
    outer loop
      vertex 2.2157113552093506 -26.685121536254883 -6.699999809265137
      vertex 2.159968137741089 -26.965364456176758 -12.699999809265137
      vertex 2.159968137741089 -26.965364456176758 -6.699999809265137
    endloop
  endfacet
  facet normal -0.9469293641947869 0.3214417197963834 0
    outer loop
      vertex 2.0681216716766357 -27.235933303833008 -12.699999809265137
      vertex 2.159968137741089 -26.965364456176758 -6.699999809265137
      vertex 2.159968137741089 -26.965364456176758 -12.699999809265137
    endloop
  endfacet
  facet normal -0.9469293641947869 0.3214417197963834 0
    outer loop
      vertex 2.159968137741089 -26.965364456176758 -6.699999809265137
      vertex 2.0681216716766357 -27.235933303833008 -12.699999809265137
      vertex 2.0681216716766357 -27.235933303833008 -6.699999809265137
    endloop
  endfacet
  facet normal -0.19509162992502407 0.980785020243069 0
    outer loop
      vertex 0.6153638958930969 -28.509967803955078 -12.699999809265137
      vertex 0.3351209759712219 -28.565711975097656 -6.699999809265137
      vertex 0.6153638958930969 -28.509967803955078 -6.699999809265137
    endloop
  endfacet
  facet normal -0.19509162992502407 0.980785020243069 0
    outer loop
      vertex 0.3351209759712219 -28.565711975097656 -6.699999809265137
      vertex 0.6153638958930969 -28.509967803955078 -12.699999809265137
      vertex 0.3351209759712219 -28.565711975097656 -12.699999809265137
    endloop
  endfacet
  facet normal -0.06540447389956755 0.9978588351034032 0
    outer loop
      vertex 0.3351209759712219 -28.565711975097656 -12.699999809265137
      vertex 0.05000000074505806 -28.584400177001953 -6.699999809265137
      vertex 0.3351209759712219 -28.565711975097656 -6.699999809265137
    endloop
  endfacet
  facet normal -0.06540447389956755 0.9978588351034032 0
    outer loop
      vertex 0.05000000074505806 -28.584400177001953 -6.699999809265137
      vertex 0.3351209759712219 -28.565711975097656 -12.699999809265137
      vertex 0.05000000074505806 -28.584400177001953 -12.699999809265137
    endloop
  endfacet
  facet normal -0.9807856588717692 -0.19508841931665094 0
    outer loop
      vertex 2.2157113552093506 -22.114879608154297 -12.699999809265137
      vertex 2.159968137741089 -21.834636688232422 -6.699999809265137
      vertex 2.159968137741089 -21.834636688232422 -12.699999809265137
    endloop
  endfacet
  facet normal -0.9807856588717692 -0.19508841931665094 0
    outer loop
      vertex 2.159968137741089 -21.834636688232422 -6.699999809265137
      vertex 2.2157113552093506 -22.114879608154297 -12.699999809265137
      vertex 2.2157113552093506 -22.114879608154297 -6.699999809265137
    endloop
  endfacet
  facet normal 0.06540447560136016 -0.9978588349918596 0
    outer loop
      vertex -0.2351209670305252 -20.234289169311523 -12.699999809265137
      vertex 0.05000000074505806 -20.215600967407227 -6.699999809265137
      vertex -0.2351209670305252 -20.234289169311523 -6.699999809265137
    endloop
  endfacet
  facet normal 0.06540447560136016 -0.9978588349918596 0
    outer loop
      vertex 0.05000000074505806 -20.215600967407227 -6.699999809265137
      vertex -0.2351209670305252 -20.234289169311523 -12.699999809265137
      vertex 0.05000000074505806 -20.215600967407227 -12.699999809265137
    endloop
  endfacet
  facet normal -0.06540447389956755 -0.9978588351034032 0
    outer loop
      vertex 0.05000000074505806 -20.215600967407227 -12.699999809265137
      vertex 0.3351209759712219 -20.234289169311523 -6.699999809265137
      vertex 0.05000000074505806 -20.215600967407227 -6.699999809265137
    endloop
  endfacet
  facet normal -0.06540447389956755 -0.9978588351034032 0
    outer loop
      vertex 0.3351209759712219 -20.234289169311523 -6.699999809265137
      vertex 0.05000000074505806 -20.215600967407227 -12.699999809265137
      vertex 0.3351209759712219 -20.234289169311523 -12.699999809265137
    endloop
  endfacet
  facet normal 0.9807856588717692 -0.19508841931665094 0
    outer loop
      vertex -2.1157114505767822 -22.114879608154297 -6.699999809265137
      vertex -2.0599682331085205 -21.834636688232422 -12.699999809265137
      vertex -2.0599682331085205 -21.834636688232422 -6.699999809265137
    endloop
  endfacet
  facet normal 0.9807856588717692 -0.19508841931665094 0
    outer loop
      vertex -2.0599682331085205 -21.834636688232422 -12.699999809265137
      vertex -2.1157114505767822 -22.114879608154297 -6.699999809265137
      vertex -2.1157114505767822 -22.114879608154297 -12.699999809265137
    endloop
  endfacet
  facet normal 0.32144070387895096 -0.9469297090543757 0
    outer loop
      vertex -0.7859336733818054 -20.381877899169922 -12.699999809265137
      vertex -0.515363872051239 -20.29003143310547 -6.699999809265137
      vertex -0.7859336733818054 -20.381877899169922 -6.699999809265137
    endloop
  endfacet
  facet normal 0.32144070387895096 -0.9469297090543757 0
    outer loop
      vertex -0.515363872051239 -20.29003143310547 -6.699999809265137
      vertex -0.7859336733818054 -20.381877899169922 -12.699999809265137
      vertex -0.515363872051239 -20.29003143310547 -12.699999809265137
    endloop
  endfacet
  facet normal 0.5555702466339772 -0.8314696032057106 0
    outer loop
      vertex -1.2797777652740479 -20.66699981689453 -12.699999809265137
      vertex -1.0421993732452393 -20.508255004882812 -6.699999809265137
      vertex -1.2797777652740479 -20.66699981689453 -6.699999809265137
    endloop
  endfacet
  facet normal 0.5555702466339772 -0.8314696032057106 0
    outer loop
      vertex -1.0421993732452393 -20.508255004882812 -6.699999809265137
      vertex -1.2797777652740479 -20.66699981689453 -12.699999809265137
      vertex -1.0421993732452393 -20.508255004882812 -12.699999809265137
    endloop
  endfacet
  facet normal 0.19508521868035333 -0.9807862955060286 0
    outer loop
      vertex -0.515363872051239 -20.29003143310547 -12.699999809265137
      vertex -0.2351209670305252 -20.234289169311523 -6.699999809265137
      vertex -0.515363872051239 -20.29003143310547 -6.699999809265137
    endloop
  endfacet
  facet normal 0.19508521868035333 -0.9807862955060286 0
    outer loop
      vertex -0.2351209670305252 -20.234289169311523 -6.699999809265137
      vertex -0.515363872051239 -20.29003143310547 -12.699999809265137
      vertex -0.2351209670305252 -20.234289169311523 -12.699999809265137
    endloop
  endfacet
  facet normal 0.9978588206584236 -0.06540469428244462 0
    outer loop
      vertex -2.134399652481079 -22.399999618530273 -6.699999809265137
      vertex -2.1157114505767822 -22.114879608154297 -12.699999809265137
      vertex -2.1157114505767822 -22.114879608154297 -6.699999809265137
    endloop
  endfacet
  facet normal 0.9978588206584236 -0.06540469428244462 0
    outer loop
      vertex -2.1157114505767822 -22.114879608154297 -12.699999809265137
      vertex -2.134399652481079 -22.399999618530273 -6.699999809265137
      vertex -2.134399652481079 -22.399999618530273 -12.699999809265137
    endloop
  endfacet
  facet normal 0.9469300539106947 -0.3214396879675701 0
    outer loop
      vertex -2.0599682331085205 -21.834636688232422 -6.699999809265137
      vertex -1.9681217670440674 -21.56406593322754 -12.699999809265137
      vertex -1.9681217670440674 -21.56406593322754 -6.699999809265137
    endloop
  endfacet
  facet normal 0.9469300539106947 -0.3214396879675701 0
    outer loop
      vertex -1.9681217670440674 -21.56406593322754 -12.699999809265137
      vertex -2.0599682331085205 -21.834636688232422 -6.699999809265137
      vertex -2.0599682331085205 -21.834636688232422 -12.699999809265137
    endloop
  endfacet
  facet normal -0.19508520870200624 -0.9807862974907912 0
    outer loop
      vertex 0.3351209759712219 -20.234289169311523 -12.699999809265137
      vertex 0.6153638958930969 -20.29003143310547 -6.699999809265137
      vertex 0.3351209759712219 -20.234289169311523 -6.699999809265137
    endloop
  endfacet
  facet normal -0.19508520870200624 -0.9807862974907912 0
    outer loop
      vertex 0.6153638958930969 -20.29003143310547 -6.699999809265137
      vertex 0.3351209759712219 -20.234289169311523 -12.699999809265137
      vertex 0.6153638958930969 -20.29003143310547 -12.699999809265137
    endloop
  endfacet
  facet normal -0.9978588206584236 -0.06540469428244462 0
    outer loop
      vertex 2.2343995571136475 -22.399999618530273 -12.699999809265137
      vertex 2.2157113552093506 -22.114879608154297 -6.699999809265137
      vertex 2.2157113552093506 -22.114879608154297 -12.699999809265137
    endloop
  endfacet
  facet normal -0.9978588206584236 -0.06540469428244462 0
    outer loop
      vertex 2.2157113552093506 -22.114879608154297 -6.699999809265137
      vertex 2.2343995571136475 -22.399999618530273 -12.699999809265137
      vertex 2.2343995571136475 -22.399999618530273 -6.699999809265137
    endloop
  endfacet
  facet normal 0.6593446924877299 -0.7518407919820931 0
    outer loop
      vertex -1.4946033954620361 -20.855396270751953 -12.699999809265137
      vertex -1.2797777652740479 -20.66699981689453 -6.699999809265137
      vertex -1.4946033954620361 -20.855396270751953 -6.699999809265137
    endloop
  endfacet
  facet normal 0.6593446924877299 -0.7518407919820931 0
    outer loop
      vertex -1.2797777652740479 -20.66699981689453 -6.699999809265137
      vertex -1.4946033954620361 -20.855396270751953 -12.699999809265137
      vertex -1.2797777652740479 -20.66699981689453 -12.699999809265137
    endloop
  endfacet
  facet normal 0.4422910773979091 -0.8968715643023792 0
    outer loop
      vertex -1.0421993732452393 -20.508255004882812 -12.699999809265137
      vertex -0.7859336733818054 -20.381877899169922 -6.699999809265137
      vertex -1.0421993732452393 -20.508255004882812 -6.699999809265137
    endloop
  endfacet
  facet normal 0.4422910773979091 -0.8968715643023792 0
    outer loop
      vertex -0.7859336733818054 -20.381877899169922 -6.699999809265137
      vertex -1.0421993732452393 -20.508255004882812 -12.699999809265137
      vertex -0.7859336733818054 -20.381877899169922 -12.699999809265137
    endloop
  endfacet
  facet normal -0.32144070387895096 -0.9469297090543757 0
    outer loop
      vertex 0.6153638958930969 -20.29003143310547 -12.699999809265137
      vertex 0.8859336972236633 -20.381877899169922 -6.699999809265137
      vertex 0.6153638958930969 -20.29003143310547 -6.699999809265137
    endloop
  endfacet
  facet normal -0.32144070387895096 -0.9469297090543757 0
    outer loop
      vertex 0.8859336972236633 -20.381877899169922 -6.699999809265137
      vertex 0.6153638958930969 -20.29003143310547 -12.699999809265137
      vertex 0.8859336972236633 -20.381877899169922 -12.699999809265137
    endloop
  endfacet
  facet normal 0.8314685730110579 -0.5555717884260818 0
    outer loop
      vertex -1.8417456150054932 -21.30780029296875 -6.699999809265137
      vertex -1.6830008029937744 -21.070222854614258 -12.699999809265137
      vertex -1.6830008029937744 -21.070222854614258 -6.699999809265137
    endloop
  endfacet
  facet normal 0.8314685730110579 -0.5555717884260818 0
    outer loop
      vertex -1.6830008029937744 -21.070222854614258 -12.699999809265137
      vertex -1.8417456150054932 -21.30780029296875 -6.699999809265137
      vertex -1.8417456150054932 -21.30780029296875 -12.699999809265137
    endloop
  endfacet
  facet normal -0.6593446924877299 -0.7518407919820931 0
    outer loop
      vertex 1.3797776699066162 -20.66699981689453 -12.699999809265137
      vertex 1.5946033000946045 -20.855396270751953 -6.699999809265137
      vertex 1.3797776699066162 -20.66699981689453 -6.699999809265137
    endloop
  endfacet
  facet normal -0.6593446924877299 -0.7518407919820931 0
    outer loop
      vertex 1.5946033000946045 -20.855396270751953 -6.699999809265137
      vertex 1.3797776699066162 -20.66699981689453 -12.699999809265137
      vertex 1.5946033000946045 -20.855396270751953 -12.699999809265137
    endloop
  endfacet
  facet normal 0.8968728474640445 -0.44228847541139593 0
    outer loop
      vertex -1.9681217670440674 -21.56406593322754 -6.699999809265137
      vertex -1.8417456150054932 -21.30780029296875 -12.699999809265137
      vertex -1.8417456150054932 -21.30780029296875 -6.699999809265137
    endloop
  endfacet
  facet normal 0.8968728474640445 -0.44228847541139593 0
    outer loop
      vertex -1.8417456150054932 -21.30780029296875 -12.699999809265137
      vertex -1.9681217670440674 -21.56406593322754 -6.699999809265137
      vertex -1.9681217670440674 -21.56406593322754 -12.699999809265137
    endloop
  endfacet
  facet normal -0.4422912428942701 -0.8968714826880393 0
    outer loop
      vertex 0.8859336972236633 -20.381877899169922 -12.699999809265137
      vertex 1.1421992778778076 -20.508255004882812 -6.699999809265137
      vertex 0.8859336972236633 -20.381877899169922 -6.699999809265137
    endloop
  endfacet
  facet normal -0.4422912428942701 -0.8968714826880393 0
    outer loop
      vertex 1.1421992778778076 -20.508255004882812 -6.699999809265137
      vertex 0.8859336972236633 -20.381877899169922 -12.699999809265137
      vertex 1.1421992778778076 -20.508255004882812 -12.699999809265137
    endloop
  endfacet
  facet normal -0.9469300539106947 -0.3214396879675701 0
    outer loop
      vertex 2.159968137741089 -21.834636688232422 -12.699999809265137
      vertex 2.0681216716766357 -21.56406593322754 -6.699999809265137
      vertex 2.0681216716766357 -21.56406593322754 -12.699999809265137
    endloop
  endfacet
  facet normal -0.9469300539106947 -0.3214396879675701 0
    outer loop
      vertex 2.0681216716766357 -21.56406593322754 -6.699999809265137
      vertex 2.159968137741089 -21.834636688232422 -12.699999809265137
      vertex 2.159968137741089 -21.834636688232422 -6.699999809265137
    endloop
  endfacet
  facet normal -0.8968728474640445 -0.44228847541139593 0
    outer loop
      vertex 2.0681216716766357 -21.56406593322754 -12.699999809265137
      vertex 1.9417455196380615 -21.30780029296875 -6.699999809265137
      vertex 1.9417455196380615 -21.30780029296875 -12.699999809265137
    endloop
  endfacet
  facet normal -0.8968728474640445 -0.44228847541139593 0
    outer loop
      vertex 1.9417455196380615 -21.30780029296875 -6.699999809265137
      vertex 2.0681216716766357 -21.56406593322754 -12.699999809265137
      vertex 2.0681216716766357 -21.56406593322754 -6.699999809265137
    endloop
  endfacet
  facet normal -0.5555702466339772 -0.8314696032057106 0
    outer loop
      vertex 1.1421992778778076 -20.508255004882812 -12.699999809265137
      vertex 1.3797776699066162 -20.66699981689453 -6.699999809265137
      vertex 1.1421992778778076 -20.508255004882812 -6.699999809265137
    endloop
  endfacet
  facet normal -0.5555702466339772 -0.8314696032057106 0
    outer loop
      vertex 1.3797776699066162 -20.66699981689453 -6.699999809265137
      vertex 1.1421992778778076 -20.508255004882812 -12.699999809265137
      vertex 1.3797776699066162 -20.66699981689453 -12.699999809265137
    endloop
  endfacet
  facet normal -0.8314685730110579 -0.5555717884260818 0
    outer loop
      vertex 1.9417455196380615 -21.30780029296875 -12.699999809265137
      vertex 1.7830007076263428 -21.070222854614258 -6.699999809265137
      vertex 1.7830007076263428 -21.070222854614258 -12.699999809265137
    endloop
  endfacet
  facet normal -0.8314685730110579 -0.5555717884260818 0
    outer loop
      vertex 1.7830007076263428 -21.070222854614258 -6.699999809265137
      vertex 1.9417455196380615 -21.30780029296875 -12.699999809265137
      vertex 1.9417455196380615 -21.30780029296875 -6.699999809265137
    endloop
  endfacet
  facet normal -0.7518405884308109 -0.6593449245941094 0
    outer loop
      vertex 1.7830007076263428 -21.070222854614258 -12.699999809265137
      vertex 1.5946033000946045 -20.855396270751953 -6.699999809265137
      vertex 1.5946033000946045 -20.855396270751953 -12.699999809265137
    endloop
  endfacet
  facet normal -0.7518405884308109 -0.6593449245941094 0
    outer loop
      vertex 1.5946033000946045 -20.855396270751953 -6.699999809265137
      vertex 1.7830007076263428 -21.070222854614258 -12.699999809265137
      vertex 1.7830007076263428 -21.070222854614258 -6.699999809265137
    endloop
  endfacet
  facet normal 0.7518405884308109 -0.6593449245941094 0
    outer loop
      vertex -1.6830008029937744 -21.070222854614258 -6.699999809265137
      vertex -1.4946033954620361 -20.855396270751953 -12.699999809265137
      vertex -1.4946033954620361 -20.855396270751953 -6.699999809265137
    endloop
  endfacet
  facet normal 0.7518405884308109 -0.6593449245941094 0
    outer loop
      vertex -1.4946033954620361 -20.855396270751953 -12.699999809265137
      vertex -1.6830008029937744 -21.070222854614258 -6.699999809265137
      vertex -1.6830008029937744 -21.070222854614258 -12.699999809265137
    endloop
  endfacet
  facet normal 1 0 0
    outer loop
      vertex -2.134399652481079 -26.399999618530273 -6.699999809265137
      vertex -2.134399652481079 -22.399999618530273 -12.699999809265137
      vertex -2.134399652481079 -22.399999618530273 -6.699999809265137
    endloop
  endfacet
  facet normal 1 0 0
    outer loop
      vertex -2.134399652481079 -22.399999618530273 -12.699999809265137
      vertex -2.134399652481079 -26.399999618530273 -6.699999809265137
      vertex -2.134399652481079 -26.399999618530273 -12.699999809265137
    endloop
  endfacet
  facet normal -1 0 0
    outer loop
      vertex 2.2343995571136475 -26.399999618530273 -12.699999809265137
      vertex 2.2343995571136475 -22.399999618530273 -6.699999809265137
      vertex 2.2343995571136475 -22.399999618530273 -12.699999809265137
    endloop
  endfacet
  facet normal -1 0 0
    outer loop
      vertex 2.2343995571136475 -22.399999618530273 -6.699999809265137
      vertex 2.2343995571136475 -26.399999618530273 -12.699999809265137
      vertex 2.2343995571136475 -26.399999618530273 -6.699999809265137
    endloop
  endfacet
  facet normal 0.946931004485334 0.3214368876535429 0
    outer loop
      vertex -0.9200727343559265 -18.25181770324707 -10.5
      vertex -0.964221179485321 -18.12175941467285 -12.699999809265137
      vertex -0.964221179485321 -18.12175941467285 -10.5
    endloop
  endfacet
  facet normal 0.946931004485334 0.3214368876535429 0
    outer loop
      vertex -0.964221179485321 -18.12175941467285 -12.699999809265137
      vertex -0.9200727343559265 -18.25181770324707 -10.5
      vertex -0.9200727343559265 -18.25181770324707 -12.699999809265137
    endloop
  endfacet
  facet normal 0.3214452602769224 0.9469281623468073 0
    outer loop
      vertex -0.22175998985767365 -18.864221572875977 -12.699999809265137
      vertex -0.3518173098564148 -18.820072174072266 -10.5
      vertex -0.22175998985767365 -18.864221572875977 -10.5
    endloop
  endfacet
  facet normal 0.3214452602769224 0.9469281623468073 0
    outer loop
      vertex -0.3518173098564148 -18.820072174072266 -10.5
      vertex -0.22175998985767365 -18.864221572875977 -12.699999809265137
      vertex -0.3518173098564148 -18.820072174072266 -12.699999809265137
    endloop
  endfacet
  facet normal -0.06540876238953854 0.9978585540058615 0
    outer loop
      vertex 0.18705157935619354 -18.891016006469727 -12.699999809265137
      vertex 0.05000000074505806 -18.899999618530273 -10.5
      vertex 0.18705157935619354 -18.891016006469727 -10.5
    endloop
  endfacet
  facet normal -0.06540876238953854 0.9978585540058615 0
    outer loop
      vertex 0.05000000074505806 -18.899999618530273 -10.5
      vertex 0.18705157935619354 -18.891016006469727 -12.699999809265137
      vertex 0.05000000074505806 -18.899999618530273 -12.699999809265137
    endloop
  endfacet
  facet normal 0.9978590369984716 0.06540139356682627 0
    outer loop
      vertex -0.9910165667533875 -17.98705291748047 -10.5
      vertex -0.9999992251396179 -17.850000381469727 -12.699999809265137
      vertex -0.9999992251396179 -17.850000381469727 -10.5
    endloop
  endfacet
  facet normal 0.9978590369984716 0.06540139356682627 0
    outer loop
      vertex -0.9999992251396179 -17.850000381469727 -12.699999809265137
      vertex -0.9910165667533875 -17.98705291748047 -10.5
      vertex -0.9910165667533875 -17.98705291748047 -12.699999809265137
    endloop
  endfacet
  facet normal -0.442279630289858 0.8968772093384169 0
    outer loop
      vertex 0.5749996304512024 -18.759326934814453 -12.699999809265137
      vertex 0.4518173336982727 -18.820072174072266 -10.5
      vertex 0.5749996304512024 -18.759326934814453 -10.5
    endloop
  endfacet
  facet normal -0.442279630289858 0.8968772093384169 0
    outer loop
      vertex 0.4518173336982727 -18.820072174072266 -10.5
      vertex 0.5749996304512024 -18.759326934814453 -12.699999809265137
      vertex 0.4518173336982727 -18.820072174072266 -12.699999809265137
    endloop
  endfacet
  facet normal 0.5555683735693844 0.8314708547444517 0
    outer loop
      vertex -0.4749996066093445 -18.759326934814453 -12.699999809265137
      vertex -0.5891992449760437 -18.683021545410156 -10.5
      vertex -0.4749996066093445 -18.759326934814453 -10.5
    endloop
  endfacet
  facet normal 0.5555683735693844 0.8314708547444517 0
    outer loop
      vertex -0.5891992449760437 -18.683021545410156 -10.5
      vertex -0.4749996066093445 -18.759326934814453 -12.699999809265137
      vertex -0.5891992449760437 -18.683021545410156 -12.699999809265137
    endloop
  endfacet
  facet normal -0.6593487295285627 0.751837251583792 0
    outer loop
      vertex 0.7924612164497375 -18.59246253967285 -12.699999809265137
      vertex 0.6891992688179016 -18.683021545410156 -10.5
      vertex 0.7924612164497375 -18.59246253967285 -10.5
    endloop
  endfacet
  facet normal -0.6593487295285627 0.751837251583792 0
    outer loop
      vertex 0.6891992688179016 -18.683021545410156 -10.5
      vertex 0.7924612164497375 -18.59246253967285 -12.699999809265137
      vertex 0.6891992688179016 -18.683021545410156 -12.699999809265137
    endloop
  endfacet
  facet normal -0.8314655040197152 0.5555763814501484 0
    outer loop
      vertex 0.8830202221870422 -18.489198684692383 -12.699999809265137
      vertex 0.9593265652656555 -18.375 -10.5
      vertex 0.9593265652656555 -18.375 -12.699999809265137
    endloop
  endfacet
  facet normal -0.8314655040197152 0.5555763814501484 0
    outer loop
      vertex 0.9593265652656555 -18.375 -10.5
      vertex 0.8830202221870422 -18.489198684692383 -12.699999809265137
      vertex 0.8830202221870422 -18.489198684692383 -10.5
    endloop
  endfacet
  facet normal 0.7518432888059342 0.6593418453863493 0
    outer loop
      vertex -0.6924611926078796 -18.59246253967285 -10.5
      vertex -0.7830201983451843 -18.489198684692383 -12.699999809265137
      vertex -0.7830201983451843 -18.489198684692383 -10.5
    endloop
  endfacet
  facet normal 0.7518432888059342 0.6593418453863493 0
    outer loop
      vertex -0.7830201983451843 -18.489198684692383 -12.699999809265137
      vertex -0.6924611926078796 -18.59246253967285 -10.5
      vertex -0.6924611926078796 -18.59246253967285 -12.699999809265137
    endloop
  endfacet
  facet normal 0.06540875884891337 0.9978585542379464 0
    outer loop
      vertex 0.05000000074505806 -18.899999618530273 -12.699999809265137
      vertex -0.08705158531665802 -18.891016006469727 -10.5
      vertex 0.05000000074505806 -18.899999618530273 -10.5
    endloop
  endfacet
  facet normal 0.06540875884891337 0.9978585542379464 0
    outer loop
      vertex -0.08705158531665802 -18.891016006469727 -10.5
      vertex 0.05000000074505806 -18.899999618530273 -12.699999809265137
      vertex -0.08705158531665802 -18.891016006469727 -12.699999809265137
    endloop
  endfacet
  facet normal 0.442279630289858 0.8968772093384169 0
    outer loop
      vertex -0.3518173098564148 -18.820072174072266 -12.699999809265137
      vertex -0.4749996066093445 -18.759326934814453 -10.5
      vertex -0.3518173098564148 -18.820072174072266 -10.5
    endloop
  endfacet
  facet normal 0.442279630289858 0.8968772093384169 0
    outer loop
      vertex -0.4749996066093445 -18.759326934814453 -10.5
      vertex -0.3518173098564148 -18.820072174072266 -12.699999809265137
      vertex -0.4749996066093445 -18.759326934814453 -12.699999809265137
    endloop
  endfacet
  facet normal 0.9807844458894506 0.19509451735331604 0
    outer loop
      vertex -0.964221179485321 -18.12175941467285 -10.5
      vertex -0.9910165667533875 -17.98705291748047 -12.699999809265137
      vertex -0.9910165667533875 -17.98705291748047 -10.5
    endloop
  endfacet
  facet normal 0.9807844458894506 0.19509451735331604 0
    outer loop
      vertex -0.9910165667533875 -17.98705291748047 -12.699999809265137
      vertex -0.964221179485321 -18.12175941467285 -10.5
      vertex -0.964221179485321 -18.12175941467285 -12.699999809265137
    endloop
  endfacet
  facet normal 0.19508518088083415 0.9807863030246151 0
    outer loop
      vertex -0.08705158531665802 -18.891016006469727 -12.699999809265137
      vertex -0.22175998985767365 -18.864221572875977 -10.5
      vertex -0.08705158531665802 -18.891016006469727 -10.5
    endloop
  endfacet
  facet normal 0.19508518088083415 0.9807863030246151 0
    outer loop
      vertex -0.22175998985767365 -18.864221572875977 -10.5
      vertex -0.08705158531665802 -18.891016006469727 -12.699999809265137
      vertex -0.22175998985767365 -18.864221572875977 -12.699999809265137
    endloop
  endfacet
  facet normal -0.946931004485334 0.3214368876535429 0
    outer loop
      vertex 1.0200726985931396 -18.25181770324707 -12.699999809265137
      vertex 1.0642211437225342 -18.12175941467285 -10.5
      vertex 1.0642211437225342 -18.12175941467285 -12.699999809265137
    endloop
  endfacet
  facet normal -0.946931004485334 0.3214368876535429 0
    outer loop
      vertex 1.0642211437225342 -18.12175941467285 -10.5
      vertex 1.0200726985931396 -18.25181770324707 -12.699999809265137
      vertex 1.0200726985931396 -18.25181770324707 -10.5
    endloop
  endfacet
  facet normal -0.5555683735693844 0.8314708547444517 0
    outer loop
      vertex 0.6891992688179016 -18.683021545410156 -12.699999809265137
      vertex 0.5749996304512024 -18.759326934814453 -10.5
      vertex 0.6891992688179016 -18.683021545410156 -10.5
    endloop
  endfacet
  facet normal -0.5555683735693844 0.8314708547444517 0
    outer loop
      vertex 0.5749996304512024 -18.759326934814453 -10.5
      vertex 0.6891992688179016 -18.683021545410156 -12.699999809265137
      vertex 0.5749996304512024 -18.759326934814453 -12.699999809265137
    endloop
  endfacet
  facet normal -0.7518432888059342 0.6593418453863493 0
    outer loop
      vertex 0.7924612164497375 -18.59246253967285 -12.699999809265137
      vertex 0.8830202221870422 -18.489198684692383 -10.5
      vertex 0.8830202221870422 -18.489198684692383 -12.699999809265137
    endloop
  endfacet
  facet normal -0.7518432888059342 0.6593418453863493 0
    outer loop
      vertex 0.8830202221870422 -18.489198684692383 -10.5
      vertex 0.7924612164497375 -18.59246253967285 -12.699999809265137
      vertex 0.7924612164497375 -18.59246253967285 -10.5
    endloop
  endfacet
  facet normal -0.32144522725317437 0.9469281735570841 0
    outer loop
      vertex 0.4518173336982727 -18.820072174072266 -12.699999809265137
      vertex 0.32175999879837036 -18.864221572875977 -10.5
      vertex 0.4518173336982727 -18.820072174072266 -10.5
    endloop
  endfacet
  facet normal -0.32144522725317437 0.9469281735570841 0
    outer loop
      vertex 0.32175999879837036 -18.864221572875977 -10.5
      vertex 0.4518173336982727 -18.820072174072266 -12.699999809265137
      vertex 0.32175999879837036 -18.864221572875977 -12.699999809265137
    endloop
  endfacet
  facet normal 0.8968744550075299 0.4422852156187746 0
    outer loop
      vertex -0.8593265414237976 -18.375 -10.5
      vertex -0.9200727343559265 -18.25181770324707 -12.699999809265137
      vertex -0.9200727343559265 -18.25181770324707 -10.5
    endloop
  endfacet
  facet normal 0.8968744550075299 0.4422852156187746 0
    outer loop
      vertex -0.9200727343559265 -18.25181770324707 -12.699999809265137
      vertex -0.8593265414237976 -18.375 -10.5
      vertex -0.8593265414237976 -18.375 -12.699999809265137
    endloop
  endfacet
  facet normal 0.8314655040197152 0.5555763814501484 0
    outer loop
      vertex -0.7830201983451843 -18.489198684692383 -10.5
      vertex -0.8593265414237976 -18.375 -12.699999809265137
      vertex -0.8593265414237976 -18.375 -10.5
    endloop
  endfacet
  facet normal 0.8314655040197152 0.5555763814501484 0
    outer loop
      vertex -0.8593265414237976 -18.375 -12.699999809265137
      vertex -0.7830201983451843 -18.489198684692383 -10.5
      vertex -0.7830201983451843 -18.489198684692383 -12.699999809265137
    endloop
  endfacet
  facet normal -0.19508516012221602 0.9807863071536476 0
    outer loop
      vertex 0.32175999879837036 -18.864221572875977 -12.699999809265137
      vertex 0.18705157935619354 -18.891016006469727 -10.5
      vertex 0.32175999879837036 -18.864221572875977 -10.5
    endloop
  endfacet
  facet normal -0.19508516012221602 0.9807863071536476 0
    outer loop
      vertex 0.18705157935619354 -18.891016006469727 -10.5
      vertex 0.32175999879837036 -18.864221572875977 -12.699999809265137
      vertex 0.18705157935619354 -18.891016006469727 -12.699999809265137
    endloop
  endfacet
  facet normal -0.8968746271537339 0.44228486653722493 0
    outer loop
      vertex 0.9593265652656555 -18.375 -12.699999809265137
      vertex 1.0200726985931396 -18.25181770324707 -10.5
      vertex 1.0200726985931396 -18.25181770324707 -12.699999809265137
    endloop
  endfacet
  facet normal -0.8968746271537339 0.44228486653722493 0
    outer loop
      vertex 1.0200726985931396 -18.25181770324707 -10.5
      vertex 0.9593265652656555 -18.375 -12.699999809265137
      vertex 0.9593265652656555 -18.375 -10.5
    endloop
  endfacet
  facet normal 0.6593487295285627 0.751837251583792 0
    outer loop
      vertex -0.5891992449760437 -18.683021545410156 -12.699999809265137
      vertex -0.6924611926078796 -18.59246253967285 -10.5
      vertex -0.5891992449760437 -18.683021545410156 -10.5
    endloop
  endfacet
  facet normal 0.6593487295285627 0.751837251583792 0
    outer loop
      vertex -0.6924611926078796 -18.59246253967285 -10.5
      vertex -0.5891992449760437 -18.683021545410156 -12.699999809265137
      vertex -0.6924611926078796 -18.59246253967285 -12.699999809265137
    endloop
  endfacet
  facet normal -0.9807844458894506 0.19509451735331604 0
    outer loop
      vertex 1.0642211437225342 -18.12175941467285 -12.699999809265137
      vertex 1.0910165309906006 -17.98705291748047 -10.5
      vertex 1.0910165309906006 -17.98705291748047 -12.699999809265137
    endloop
  endfacet
  facet normal -0.9807844458894506 0.19509451735331604 0
    outer loop
      vertex 1.0910165309906006 -17.98705291748047 -10.5
      vertex 1.0642211437225342 -18.12175941467285 -12.699999809265137
      vertex 1.0642211437225342 -18.12175941467285 -10.5
    endloop
  endfacet
  facet normal 0 0 -1
    outer loop
      vertex -0.9999992251396179 -11.949999809265137 -10.5
      vertex 1.099999189376831 -11.949999809265137 -10.5
      vertex 1.099999189376831 -17.850000381469727 -10.5
    endloop
  endfacet
  facet normal 0 0 -1
    outer loop
      vertex -0.9999992251396179 -17.850000381469727 -10.5
      vertex 1.099999189376831 -17.850000381469727 -10.5
      vertex 1.0910165309906006 -17.98705291748047 -10.5
    endloop
  endfacet
  facet normal 0 0 -1
    outer loop
      vertex -0.9999992251396179 -17.850000381469727 -10.5
      vertex 1.0910165309906006 -17.98705291748047 -10.5
      vertex 1.0642211437225342 -18.12175941467285 -10.5
    endloop
  endfacet
  facet normal 0 0 -1
    outer loop
      vertex -0.9999992251396179 -17.850000381469727 -10.5
      vertex 1.0642211437225342 -18.12175941467285 -10.5
      vertex 1.0200726985931396 -18.25181770324707 -10.5
    endloop
  endfacet
  facet normal 0 0 -1
    outer loop
      vertex -0.9999992251396179 -17.850000381469727 -10.5
      vertex 1.0200726985931396 -18.25181770324707 -10.5
      vertex 0.9593265652656555 -18.375 -10.5
    endloop
  endfacet
  facet normal 0 0 -1
    outer loop
      vertex -0.9999992251396179 -17.850000381469727 -10.5
      vertex 0.9593265652656555 -18.375 -10.5
      vertex 0.8830202221870422 -18.489198684692383 -10.5
    endloop
  endfacet
  facet normal 0 0 -1
    outer loop
      vertex -0.9999992251396179 -17.850000381469727 -10.5
      vertex 0.8830202221870422 -18.489198684692383 -10.5
      vertex 0.7924612164497375 -18.59246253967285 -10.5
    endloop
  endfacet
  facet normal 0 0 -1
    outer loop
      vertex -0.9999992251396179 -17.850000381469727 -10.5
      vertex 0.7924612164497375 -18.59246253967285 -10.5
      vertex 0.6891992688179016 -18.683021545410156 -10.5
    endloop
  endfacet
  facet normal 0 0 -1
    outer loop
      vertex -0.9999992251396179 -17.850000381469727 -10.5
      vertex 0.6891992688179016 -18.683021545410156 -10.5
      vertex 0.5749996304512024 -18.759326934814453 -10.5
    endloop
  endfacet
  facet normal 0 0 -1
    outer loop
      vertex -0.9999992251396179 -17.850000381469727 -10.5
      vertex 0.5749996304512024 -18.759326934814453 -10.5
      vertex 0.4518173336982727 -18.820072174072266 -10.5
    endloop
  endfacet
  facet normal 0 0 -1
    outer loop
      vertex -0.9999992251396179 -17.850000381469727 -10.5
      vertex 0.4518173336982727 -18.820072174072266 -10.5
      vertex 0.32175999879837036 -18.864221572875977 -10.5
    endloop
  endfacet
  facet normal 0 0 -1
    outer loop
      vertex -0.9999992251396179 -17.850000381469727 -10.5
      vertex 0.32175999879837036 -18.864221572875977 -10.5
      vertex 0.18705157935619354 -18.891016006469727 -10.5
    endloop
  endfacet
  facet normal 0 0 -1
    outer loop
      vertex -0.9999992251396179 -17.850000381469727 -10.5
      vertex 0.18705157935619354 -18.891016006469727 -10.5
      vertex 0.05000000074505806 -18.899999618530273 -10.5
    endloop
  endfacet
  facet normal 0 0 -1
    outer loop
      vertex -0.9999992251396179 -17.850000381469727 -10.5
      vertex 0.05000000074505806 -18.899999618530273 -10.5
      vertex -0.08705158531665802 -18.891016006469727 -10.5
    endloop
  endfacet
  facet normal 0 0 -1
    outer loop
      vertex -0.9999992251396179 -17.850000381469727 -10.5
      vertex -0.08705158531665802 -18.891016006469727 -10.5
      vertex -0.22175998985767365 -18.864221572875977 -10.5
    endloop
  endfacet
  facet normal 0 0 -1
    outer loop
      vertex -0.9999992251396179 -17.850000381469727 -10.5
      vertex -0.22175998985767365 -18.864221572875977 -10.5
      vertex -0.3518173098564148 -18.820072174072266 -10.5
    endloop
  endfacet
  facet normal 0 0 -1
    outer loop
      vertex -0.9999992251396179 -17.850000381469727 -10.5
      vertex -0.3518173098564148 -18.820072174072266 -10.5
      vertex -0.4749996066093445 -18.759326934814453 -10.5
    endloop
  endfacet
  facet normal 0 0 -1
    outer loop
      vertex -0.9999992251396179 -17.850000381469727 -10.5
      vertex -0.4749996066093445 -18.759326934814453 -10.5
      vertex -0.5891992449760437 -18.683021545410156 -10.5
    endloop
  endfacet
  facet normal 0 0 -1
    outer loop
      vertex -0.9999992251396179 -17.850000381469727 -10.5
      vertex -0.5891992449760437 -18.683021545410156 -10.5
      vertex -0.6924611926078796 -18.59246253967285 -10.5
    endloop
  endfacet
  facet normal 0 0 -1
    outer loop
      vertex -0.9999992251396179 -17.850000381469727 -10.5
      vertex -0.6924611926078796 -18.59246253967285 -10.5
      vertex -0.7830201983451843 -18.489198684692383 -10.5
    endloop
  endfacet
  facet normal 0 0 -1
    outer loop
      vertex -0.9999992251396179 -17.850000381469727 -10.5
      vertex -0.7830201983451843 -18.489198684692383 -10.5
      vertex -0.8593265414237976 -18.375 -10.5
    endloop
  endfacet
  facet normal 0 0 -1
    outer loop
      vertex -0.9999992251396179 -17.850000381469727 -10.5
      vertex -0.8593265414237976 -18.375 -10.5
      vertex -0.9200727343559265 -18.25181770324707 -10.5
    endloop
  endfacet
  facet normal 0 0 -1
    outer loop
      vertex -0.9999992251396179 -17.850000381469727 -10.5
      vertex -0.9200727343559265 -18.25181770324707 -10.5
      vertex -0.964221179485321 -18.12175941467285 -10.5
    endloop
  endfacet
  facet normal 0 0 -1
    outer loop
      vertex -0.9999992251396179 -17.850000381469727 -10.5
      vertex -0.964221179485321 -18.12175941467285 -10.5
      vertex -0.9910165667533875 -17.98705291748047 -10.5
    endloop
  endfacet
  facet normal 0 0 -1
    outer loop
      vertex -0.9999992251396179 -11.949999809265137 -10.5
      vertex 1.099999189376831 -17.850000381469727 -10.5
      vertex -0.9999992251396179 -17.850000381469727 -10.5
    endloop
  endfacet
  facet normal 0 0 -1
    outer loop
      vertex 1.099999189376831 -11.949999809265137 -10.5
      vertex -0.9999992251396179 -11.949999809265137 -10.5
      vertex 1.09672212600708 -11.899999618530273 -10.5
    endloop
  endfacet
  facet normal 0 0 -1
    outer loop
      vertex 1.09672212600708 -11.899999618530273 -10.5
      vertex -0.9999992251396179 -11.949999809265137 -10.5
      vertex -0.9967221617698669 -11.899999618530273 -10.5
    endloop
  endfacet
  facet normal -0.9978590369984716 0.06540139356682627 0
    outer loop
      vertex 1.0910165309906006 -17.98705291748047 -12.699999809265137
      vertex 1.099999189376831 -17.850000381469727 -10.5
      vertex 1.099999189376831 -17.850000381469727 -12.699999809265137
    endloop
  endfacet
  facet normal -0.9978590369984716 0.06540139356682627 0
    outer loop
      vertex 1.099999189376831 -17.850000381469727 -10.5
      vertex 1.0910165309906006 -17.98705291748047 -12.699999809265137
      vertex 1.0910165309906006 -17.98705291748047 -10.5
    endloop
  endfacet
  facet normal -0.9978590824909053 -0.06540069946421585 0
    outer loop
      vertex 1.099999189376831 -11.949999809265137 -12.699999809265137
      vertex 1.09672212600708 -11.899999618530273 -10.5
      vertex 1.09672212600708 -11.899999618530273 -12.699999809265137
    endloop
  endfacet
  facet normal -0.9978590824909053 -0.06540069946421585 0
    outer loop
      vertex 1.09672212600708 -11.899999618530273 -10.5
      vertex 1.099999189376831 -11.949999809265137 -12.699999809265137
      vertex 1.099999189376831 -11.949999809265137 -10.5
    endloop
  endfacet
  facet normal 0.9978590824909053 -0.06540069946421585 0
    outer loop
      vertex -0.9999992251396179 -11.949999809265137 -10.5
      vertex -0.9967221617698669 -11.899999618530273 -12.699999809265137
      vertex -0.9967221617698669 -11.899999618530273 -10.5
    endloop
  endfacet
  facet normal 0.9978590824909053 -0.06540069946421585 0
    outer loop
      vertex -0.9967221617698669 -11.899999618530273 -12.699999809265137
      vertex -0.9999992251396179 -11.949999809265137 -10.5
      vertex -0.9999992251396179 -11.949999809265137 -12.699999809265137
    endloop
  endfacet
  facet normal 1 0 0
    outer loop
      vertex -0.9999992251396179 -17.850000381469727 -10.5
      vertex -0.9999992251396179 -11.949999809265137 -12.699999809265137
      vertex -0.9999992251396179 -11.949999809265137 -10.5
    endloop
  endfacet
  facet normal 1 0 0
    outer loop
      vertex -0.9999992251396179 -11.949999809265137 -12.699999809265137
      vertex -0.9999992251396179 -17.850000381469727 -10.5
      vertex -0.9999992251396179 -17.850000381469727 -12.699999809265137
    endloop
  endfacet
  facet normal -1 0 0
    outer loop
      vertex 1.099999189376831 -17.850000381469727 -12.699999809265137
      vertex 1.099999189376831 -11.949999809265137 -10.5
      vertex 1.099999189376831 -11.949999809265137 -12.699999809265137
    endloop
  endfacet
  facet normal -1 0 0
    outer loop
      vertex 1.099999189376831 -11.949999809265137 -10.5
      vertex 1.099999189376831 -17.850000381469727 -12.699999809265137
      vertex 1.099999189376831 -17.850000381469727 -10.5
    endloop
  endfacet
  facet normal 0.442288392663487 0 -0.8968728882707678
    outer loop
      vertex -1.0421993732452393 -14.899999618530273 1.8917455673217773
      vertex -0.7859336733818054 -11.899999618530273 2.0181217193603516
      vertex -0.7859336733818054 -14.899999618530273 2.0181217193603516
    endloop
  endfacet
  facet normal 0.442288392663487 0 -0.8968728882707678
    outer loop
      vertex -0.7859336733818054 -11.899999618530273 2.0181217193603516
      vertex -1.0421993732452393 -14.899999618530273 1.8917455673217773
      vertex -1.0421993732452393 -11.899999618530273 1.8917455673217773
    endloop
  endfacet
  facet normal -0.9978588349360877 0 0.06540447645225649
    outer loop
      vertex 2.2157113552093506 -14.899999618530273 -0.28512096405029297
      vertex 2.2343995571136475 -11.899999618530273 0
      vertex 2.2157113552093506 -11.899999618530273 -0.28512096405029297
    endloop
  endfacet
  facet normal -0.9978588349360877 0 0.06540447645225649
    outer loop
      vertex 2.2343995571136475 -11.899999618530273 0
      vertex 2.2157113552093506 -14.899999618530273 -0.28512096405029297
      vertex 2.2343995571136475 -14.899999618530273 0
    endloop
  endfacet
  facet normal -0.19508841931665094 0 -0.9807856588717692
    outer loop
      vertex 0.3351209759712219 -14.899999618530273 2.1657114028930664
      vertex 0.6153638958930969 -11.899999618530273 2.1099681854248047
      vertex 0.6153638958930969 -14.899999618530273 2.1099681854248047
    endloop
  endfacet
  facet normal -0.19508841931665094 0 -0.9807856588717692
    outer loop
      vertex 0.6153638958930969 -11.899999618530273 2.1099681854248047
      vertex 0.3351209759712219 -14.899999618530273 2.1657114028930664
      vertex 0.3351209759712219 -11.899999618530273 2.1657114028930664
    endloop
  endfacet
  facet normal -0.32144070387895096 0 -0.9469297090543757
    outer loop
      vertex 0.6153638958930969 -14.899999618530273 2.1099681854248047
      vertex 0.8859336972236633 -11.899999618530273 2.0181217193603516
      vertex 0.8859336972236633 -14.899999618530273 2.0181217193603516
    endloop
  endfacet
  facet normal -0.32144070387895096 0 -0.9469297090543757
    outer loop
      vertex 0.8859336972236633 -11.899999618530273 2.0181217193603516
      vertex 0.6153638958930969 -14.899999618530273 2.1099681854248047
      vertex 0.6153638958930969 -11.899999618530273 2.1099681854248047
    endloop
  endfacet
  facet normal -0.5555702466339772 0 -0.8314696032057106
    outer loop
      vertex 1.1421992778778076 -14.899999618530273 1.8917455673217773
      vertex 1.3797776699066162 -11.899999618530273 1.7330007553100586
      vertex 1.3797776699066162 -14.899999618530273 1.7330007553100586
    endloop
  endfacet
  facet normal -0.5555702466339772 0 -0.8314696032057106
    outer loop
      vertex 1.3797776699066162 -11.899999618530273 1.7330007553100586
      vertex 1.1421992778778076 -14.899999618530273 1.8917455673217773
      vertex 1.1421992778778076 -11.899999618530273 1.8917455673217773
    endloop
  endfacet
  facet normal -0.751839137439534 0 -0.6593465791328392
    outer loop
      vertex 1.7830007076263428 -14.899999618530273 1.329777717590332
      vertex 1.5946033000946045 -11.899999618530273 1.5446033477783203
      vertex 1.7830007076263428 -11.899999618530273 1.329777717590332
    endloop
  endfacet
  facet normal -0.751839137439534 0 -0.6593465791328392
    outer loop
      vertex 1.5946033000946045 -11.899999618530273 1.5446033477783203
      vertex 1.7830007076263428 -14.899999618530273 1.329777717590332
      vertex 1.5946033000946045 -14.899999618530273 1.5446033477783203
    endloop
  endfacet
  facet normal 0.32144070387895096 0 0.9469297090543757
    outer loop
      vertex -0.7859336733818054 -11.899999618530273 -2.0181217193603516
      vertex -0.515363872051239 -14.899999618530273 -2.1099681854248047
      vertex -0.515363872051239 -11.899999618530273 -2.1099681854248047
    endloop
  endfacet
  facet normal 0.32144070387895096 0 0.9469297090543757
    outer loop
      vertex -0.515363872051239 -14.899999618530273 -2.1099681854248047
      vertex -0.7859336733818054 -11.899999618530273 -2.0181217193603516
      vertex -0.7859336733818054 -14.899999618530273 -2.0181217193603516
    endloop
  endfacet
  facet normal 0.19508842929514927 0 -0.9807856568869425
    outer loop
      vertex -0.515363872051239 -14.899999618530273 2.1099681854248047
      vertex -0.2351209670305252 -11.899999618530273 2.1657114028930664
      vertex -0.2351209670305252 -14.899999618530273 2.1657114028930664
    endloop
  endfacet
  facet normal 0.19508842929514927 0 -0.9807856568869425
    outer loop
      vertex -0.2351209670305252 -11.899999618530273 2.1657114028930664
      vertex -0.515363872051239 -14.899999618530273 2.1099681854248047
      vertex -0.515363872051239 -11.899999618530273 2.1099681854248047
    endloop
  endfacet
  facet normal 0.8314696032057106 0 -0.5555702466339772
    outer loop
      vertex -1.6830008029937744 -14.899999618530273 1.329777717590332
      vertex -1.8417456150054932 -11.899999618530273 1.0921993255615234
      vertex -1.6830008029937744 -11.899999618530273 1.329777717590332
    endloop
  endfacet
  facet normal 0.8314696032057106 0 -0.5555702466339772
    outer loop
      vertex -1.8417456150054932 -11.899999618530273 1.0921993255615234
      vertex -1.6830008029937744 -14.899999618530273 1.329777717590332
      vertex -1.8417456150054932 -14.899999618530273 1.0921993255615234
    endloop
  endfacet
  facet normal -0.9807856588717692 0 -0.19508841931665094
    outer loop
      vertex 2.2157113552093506 -14.899999618530273 0.28512096405029297
      vertex 2.159968137741089 -11.899999618530273 0.565363883972168
      vertex 2.2157113552093506 -11.899999618530273 0.28512096405029297
    endloop
  endfacet
  facet normal -0.9807856588717692 0 -0.19508841931665094
    outer loop
      vertex 2.159968137741089 -11.899999618530273 0.565363883972168
      vertex 2.2157113552093506 -14.899999618530273 0.28512096405029297
      vertex 2.159968137741089 -14.899999618530273 0.565363883972168
    endloop
  endfacet
  facet normal -0.9807856588717692 0 0.19508841931665094
    outer loop
      vertex 2.159968137741089 -14.899999618530273 -0.565363883972168
      vertex 2.2157113552093506 -11.899999618530273 -0.28512096405029297
      vertex 2.159968137741089 -11.899999618530273 -0.565363883972168
    endloop
  endfacet
  facet normal -0.9807856588717692 0 0.19508841931665094
    outer loop
      vertex 2.2157113552093506 -11.899999618530273 -0.28512096405029297
      vertex 2.159968137741089 -14.899999618530273 -0.565363883972168
      vertex 2.2157113552093506 -14.899999618530273 -0.28512096405029297
    endloop
  endfacet
  facet normal -0.9978588349360877 0 -0.06540447645225649
    outer loop
      vertex 2.2343995571136475 -14.899999618530273 0
      vertex 2.2157113552093506 -11.899999618530273 0.28512096405029297
      vertex 2.2343995571136475 -11.899999618530273 0
    endloop
  endfacet
  facet normal -0.9978588349360877 0 -0.06540447645225649
    outer loop
      vertex 2.2157113552093506 -11.899999618530273 0.28512096405029297
      vertex 2.2343995571136475 -14.899999618530273 0
      vertex 2.2157113552093506 -14.899999618530273 0.28512096405029297
    endloop
  endfacet
  facet normal -0.442288558159332 0 -0.8968728066572981
    outer loop
      vertex 0.8859336972236633 -14.899999618530273 2.0181217193603516
      vertex 1.1421992778778076 -11.899999618530273 1.8917455673217773
      vertex 1.1421992778778076 -14.899999618530273 1.8917455673217773
    endloop
  endfacet
  facet normal -0.442288558159332 0 -0.8968728066572981
    outer loop
      vertex 1.1421992778778076 -11.899999618530273 1.8917455673217773
      vertex 0.8859336972236633 -14.899999618530273 2.0181217193603516
      vertex 0.8859336972236633 -11.899999618530273 2.0181217193603516
    endloop
  endfacet
  facet normal 0.06540447560136016 0 -0.9978588349918596
    outer loop
      vertex -0.2351209670305252 -14.899999618530273 2.1657114028930664
      vertex 0.05000000074505806 -11.899999618530273 2.1843996047973633
      vertex 0.05000000074505806 -14.899999618530273 2.1843996047973633
    endloop
  endfacet
  facet normal 0.06540447560136016 0 -0.9978588349918596
    outer loop
      vertex 0.05000000074505806 -11.899999618530273 2.1843996047973633
      vertex -0.2351209670305252 -14.899999618530273 2.1657114028930664
      vertex -0.2351209670305252 -11.899999618530273 2.1657114028930664
    endloop
  endfacet
  facet normal -0.8968728474640445 0 0.44228847541139593
    outer loop
      vertex 1.9417455196380615 -14.899999618530273 -1.0921993255615234
      vertex 2.0681216716766357 -11.899999618530273 -0.8359336853027344
      vertex 1.9417455196380615 -11.899999618530273 -1.0921993255615234
    endloop
  endfacet
  facet normal -0.8968728474640445 0 0.44228847541139593
    outer loop
      vertex 2.0681216716766357 -11.899999618530273 -0.8359336853027344
      vertex 1.9417455196380615 -14.899999618530273 -1.0921993255615234
      vertex 2.0681216716766357 -14.899999618530273 -0.8359336853027344
    endloop
  endfacet
  facet normal -0.8968728474640445 0 -0.44228847541139593
    outer loop
      vertex 2.0681216716766357 -14.899999618530273 0.8359336853027344
      vertex 1.9417455196380615 -11.899999618530273 1.0921993255615234
      vertex 2.0681216716766357 -11.899999618530273 0.8359336853027344
    endloop
  endfacet
  facet normal -0.8968728474640445 0 -0.44228847541139593
    outer loop
      vertex 1.9417455196380615 -11.899999618530273 1.0921993255615234
      vertex 2.0681216716766357 -14.899999618530273 0.8359336853027344
      vertex 1.9417455196380615 -14.899999618530273 1.0921993255615234
    endloop
  endfacet
  facet normal 0.5555702466339772 0 0.8314696032057106
    outer loop
      vertex -1.2797777652740479 -11.899999618530273 -1.7330007553100586
      vertex -1.0421993732452393 -14.899999618530273 -1.8917455673217773
      vertex -1.0421993732452393 -11.899999618530273 -1.8917455673217773
    endloop
  endfacet
  facet normal 0.5555702466339772 0 0.8314696032057106
    outer loop
      vertex -1.0421993732452393 -14.899999618530273 -1.8917455673217773
      vertex -1.2797777652740479 -11.899999618530273 -1.7330007553100586
      vertex -1.2797777652740479 -14.899999618530273 -1.7330007553100586
    endloop
  endfacet
  facet normal 0.9978588349360877 0 -0.06540447645225649
    outer loop
      vertex -2.1157114505767822 -14.899999618530273 0.28512096405029297
      vertex -2.134399652481079 -11.899999618530273 0
      vertex -2.1157114505767822 -11.899999618530273 0.28512096405029297
    endloop
  endfacet
  facet normal 0.9978588349360877 0 -0.06540447645225649
    outer loop
      vertex -2.134399652481079 -11.899999618530273 0
      vertex -2.1157114505767822 -14.899999618530273 0.28512096405029297
      vertex -2.134399652481079 -14.899999618530273 0
    endloop
  endfacet
  facet normal 0.06540447560136016 0 0.9978588349918596
    outer loop
      vertex -0.2351209670305252 -11.899999618530273 -2.1657114028930664
      vertex 0.05000000074505806 -14.899999618530273 -2.1843996047973633
      vertex 0.05000000074505806 -11.899999618530273 -2.1843996047973633
    endloop
  endfacet
  facet normal 0.06540447560136016 0 0.9978588349918596
    outer loop
      vertex 0.05000000074505806 -14.899999618530273 -2.1843996047973633
      vertex -0.2351209670305252 -11.899999618530273 -2.1657114028930664
      vertex -0.2351209670305252 -14.899999618530273 -2.1657114028930664
    endloop
  endfacet
  facet normal -0.6593465791328392 0 0.751839137439534
    outer loop
      vertex 1.3797776699066162 -11.899999618530273 -1.7330007553100586
      vertex 1.5946033000946045 -14.899999618530273 -1.5446033477783203
      vertex 1.5946033000946045 -11.899999618530273 -1.5446033477783203
    endloop
  endfacet
  facet normal -0.6593465791328392 0 0.751839137439534
    outer loop
      vertex 1.5946033000946045 -14.899999618530273 -1.5446033477783203
      vertex 1.3797776699066162 -11.899999618530273 -1.7330007553100586
      vertex 1.3797776699066162 -14.899999618530273 -1.7330007553100586
    endloop
  endfacet
  facet normal -0.06540447389956755 0 -0.9978588351034032
    outer loop
      vertex 0.05000000074505806 -14.899999618530273 2.1843996047973633
      vertex 0.3351209759712219 -11.899999618530273 2.1657114028930664
      vertex 0.3351209759712219 -14.899999618530273 2.1657114028930664
    endloop
  endfacet
  facet normal -0.06540447389956755 0 -0.9978588351034032
    outer loop
      vertex 0.3351209759712219 -11.899999618530273 2.1657114028930664
      vertex 0.05000000074505806 -14.899999618530273 2.1843996047973633
      vertex 0.05000000074505806 -11.899999618530273 2.1843996047973633
    endloop
  endfacet
  facet normal 0.6593465791328392 0 0.751839137439534
    outer loop
      vertex -1.4946033954620361 -11.899999618530273 -1.5446033477783203
      vertex -1.2797777652740479 -14.899999618530273 -1.7330007553100586
      vertex -1.2797777652740479 -11.899999618530273 -1.7330007553100586
    endloop
  endfacet
  facet normal 0.6593465791328392 0 0.751839137439534
    outer loop
      vertex -1.2797777652740479 -14.899999618530273 -1.7330007553100586
      vertex -1.4946033954620361 -11.899999618530273 -1.5446033477783203
      vertex -1.4946033954620361 -14.899999618530273 -1.5446033477783203
    endloop
  endfacet
  facet normal -0.9469297090543757 0 -0.32144070387895096
    outer loop
      vertex 2.159968137741089 -14.899999618530273 0.565363883972168
      vertex 2.0681216716766357 -11.899999618530273 0.8359336853027344
      vertex 2.159968137741089 -11.899999618530273 0.565363883972168
    endloop
  endfacet
  facet normal -0.9469297090543757 0 -0.32144070387895096
    outer loop
      vertex 2.0681216716766357 -11.899999618530273 0.8359336853027344
      vertex 2.159968137741089 -14.899999618530273 0.565363883972168
      vertex 2.0681216716766357 -14.899999618530273 0.8359336853027344
    endloop
  endfacet
  facet normal 0.9807856588717692 0 -0.19508841931665094
    outer loop
      vertex -2.0599682331085205 -14.899999618530273 0.565363883972168
      vertex -2.1157114505767822 -11.899999618530273 0.28512096405029297
      vertex -2.0599682331085205 -11.899999618530273 0.565363883972168
    endloop
  endfacet
  facet normal 0.9807856588717692 0 -0.19508841931665094
    outer loop
      vertex -2.1157114505767822 -11.899999618530273 0.28512096405029297
      vertex -2.0599682331085205 -14.899999618530273 0.565363883972168
      vertex -2.1157114505767822 -14.899999618530273 0.28512096405029297
    endloop
  endfacet
  facet normal 0.5555702466339772 0 -0.8314696032057106
    outer loop
      vertex -1.2797777652740479 -14.899999618530273 1.7330007553100586
      vertex -1.0421993732452393 -11.899999618530273 1.8917455673217773
      vertex -1.0421993732452393 -14.899999618530273 1.8917455673217773
    endloop
  endfacet
  facet normal 0.5555702466339772 0 -0.8314696032057106
    outer loop
      vertex -1.0421993732452393 -11.899999618530273 1.8917455673217773
      vertex -1.2797777652740479 -14.899999618530273 1.7330007553100586
      vertex -1.2797777652740479 -11.899999618530273 1.7330007553100586
    endloop
  endfacet
  facet normal 0.751839137439534 0 -0.6593465791328392
    outer loop
      vertex -1.4946033954620361 -14.899999618530273 1.5446033477783203
      vertex -1.6830008029937744 -11.899999618530273 1.329777717590332
      vertex -1.4946033954620361 -11.899999618530273 1.5446033477783203
    endloop
  endfacet
  facet normal 0.751839137439534 0 -0.6593465791328392
    outer loop
      vertex -1.6830008029937744 -11.899999618530273 1.329777717590332
      vertex -1.4946033954620361 -14.899999618530273 1.5446033477783203
      vertex -1.6830008029937744 -14.899999618530273 1.329777717590332
    endloop
  endfacet
  facet normal -0.751839137439534 0 0.6593465791328392
    outer loop
      vertex 1.5946033000946045 -14.899999618530273 -1.5446033477783203
      vertex 1.7830007076263428 -11.899999618530273 -1.329777717590332
      vertex 1.5946033000946045 -11.899999618530273 -1.5446033477783203
    endloop
  endfacet
  facet normal -0.751839137439534 0 0.6593465791328392
    outer loop
      vertex 1.7830007076263428 -11.899999618530273 -1.329777717590332
      vertex 1.5946033000946045 -14.899999618530273 -1.5446033477783203
      vertex 1.7830007076263428 -14.899999618530273 -1.329777717590332
    endloop
  endfacet
  facet normal 0.32144070387895096 0 -0.9469297090543757
    outer loop
      vertex -0.7859336733818054 -14.899999618530273 2.0181217193603516
      vertex -0.515363872051239 -11.899999618530273 2.1099681854248047
      vertex -0.515363872051239 -14.899999618530273 2.1099681854248047
    endloop
  endfacet
  facet normal 0.32144070387895096 0 -0.9469297090543757
    outer loop
      vertex -0.515363872051239 -11.899999618530273 2.1099681854248047
      vertex -0.7859336733818054 -14.899999618530273 2.0181217193603516
      vertex -0.7859336733818054 -11.899999618530273 2.0181217193603516
    endloop
  endfacet
  facet normal 0.9469297090543757 0 0.32144070387895096
    outer loop
      vertex -2.0599682331085205 -14.899999618530273 -0.565363883972168
      vertex -1.9681217670440674 -11.899999618530273 -0.8359336853027344
      vertex -2.0599682331085205 -11.899999618530273 -0.565363883972168
    endloop
  endfacet
  facet normal 0.9469297090543757 0 0.32144070387895096
    outer loop
      vertex -1.9681217670440674 -11.899999618530273 -0.8359336853027344
      vertex -2.0599682331085205 -14.899999618530273 -0.565363883972168
      vertex -1.9681217670440674 -14.899999618530273 -0.8359336853027344
    endloop
  endfacet
  facet normal -0.06540447389956755 0 0.9978588351034032
    outer loop
      vertex 0.05000000074505806 -11.899999618530273 -2.1843996047973633
      vertex 0.3351209759712219 -14.899999618530273 -2.1657114028930664
      vertex 0.3351209759712219 -11.899999618530273 -2.1657114028930664
    endloop
  endfacet
  facet normal -0.06540447389956755 0 0.9978588351034032
    outer loop
      vertex 0.3351209759712219 -14.899999618530273 -2.1657114028930664
      vertex 0.05000000074505806 -11.899999618530273 -2.1843996047973633
      vertex 0.05000000074505806 -14.899999618530273 -2.1843996047973633
    endloop
  endfacet
  facet normal -0.19508841931665094 0 0.9807856588717692
    outer loop
      vertex 0.3351209759712219 -11.899999618530273 -2.1657114028930664
      vertex 0.6153638958930969 -14.899999618530273 -2.1099681854248047
      vertex 0.6153638958930969 -11.899999618530273 -2.1099681854248047
    endloop
  endfacet
  facet normal -0.19508841931665094 0 0.9807856588717692
    outer loop
      vertex 0.6153638958930969 -14.899999618530273 -2.1099681854248047
      vertex 0.3351209759712219 -11.899999618530273 -2.1657114028930664
      vertex 0.3351209759712219 -14.899999618530273 -2.1657114028930664
    endloop
  endfacet
  facet normal 0.8968728474640445 0 -0.44228847541139593
    outer loop
      vertex -1.8417456150054932 -14.899999618530273 1.0921993255615234
      vertex -1.9681217670440674 -11.899999618530273 0.8359336853027344
      vertex -1.8417456150054932 -11.899999618530273 1.0921993255615234
    endloop
  endfacet
  facet normal 0.8968728474640445 0 -0.44228847541139593
    outer loop
      vertex -1.9681217670440674 -11.899999618530273 0.8359336853027344
      vertex -1.8417456150054932 -14.899999618530273 1.0921993255615234
      vertex -1.9681217670440674 -14.899999618530273 0.8359336853027344
    endloop
  endfacet
  facet normal -0.442288558159332 0 0.8968728066572981
    outer loop
      vertex 0.8859336972236633 -11.899999618530273 -2.0181217193603516
      vertex 1.1421992778778076 -14.899999618530273 -1.8917455673217773
      vertex 1.1421992778778076 -11.899999618530273 -1.8917455673217773
    endloop
  endfacet
  facet normal -0.442288558159332 0 0.8968728066572981
    outer loop
      vertex 1.1421992778778076 -14.899999618530273 -1.8917455673217773
      vertex 0.8859336972236633 -11.899999618530273 -2.0181217193603516
      vertex 0.8859336972236633 -14.899999618530273 -2.0181217193603516
    endloop
  endfacet
  facet normal -0.6593465791328392 0 -0.751839137439534
    outer loop
      vertex 1.3797776699066162 -14.899999618530273 1.7330007553100586
      vertex 1.5946033000946045 -11.899999618530273 1.5446033477783203
      vertex 1.5946033000946045 -14.899999618530273 1.5446033477783203
    endloop
  endfacet
  facet normal -0.6593465791328392 0 -0.751839137439534
    outer loop
      vertex 1.5946033000946045 -11.899999618530273 1.5446033477783203
      vertex 1.3797776699066162 -14.899999618530273 1.7330007553100586
      vertex 1.3797776699066162 -11.899999618530273 1.7330007553100586
    endloop
  endfacet
  facet normal -0.9469297090543757 0 0.32144070387895096
    outer loop
      vertex 2.0681216716766357 -14.899999618530273 -0.8359336853027344
      vertex 2.159968137741089 -11.899999618530273 -0.565363883972168
      vertex 2.0681216716766357 -11.899999618530273 -0.8359336853027344
    endloop
  endfacet
  facet normal -0.9469297090543757 0 0.32144070387895096
    outer loop
      vertex 2.159968137741089 -11.899999618530273 -0.565363883972168
      vertex 2.0681216716766357 -14.899999618530273 -0.8359336853027344
      vertex 2.159968137741089 -14.899999618530273 -0.565363883972168
    endloop
  endfacet
  facet normal -0.8314696032057106 0 -0.5555702466339772
    outer loop
      vertex 1.9417455196380615 -14.899999618530273 1.0921993255615234
      vertex 1.7830007076263428 -11.899999618530273 1.329777717590332
      vertex 1.9417455196380615 -11.899999618530273 1.0921993255615234
    endloop
  endfacet
  facet normal -0.8314696032057106 0 -0.5555702466339772
    outer loop
      vertex 1.7830007076263428 -11.899999618530273 1.329777717590332
      vertex 1.9417455196380615 -14.899999618530273 1.0921993255615234
      vertex 1.7830007076263428 -14.899999618530273 1.329777717590332
    endloop
  endfacet
  facet normal -0.8314696032057106 0 0.5555702466339772
    outer loop
      vertex 1.7830007076263428 -14.899999618530273 -1.329777717590332
      vertex 1.9417455196380615 -11.899999618530273 -1.0921993255615234
      vertex 1.7830007076263428 -11.899999618530273 -1.329777717590332
    endloop
  endfacet
  facet normal -0.8314696032057106 0 0.5555702466339772
    outer loop
      vertex 1.9417455196380615 -11.899999618530273 -1.0921993255615234
      vertex 1.7830007076263428 -14.899999618530273 -1.329777717590332
      vertex 1.9417455196380615 -14.899999618530273 -1.0921993255615234
    endloop
  endfacet
  facet normal -0.5555702466339772 0 0.8314696032057106
    outer loop
      vertex 1.1421992778778076 -11.899999618530273 -1.8917455673217773
      vertex 1.3797776699066162 -14.899999618530273 -1.7330007553100586
      vertex 1.3797776699066162 -11.899999618530273 -1.7330007553100586
    endloop
  endfacet
  facet normal -0.5555702466339772 0 0.8314696032057106
    outer loop
      vertex 1.3797776699066162 -14.899999618530273 -1.7330007553100586
      vertex 1.1421992778778076 -11.899999618530273 -1.8917455673217773
      vertex 1.1421992778778076 -14.899999618530273 -1.8917455673217773
    endloop
  endfacet
  facet normal -0.32144070387895096 0 0.9469297090543757
    outer loop
      vertex 0.6153638958930969 -11.899999618530273 -2.1099681854248047
      vertex 0.8859336972236633 -14.899999618530273 -2.0181217193603516
      vertex 0.8859336972236633 -11.899999618530273 -2.0181217193603516
    endloop
  endfacet
  facet normal -0.32144070387895096 0 0.9469297090543757
    outer loop
      vertex 0.8859336972236633 -14.899999618530273 -2.0181217193603516
      vertex 0.6153638958930969 -11.899999618530273 -2.1099681854248047
      vertex 0.6153638958930969 -14.899999618530273 -2.1099681854248047
    endloop
  endfacet
  facet normal 0.9469297090543757 0 -0.32144070387895096
    outer loop
      vertex -1.9681217670440674 -14.899999618530273 0.8359336853027344
      vertex -2.0599682331085205 -11.899999618530273 0.565363883972168
      vertex -1.9681217670440674 -11.899999618530273 0.8359336853027344
    endloop
  endfacet
  facet normal 0.9469297090543757 0 -0.32144070387895096
    outer loop
      vertex -2.0599682331085205 -11.899999618530273 0.565363883972168
      vertex -1.9681217670440674 -14.899999618530273 0.8359336853027344
      vertex -2.0599682331085205 -14.899999618530273 0.565363883972168
    endloop
  endfacet
  facet normal 0.6593465791328392 0 -0.751839137439534
    outer loop
      vertex -1.4946033954620361 -14.899999618530273 1.5446033477783203
      vertex -1.2797777652740479 -11.899999618530273 1.7330007553100586
      vertex -1.2797777652740479 -14.899999618530273 1.7330007553100586
    endloop
  endfacet
  facet normal 0.6593465791328392 0 -0.751839137439534
    outer loop
      vertex -1.2797777652740479 -11.899999618530273 1.7330007553100586
      vertex -1.4946033954620361 -14.899999618530273 1.5446033477783203
      vertex -1.4946033954620361 -11.899999618530273 1.5446033477783203
    endloop
  endfacet
  facet normal 0.8968728474640445 0 0.44228847541139593
    outer loop
      vertex -1.9681217670440674 -14.899999618530273 -0.8359336853027344
      vertex -1.8417456150054932 -11.899999618530273 -1.0921993255615234
      vertex -1.9681217670440674 -11.899999618530273 -0.8359336853027344
    endloop
  endfacet
  facet normal 0.8968728474640445 0 0.44228847541139593
    outer loop
      vertex -1.8417456150054932 -11.899999618530273 -1.0921993255615234
      vertex -1.9681217670440674 -14.899999618530273 -0.8359336853027344
      vertex -1.8417456150054932 -14.899999618530273 -1.0921993255615234
    endloop
  endfacet
  facet normal 0.442288392663487 0 0.8968728882707678
    outer loop
      vertex -1.0421993732452393 -11.899999618530273 -1.8917455673217773
      vertex -0.7859336733818054 -14.899999618530273 -2.0181217193603516
      vertex -0.7859336733818054 -11.899999618530273 -2.0181217193603516
    endloop
  endfacet
  facet normal 0.442288392663487 0 0.8968728882707678
    outer loop
      vertex -0.7859336733818054 -14.899999618530273 -2.0181217193603516
      vertex -1.0421993732452393 -11.899999618530273 -1.8917455673217773
      vertex -1.0421993732452393 -14.899999618530273 -1.8917455673217773
    endloop
  endfacet
  facet normal 0.751839137439534 0 0.6593465791328392
    outer loop
      vertex -1.6830008029937744 -14.899999618530273 -1.329777717590332
      vertex -1.4946033954620361 -11.899999618530273 -1.5446033477783203
      vertex -1.6830008029937744 -11.899999618530273 -1.329777717590332
    endloop
  endfacet
  facet normal 0.751839137439534 0 0.6593465791328392
    outer loop
      vertex -1.4946033954620361 -11.899999618530273 -1.5446033477783203
      vertex -1.6830008029937744 -14.899999618530273 -1.329777717590332
      vertex -1.4946033954620361 -14.899999618530273 -1.5446033477783203
    endloop
  endfacet
  facet normal 0.19508842929514927 0 0.9807856568869425
    outer loop
      vertex -0.515363872051239 -11.899999618530273 -2.1099681854248047
      vertex -0.2351209670305252 -14.899999618530273 -2.1657114028930664
      vertex -0.2351209670305252 -11.899999618530273 -2.1657114028930664
    endloop
  endfacet
  facet normal 0.19508842929514927 0 0.9807856568869425
    outer loop
      vertex -0.2351209670305252 -14.899999618530273 -2.1657114028930664
      vertex -0.515363872051239 -11.899999618530273 -2.1099681854248047
      vertex -0.515363872051239 -14.899999618530273 -2.1099681854248047
    endloop
  endfacet
  facet normal 0.9807856588717692 0 0.19508841931665094
    outer loop
      vertex -2.1157114505767822 -14.899999618530273 -0.28512096405029297
      vertex -2.0599682331085205 -11.899999618530273 -0.565363883972168
      vertex -2.1157114505767822 -11.899999618530273 -0.28512096405029297
    endloop
  endfacet
  facet normal 0.9807856588717692 0 0.19508841931665094
    outer loop
      vertex -2.0599682331085205 -11.899999618530273 -0.565363883972168
      vertex -2.1157114505767822 -14.899999618530273 -0.28512096405029297
      vertex -2.0599682331085205 -14.899999618530273 -0.565363883972168
    endloop
  endfacet
  facet normal 0.9978588349360877 0 0.06540447645225649
    outer loop
      vertex -2.134399652481079 -14.899999618530273 0
      vertex -2.1157114505767822 -11.899999618530273 -0.28512096405029297
      vertex -2.134399652481079 -11.899999618530273 0
    endloop
  endfacet
  facet normal 0.9978588349360877 0 0.06540447645225649
    outer loop
      vertex -2.1157114505767822 -11.899999618530273 -0.28512096405029297
      vertex -2.134399652481079 -14.899999618530273 0
      vertex -2.1157114505767822 -14.899999618530273 -0.28512096405029297
    endloop
  endfacet
  facet normal 0.8314696032057106 0 0.5555702466339772
    outer loop
      vertex -1.8417456150054932 -14.899999618530273 -1.0921993255615234
      vertex -1.6830008029937744 -11.899999618530273 -1.329777717590332
      vertex -1.8417456150054932 -11.899999618530273 -1.0921993255615234
    endloop
  endfacet
  facet normal 0.8314696032057106 0 0.5555702466339772
    outer loop
      vertex -1.6830008029937744 -11.899999618530273 -1.329777717590332
      vertex -1.8417456150054932 -14.899999618530273 -1.0921993255615234
      vertex -1.6830008029937744 -14.899999618530273 -1.329777717590332
    endloop
  endfacet
  facet normal -0.7518400530488211 0 0.6593455350812242
    outer loop
      vertex 2.5248734951019287 -17.899999618530273 -2.4748735427856445
      vertex 2.8267362117767334 -14.899999618530273 -2.130664825439453
      vertex 2.5248734951019287 -14.899999618530273 -2.4748735427856445
    endloop
  endfacet
  facet normal -0.7518400530488211 0 0.6593455350812242
    outer loop
      vertex 2.8267362117767334 -14.899999618530273 -2.130664825439453
      vertex 2.5248734951019287 -17.899999618530273 -2.4748735427856445
      vertex 2.8267362117767334 -17.899999618530273 -2.130664825439453
    endloop
  endfacet
  facet normal -0.9807854009010495 0 -0.19508971623170607
    outer loop
      vertex 3.5200564861297607 -17.899999618530273 0.45684146881103516
      vertex 3.4307401180267334 -14.899999618530273 0.9058666229248047
      vertex 3.5200564861297607 -14.899999618530273 0.45684146881103516
    endloop
  endfacet
  facet normal -0.9807854009010495 0 -0.19508971623170607
    outer loop
      vertex 3.4307401180267334 -14.899999618530273 0.9058666229248047
      vertex 3.5200564861297607 -17.899999618530273 0.45684146881103516
      vertex 3.4307401180267334 -17.899999618530273 0.9058666229248047
    endloop
  endfacet
  facet normal -0.19508971623170607 0 0.9807854009010495
    outer loop
      vertex 0.5068414807319641 -14.899999618530273 -3.4700565338134766
      vertex 0.9558666348457336 -17.899999618530273 -3.380740165710449
      vertex 0.9558666348457336 -14.899999618530273 -3.380740165710449
    endloop
  endfacet
  facet normal -0.19508971623170607 0 0.9807854009010495
    outer loop
      vertex 0.9558666348457336 -17.899999618530273 -3.380740165710449
      vertex 0.5068414807319641 -14.899999618530273 -3.4700565338134766
      vertex 0.5068414807319641 -17.899999618530273 -3.4700565338134766
    endloop
  endfacet
  facet normal 0.44228745739478836 0 -0.8968733494932566
    outer loop
      vertex -1.7000000476837158 -17.899999618530273 3.0310888290405273
      vertex -1.2893917560577393 -14.899999618530273 3.2335777282714844
      vertex -1.2893917560577393 -17.899999618530273 3.2335777282714844
    endloop
  endfacet
  facet normal 0.44228745739478836 0 -0.8968733494932566
    outer loop
      vertex -1.2893917560577393 -14.899999618530273 3.2335777282714844
      vertex -1.7000000476837158 -17.899999618530273 3.0310888290405273
      vertex -1.7000000476837158 -14.899999618530273 3.0310888290405273
    endloop
  endfacet
  facet normal 0.19508971623170607 0 0.9807854009010495
    outer loop
      vertex -0.8558666110038757 -14.899999618530273 -3.380740165710449
      vertex -0.4068414568901062 -17.899999618530273 -3.4700565338134766
      vertex -0.4068414568901062 -14.899999618530273 -3.4700565338134766
    endloop
  endfacet
  facet normal 0.19508971623170607 0 0.9807854009010495
    outer loop
      vertex -0.4068414568901062 -17.899999618530273 -3.4700565338134766
      vertex -0.8558666110038757 -14.899999618530273 -3.380740165710449
      vertex -0.8558666110038757 -17.899999618530273 -3.380740165710449
    endloop
  endfacet
  facet normal -0.9807854009010495 0 0.19508971623170607
    outer loop
      vertex 3.4307401180267334 -17.899999618530273 -0.9058666229248047
      vertex 3.5200564861297607 -14.899999618530273 -0.45684146881103516
      vertex 3.4307401180267334 -14.899999618530273 -0.9058666229248047
    endloop
  endfacet
  facet normal -0.9807854009010495 0 0.19508971623170607
    outer loop
      vertex 3.5200564861297607 -14.899999618530273 -0.45684146881103516
      vertex 3.4307401180267334 -17.899999618530273 -0.9058666229248047
      vertex 3.5200564861297607 -17.899999618530273 -0.45684146881103516
    endloop
  endfacet
  facet normal -0.9978588527659149 0 0.0654042044267184
    outer loop
      vertex 3.5200564861297607 -17.899999618530273 -0.45684146881103516
      vertex 3.549999952316284 -14.899999618530273 0
      vertex 3.5200564861297607 -14.899999618530273 -0.45684146881103516
    endloop
  endfacet
  facet normal -0.9978588527659149 0 0.0654042044267184
    outer loop
      vertex 3.549999952316284 -14.899999618530273 0
      vertex 3.5200564861297607 -17.899999618530273 -0.45684146881103516
      vertex 3.549999952316284 -17.899999618530273 0
    endloop
  endfacet
  facet normal -0.44228745739478836 0 0.8968733494932566
    outer loop
      vertex 1.3893916606903076 -14.899999618530273 -3.2335777282714844
      vertex 1.7999999523162842 -17.899999618530273 -3.0310888290405273
      vertex 1.7999999523162842 -14.899999618530273 -3.0310888290405273
    endloop
  endfacet
  facet normal -0.44228745739478836 0 0.8968733494932566
    outer loop
      vertex 1.7999999523162842 -17.899999618530273 -3.0310888290405273
      vertex 1.3893916606903076 -14.899999618530273 -3.2335777282714844
      vertex 1.3893916606903076 -17.899999618530273 -3.2335777282714844
    endloop
  endfacet
  facet normal -0.44228745739478836 0 -0.8968733494932566
    outer loop
      vertex 1.3893916606903076 -17.899999618530273 3.2335777282714844
      vertex 1.7999999523162842 -14.899999618530273 3.0310888290405273
      vertex 1.7999999523162842 -17.899999618530273 3.0310888290405273
    endloop
  endfacet
  facet normal -0.44228745739478836 0 -0.8968733494932566
    outer loop
      vertex 1.7999999523162842 -14.899999618530273 3.0310888290405273
      vertex 1.3893916606903076 -17.899999618530273 3.2335777282714844
      vertex 1.3893916606903076 -14.899999618530273 3.2335777282714844
    endloop
  endfacet
  facet normal -0.5555709352218308 0 0.8314691431055877
    outer loop
      vertex 1.7999999523162842 -14.899999618530273 -3.0310888290405273
      vertex 2.1806647777557373 -17.899999618530273 -2.776736259460449
      vertex 2.1806647777557373 -14.899999618530273 -2.776736259460449
    endloop
  endfacet
  facet normal -0.5555709352218308 0 0.8314691431055877
    outer loop
      vertex 2.1806647777557373 -17.899999618530273 -2.776736259460449
      vertex 1.7999999523162842 -14.899999618530273 -3.0310888290405273
      vertex 1.7999999523162842 -17.899999618530273 -3.0310888290405273
    endloop
  endfacet
  facet normal -0.8314691431055877 0 -0.5555709352218308
    outer loop
      vertex 3.0810887813568115 -17.899999618530273 1.75
      vertex 2.8267362117767334 -14.899999618530273 2.130664825439453
      vertex 3.0810887813568115 -14.899999618530273 1.75
    endloop
  endfacet
  facet normal -0.8314691431055877 0 -0.5555709352218308
    outer loop
      vertex 2.8267362117767334 -14.899999618530273 2.130664825439453
      vertex 3.0810887813568115 -17.899999618530273 1.75
      vertex 2.8267362117767334 -17.899999618530273 2.130664825439453
    endloop
  endfacet
  facet normal -0.9978588527659149 0 -0.0654042044267184
    outer loop
      vertex 3.549999952316284 -17.899999618530273 0
      vertex 3.5200564861297607 -14.899999618530273 0.45684146881103516
      vertex 3.549999952316284 -14.899999618530273 0
    endloop
  endfacet
  facet normal -0.9978588527659149 0 -0.0654042044267184
    outer loop
      vertex 3.5200564861297607 -14.899999618530273 0.45684146881103516
      vertex 3.549999952316284 -17.899999618530273 0
      vertex 3.5200564861297607 -17.899999618530273 0.45684146881103516
    endloop
  endfacet
  facet normal 0.9807854009010495 0 -0.19508971623170607
    outer loop
      vertex -3.330740213394165 -17.899999618530273 0.9058666229248047
      vertex -3.4200565814971924 -14.899999618530273 0.45684146881103516
      vertex -3.330740213394165 -14.899999618530273 0.9058666229248047
    endloop
  endfacet
  facet normal 0.9807854009010495 0 -0.19508971623170607
    outer loop
      vertex -3.4200565814971924 -14.899999618530273 0.45684146881103516
      vertex -3.330740213394165 -17.899999618530273 0.9058666229248047
      vertex -3.4200565814971924 -17.899999618530273 0.45684146881103516
    endloop
  endfacet
  facet normal 0.8314691431055877 0 0.5555709352218308
    outer loop
      vertex -2.981088876724243 -17.899999618530273 -1.75
      vertex -2.726736307144165 -14.899999618530273 -2.130664825439453
      vertex -2.981088876724243 -14.899999618530273 -1.75
    endloop
  endfacet
  facet normal 0.8314691431055877 0 0.5555709352218308
    outer loop
      vertex -2.726736307144165 -14.899999618530273 -2.130664825439453
      vertex -2.981088876724243 -17.899999618530273 -1.75
      vertex -2.726736307144165 -17.899999618530273 -2.130664825439453
    endloop
  endfacet
  facet normal 0.9978588527659149 0 0.0654042044267184
    outer loop
      vertex -3.450000047683716 -17.899999618530273 0
      vertex -3.4200565814971924 -14.899999618530273 -0.45684146881103516
      vertex -3.450000047683716 -14.899999618530273 0
    endloop
  endfacet
  facet normal 0.9978588527659149 0 0.0654042044267184
    outer loop
      vertex -3.4200565814971924 -14.899999618530273 -0.45684146881103516
      vertex -3.450000047683716 -17.899999618530273 0
      vertex -3.4200565814971924 -17.899999618530273 -0.45684146881103516
    endloop
  endfacet
  facet normal -0.06540420283355713 0 -0.997858852870338
    outer loop
      vertex 0.05000000074505806 -17.899999618530273 3.5
      vertex 0.5068414807319641 -14.899999618530273 3.4700565338134766
      vertex 0.5068414807319641 -17.899999618530273 3.4700565338134766
    endloop
  endfacet
  facet normal -0.06540420283355713 0 -0.997858852870338
    outer loop
      vertex 0.5068414807319641 -14.899999618530273 3.4700565338134766
      vertex 0.05000000074505806 -17.899999618530273 3.5
      vertex 0.05000000074505806 -14.899999618530273 3.5
    endloop
  endfacet
  facet normal -0.32144048589934787 0 0.9469297830487702
    outer loop
      vertex 0.9558666348457336 -14.899999618530273 -3.380740165710449
      vertex 1.3893916606903076 -17.899999618530273 -3.2335777282714844
      vertex 1.3893916606903076 -14.899999618530273 -3.2335777282714844
    endloop
  endfacet
  facet normal -0.32144048589934787 0 0.9469297830487702
    outer loop
      vertex 1.3893916606903076 -17.899999618530273 -3.2335777282714844
      vertex 0.9558666348457336 -14.899999618530273 -3.380740165710449
      vertex 0.9558666348457336 -17.899999618530273 -3.380740165710449
    endloop
  endfacet
  facet normal -0.8968733494932566 0 -0.44228745739478836
    outer loop
      vertex 3.2835776805877686 -17.899999618530273 1.3393917083740234
      vertex 3.0810887813568115 -14.899999618530273 1.75
      vertex 3.2835776805877686 -14.899999618530273 1.3393917083740234
    endloop
  endfacet
  facet normal -0.8968733494932566 0 -0.44228745739478836
    outer loop
      vertex 3.0810887813568115 -14.899999618530273 1.75
      vertex 3.2835776805877686 -17.899999618530273 1.3393917083740234
      vertex 3.0810887813568115 -17.899999618530273 1.75
    endloop
  endfacet
  facet normal 0.6593455350812242 0 0.7518400530488211
    outer loop
      vertex -2.4248735904693604 -14.899999618530273 -2.4748735427856445
      vertex -2.080664873123169 -17.899999618530273 -2.776736259460449
      vertex -2.080664873123169 -14.899999618530273 -2.776736259460449
    endloop
  endfacet
  facet normal 0.6593455350812242 0 0.7518400530488211
    outer loop
      vertex -2.080664873123169 -17.899999618530273 -2.776736259460449
      vertex -2.4248735904693604 -14.899999618530273 -2.4748735427856445
      vertex -2.4248735904693604 -17.899999618530273 -2.4748735427856445
    endloop
  endfacet
  facet normal 0.06540420601987977 0 -0.997858852661492
    outer loop
      vertex -0.4068414568901062 -17.899999618530273 3.4700565338134766
      vertex 0.05000000074505806 -14.899999618530273 3.5
      vertex 0.05000000074505806 -17.899999618530273 3.5
    endloop
  endfacet
  facet normal 0.06540420601987977 0 -0.997858852661492
    outer loop
      vertex 0.05000000074505806 -14.899999618530273 3.5
      vertex -0.4068414568901062 -17.899999618530273 3.4700565338134766
      vertex -0.4068414568901062 -14.899999618530273 3.4700565338134766
    endloop
  endfacet
  facet normal -0.19508971623170607 0 -0.9807854009010495
    outer loop
      vertex 0.5068414807319641 -17.899999618530273 3.4700565338134766
      vertex 0.9558666348457336 -14.899999618530273 3.380740165710449
      vertex 0.9558666348457336 -17.899999618530273 3.380740165710449
    endloop
  endfacet
  facet normal -0.19508971623170607 0 -0.9807854009010495
    outer loop
      vertex 0.9558666348457336 -14.899999618530273 3.380740165710449
      vertex 0.5068414807319641 -17.899999618530273 3.4700565338134766
      vertex 0.5068414807319641 -14.899999618530273 3.4700565338134766
    endloop
  endfacet
  facet normal 0.7518400530488211 0 0.6593455350812242
    outer loop
      vertex -2.726736307144165 -17.899999618530273 -2.130664825439453
      vertex -2.4248735904693604 -14.899999618530273 -2.4748735427856445
      vertex -2.726736307144165 -14.899999618530273 -2.130664825439453
    endloop
  endfacet
  facet normal 0.7518400530488211 0 0.6593455350812242
    outer loop
      vertex -2.4248735904693604 -14.899999618530273 -2.4748735427856445
      vertex -2.726736307144165 -17.899999618530273 -2.130664825439453
      vertex -2.4248735904693604 -17.899999618530273 -2.4748735427856445
    endloop
  endfacet
  facet normal 0.5555709352218308 0 0.8314691431055877
    outer loop
      vertex -2.080664873123169 -14.899999618530273 -2.776736259460449
      vertex -1.7000000476837158 -17.899999618530273 -3.0310888290405273
      vertex -1.7000000476837158 -14.899999618530273 -3.0310888290405273
    endloop
  endfacet
  facet normal 0.5555709352218308 0 0.8314691431055877
    outer loop
      vertex -1.7000000476837158 -17.899999618530273 -3.0310888290405273
      vertex -2.080664873123169 -14.899999618530273 -2.776736259460449
      vertex -2.080664873123169 -17.899999618530273 -2.776736259460449
    endloop
  endfacet
  facet normal 0.946929796500706 0 0.32144044627136115
    outer loop
      vertex -3.330740213394165 -17.899999618530273 -0.9058666229248047
      vertex -3.1835777759552 -14.899999618530273 -1.3393917083740234
      vertex -3.330740213394165 -14.899999618530273 -0.9058666229248047
    endloop
  endfacet
  facet normal 0.946929796500706 0 0.32144044627136115
    outer loop
      vertex -3.1835777759552 -14.899999618530273 -1.3393917083740234
      vertex -3.330740213394165 -17.899999618530273 -0.9058666229248047
      vertex -3.1835777759552 -17.899999618530273 -1.3393917083740234
    endloop
  endfacet
  facet normal -0.32144048589934787 0 -0.9469297830487702
    outer loop
      vertex 0.9558666348457336 -17.899999618530273 3.380740165710449
      vertex 1.3893916606903076 -14.899999618530273 3.2335777282714844
      vertex 1.3893916606903076 -17.899999618530273 3.2335777282714844
    endloop
  endfacet
  facet normal -0.32144048589934787 0 -0.9469297830487702
    outer loop
      vertex 1.3893916606903076 -14.899999618530273 3.2335777282714844
      vertex 0.9558666348457336 -17.899999618530273 3.380740165710449
      vertex 0.9558666348457336 -14.899999618530273 3.380740165710449
    endloop
  endfacet
  facet normal -0.8314691431055877 0 0.5555709352218308
    outer loop
      vertex 2.8267362117767334 -17.899999618530273 -2.130664825439453
      vertex 3.0810887813568115 -14.899999618530273 -1.75
      vertex 2.8267362117767334 -14.899999618530273 -2.130664825439453
    endloop
  endfacet
  facet normal -0.8314691431055877 0 0.5555709352218308
    outer loop
      vertex 3.0810887813568115 -14.899999618530273 -1.75
      vertex 2.8267362117767334 -17.899999618530273 -2.130664825439453
      vertex 3.0810887813568115 -17.899999618530273 -1.75
    endloop
  endfacet
  facet normal -0.946929796500706 0 0.32144044627136115
    outer loop
      vertex 3.2835776805877686 -17.899999618530273 -1.3393917083740234
      vertex 3.4307401180267334 -14.899999618530273 -0.9058666229248047
      vertex 3.2835776805877686 -14.899999618530273 -1.3393917083740234
    endloop
  endfacet
  facet normal -0.946929796500706 0 0.32144044627136115
    outer loop
      vertex 3.4307401180267334 -14.899999618530273 -0.9058666229248047
      vertex 3.2835776805877686 -17.899999618530273 -1.3393917083740234
      vertex 3.4307401180267334 -17.899999618530273 -0.9058666229248047
    endloop
  endfacet
  facet normal 0.6593455350812242 0 -0.7518400530488211
    outer loop
      vertex -2.4248735904693604 -17.899999618530273 2.4748735427856445
      vertex -2.080664873123169 -14.899999618530273 2.776736259460449
      vertex -2.080664873123169 -17.899999618530273 2.776736259460449
    endloop
  endfacet
  facet normal 0.6593455350812242 0 -0.7518400530488211
    outer loop
      vertex -2.080664873123169 -14.899999618530273 2.776736259460449
      vertex -2.4248735904693604 -17.899999618530273 2.4748735427856445
      vertex -2.4248735904693604 -14.899999618530273 2.4748735427856445
    endloop
  endfacet
  facet normal 0.946929796500706 0 -0.32144044627136115
    outer loop
      vertex -3.1835777759552 -17.899999618530273 1.3393917083740234
      vertex -3.330740213394165 -14.899999618530273 0.9058666229248047
      vertex -3.1835777759552 -14.899999618530273 1.3393917083740234
    endloop
  endfacet
  facet normal 0.946929796500706 0 -0.32144044627136115
    outer loop
      vertex -3.330740213394165 -14.899999618530273 0.9058666229248047
      vertex -3.1835777759552 -17.899999618530273 1.3393917083740234
      vertex -3.330740213394165 -17.899999618530273 0.9058666229248047
    endloop
  endfacet
  facet normal 0.5555709352218308 0 -0.8314691431055877
    outer loop
      vertex -2.080664873123169 -17.899999618530273 2.776736259460449
      vertex -1.7000000476837158 -14.899999618530273 3.0310888290405273
      vertex -1.7000000476837158 -17.899999618530273 3.0310888290405273
    endloop
  endfacet
  facet normal 0.5555709352218308 0 -0.8314691431055877
    outer loop
      vertex -1.7000000476837158 -14.899999618530273 3.0310888290405273
      vertex -2.080664873123169 -17.899999618530273 2.776736259460449
      vertex -2.080664873123169 -14.899999618530273 2.776736259460449
    endloop
  endfacet
  facet normal -0.7518400530488211 0 -0.6593455350812242
    outer loop
      vertex 2.8267362117767334 -17.899999618530273 2.130664825439453
      vertex 2.5248734951019287 -14.899999618530273 2.4748735427856445
      vertex 2.8267362117767334 -14.899999618530273 2.130664825439453
    endloop
  endfacet
  facet normal -0.7518400530488211 0 -0.6593455350812242
    outer loop
      vertex 2.5248734951019287 -14.899999618530273 2.4748735427856445
      vertex 2.8267362117767334 -17.899999618530273 2.130664825439453
      vertex 2.5248734951019287 -17.899999618530273 2.4748735427856445
    endloop
  endfacet
  facet normal 0.3214404066433836 0 -0.9469298099526364
    outer loop
      vertex -1.2893917560577393 -17.899999618530273 3.2335777282714844
      vertex -0.8558666110038757 -14.899999618530273 3.380740165710449
      vertex -0.8558666110038757 -17.899999618530273 3.380740165710449
    endloop
  endfacet
  facet normal 0.3214404066433836 0 -0.9469298099526364
    outer loop
      vertex -0.8558666110038757 -14.899999618530273 3.380740165710449
      vertex -1.2893917560577393 -17.899999618530273 3.2335777282714844
      vertex -1.2893917560577393 -14.899999618530273 3.2335777282714844
    endloop
  endfacet
  facet normal 0.8968733494932566 0 0.44228745739478836
    outer loop
      vertex -3.1835777759552 -17.899999618530273 -1.3393917083740234
      vertex -2.981088876724243 -14.899999618530273 -1.75
      vertex -3.1835777759552 -14.899999618530273 -1.3393917083740234
    endloop
  endfacet
  facet normal 0.8968733494932566 0 0.44228745739478836
    outer loop
      vertex -2.981088876724243 -14.899999618530273 -1.75
      vertex -3.1835777759552 -17.899999618530273 -1.3393917083740234
      vertex -2.981088876724243 -17.899999618530273 -1.75
    endloop
  endfacet
  facet normal 0.19508971623170607 0 -0.9807854009010495
    outer loop
      vertex -0.8558666110038757 -17.899999618530273 3.380740165710449
      vertex -0.4068414568901062 -14.899999618530273 3.4700565338134766
      vertex -0.4068414568901062 -17.899999618530273 3.4700565338134766
    endloop
  endfacet
  facet normal 0.19508971623170607 0 -0.9807854009010495
    outer loop
      vertex -0.4068414568901062 -14.899999618530273 3.4700565338134766
      vertex -0.8558666110038757 -17.899999618530273 3.380740165710449
      vertex -0.8558666110038757 -14.899999618530273 3.380740165710449
    endloop
  endfacet
  facet normal 0.7518400530488211 0 -0.6593455350812242
    outer loop
      vertex -2.4248735904693604 -17.899999618530273 2.4748735427856445
      vertex -2.726736307144165 -14.899999618530273 2.130664825439453
      vertex -2.4248735904693604 -14.899999618530273 2.4748735427856445
    endloop
  endfacet
  facet normal 0.7518400530488211 0 -0.6593455350812242
    outer loop
      vertex -2.726736307144165 -14.899999618530273 2.130664825439453
      vertex -2.4248735904693604 -17.899999618530273 2.4748735427856445
      vertex -2.726736307144165 -17.899999618530273 2.130664825439453
    endloop
  endfacet
  facet normal -0.8968733494932566 0 0.44228745739478836
    outer loop
      vertex 3.0810887813568115 -17.899999618530273 -1.75
      vertex 3.2835776805877686 -14.899999618530273 -1.3393917083740234
      vertex 3.0810887813568115 -14.899999618530273 -1.75
    endloop
  endfacet
  facet normal -0.8968733494932566 0 0.44228745739478836
    outer loop
      vertex 3.2835776805877686 -14.899999618530273 -1.3393917083740234
      vertex 3.0810887813568115 -17.899999618530273 -1.75
      vertex 3.2835776805877686 -17.899999618530273 -1.3393917083740234
    endloop
  endfacet
  facet normal -0.5555709352218308 0 -0.8314691431055877
    outer loop
      vertex 1.7999999523162842 -17.899999618530273 3.0310888290405273
      vertex 2.1806647777557373 -14.899999618530273 2.776736259460449
      vertex 2.1806647777557373 -17.899999618530273 2.776736259460449
    endloop
  endfacet
  facet normal -0.5555709352218308 0 -0.8314691431055877
    outer loop
      vertex 2.1806647777557373 -14.899999618530273 2.776736259460449
      vertex 1.7999999523162842 -17.899999618530273 3.0310888290405273
      vertex 1.7999999523162842 -14.899999618530273 3.0310888290405273
    endloop
  endfacet
  facet normal -0.6593455350812242 0 -0.7518400530488211
    outer loop
      vertex 2.1806647777557373 -17.899999618530273 2.776736259460449
      vertex 2.5248734951019287 -14.899999618530273 2.4748735427856445
      vertex 2.5248734951019287 -17.899999618530273 2.4748735427856445
    endloop
  endfacet
  facet normal -0.6593455350812242 0 -0.7518400530488211
    outer loop
      vertex 2.5248734951019287 -14.899999618530273 2.4748735427856445
      vertex 2.1806647777557373 -17.899999618530273 2.776736259460449
      vertex 2.1806647777557373 -14.899999618530273 2.776736259460449
    endloop
  endfacet
  facet normal 0.9978588527659149 0 -0.0654042044267184
    outer loop
      vertex -3.4200565814971924 -17.899999618530273 0.45684146881103516
      vertex -3.450000047683716 -14.899999618530273 0
      vertex -3.4200565814971924 -14.899999618530273 0.45684146881103516
    endloop
  endfacet
  facet normal 0.9978588527659149 0 -0.0654042044267184
    outer loop
      vertex -3.450000047683716 -14.899999618530273 0
      vertex -3.4200565814971924 -17.899999618530273 0.45684146881103516
      vertex -3.450000047683716 -17.899999618530273 0
    endloop
  endfacet
  facet normal 0.44228745739478836 0 0.8968733494932566
    outer loop
      vertex -1.7000000476837158 -14.899999618530273 -3.0310888290405273
      vertex -1.2893917560577393 -17.899999618530273 -3.2335777282714844
      vertex -1.2893917560577393 -14.899999618530273 -3.2335777282714844
    endloop
  endfacet
  facet normal 0.44228745739478836 0 0.8968733494932566
    outer loop
      vertex -1.2893917560577393 -17.899999618530273 -3.2335777282714844
      vertex -1.7000000476837158 -14.899999618530273 -3.0310888290405273
      vertex -1.7000000476837158 -17.899999618530273 -3.0310888290405273
    endloop
  endfacet
  facet normal -0.946929796500706 0 -0.32144044627136115
    outer loop
      vertex 3.4307401180267334 -17.899999618530273 0.9058666229248047
      vertex 3.2835776805877686 -14.899999618530273 1.3393917083740234
      vertex 3.4307401180267334 -14.899999618530273 0.9058666229248047
    endloop
  endfacet
  facet normal -0.946929796500706 0 -0.32144044627136115
    outer loop
      vertex 3.2835776805877686 -14.899999618530273 1.3393917083740234
      vertex 3.4307401180267334 -17.899999618530273 0.9058666229248047
      vertex 3.2835776805877686 -17.899999618530273 1.3393917083740234
    endloop
  endfacet
  facet normal 0.8968733494932566 0 -0.44228745739478836
    outer loop
      vertex -2.981088876724243 -17.899999618530273 1.75
      vertex -3.1835777759552 -14.899999618530273 1.3393917083740234
      vertex -2.981088876724243 -14.899999618530273 1.75
    endloop
  endfacet
  facet normal 0.8968733494932566 0 -0.44228745739478836
    outer loop
      vertex -3.1835777759552 -14.899999618530273 1.3393917083740234
      vertex -2.981088876724243 -17.899999618530273 1.75
      vertex -3.1835777759552 -17.899999618530273 1.3393917083740234
    endloop
  endfacet
  facet normal 0.8314691431055877 0 -0.5555709352218308
    outer loop
      vertex -2.726736307144165 -17.899999618530273 2.130664825439453
      vertex -2.981088876724243 -14.899999618530273 1.75
      vertex -2.726736307144165 -14.899999618530273 2.130664825439453
    endloop
  endfacet
  facet normal 0.8314691431055877 0 -0.5555709352218308
    outer loop
      vertex -2.981088876724243 -14.899999618530273 1.75
      vertex -2.726736307144165 -17.899999618530273 2.130664825439453
      vertex -2.981088876724243 -17.899999618530273 1.75
    endloop
  endfacet
  facet normal -0.06540420283355713 0 0.997858852870338
    outer loop
      vertex 0.05000000074505806 -14.899999618530273 -3.5
      vertex 0.5068414807319641 -17.899999618530273 -3.4700565338134766
      vertex 0.5068414807319641 -14.899999618530273 -3.4700565338134766
    endloop
  endfacet
  facet normal -0.06540420283355713 0 0.997858852870338
    outer loop
      vertex 0.5068414807319641 -17.899999618530273 -3.4700565338134766
      vertex 0.05000000074505806 -14.899999618530273 -3.5
      vertex 0.05000000074505806 -17.899999618530273 -3.5
    endloop
  endfacet
  facet normal -0.6593455350812242 0 0.7518400530488211
    outer loop
      vertex 2.1806647777557373 -14.899999618530273 -2.776736259460449
      vertex 2.5248734951019287 -17.899999618530273 -2.4748735427856445
      vertex 2.5248734951019287 -14.899999618530273 -2.4748735427856445
    endloop
  endfacet
  facet normal -0.6593455350812242 0 0.7518400530488211
    outer loop
      vertex 2.5248734951019287 -17.899999618530273 -2.4748735427856445
      vertex 2.1806647777557373 -14.899999618530273 -2.776736259460449
      vertex 2.1806647777557373 -17.899999618530273 -2.776736259460449
    endloop
  endfacet
  facet normal 0.06540420601987977 0 0.997858852661492
    outer loop
      vertex -0.4068414568901062 -14.899999618530273 -3.4700565338134766
      vertex 0.05000000074505806 -17.899999618530273 -3.5
      vertex 0.05000000074505806 -14.899999618530273 -3.5
    endloop
  endfacet
  facet normal 0.06540420601987977 0 0.997858852661492
    outer loop
      vertex 0.05000000074505806 -17.899999618530273 -3.5
      vertex -0.4068414568901062 -14.899999618530273 -3.4700565338134766
      vertex -0.4068414568901062 -17.899999618530273 -3.4700565338134766
    endloop
  endfacet
  facet normal 0.3214404066433836 0 0.9469298099526364
    outer loop
      vertex -1.2893917560577393 -14.899999618530273 -3.2335777282714844
      vertex -0.8558666110038757 -17.899999618530273 -3.380740165710449
      vertex -0.8558666110038757 -14.899999618530273 -3.380740165710449
    endloop
  endfacet
  facet normal 0.3214404066433836 0 0.9469298099526364
    outer loop
      vertex -0.8558666110038757 -17.899999618530273 -3.380740165710449
      vertex -1.2893917560577393 -14.899999618530273 -3.2335777282714844
      vertex -1.2893917560577393 -17.899999618530273 -3.2335777282714844
    endloop
  endfacet
  facet normal 0 -1 0
    outer loop
      vertex 0.05000000074505806 -14.899999618530273 2.1843996047973633
      vertex 0.05000000074505806 -14.899999618530273 3.5
      vertex -0.4068414568901062 -14.899999618530273 3.4700565338134766
    endloop
  endfacet
  facet normal 0 -1 0
    outer loop
      vertex -0.2351209670305252 -14.899999618530273 2.1657114028930664
      vertex -0.4068414568901062 -14.899999618530273 3.4700565338134766
      vertex -0.8558666110038757 -14.899999618530273 3.380740165710449
    endloop
  endfacet
  facet normal 0 -1 0
    outer loop
      vertex 0.05000000074505806 -14.899999618530273 3.5
      vertex 0.05000000074505806 -14.899999618530273 2.1843996047973633
      vertex 0.5068414807319641 -14.899999618530273 3.4700565338134766
    endloop
  endfacet
  facet normal 0 -1 0
    outer loop
      vertex -0.515363872051239 -14.899999618530273 2.1099681854248047
      vertex -0.8558666110038757 -14.899999618530273 3.380740165710449
      vertex -1.2893917560577393 -14.899999618530273 3.2335777282714844
    endloop
  endfacet
  facet normal 0 -1 0
    outer loop
      vertex 0.3351209759712219 -14.899999618530273 2.1657114028930664
      vertex 0.5068414807319641 -14.899999618530273 3.4700565338134766
      vertex 0.05000000074505806 -14.899999618530273 2.1843996047973633
    endloop
  endfacet
  facet normal 0 -1 0
    outer loop
      vertex -0.7859336733818054 -14.899999618530273 2.0181217193603516
      vertex -1.2893917560577393 -14.899999618530273 3.2335777282714844
      vertex -1.7000000476837158 -14.899999618530273 3.0310888290405273
    endloop
  endfacet
  facet normal 0 -1 0
    outer loop
      vertex 0.5068414807319641 -14.899999618530273 3.4700565338134766
      vertex 0.3351209759712219 -14.899999618530273 2.1657114028930664
      vertex 0.9558666348457336 -14.899999618530273 3.380740165710449
    endloop
  endfacet
  facet normal 0 -1 0
    outer loop
      vertex -1.0421993732452393 -14.899999618530273 1.8917455673217773
      vertex -1.7000000476837158 -14.899999618530273 3.0310888290405273
      vertex -2.080664873123169 -14.899999618530273 2.776736259460449
    endloop
  endfacet
  facet normal 0 -1 0
    outer loop
      vertex 0.6153638958930969 -14.899999618530273 2.1099681854248047
      vertex 0.9558666348457336 -14.899999618530273 3.380740165710449
      vertex 0.3351209759712219 -14.899999618530273 2.1657114028930664
    endloop
  endfacet
  facet normal 0 -1 0
    outer loop
      vertex -1.2797777652740479 -14.899999618530273 1.7330007553100586
      vertex -2.080664873123169 -14.899999618530273 2.776736259460449
      vertex -2.4248735904693604 -14.899999618530273 2.4748735427856445
    endloop
  endfacet
  facet normal 0 -1 0
    outer loop
      vertex 0.9558666348457336 -14.899999618530273 3.380740165710449
      vertex 0.6153638958930969 -14.899999618530273 2.1099681854248047
      vertex 1.3893916606903076 -14.899999618530273 3.2335777282714844
    endloop
  endfacet
  facet normal 0 -1 0
    outer loop
      vertex 0.8859336972236633 -14.899999618530273 2.0181217193603516
      vertex 1.3893916606903076 -14.899999618530273 3.2335777282714844
      vertex 0.6153638958930969 -14.899999618530273 2.1099681854248047
    endloop
  endfacet
  facet normal 0 -1 0
    outer loop
      vertex -0.4068414568901062 -14.899999618530273 3.4700565338134766
      vertex -0.2351209670305252 -14.899999618530273 2.1657114028930664
      vertex 0.05000000074505806 -14.899999618530273 2.1843996047973633
    endloop
  endfacet
  facet normal 0 -1 0
    outer loop
      vertex -1.4946033954620361 -14.899999618530273 1.5446033477783203
      vertex -2.4248735904693604 -14.899999618530273 2.4748735427856445
      vertex -2.726736307144165 -14.899999618530273 2.130664825439453
    endloop
  endfacet
  facet normal 0 -1 0
    outer loop
      vertex -0.8558666110038757 -14.899999618530273 3.380740165710449
      vertex -0.515363872051239 -14.899999618530273 2.1099681854248047
      vertex -0.2351209670305252 -14.899999618530273 2.1657114028930664
    endloop
  endfacet
  facet normal 0 -1 0
    outer loop
      vertex -1.2893917560577393 -14.899999618530273 3.2335777282714844
      vertex -0.7859336733818054 -14.899999618530273 2.0181217193603516
      vertex -0.515363872051239 -14.899999618530273 2.1099681854248047
    endloop
  endfacet
  facet normal 0 -1 0
    outer loop
      vertex -1.7000000476837158 -14.899999618530273 3.0310888290405273
      vertex -1.0421993732452393 -14.899999618530273 1.8917455673217773
      vertex -0.7859336733818054 -14.899999618530273 2.0181217193603516
    endloop
  endfacet
  facet normal 0 -1 0
    outer loop
      vertex -1.6830008029937744 -14.899999618530273 1.329777717590332
      vertex -2.726736307144165 -14.899999618530273 2.130664825439453
      vertex -2.981088876724243 -14.899999618530273 1.75
    endloop
  endfacet
  facet normal 0 -1 0
    outer loop
      vertex -2.080664873123169 -14.899999618530273 2.776736259460449
      vertex -1.2797777652740479 -14.899999618530273 1.7330007553100586
      vertex -1.0421993732452393 -14.899999618530273 1.8917455673217773
    endloop
  endfacet
  facet normal 0 -1 0
    outer loop
      vertex -2.4248735904693604 -14.899999618530273 2.4748735427856445
      vertex -1.4946033954620361 -14.899999618530273 1.5446033477783203
      vertex -1.2797777652740479 -14.899999618530273 1.7330007553100586
    endloop
  endfacet
  facet normal 0 -1 0
    outer loop
      vertex -1.8417456150054932 -14.899999618530273 1.0921993255615234
      vertex -2.981088876724243 -14.899999618530273 1.75
      vertex -3.1835777759552 -14.899999618530273 1.3393917083740234
    endloop
  endfacet
  facet normal 0 -1 0
    outer loop
      vertex -2.726736307144165 -14.899999618530273 2.130664825439453
      vertex -1.6830008029937744 -14.899999618530273 1.329777717590332
      vertex -1.4946033954620361 -14.899999618530273 1.5446033477783203
    endloop
  endfacet
  facet normal 0 -1 0
    outer loop
      vertex -2.981088876724243 -14.899999618530273 1.75
      vertex -1.8417456150054932 -14.899999618530273 1.0921993255615234
      vertex -1.6830008029937744 -14.899999618530273 1.329777717590332
    endloop
  endfacet
  facet normal 0 -1 0
    outer loop
      vertex -1.9681217670440674 -14.899999618530273 0.8359336853027344
      vertex -3.1835777759552 -14.899999618530273 1.3393917083740234
      vertex -3.330740213394165 -14.899999618530273 0.9058666229248047
    endloop
  endfacet
  facet normal 0 -1 0
    outer loop
      vertex -3.1835777759552 -14.899999618530273 1.3393917083740234
      vertex -1.9681217670440674 -14.899999618530273 0.8359336853027344
      vertex -1.8417456150054932 -14.899999618530273 1.0921993255615234
    endloop
  endfacet
  facet normal 0 -1 0
    outer loop
      vertex -3.330740213394165 -14.899999618530273 0.9058666229248047
      vertex -2.0599682331085205 -14.899999618530273 0.565363883972168
      vertex -1.9681217670440674 -14.899999618530273 0.8359336853027344
    endloop
  endfacet
  facet normal 0 -1 0
    outer loop
      vertex -3.4200565814971924 -14.899999618530273 0.45684146881103516
      vertex -2.0599682331085205 -14.899999618530273 0.565363883972168
      vertex -3.330740213394165 -14.899999618530273 0.9058666229248047
    endloop
  endfacet
  facet normal 0 -1 0
    outer loop
      vertex -3.4200565814971924 -14.899999618530273 0.45684146881103516
      vertex -2.1157114505767822 -14.899999618530273 0.28512096405029297
      vertex -2.0599682331085205 -14.899999618530273 0.565363883972168
    endloop
  endfacet
  facet normal 0 -1 0
    outer loop
      vertex -3.450000047683716 -14.899999618530273 0
      vertex -2.1157114505767822 -14.899999618530273 0.28512096405029297
      vertex -3.4200565814971924 -14.899999618530273 0.45684146881103516
    endloop
  endfacet
  facet normal 0 -1 0
    outer loop
      vertex -3.450000047683716 -14.899999618530273 0
      vertex -2.134399652481079 -14.899999618530273 0
      vertex -2.1157114505767822 -14.899999618530273 0.28512096405029297
    endloop
  endfacet
  facet normal 0 -1 0
    outer loop
      vertex -3.450000047683716 -14.899999618530273 0
      vertex -2.1157114505767822 -14.899999618530273 -0.28512096405029297
      vertex -2.134399652481079 -14.899999618530273 0
    endloop
  endfacet
  facet normal 0 -1 0
    outer loop
      vertex -3.4200565814971924 -14.899999618530273 -0.45684146881103516
      vertex -2.1157114505767822 -14.899999618530273 -0.28512096405029297
      vertex -3.450000047683716 -14.899999618530273 0
    endloop
  endfacet
  facet normal 0 -1 0
    outer loop
      vertex -3.4200565814971924 -14.899999618530273 -0.45684146881103516
      vertex -2.0599682331085205 -14.899999618530273 -0.565363883972168
      vertex -2.1157114505767822 -14.899999618530273 -0.28512096405029297
    endloop
  endfacet
  facet normal 0 -1 0
    outer loop
      vertex -3.330740213394165 -14.899999618530273 -0.9058666229248047
      vertex -2.0599682331085205 -14.899999618530273 -0.565363883972168
      vertex -3.4200565814971924 -14.899999618530273 -0.45684146881103516
    endloop
  endfacet
  facet normal 0 -1 0
    outer loop
      vertex -2.0599682331085205 -14.899999618530273 -0.565363883972168
      vertex -3.330740213394165 -14.899999618530273 -0.9058666229248047
      vertex -1.9681217670440674 -14.899999618530273 -0.8359336853027344
    endloop
  endfacet
  facet normal 0 -1 0
    outer loop
      vertex -3.1835777759552 -14.899999618530273 -1.3393917083740234
      vertex -1.9681217670440674 -14.899999618530273 -0.8359336853027344
      vertex -3.330740213394165 -14.899999618530273 -0.9058666229248047
    endloop
  endfacet
  facet normal 0 -1 0
    outer loop
      vertex -1.9681217670440674 -14.899999618530273 -0.8359336853027344
      vertex -3.1835777759552 -14.899999618530273 -1.3393917083740234
      vertex -1.8417456150054932 -14.899999618530273 -1.0921993255615234
    endloop
  endfacet
  facet normal 0 -1 0
    outer loop
      vertex -2.981088876724243 -14.899999618530273 -1.75
      vertex -1.8417456150054932 -14.899999618530273 -1.0921993255615234
      vertex -3.1835777759552 -14.899999618530273 -1.3393917083740234
    endloop
  endfacet
  facet normal 0 -1 0
    outer loop
      vertex -1.8417456150054932 -14.899999618530273 -1.0921993255615234
      vertex -2.981088876724243 -14.899999618530273 -1.75
      vertex -1.6830008029937744 -14.899999618530273 -1.329777717590332
    endloop
  endfacet
  facet normal 0 -1 0
    outer loop
      vertex -2.726736307144165 -14.899999618530273 -2.130664825439453
      vertex -1.6830008029937744 -14.899999618530273 -1.329777717590332
      vertex -2.981088876724243 -14.899999618530273 -1.75
    endloop
  endfacet
  facet normal 0 -1 0
    outer loop
      vertex -1.6830008029937744 -14.899999618530273 -1.329777717590332
      vertex -2.726736307144165 -14.899999618530273 -2.130664825439453
      vertex -1.4946033954620361 -14.899999618530273 -1.5446033477783203
    endloop
  endfacet
  facet normal 0 -1 0
    outer loop
      vertex -2.4248735904693604 -14.899999618530273 -2.4748735427856445
      vertex -1.4946033954620361 -14.899999618530273 -1.5446033477783203
      vertex -2.726736307144165 -14.899999618530273 -2.130664825439453
    endloop
  endfacet
  facet normal 0 -1 0
    outer loop
      vertex -1.4946033954620361 -14.899999618530273 -1.5446033477783203
      vertex -2.4248735904693604 -14.899999618530273 -2.4748735427856445
      vertex -1.2797777652740479 -14.899999618530273 -1.7330007553100586
    endloop
  endfacet
  facet normal 0 -1 0
    outer loop
      vertex -2.080664873123169 -14.899999618530273 -2.776736259460449
      vertex -1.2797777652740479 -14.899999618530273 -1.7330007553100586
      vertex -2.4248735904693604 -14.899999618530273 -2.4748735427856445
    endloop
  endfacet
  facet normal 0 -1 0
    outer loop
      vertex -1.2797777652740479 -14.899999618530273 -1.7330007553100586
      vertex -2.080664873123169 -14.899999618530273 -2.776736259460449
      vertex -1.0421993732452393 -14.899999618530273 -1.8917455673217773
    endloop
  endfacet
  facet normal 0 -1 0
    outer loop
      vertex -1.7000000476837158 -14.899999618530273 -3.0310888290405273
      vertex -1.0421993732452393 -14.899999618530273 -1.8917455673217773
      vertex -2.080664873123169 -14.899999618530273 -2.776736259460449
    endloop
  endfacet
  facet normal 0 -1 0
    outer loop
      vertex -1.0421993732452393 -14.899999618530273 -1.8917455673217773
      vertex -1.7000000476837158 -14.899999618530273 -3.0310888290405273
      vertex -0.7859336733818054 -14.899999618530273 -2.0181217193603516
    endloop
  endfacet
  facet normal 0 -1 0
    outer loop
      vertex -1.2893917560577393 -14.899999618530273 -3.2335777282714844
      vertex -0.7859336733818054 -14.899999618530273 -2.0181217193603516
      vertex -1.7000000476837158 -14.899999618530273 -3.0310888290405273
    endloop
  endfacet
  facet normal 0 -1 0
    outer loop
      vertex 1.3893916606903076 -14.899999618530273 3.2335777282714844
      vertex 0.8859336972236633 -14.899999618530273 2.0181217193603516
      vertex 1.7999999523162842 -14.899999618530273 3.0310888290405273
    endloop
  endfacet
  facet normal 0 -1 0
    outer loop
      vertex 1.1421992778778076 -14.899999618530273 1.8917455673217773
      vertex 1.7999999523162842 -14.899999618530273 3.0310888290405273
      vertex 0.8859336972236633 -14.899999618530273 2.0181217193603516
    endloop
  endfacet
  facet normal 0 -1 0
    outer loop
      vertex 1.7999999523162842 -14.899999618530273 3.0310888290405273
      vertex 1.1421992778778076 -14.899999618530273 1.8917455673217773
      vertex 2.1806647777557373 -14.899999618530273 2.776736259460449
    endloop
  endfacet
  facet normal 0 -1 0
    outer loop
      vertex 1.3797776699066162 -14.899999618530273 1.7330007553100586
      vertex 2.1806647777557373 -14.899999618530273 2.776736259460449
      vertex 1.1421992778778076 -14.899999618530273 1.8917455673217773
    endloop
  endfacet
  facet normal 0 -1 0
    outer loop
      vertex 2.1806647777557373 -14.899999618530273 2.776736259460449
      vertex 1.3797776699066162 -14.899999618530273 1.7330007553100586
      vertex 2.5248734951019287 -14.899999618530273 2.4748735427856445
    endloop
  endfacet
  facet normal 0 -1 0
    outer loop
      vertex 1.5946033000946045 -14.899999618530273 1.5446033477783203
      vertex 2.5248734951019287 -14.899999618530273 2.4748735427856445
      vertex 1.3797776699066162 -14.899999618530273 1.7330007553100586
    endloop
  endfacet
  facet normal 0 -1 0
    outer loop
      vertex 2.5248734951019287 -14.899999618530273 2.4748735427856445
      vertex 1.5946033000946045 -14.899999618530273 1.5446033477783203
      vertex 2.8267362117767334 -14.899999618530273 2.130664825439453
    endloop
  endfacet
  facet normal 0 -1 0
    outer loop
      vertex 1.7830007076263428 -14.899999618530273 1.329777717590332
      vertex 2.8267362117767334 -14.899999618530273 2.130664825439453
      vertex 1.5946033000946045 -14.899999618530273 1.5446033477783203
    endloop
  endfacet
  facet normal 0 -1 0
    outer loop
      vertex 2.8267362117767334 -14.899999618530273 2.130664825439453
      vertex 1.7830007076263428 -14.899999618530273 1.329777717590332
      vertex 3.0810887813568115 -14.899999618530273 1.75
    endloop
  endfacet
  facet normal 0 -1 0
    outer loop
      vertex 1.9417455196380615 -14.899999618530273 1.0921993255615234
      vertex 3.0810887813568115 -14.899999618530273 1.75
      vertex 1.7830007076263428 -14.899999618530273 1.329777717590332
    endloop
  endfacet
  facet normal 0 -1 0
    outer loop
      vertex 3.0810887813568115 -14.899999618530273 1.75
      vertex 1.9417455196380615 -14.899999618530273 1.0921993255615234
      vertex 3.2835776805877686 -14.899999618530273 1.3393917083740234
    endloop
  endfacet
  facet normal 0 -1 0
    outer loop
      vertex 2.0681216716766357 -14.899999618530273 0.8359336853027344
      vertex 3.2835776805877686 -14.899999618530273 1.3393917083740234
      vertex 1.9417455196380615 -14.899999618530273 1.0921993255615234
    endloop
  endfacet
  facet normal 0 -1 0
    outer loop
      vertex 3.2835776805877686 -14.899999618530273 1.3393917083740234
      vertex 2.0681216716766357 -14.899999618530273 0.8359336853027344
      vertex 3.4307401180267334 -14.899999618530273 0.9058666229248047
    endloop
  endfacet
  facet normal 0 -1 0
    outer loop
      vertex 2.159968137741089 -14.899999618530273 0.565363883972168
      vertex 3.4307401180267334 -14.899999618530273 0.9058666229248047
      vertex 2.0681216716766357 -14.899999618530273 0.8359336853027344
    endloop
  endfacet
  facet normal 0 -1 0
    outer loop
      vertex 2.159968137741089 -14.899999618530273 0.565363883972168
      vertex 3.5200564861297607 -14.899999618530273 0.45684146881103516
      vertex 3.4307401180267334 -14.899999618530273 0.9058666229248047
    endloop
  endfacet
  facet normal 0 -1 0
    outer loop
      vertex 2.2157113552093506 -14.899999618530273 0.28512096405029297
      vertex 3.5200564861297607 -14.899999618530273 0.45684146881103516
      vertex 2.159968137741089 -14.899999618530273 0.565363883972168
    endloop
  endfacet
  facet normal 0 -1 0
    outer loop
      vertex 2.2343995571136475 -14.899999618530273 0
      vertex 3.5200564861297607 -14.899999618530273 0.45684146881103516
      vertex 2.2157113552093506 -14.899999618530273 0.28512096405029297
    endloop
  endfacet
  facet normal 0 -1 0
    outer loop
      vertex 2.2343995571136475 -14.899999618530273 0
      vertex 3.549999952316284 -14.899999618530273 0
      vertex 3.5200564861297607 -14.899999618530273 0.45684146881103516
    endloop
  endfacet
  facet normal 0 -1 0
    outer loop
      vertex 2.2157113552093506 -14.899999618530273 -0.28512096405029297
      vertex 3.549999952316284 -14.899999618530273 0
      vertex 2.2343995571136475 -14.899999618530273 0
    endloop
  endfacet
  facet normal 0 -1 0
    outer loop
      vertex 2.2157113552093506 -14.899999618530273 -0.28512096405029297
      vertex 3.5200564861297607 -14.899999618530273 -0.45684146881103516
      vertex 3.549999952316284 -14.899999618530273 0
    endloop
  endfacet
  facet normal 0 -1 0
    outer loop
      vertex 2.159968137741089 -14.899999618530273 -0.565363883972168
      vertex 3.5200564861297607 -14.899999618530273 -0.45684146881103516
      vertex 2.2157113552093506 -14.899999618530273 -0.28512096405029297
    endloop
  endfacet
  facet normal 0 -1 0
    outer loop
      vertex 3.4307401180267334 -14.899999618530273 -0.9058666229248047
      vertex 2.159968137741089 -14.899999618530273 -0.565363883972168
      vertex 2.0681216716766357 -14.899999618530273 -0.8359336853027344
    endloop
  endfacet
  facet normal 0 -1 0
    outer loop
      vertex 2.159968137741089 -14.899999618530273 -0.565363883972168
      vertex 3.4307401180267334 -14.899999618530273 -0.9058666229248047
      vertex 3.5200564861297607 -14.899999618530273 -0.45684146881103516
    endloop
  endfacet
  facet normal 0 -1 0
    outer loop
      vertex 3.2835776805877686 -14.899999618530273 -1.3393917083740234
      vertex 2.0681216716766357 -14.899999618530273 -0.8359336853027344
      vertex 1.9417455196380615 -14.899999618530273 -1.0921993255615234
    endloop
  endfacet
  facet normal 0 -1 0
    outer loop
      vertex 3.0810887813568115 -14.899999618530273 -1.75
      vertex 1.9417455196380615 -14.899999618530273 -1.0921993255615234
      vertex 1.7830007076263428 -14.899999618530273 -1.329777717590332
    endloop
  endfacet
  facet normal 0 -1 0
    outer loop
      vertex 2.0681216716766357 -14.899999618530273 -0.8359336853027344
      vertex 3.2835776805877686 -14.899999618530273 -1.3393917083740234
      vertex 3.4307401180267334 -14.899999618530273 -0.9058666229248047
    endloop
  endfacet
  facet normal 0 -1 0
    outer loop
      vertex 2.8267362117767334 -14.899999618530273 -2.130664825439453
      vertex 1.7830007076263428 -14.899999618530273 -1.329777717590332
      vertex 1.5946033000946045 -14.899999618530273 -1.5446033477783203
    endloop
  endfacet
  facet normal 0 -1 0
    outer loop
      vertex 2.5248734951019287 -14.899999618530273 -2.4748735427856445
      vertex 1.5946033000946045 -14.899999618530273 -1.5446033477783203
      vertex 1.3797776699066162 -14.899999618530273 -1.7330007553100586
    endloop
  endfacet
  facet normal 0 -1 0
    outer loop
      vertex 1.9417455196380615 -14.899999618530273 -1.0921993255615234
      vertex 3.0810887813568115 -14.899999618530273 -1.75
      vertex 3.2835776805877686 -14.899999618530273 -1.3393917083740234
    endloop
  endfacet
  facet normal 0 -1 0
    outer loop
      vertex 2.1806647777557373 -14.899999618530273 -2.776736259460449
      vertex 1.3797776699066162 -14.899999618530273 -1.7330007553100586
      vertex 1.1421992778778076 -14.899999618530273 -1.8917455673217773
    endloop
  endfacet
  facet normal 0 -1 0
    outer loop
      vertex 1.7999999523162842 -14.899999618530273 -3.0310888290405273
      vertex 1.1421992778778076 -14.899999618530273 -1.8917455673217773
      vertex 0.8859336972236633 -14.899999618530273 -2.0181217193603516
    endloop
  endfacet
  facet normal 0 -1 0
    outer loop
      vertex 1.3893916606903076 -14.899999618530273 -3.2335777282714844
      vertex 0.8859336972236633 -14.899999618530273 -2.0181217193603516
      vertex 0.6153638958930969 -14.899999618530273 -2.1099681854248047
    endloop
  endfacet
  facet normal 0 -1 0
    outer loop
      vertex 1.7830007076263428 -14.899999618530273 -1.329777717590332
      vertex 2.8267362117767334 -14.899999618530273 -2.130664825439453
      vertex 3.0810887813568115 -14.899999618530273 -1.75
    endloop
  endfacet
  facet normal 0 -1 0
    outer loop
      vertex 0.9558666348457336 -14.899999618530273 -3.380740165710449
      vertex 0.6153638958930969 -14.899999618530273 -2.1099681854248047
      vertex 0.3351209759712219 -14.899999618530273 -2.1657114028930664
    endloop
  endfacet
  facet normal 0 -1 0
    outer loop
      vertex 0.5068414807319641 -14.899999618530273 -3.4700565338134766
      vertex 0.3351209759712219 -14.899999618530273 -2.1657114028930664
      vertex 0.05000000074505806 -14.899999618530273 -2.1843996047973633
    endloop
  endfacet
  facet normal 0 -1 0
    outer loop
      vertex -0.7859336733818054 -14.899999618530273 -2.0181217193603516
      vertex -1.2893917560577393 -14.899999618530273 -3.2335777282714844
      vertex -0.515363872051239 -14.899999618530273 -2.1099681854248047
    endloop
  endfacet
  facet normal 0 -1 0
    outer loop
      vertex 1.5946033000946045 -14.899999618530273 -1.5446033477783203
      vertex 2.5248734951019287 -14.899999618530273 -2.4748735427856445
      vertex 2.8267362117767334 -14.899999618530273 -2.130664825439453
    endloop
  endfacet
  facet normal 0 -1 0
    outer loop
      vertex -0.8558666110038757 -14.899999618530273 -3.380740165710449
      vertex -0.515363872051239 -14.899999618530273 -2.1099681854248047
      vertex -1.2893917560577393 -14.899999618530273 -3.2335777282714844
    endloop
  endfacet
  facet normal 0 -1 0
    outer loop
      vertex 1.3797776699066162 -14.899999618530273 -1.7330007553100586
      vertex 2.1806647777557373 -14.899999618530273 -2.776736259460449
      vertex 2.5248734951019287 -14.899999618530273 -2.4748735427856445
    endloop
  endfacet
  facet normal 0 -1 0
    outer loop
      vertex -0.515363872051239 -14.899999618530273 -2.1099681854248047
      vertex -0.8558666110038757 -14.899999618530273 -3.380740165710449
      vertex -0.2351209670305252 -14.899999618530273 -2.1657114028930664
    endloop
  endfacet
  facet normal 0 -1 0
    outer loop
      vertex 1.1421992778778076 -14.899999618530273 -1.8917455673217773
      vertex 1.7999999523162842 -14.899999618530273 -3.0310888290405273
      vertex 2.1806647777557373 -14.899999618530273 -2.776736259460449
    endloop
  endfacet
  facet normal 0 -1 0
    outer loop
      vertex -0.4068414568901062 -14.899999618530273 -3.4700565338134766
      vertex -0.2351209670305252 -14.899999618530273 -2.1657114028930664
      vertex -0.8558666110038757 -14.899999618530273 -3.380740165710449
    endloop
  endfacet
  facet normal 0 -1 0
    outer loop
      vertex 0.8859336972236633 -14.899999618530273 -2.0181217193603516
      vertex 1.3893916606903076 -14.899999618530273 -3.2335777282714844
      vertex 1.7999999523162842 -14.899999618530273 -3.0310888290405273
    endloop
  endfacet
  facet normal 0 -1 0
    outer loop
      vertex -0.2351209670305252 -14.899999618530273 -2.1657114028930664
      vertex -0.4068414568901062 -14.899999618530273 -3.4700565338134766
      vertex 0.05000000074505806 -14.899999618530273 -2.1843996047973633
    endloop
  endfacet
  facet normal 0 -1 0
    outer loop
      vertex 0.6153638958930969 -14.899999618530273 -2.1099681854248047
      vertex 0.9558666348457336 -14.899999618530273 -3.380740165710449
      vertex 1.3893916606903076 -14.899999618530273 -3.2335777282714844
    endloop
  endfacet
  facet normal 0 -1 0
    outer loop
      vertex 0.05000000074505806 -14.899999618530273 -3.5
      vertex 0.05000000074505806 -14.899999618530273 -2.1843996047973633
      vertex -0.4068414568901062 -14.899999618530273 -3.4700565338134766
    endloop
  endfacet
  facet normal 0 -1 0
    outer loop
      vertex 0.3351209759712219 -14.899999618530273 -2.1657114028930664
      vertex 0.5068414807319641 -14.899999618530273 -3.4700565338134766
      vertex 0.9558666348457336 -14.899999618530273 -3.380740165710449
    endloop
  endfacet
  facet normal 0 -1 0
    outer loop
      vertex 0.05000000074505806 -14.899999618530273 -2.1843996047973633
      vertex 0.05000000074505806 -14.899999618530273 -3.5
      vertex 0.5068414807319641 -14.899999618530273 -3.4700565338134766
    endloop
  endfacet
  facet normal 0.9807854009010495 0 0.19508971623170607
    outer loop
      vertex -3.4200565814971924 -17.899999618530273 -0.45684146881103516
      vertex -3.330740213394165 -14.899999618530273 -0.9058666229248047
      vertex -3.4200565814971924 -14.899999618530273 -0.45684146881103516
    endloop
  endfacet
  facet normal 0.9807854009010495 0 0.19508971623170607
    outer loop
      vertex -3.330740213394165 -14.899999618530273 -0.9058666229248047
      vertex -3.4200565814971924 -17.899999618530273 -0.45684146881103516
      vertex -3.330740213394165 -17.899999618530273 -0.9058666229248047
    endloop
  endfacet
endsolid OpenSCAD_Model
