solid OpenSCAD_Model
  facet normal 1 0 0
    outer loop
      vertex 6.5 -2.5 -3.500000238418579
      vertex 6.5 -9.5 -3.500000238418579
      vertex 6.5 -2.5 -5
    endloop
  endfacet
  facet normal 1 0 0
    outer loop
      vertex 6.5 2.5 -5
      vertex 6.5 9.5 -3.500000238418579
      vertex 6.5 2.5 -3.500000238418579
    endloop
  endfacet
  facet normal 1 0 0
    outer loop
      vertex 6.5 9.5 -3.500000238418579
      vertex 6.5 2.5 -5
      vertex 6.5 9.5 -12.699999809265137
    endloop
  endfacet
  facet normal 1 0 0
    outer loop
      vertex 6.5 -2.5 -5
      vertex 6.5 9.5 -12.699999809265137
      vertex 6.5 2.5 -5
    endloop
  endfacet
  facet normal 1 0 0
    outer loop
      vertex 6.5 -9.5 -12.699999809265137
      vertex 6.5 -2.5 -5
      vertex 6.5 -9.5 -3.500000238418579
    endloop
  endfacet
  facet normal 1 0 0
    outer loop
      vertex 6.5 -2.5 -5
      vertex 6.5 -9.5 -12.699999809265137
      vertex 6.5 9.5 -12.699999809265137
    endloop
  endfacet
  facet normal 0 0 1
    outer loop
      vertex -3.0221052169799805 13.465779304504395 -3.500000238418579
      vertex -2.5 11.446222305297852 -3.500000238418579
      vertex -2.5 13.5 -3.500000238418579
    endloop
  endfacet
  facet normal 0 0 1
    outer loop
      vertex -3.535276412963867 13.363702774047852 -3.500000238418579
      vertex -2.5 11.446222305297852 -3.500000238418579
      vertex -3.0221052169799805 13.465779304504395 -3.500000238418579
    endloop
  endfacet
  facet normal 0 0 1
    outer loop
      vertex -4.030734062194824 13.195517539978027 -3.500000238418579
      vertex -2.5 11.446222305297852 -3.500000238418579
      vertex -3.535276412963867 13.363702774047852 -3.500000238418579
    endloop
  endfacet
  facet normal 0 0 1
    outer loop
      vertex -2.5 11.446222305297852 -3.500000238418579
      vertex -4.030734062194824 13.195517539978027 -3.500000238418579
      vertex -2.776736259460449 11.130664825439453 -3.500000238418579
    endloop
  endfacet
  facet normal 0 0 1
    outer loop
      vertex -4.5 12.96410083770752 -3.500000238418579
      vertex -2.776736259460449 11.130664825439453 -3.500000238418579
      vertex -4.030734062194824 13.195517539978027 -3.500000238418579
    endloop
  endfacet
  facet normal 0 0 1
    outer loop
      vertex -4.935046195983887 12.673413276672363 -3.500000238418579
      vertex -2.776736259460449 11.130664825439453 -3.500000238418579
      vertex -4.5 12.96410083770752 -3.500000238418579
    endloop
  endfacet
  facet normal 0 0 1
    outer loop
      vertex -5.328427314758301 12.328426361083984 -3.500000238418579
      vertex -3.0310888290405273 10.75 -3.500000238418579
      vertex -4.935046195983887 12.673413276672363 -3.500000238418579
    endloop
  endfacet
  facet normal 0 0 1
    outer loop
      vertex -2.776736259460449 11.130664825439453 -3.500000238418579
      vertex -4.935046195983887 12.673413276672363 -3.500000238418579
      vertex -3.0310888290405273 10.75 -3.500000238418579
    endloop
  endfacet
  facet normal 0 0 1
    outer loop
      vertex -4.022300720214844 5.1439924240112305 -3.500000238418579
      vertex -2.5 6.553776741027832 -3.500000238418579
      vertex -2.776736259460449 6.8693342208862305 -3.500000238418579
    endloop
  endfacet
  facet normal 0 0 1
    outer loop
      vertex -4.302254676818848 5.282050132751465 -3.500000238418579
      vertex -2.776736259460449 6.8693342208862305 -3.500000238418579
      vertex -3.0310888290405273 7.25 -3.500000238418579
    endloop
  endfacet
  facet normal 0 0 1
    outer loop
      vertex -4.509309768676758 5.309309959411621 -3.500000238418579
      vertex -3.0310888290405273 7.25 -3.500000238418579
      vertex -3.2335777282714844 7.66060733795166 -3.500000238418579
    endloop
  endfacet
  facet normal 0 0 1
    outer loop
      vertex -4.716364860534668 5.282050132751465 -3.500000238418579
      vertex -3.2335777282714844 7.66060733795166 -3.500000238418579
      vertex -3.380740165710449 8.094132423400879 -3.500000238418579
    endloop
  endfacet
  facet normal 0 0 1
    outer loop
      vertex -2.776736259460449 6.8693342208862305 -3.500000238418579
      vertex -4.109309196472168 5.202130317687988 -3.500000238418579
      vertex -4.022300720214844 5.1439924240112305 -3.500000238418579
    endloop
  endfacet
  facet normal 0 0 1
    outer loop
      vertex -6.5 9.5 -3.500000238418579
      vertex -3.380740165710449 8.094132423400879 -3.500000238418579
      vertex -3.4700565338134766 8.543157577514648 -3.500000238418579
    endloop
  endfacet
  facet normal 0 0 1
    outer loop
      vertex -6.5 9.5 -3.500000238418579
      vertex -3.4700565338134766 8.543157577514648 -3.500000238418579
      vertex -3.5 9 -3.500000238418579
    endloop
  endfacet
  facet normal 0 0 1
    outer loop
      vertex -3.0310888290405273 10.75 -3.500000238418579
      vertex -5.328427314758301 12.328426361083984 -3.500000238418579
      vertex -3.2335777282714844 10.339391708374023 -3.500000238418579
    endloop
  endfacet
  facet normal 0 0 1
    outer loop
      vertex -2.5 6.553776741027832 -3.500000238418579
      vertex -3.9436299800872803 5.074999809265137 -3.500000238418579
      vertex -2.5 5.074999809265137 -3.500000238418579
    endloop
  endfacet
  facet normal 0 0 1
    outer loop
      vertex -5.67341423034668 11.93504524230957 -3.500000238418579
      vertex -3.2335777282714844 10.339391708374023 -3.500000238418579
      vertex -5.328427314758301 12.328426361083984 -3.500000238418579
    endloop
  endfacet
  facet normal 0 0 1
    outer loop
      vertex -2.5 6.553776741027832 -3.500000238418579
      vertex -4.022300720214844 5.1439924240112305 -3.500000238418579
      vertex -3.9436299800872803 5.074999809265137 -3.500000238418579
    endloop
  endfacet
  facet normal 0 0 1
    outer loop
      vertex -4.815456390380859 5.2484130859375 -3.500000238418579
      vertex -3.380740165710449 8.094132423400879 -3.500000238418579
      vertex -6.5 9.5 -3.500000238418579
    endloop
  endfacet
  facet normal 0 0 1
    outer loop
      vertex -2.776736259460449 6.8693342208862305 -3.500000238418579
      vertex -4.203163146972656 5.2484130859375 -3.500000238418579
      vertex -4.109309196472168 5.202130317687988 -3.500000238418579
    endloop
  endfacet
  facet normal 0 0 1
    outer loop
      vertex -2.776736259460449 6.8693342208862305 -3.500000238418579
      vertex -4.302254676818848 5.282050132751465 -3.500000238418579
      vertex -4.203163146972656 5.2484130859375 -3.500000238418579
    endloop
  endfacet
  facet normal 0 0 1
    outer loop
      vertex -5.964101791381836 11.5 -3.500000238418579
      vertex -3.2335777282714844 10.339391708374023 -3.500000238418579
      vertex -5.67341423034668 11.93504524230957 -3.500000238418579
    endloop
  endfacet
  facet normal 0 0 1
    outer loop
      vertex -3.0310888290405273 7.25 -3.500000238418579
      vertex -4.404888153076172 5.302465438842773 -3.500000238418579
      vertex -4.302254676818848 5.282050132751465 -3.500000238418579
    endloop
  endfacet
  facet normal 0 0 1
    outer loop
      vertex -3.0310888290405273 7.25 -3.500000238418579
      vertex -4.509309768676758 5.309309959411621 -3.500000238418579
      vertex -4.404888153076172 5.302465438842773 -3.500000238418579
    endloop
  endfacet
  facet normal 0 0 1
    outer loop
      vertex -3.2335777282714844 7.66060733795166 -3.500000238418579
      vertex -4.613730430603027 5.302465438842773 -3.500000238418579
      vertex -4.509309768676758 5.309309959411621 -3.500000238418579
    endloop
  endfacet
  facet normal 0 0 1
    outer loop
      vertex -3.2335777282714844 7.66060733795166 -3.500000238418579
      vertex -4.716364860534668 5.282050132751465 -3.500000238418579
      vertex -4.613730430603027 5.302465438842773 -3.500000238418579
    endloop
  endfacet
  facet normal 0 0 1
    outer loop
      vertex -3.380740165710449 8.094132423400879 -3.500000238418579
      vertex -4.815456390380859 5.2484130859375 -3.500000238418579
      vertex -4.716364860534668 5.282050132751465 -3.500000238418579
    endloop
  endfacet
  facet normal 0 0 1
    outer loop
      vertex -3.2335777282714844 10.339391708374023 -3.500000238418579
      vertex -5.964101791381836 11.5 -3.500000238418579
      vertex -3.380740165710449 9.905866622924805 -3.500000238418579
    endloop
  endfacet
  facet normal 0 0 1
    outer loop
      vertex -4.815456390380859 5.2484130859375 -3.500000238418579
      vertex -6.5 9.5 -3.500000238418579
      vertex -4.909309387207031 5.202130317687988 -3.500000238418579
    endloop
  endfacet
  facet normal 0 0 1
    outer loop
      vertex -4.909309387207031 5.202130317687988 -3.500000238418579
      vertex -6.5 9.5 -3.500000238418579
      vertex -4.996318817138672 5.1439924240112305 -3.500000238418579
    endloop
  endfacet
  facet normal 0 0 1
    outer loop
      vertex -5.074999809265137 5.074999809265137 -3.500000238418579
      vertex -4.996318817138672 5.1439924240112305 -3.500000238418579
      vertex -6.5 9.5 -3.500000238418579
    endloop
  endfacet
  facet normal 0 0 1
    outer loop
      vertex -5.074999809265137 5.074999809265137 -3.500000238418579
      vertex -5.1439924240112305 4.996318817138672 -3.500000238418579
      vertex -5.074999809265137 5.0749897956848145 -3.500000238418579
    endloop
  endfacet
  facet normal 0 0 1
    outer loop
      vertex -4.996318817138672 5.1439924240112305 -3.500000238418579
      vertex -5.074999809265137 5.074999809265137 -3.500000238418579
      vertex -5.0749897956848145 5.074999809265137 -3.500000238418579
    endloop
  endfacet
  facet normal 0 0 1
    outer loop
      vertex -5.074999809265137 5.074999809265137 -3.500000238418579
      vertex -6.5 9.5 -3.500000238418579
      vertex -5.1439924240112305 4.996318817138672 -3.500000238418579
    endloop
  endfacet
  facet normal 0 0 1
    outer loop
      vertex -5.1439924240112305 4.996318817138672 -3.500000238418579
      vertex -6.5 9.5 -3.500000238418579
      vertex -5.202130317687988 4.909309387207031 -3.500000238418579
    endloop
  endfacet
  facet normal 0 0 1
    outer loop
      vertex -5.202130317687988 4.909309387207031 -3.500000238418579
      vertex -6.5 9.5 -3.500000238418579
      vertex -5.2484130859375 4.815456390380859 -3.500000238418579
    endloop
  endfacet
  facet normal 0 0 1
    outer loop
      vertex -5.2484130859375 4.815456390380859 -3.500000238418579
      vertex -6.5 9.5 -3.500000238418579
      vertex -5.282050132751465 4.716364860534668 -3.500000238418579
    endloop
  endfacet
  facet normal 0 0 1
    outer loop
      vertex -6.5 2.5 -3.500000238418579
      vertex -5.282050132751465 4.716364860534668 -3.500000238418579
      vertex -6.5 9.5 -3.500000238418579
    endloop
  endfacet
  facet normal 0 0 1
    outer loop
      vertex -6.195518493652344 11.030733108520508 -3.500000238418579
      vertex -3.380740165710449 9.905866622924805 -3.500000238418579
      vertex -5.964101791381836 11.5 -3.500000238418579
    endloop
  endfacet
  facet normal 0 0 1
    outer loop
      vertex -6.5 2.5 -3.500000238418579
      vertex -5.074999809265137 3.9436299800872803 -3.500000238418579
      vertex -5.1439924240112305 4.022300720214844 -3.500000238418579
    endloop
  endfacet
  facet normal 0 0 1
    outer loop
      vertex -6.5 2.5 -3.500000238418579
      vertex -5.1439924240112305 4.022300720214844 -3.500000238418579
      vertex -5.202130317687988 4.109309196472168 -3.500000238418579
    endloop
  endfacet
  facet normal 0 0 1
    outer loop
      vertex -6.5 2.5 -3.500000238418579
      vertex -5.202130317687988 4.109309196472168 -3.500000238418579
      vertex -5.2484130859375 4.203163146972656 -3.500000238418579
    endloop
  endfacet
  facet normal 0 0 1
    outer loop
      vertex -6.5 2.5 -3.500000238418579
      vertex -5.2484130859375 4.203163146972656 -3.500000238418579
      vertex -5.282050132751465 4.302254676818848 -3.500000238418579
    endloop
  endfacet
  facet normal 0 0 1
    outer loop
      vertex -6.5 2.5 -3.500000238418579
      vertex -5.282050132751465 4.302254676818848 -3.500000238418579
      vertex -5.302465438842773 4.404888153076172 -3.500000238418579
    endloop
  endfacet
  facet normal 0 0 1
    outer loop
      vertex -6.363703727722168 10.53527545928955 -3.500000238418579
      vertex -3.380740165710449 9.905866622924805 -3.500000238418579
      vertex -6.195518493652344 11.030733108520508 -3.500000238418579
    endloop
  endfacet
  facet normal 0 0 1
    outer loop
      vertex -3.380740165710449 9.905866622924805 -3.500000238418579
      vertex -6.363703727722168 10.53527545928955 -3.500000238418579
      vertex -3.4700565338134766 9.456841468811035 -3.500000238418579
    endloop
  endfacet
  facet normal 0 0 1
    outer loop
      vertex -5.282050132751465 4.716364860534668 -3.500000238418579
      vertex -6.5 2.5 -3.500000238418579
      vertex -5.302465438842773 4.613730430603027 -3.500000238418579
    endloop
  endfacet
  facet normal 0 0 1
    outer loop
      vertex -6.465780258178711 10.022104263305664 -3.500000238418579
      vertex -3.4700565338134766 9.456841468811035 -3.500000238418579
      vertex -6.363703727722168 10.53527545928955 -3.500000238418579
    endloop
  endfacet
  facet normal 0 0 1
    outer loop
      vertex -5.302465438842773 4.613730430603027 -3.500000238418579
      vertex -6.5 2.5 -3.500000238418579
      vertex -5.309309959411621 4.509309768676758 -3.500000238418579
    endloop
  endfacet
  facet normal 0 0 1
    outer loop
      vertex -6.5 9.5 -3.500000238418579
      vertex -3.4700565338134766 9.456841468811035 -3.500000238418579
      vertex -6.465780258178711 10.022104263305664 -3.500000238418579
    endloop
  endfacet
  facet normal 0 0 1
    outer loop
      vertex -3.4700565338134766 9.456841468811035 -3.500000238418579
      vertex -6.5 9.5 -3.500000238418579
      vertex -3.5 9 -3.500000238418579
    endloop
  endfacet
  facet normal 0 0 1
    outer loop
      vertex -5.309309959411621 4.509309768676758 -3.500000238418579
      vertex -6.5 2.5 -3.500000238418579
      vertex -5.302465438842773 4.404888153076172 -3.500000238418579
    endloop
  endfacet
  facet normal 0 0 1
    outer loop
      vertex -5.074999809265137 3.9436299800872803 -3.500000238418579
      vertex -6.5 2.5 -3.500000238418579
      vertex -5.074999809265137 2.5 -3.500000238418579
    endloop
  endfacet
  facet normal 0 0 1
    outer loop
      vertex 6.5 9.5 -3.500000238418579
      vertex 3.4700565338134766 9.456841468811035 -3.500000238418579
      vertex 3.5 9 -3.500000238418579
    endloop
  endfacet
  facet normal 0 0 1
    outer loop
      vertex 4.030733108520508 13.195517539978027 -3.500000238418579
      vertex 3.380740165710449 9.905866622924805 -3.500000238418579
      vertex 3.4700565338134766 9.456841468811035 -3.500000238418579
    endloop
  endfacet
  facet normal 0 0 1
    outer loop
      vertex 4.030733108520508 13.195517539978027 -3.500000238418579
      vertex 3.2335777282714844 10.339391708374023 -3.500000238418579
      vertex 3.380740165710449 9.905866622924805 -3.500000238418579
    endloop
  endfacet
  facet normal 0 0 1
    outer loop
      vertex 4.030733108520508 13.195517539978027 -3.500000238418579
      vertex 3.0310888290405273 10.75 -3.500000238418579
      vertex 3.2335777282714844 10.339391708374023 -3.500000238418579
    endloop
  endfacet
  facet normal 0 0 1
    outer loop
      vertex 2.5 11.446222305297852 -3.500000238418579
      vertex 3.535275459289551 13.363702774047852 -3.500000238418579
      vertex 3.022104263305664 13.465779304504395 -3.500000238418579
    endloop
  endfacet
  facet normal 0 0 1
    outer loop
      vertex 4.030733108520508 13.195517539978027 -3.500000238418579
      vertex 2.776736259460449 11.130664825439453 -3.500000238418579
      vertex 3.0310888290405273 10.75 -3.500000238418579
    endloop
  endfacet
  facet normal 0 0 1
    outer loop
      vertex 2.5 11.446222305297852 -3.500000238418579
      vertex 3.022104263305664 13.465779304504395 -3.500000238418579
      vertex 2.5 13.5 -3.500000238418579
    endloop
  endfacet
  facet normal 0 0 1
    outer loop
      vertex 4.030733108520508 13.195517539978027 -3.500000238418579
      vertex 2.5 11.446222305297852 -3.500000238418579
      vertex 2.776736259460449 11.130664825439453 -3.500000238418579
    endloop
  endfacet
  facet normal 0 0 1
    outer loop
      vertex 6.5 2.5 -3.500000238418579
      vertex 5.302465438842773 4.613730430603027 -3.500000238418579
      vertex 5.309309959411621 4.509309768676758 -3.500000238418579
    endloop
  endfacet
  facet normal 0 0 1
    outer loop
      vertex 6.5 9.5 -3.500000238418579
      vertex 5.282050132751465 4.716364860534668 -3.500000238418579
      vertex 5.302465438842773 4.613730430603027 -3.500000238418579
    endloop
  endfacet
  facet normal 0 0 1
    outer loop
      vertex 6.5 9.5 -3.500000238418579
      vertex 5.2484130859375 4.815456390380859 -3.500000238418579
      vertex 5.282050132751465 4.716364860534668 -3.500000238418579
    endloop
  endfacet
  facet normal 0 0 1
    outer loop
      vertex 6.5 9.5 -3.500000238418579
      vertex 5.202130317687988 4.909309387207031 -3.500000238418579
      vertex 5.2484130859375 4.815456390380859 -3.500000238418579
    endloop
  endfacet
  facet normal 0 0 1
    outer loop
      vertex 6.5 9.5 -3.500000238418579
      vertex 5.1439924240112305 4.996318817138672 -3.500000238418579
      vertex 5.202130317687988 4.909309387207031 -3.500000238418579
    endloop
  endfacet
  facet normal 0 0 1
    outer loop
      vertex 6.5 9.5 -3.500000238418579
      vertex 5.074999809265137 5.074999809265137 -3.500000238418579
      vertex 5.1439924240112305 4.996318817138672 -3.500000238418579
    endloop
  endfacet
  facet normal 0 0 1
    outer loop
      vertex 3.4700565338134766 8.543157577514648 -3.500000238418579
      vertex 6.5 9.5 -3.500000238418579
      vertex 3.5 9 -3.500000238418579
    endloop
  endfacet
  facet normal 0 0 1
    outer loop
      vertex 6.5 9.5 -3.500000238418579
      vertex 4.996318817138672 5.1439924240112305 -3.500000238418579
      vertex 5.074999809265137 5.074999809265137 -3.500000238418579
    endloop
  endfacet
  facet normal 0 0 1
    outer loop
      vertex 3.4700565338134766 9.456841468811035 -3.500000238418579
      vertex 5.328426361083984 12.328426361083984 -3.500000238418579
      vertex 4.93504524230957 12.673413276672363 -3.500000238418579
    endloop
  endfacet
  facet normal 0 0 1
    outer loop
      vertex 5.074999809265137 5.074999809265137 -3.500000238418579
      vertex 4.996318817138672 5.1439924240112305 -3.500000238418579
      vertex 5.0749897956848145 5.074999809265137 -3.500000238418579
    endloop
  endfacet
  facet normal 0 0 1
    outer loop
      vertex 3.380740165710449 8.094132423400879 -3.500000238418579
      vertex 6.5 9.5 -3.500000238418579
      vertex 3.4700565338134766 8.543157577514648 -3.500000238418579
    endloop
  endfacet
  facet normal 0 0 1
    outer loop
      vertex 6.5 9.5 -3.500000238418579
      vertex 4.909309387207031 5.202130317687988 -3.500000238418579
      vertex 4.996318817138672 5.1439924240112305 -3.500000238418579
    endloop
  endfacet
  facet normal 0 0 1
    outer loop
      vertex 4.815456390380859 5.2484130859375 -3.500000238418579
      vertex 6.5 9.5 -3.500000238418579
      vertex 3.380740165710449 8.094132423400879 -3.500000238418579
    endloop
  endfacet
  facet normal 0 0 1
    outer loop
      vertex 6.5 9.5 -3.500000238418579
      vertex 4.815456390380859 5.2484130859375 -3.500000238418579
      vertex 4.909309387207031 5.202130317687988 -3.500000238418579
    endloop
  endfacet
  facet normal 0 0 1
    outer loop
      vertex 3.4700565338134766 9.456841468811035 -3.500000238418579
      vertex 4.93504524230957 12.673413276672363 -3.500000238418579
      vertex 4.5 12.96410083770752 -3.500000238418579
    endloop
  endfacet
  facet normal 0 0 1
    outer loop
      vertex 4.815456390380859 5.2484130859375 -3.500000238418579
      vertex 3.380740165710449 8.094132423400879 -3.500000238418579
      vertex 4.716364860534668 5.282050132751465 -3.500000238418579
    endloop
  endfacet
  facet normal 0 0 1
    outer loop
      vertex 3.2335777282714844 7.66060733795166 -3.500000238418579
      vertex 4.716364860534668 5.282050132751465 -3.500000238418579
      vertex 3.380740165710449 8.094132423400879 -3.500000238418579
    endloop
  endfacet
  facet normal 0 0 1
    outer loop
      vertex 4.716364860534668 5.282050132751465 -3.500000238418579
      vertex 3.2335777282714844 7.66060733795166 -3.500000238418579
      vertex 4.613730430603027 5.302465438842773 -3.500000238418579
    endloop
  endfacet
  facet normal 0 0 1
    outer loop
      vertex 4.613730430603027 5.302465438842773 -3.500000238418579
      vertex 3.2335777282714844 7.66060733795166 -3.500000238418579
      vertex 4.509309768676758 5.309309959411621 -3.500000238418579
    endloop
  endfacet
  facet normal 0 0 1
    outer loop
      vertex 3.4700565338134766 9.456841468811035 -3.500000238418579
      vertex 4.5 12.96410083770752 -3.500000238418579
      vertex 4.030733108520508 13.195517539978027 -3.500000238418579
    endloop
  endfacet
  facet normal 0 0 1
    outer loop
      vertex 3.0310888290405273 7.25 -3.500000238418579
      vertex 4.509309768676758 5.309309959411621 -3.500000238418579
      vertex 3.2335777282714844 7.66060733795166 -3.500000238418579
    endloop
  endfacet
  facet normal 0 0 1
    outer loop
      vertex 4.509309768676758 5.309309959411621 -3.500000238418579
      vertex 3.0310888290405273 7.25 -3.500000238418579
      vertex 4.404888153076172 5.302465438842773 -3.500000238418579
    endloop
  endfacet
  facet normal 0 0 1
    outer loop
      vertex 2.5 11.446222305297852 -3.500000238418579
      vertex 4.030733108520508 13.195517539978027 -3.500000238418579
      vertex 3.535275459289551 13.363702774047852 -3.500000238418579
    endloop
  endfacet
  facet normal 0 0 1
    outer loop
      vertex 4.404888153076172 5.302465438842773 -3.500000238418579
      vertex 3.0310888290405273 7.25 -3.500000238418579
      vertex 4.302254676818848 5.282050132751465 -3.500000238418579
    endloop
  endfacet
  facet normal 0 0 1
    outer loop
      vertex 2.776736259460449 6.8693342208862305 -3.500000238418579
      vertex 4.302254676818848 5.282050132751465 -3.500000238418579
      vertex 3.0310888290405273 7.25 -3.500000238418579
    endloop
  endfacet
  facet normal 0 0 1
    outer loop
      vertex 4.302254676818848 5.282050132751465 -3.500000238418579
      vertex 2.776736259460449 6.8693342208862305 -3.500000238418579
      vertex 4.203163146972656 5.2484130859375 -3.500000238418579
    endloop
  endfacet
  facet normal 0 0 1
    outer loop
      vertex 4.203163146972656 5.2484130859375 -3.500000238418579
      vertex 2.776736259460449 6.8693342208862305 -3.500000238418579
      vertex 4.109309196472168 5.202130317687988 -3.500000238418579
    endloop
  endfacet
  facet normal 0 0 1
    outer loop
      vertex 4.109309196472168 5.202130317687988 -3.500000238418579
      vertex 2.776736259460449 6.8693342208862305 -3.500000238418579
      vertex 4.022300720214844 5.1439924240112305 -3.500000238418579
    endloop
  endfacet
  facet normal 0 0 1
    outer loop
      vertex 2.5 6.553776741027832 -3.500000238418579
      vertex 4.022300720214844 5.1439924240112305 -3.500000238418579
      vertex 2.776736259460449 6.8693342208862305 -3.500000238418579
    endloop
  endfacet
  facet normal 0 0 1
    outer loop
      vertex 4.022300720214844 5.1439924240112305 -3.500000238418579
      vertex 2.5 6.553776741027832 -3.500000238418579
      vertex 3.9436299800872803 5.074999809265137 -3.500000238418579
    endloop
  endfacet
  facet normal 0 0 1
    outer loop
      vertex 3.9436299800872803 5.074999809265137 -3.500000238418579
      vertex 2.5 6.553776741027832 -3.500000238418579
      vertex 2.5 5.074999809265137 -3.500000238418579
    endloop
  endfacet
  facet normal 0 0 1
    outer loop
      vertex 3.4700565338134766 9.456841468811035 -3.500000238418579
      vertex 6.4657793045043945 10.022104263305664 -3.500000238418579
      vertex 6.363702774047852 10.53527545928955 -3.500000238418579
    endloop
  endfacet
  facet normal 0 0 1
    outer loop
      vertex 3.4700565338134766 9.456841468811035 -3.500000238418579
      vertex 6.363702774047852 10.53527545928955 -3.500000238418579
      vertex 6.195517539978027 11.030733108520508 -3.500000238418579
    endloop
  endfacet
  facet normal 0 0 1
    outer loop
      vertex 3.4700565338134766 9.456841468811035 -3.500000238418579
      vertex 6.195517539978027 11.030733108520508 -3.500000238418579
      vertex 5.9641008377075195 11.5 -3.500000238418579
    endloop
  endfacet
  facet normal 0 0 1
    outer loop
      vertex 3.4700565338134766 9.456841468811035 -3.500000238418579
      vertex 5.9641008377075195 11.5 -3.500000238418579
      vertex 5.673413276672363 11.93504524230957 -3.500000238418579
    endloop
  endfacet
  facet normal 0 0 1
    outer loop
      vertex 3.4700565338134766 9.456841468811035 -3.500000238418579
      vertex 5.673413276672363 11.93504524230957 -3.500000238418579
      vertex 5.328426361083984 12.328426361083984 -3.500000238418579
    endloop
  endfacet
  facet normal 0 0 1
    outer loop
      vertex 3.4700565338134766 9.456841468811035 -3.500000238418579
      vertex 6.5 9.5 -3.500000238418579
      vertex 6.4657793045043945 10.022104263305664 -3.500000238418579
    endloop
  endfacet
  facet normal 0 0 1
    outer loop
      vertex 5.302465438842773 4.613730430603027 -3.500000238418579
      vertex 6.5 2.5 -3.500000238418579
      vertex 6.5 9.5 -3.500000238418579
    endloop
  endfacet
  facet normal 0 0 1
    outer loop
      vertex 5.302465438842773 4.404888153076172 -3.500000238418579
      vertex 6.5 2.5 -3.500000238418579
      vertex 5.309309959411621 4.509309768676758 -3.500000238418579
    endloop
  endfacet
  facet normal 0 0 1
    outer loop
      vertex 5.282050132751465 4.302254676818848 -3.500000238418579
      vertex 6.5 2.5 -3.500000238418579
      vertex 5.302465438842773 4.404888153076172 -3.500000238418579
    endloop
  endfacet
  facet normal 0 0 1
    outer loop
      vertex 5.2484130859375 4.203163146972656 -3.500000238418579
      vertex 6.5 2.5 -3.500000238418579
      vertex 5.282050132751465 4.302254676818848 -3.500000238418579
    endloop
  endfacet
  facet normal 0 0 1
    outer loop
      vertex 5.202130317687988 4.109309196472168 -3.500000238418579
      vertex 6.5 2.5 -3.500000238418579
      vertex 5.2484130859375 4.203163146972656 -3.500000238418579
    endloop
  endfacet
  facet normal 0 0 1
    outer loop
      vertex 5.1439924240112305 4.022300720214844 -3.500000238418579
      vertex 6.5 2.5 -3.500000238418579
      vertex 5.202130317687988 4.109309196472168 -3.500000238418579
    endloop
  endfacet
  facet normal 0 0 1
    outer loop
      vertex 5.074999809265137 3.9436299800872803 -3.500000238418579
      vertex 6.5 2.5 -3.500000238418579
      vertex 5.1439924240112305 4.022300720214844 -3.500000238418579
    endloop
  endfacet
  facet normal 0 0 1
    outer loop
      vertex 6.5 2.5 -3.500000238418579
      vertex 5.074999809265137 3.9436299800872803 -3.500000238418579
      vertex 5.074999809265137 2.5 -3.500000238418579
    endloop
  endfacet
  facet normal 0 0 1
    outer loop
      vertex 5.1439924240112305 4.996318817138672 -3.500000238418579
      vertex 5.074999809265137 5.074999809265137 -3.500000238418579
      vertex 5.074999809265137 5.0749897956848145 -3.500000238418579
    endloop
  endfacet
  facet normal 0 0 1
    outer loop
      vertex -5.074999809265137 -5.0749897956848145 -3.500000238418579
      vertex -5.1439924240112305 -4.996318817138672 -3.500000238418579
      vertex -5.074999809265137 -5.074999809265137 -3.500000238418579
    endloop
  endfacet
  facet normal 0 0 1
    outer loop
      vertex -3.9436299800872803 -5.074999809265137 -3.500000238418579
      vertex -2.5 -6.553776741027832 -3.500000238418579
      vertex -2.5 -5.074999809265137 -3.500000238418579
    endloop
  endfacet
  facet normal 0 0 1
    outer loop
      vertex -4.022300720214844 -5.1439924240112305 -3.500000238418579
      vertex -2.5 -6.553776741027832 -3.500000238418579
      vertex -3.9436299800872803 -5.074999809265137 -3.500000238418579
    endloop
  endfacet
  facet normal 0 0 1
    outer loop
      vertex -4.109309196472168 -5.202130317687988 -3.500000238418579
      vertex -2.776736259460449 -6.8693342208862305 -3.500000238418579
      vertex -4.022300720214844 -5.1439924240112305 -3.500000238418579
    endloop
  endfacet
  facet normal 0 0 1
    outer loop
      vertex -4.203163146972656 -5.2484130859375 -3.500000238418579
      vertex -2.776736259460449 -6.8693342208862305 -3.500000238418579
      vertex -4.109309196472168 -5.202130317687988 -3.500000238418579
    endloop
  endfacet
  facet normal 0 0 1
    outer loop
      vertex -2.5 -6.553776741027832 -3.500000238418579
      vertex -4.022300720214844 -5.1439924240112305 -3.500000238418579
      vertex -2.776736259460449 -6.8693342208862305 -3.500000238418579
    endloop
  endfacet
  facet normal 0 0 1
    outer loop
      vertex -4.302254676818848 -5.282050132751465 -3.500000238418579
      vertex -2.776736259460449 -6.8693342208862305 -3.500000238418579
      vertex -4.203163146972656 -5.2484130859375 -3.500000238418579
    endloop
  endfacet
  facet normal 0 0 1
    outer loop
      vertex -2.776736259460449 -6.8693342208862305 -3.500000238418579
      vertex -4.302254676818848 -5.282050132751465 -3.500000238418579
      vertex -3.0310888290405273 -7.25 -3.500000238418579
    endloop
  endfacet
  facet normal 0 0 1
    outer loop
      vertex -4.404888153076172 -5.302465438842773 -3.500000238418579
      vertex -3.0310888290405273 -7.25 -3.500000238418579
      vertex -4.302254676818848 -5.282050132751465 -3.500000238418579
    endloop
  endfacet
  facet normal 0 0 1
    outer loop
      vertex -4.509309768676758 -5.309309959411621 -3.500000238418579
      vertex -3.0310888290405273 -7.25 -3.500000238418579
      vertex -4.404888153076172 -5.302465438842773 -3.500000238418579
    endloop
  endfacet
  facet normal 0 0 1
    outer loop
      vertex -3.0310888290405273 -7.25 -3.500000238418579
      vertex -4.509309768676758 -5.309309959411621 -3.500000238418579
      vertex -3.2335777282714844 -7.66060733795166 -3.500000238418579
    endloop
  endfacet
  facet normal 0 0 1
    outer loop
      vertex -6.465780258178711 -10.02210521697998 -3.500000238418579
      vertex -3.5 -9 -3.500000238418579
      vertex -6.5 -9.5 -3.500000238418579
    endloop
  endfacet
  facet normal 0 0 1
    outer loop
      vertex -4.613730430603027 -5.302465438842773 -3.500000238418579
      vertex -3.2335777282714844 -7.66060733795166 -3.500000238418579
      vertex -4.509309768676758 -5.309309959411621 -3.500000238418579
    endloop
  endfacet
  facet normal 0 0 1
    outer loop
      vertex -4.716364860534668 -5.282050132751465 -3.500000238418579
      vertex -3.2335777282714844 -7.66060733795166 -3.500000238418579
      vertex -4.613730430603027 -5.302465438842773 -3.500000238418579
    endloop
  endfacet
  facet normal 0 0 1
    outer loop
      vertex -3.2335777282714844 -7.66060733795166 -3.500000238418579
      vertex -4.716364860534668 -5.282050132751465 -3.500000238418579
      vertex -3.380740165710449 -8.094132423400879 -3.500000238418579
    endloop
  endfacet
  facet normal 0 0 1
    outer loop
      vertex -3.5 -9 -3.500000238418579
      vertex -4.030734062194824 -13.195518493652344 -3.500000238418579
      vertex -3.535276412963867 -13.363703727722168 -3.500000238418579
    endloop
  endfacet
  facet normal 0 0 1
    outer loop
      vertex -4.815456390380859 -5.2484130859375 -3.500000238418579
      vertex -3.380740165710449 -8.094132423400879 -3.500000238418579
      vertex -4.716364860534668 -5.282050132751465 -3.500000238418579
    endloop
  endfacet
  facet normal 0 0 1
    outer loop
      vertex -3.380740165710449 -8.094132423400879 -3.500000238418579
      vertex -6.5 -9.5 -3.500000238418579
      vertex -3.4700565338134766 -8.543157577514648 -3.500000238418579
    endloop
  endfacet
  facet normal 0 0 1
    outer loop
      vertex -3.4700565338134766 -8.543157577514648 -3.500000238418579
      vertex -6.5 -9.5 -3.500000238418579
      vertex -3.5 -9 -3.500000238418579
    endloop
  endfacet
  facet normal 0 0 1
    outer loop
      vertex -3.380740165710449 -8.094132423400879 -3.500000238418579
      vertex -4.815456390380859 -5.2484130859375 -3.500000238418579
      vertex -6.5 -9.5 -3.500000238418579
    endloop
  endfacet
  facet normal 0 0 1
    outer loop
      vertex -6.5 -9.5 -3.500000238418579
      vertex -4.815456390380859 -5.2484130859375 -3.500000238418579
      vertex -4.909309387207031 -5.202130317687988 -3.500000238418579
    endloop
  endfacet
  facet normal 0 0 1
    outer loop
      vertex -3.5 -9 -3.500000238418579
      vertex -4.5 -12.964101791381836 -3.500000238418579
      vertex -4.030734062194824 -13.195518493652344 -3.500000238418579
    endloop
  endfacet
  facet normal 0 0 1
    outer loop
      vertex -6.5 -9.5 -3.500000238418579
      vertex -4.909309387207031 -5.202130317687988 -3.500000238418579
      vertex -4.996318817138672 -5.1439924240112305 -3.500000238418579
    endloop
  endfacet
  facet normal 0 0 1
    outer loop
      vertex -5.074999809265137 -5.074999809265137 -3.500000238418579
      vertex -4.996318817138672 -5.1439924240112305 -3.500000238418579
      vertex -5.0749897956848145 -5.074999809265137 -3.500000238418579
    endloop
  endfacet
  facet normal 0 0 1
    outer loop
      vertex -4.996318817138672 -5.1439924240112305 -3.500000238418579
      vertex -5.074999809265137 -5.074999809265137 -3.500000238418579
      vertex -6.5 -9.5 -3.500000238418579
    endloop
  endfacet
  facet normal 0 0 1
    outer loop
      vertex -6.5 -9.5 -3.500000238418579
      vertex -5.074999809265137 -5.074999809265137 -3.500000238418579
      vertex -5.1439924240112305 -4.996318817138672 -3.500000238418579
    endloop
  endfacet
  facet normal 0 0 1
    outer loop
      vertex -6.5 -9.5 -3.500000238418579
      vertex -5.1439924240112305 -4.996318817138672 -3.500000238418579
      vertex -5.202130317687988 -4.909309387207031 -3.500000238418579
    endloop
  endfacet
  facet normal 0 0 1
    outer loop
      vertex -6.5 -9.5 -3.500000238418579
      vertex -5.202130317687988 -4.909309387207031 -3.500000238418579
      vertex -5.2484130859375 -4.815456390380859 -3.500000238418579
    endloop
  endfacet
  facet normal 0 0 1
    outer loop
      vertex -6.5 -9.5 -3.500000238418579
      vertex -5.2484130859375 -4.815456390380859 -3.500000238418579
      vertex -5.282050132751465 -4.716364860534668 -3.500000238418579
    endloop
  endfacet
  facet normal 0 0 1
    outer loop
      vertex -6.5 -2.5 -3.500000238418579
      vertex -5.282050132751465 -4.716364860534668 -3.500000238418579
      vertex -5.302465438842773 -4.613730430603027 -3.500000238418579
    endloop
  endfacet
  facet normal 0 0 1
    outer loop
      vertex -6.5 -2.5 -3.500000238418579
      vertex -5.302465438842773 -4.613730430603027 -3.500000238418579
      vertex -5.309309959411621 -4.509309768676758 -3.500000238418579
    endloop
  endfacet
  facet normal 0 0 1
    outer loop
      vertex -3.5 -9 -3.500000238418579
      vertex -4.935046195983887 -12.67341423034668 -3.500000238418579
      vertex -4.5 -12.964101791381836 -3.500000238418579
    endloop
  endfacet
  facet normal 0 0 1
    outer loop
      vertex -3.535276412963867 -13.363703727722168 -3.500000238418579
      vertex -2.5 -11.446222305297852 -3.500000238418579
      vertex -2.776736259460449 -11.130664825439453 -3.500000238418579
    endloop
  endfacet
  facet normal 0 0 1
    outer loop
      vertex -2.5 -11.446222305297852 -3.500000238418579
      vertex -3.0221052169799805 -13.465780258178711 -3.500000238418579
      vertex -2.5 -13.5 -3.500000238418579
    endloop
  endfacet
  facet normal 0 0 1
    outer loop
      vertex -3.535276412963867 -13.363703727722168 -3.500000238418579
      vertex -2.776736259460449 -11.130664825439453 -3.500000238418579
      vertex -3.0310888290405273 -10.75 -3.500000238418579
    endloop
  endfacet
  facet normal 0 0 1
    outer loop
      vertex -3.535276412963867 -13.363703727722168 -3.500000238418579
      vertex -3.0310888290405273 -10.75 -3.500000238418579
      vertex -3.2335777282714844 -10.339391708374023 -3.500000238418579
    endloop
  endfacet
  facet normal 0 0 1
    outer loop
      vertex -3.535276412963867 -13.363703727722168 -3.500000238418579
      vertex -3.2335777282714844 -10.339391708374023 -3.500000238418579
      vertex -3.380740165710449 -9.905866622924805 -3.500000238418579
    endloop
  endfacet
  facet normal 0 0 1
    outer loop
      vertex -3.535276412963867 -13.363703727722168 -3.500000238418579
      vertex -3.380740165710449 -9.905866622924805 -3.500000238418579
      vertex -3.4700565338134766 -9.456841468811035 -3.500000238418579
    endloop
  endfacet
  facet normal 0 0 1
    outer loop
      vertex -2.5 -11.446222305297852 -3.500000238418579
      vertex -3.535276412963867 -13.363703727722168 -3.500000238418579
      vertex -3.0221052169799805 -13.465780258178711 -3.500000238418579
    endloop
  endfacet
  facet normal 0 0 1
    outer loop
      vertex -3.535276412963867 -13.363703727722168 -3.500000238418579
      vertex -3.4700565338134766 -9.456841468811035 -3.500000238418579
      vertex -3.5 -9 -3.500000238418579
    endloop
  endfacet
  facet normal 0 0 1
    outer loop
      vertex -6.5 -2.5 -3.500000238418579
      vertex -5.074999809265137 -3.9436299800872803 -3.500000238418579
      vertex -5.074999809265137 -2.5 -3.500000238418579
    endloop
  endfacet
  facet normal 0 0 1
    outer loop
      vertex -5.074999809265137 -3.9436299800872803 -3.500000238418579
      vertex -6.5 -2.5 -3.500000238418579
      vertex -5.1439924240112305 -4.022300720214844 -3.500000238418579
    endloop
  endfacet
  facet normal 0 0 1
    outer loop
      vertex -5.1439924240112305 -4.022300720214844 -3.500000238418579
      vertex -6.5 -2.5 -3.500000238418579
      vertex -5.202130317687988 -4.109309196472168 -3.500000238418579
    endloop
  endfacet
  facet normal 0 0 1
    outer loop
      vertex -5.202130317687988 -4.109309196472168 -3.500000238418579
      vertex -6.5 -2.5 -3.500000238418579
      vertex -5.2484130859375 -4.203163146972656 -3.500000238418579
    endloop
  endfacet
  facet normal 0 0 1
    outer loop
      vertex -5.2484130859375 -4.203163146972656 -3.500000238418579
      vertex -6.5 -2.5 -3.500000238418579
      vertex -5.282050132751465 -4.302254676818848 -3.500000238418579
    endloop
  endfacet
  facet normal 0 0 1
    outer loop
      vertex -3.5 -9 -3.500000238418579
      vertex -5.328427314758301 -12.3284273147583 -3.500000238418579
      vertex -4.935046195983887 -12.67341423034668 -3.500000238418579
    endloop
  endfacet
  facet normal 0 0 1
    outer loop
      vertex -3.5 -9 -3.500000238418579
      vertex -5.67341423034668 -11.935046195983887 -3.500000238418579
      vertex -5.328427314758301 -12.3284273147583 -3.500000238418579
    endloop
  endfacet
  facet normal 0 0 1
    outer loop
      vertex -6.5 -2.5 -3.500000238418579
      vertex -5.309309959411621 -4.509309768676758 -3.500000238418579
      vertex -5.302465438842773 -4.404888153076172 -3.500000238418579
    endloop
  endfacet
  facet normal 0 0 1
    outer loop
      vertex -3.5 -9 -3.500000238418579
      vertex -5.964101791381836 -11.5 -3.500000238418579
      vertex -5.67341423034668 -11.935046195983887 -3.500000238418579
    endloop
  endfacet
  facet normal 0 0 1
    outer loop
      vertex -5.282050132751465 -4.302254676818848 -3.500000238418579
      vertex -6.5 -2.5 -3.500000238418579
      vertex -5.302465438842773 -4.404888153076172 -3.500000238418579
    endloop
  endfacet
  facet normal 0 0 1
    outer loop
      vertex -3.5 -9 -3.500000238418579
      vertex -6.195518493652344 -11.030734062194824 -3.500000238418579
      vertex -5.964101791381836 -11.5 -3.500000238418579
    endloop
  endfacet
  facet normal 0 0 1
    outer loop
      vertex -3.5 -9 -3.500000238418579
      vertex -6.363703727722168 -10.535276412963867 -3.500000238418579
      vertex -6.195518493652344 -11.030734062194824 -3.500000238418579
    endloop
  endfacet
  facet normal 0 0 1
    outer loop
      vertex -5.282050132751465 -4.716364860534668 -3.500000238418579
      vertex -6.5 -2.5 -3.500000238418579
      vertex -6.5 -9.5 -3.500000238418579
    endloop
  endfacet
  facet normal 0 0 1
    outer loop
      vertex -3.5 -9 -3.500000238418579
      vertex -6.465780258178711 -10.02210521697998 -3.500000238418579
      vertex -6.363703727722168 -10.535276412963867 -3.500000238418579
    endloop
  endfacet
  facet normal 0 0 1
    outer loop
      vertex 5.282050132751465 -4.716364860534668 -3.500000238418579
      vertex 6.5 -9.5 -3.500000238418579
      vertex 6.5 -2.5 -3.500000238418579
    endloop
  endfacet
  facet normal 0 0 1
    outer loop
      vertex 5.2484130859375 -4.815456390380859 -3.500000238418579
      vertex 6.5 -9.5 -3.500000238418579
      vertex 5.282050132751465 -4.716364860534668 -3.500000238418579
    endloop
  endfacet
  facet normal 0 0 1
    outer loop
      vertex 5.202130317687988 -4.909309387207031 -3.500000238418579
      vertex 6.5 -9.5 -3.500000238418579
      vertex 5.2484130859375 -4.815456390380859 -3.500000238418579
    endloop
  endfacet
  facet normal 0 0 1
    outer loop
      vertex 5.1439924240112305 -4.996318817138672 -3.500000238418579
      vertex 6.5 -9.5 -3.500000238418579
      vertex 5.202130317687988 -4.909309387207031 -3.500000238418579
    endloop
  endfacet
  facet normal 0 0 1
    outer loop
      vertex 4.996318817138672 -5.1439924240112305 -3.500000238418579
      vertex 6.5 -9.5 -3.500000238418579
      vertex 5.074999809265137 -5.074999809265137 -3.500000238418579
    endloop
  endfacet
  facet normal 0 0 1
    outer loop
      vertex 4.909309387207031 -5.202130317687988 -3.500000238418579
      vertex 6.5 -9.5 -3.500000238418579
      vertex 4.996318817138672 -5.1439924240112305 -3.500000238418579
    endloop
  endfacet
  facet normal 0 0 1
    outer loop
      vertex 5.302465438842773 -4.613730430603027 -3.500000238418579
      vertex 6.5 -2.5 -3.500000238418579
      vertex 5.309309959411621 -4.509309768676758 -3.500000238418579
    endloop
  endfacet
  facet normal 0 0 1
    outer loop
      vertex 6.5 -2.5 -3.500000238418579
      vertex 5.302465438842773 -4.404888153076172 -3.500000238418579
      vertex 5.309309959411621 -4.509309768676758 -3.500000238418579
    endloop
  endfacet
  facet normal 0 0 1
    outer loop
      vertex 6.5 -2.5 -3.500000238418579
      vertex 5.282050132751465 -4.302254676818848 -3.500000238418579
      vertex 5.302465438842773 -4.404888153076172 -3.500000238418579
    endloop
  endfacet
  facet normal 0 0 1
    outer loop
      vertex 6.5 -2.5 -3.500000238418579
      vertex 5.2484130859375 -4.203163146972656 -3.500000238418579
      vertex 5.282050132751465 -4.302254676818848 -3.500000238418579
    endloop
  endfacet
  facet normal 0 0 1
    outer loop
      vertex 6.5 -2.5 -3.500000238418579
      vertex 5.202130317687988 -4.109309196472168 -3.500000238418579
      vertex 5.2484130859375 -4.203163146972656 -3.500000238418579
    endloop
  endfacet
  facet normal 0 0 1
    outer loop
      vertex 6.5 -2.5 -3.500000238418579
      vertex 5.1439924240112305 -4.022300720214844 -3.500000238418579
      vertex 5.202130317687988 -4.109309196472168 -3.500000238418579
    endloop
  endfacet
  facet normal 0 0 1
    outer loop
      vertex 5.074999809265137 -3.9436299800872803 -3.500000238418579
      vertex 6.5 -2.5 -3.500000238418579
      vertex 5.074999809265137 -2.5 -3.500000238418579
    endloop
  endfacet
  facet normal 0 0 1
    outer loop
      vertex 6.5 -2.5 -3.500000238418579
      vertex 5.074999809265137 -3.9436299800872803 -3.500000238418579
      vertex 5.1439924240112305 -4.022300720214844 -3.500000238418579
    endloop
  endfacet
  facet normal 0 0 1
    outer loop
      vertex 5.282050132751465 -4.716364860534668 -3.500000238418579
      vertex 6.5 -2.5 -3.500000238418579
      vertex 5.302465438842773 -4.613730430603027 -3.500000238418579
    endloop
  endfacet
  facet normal 0 0 1
    outer loop
      vertex 5.074999809265137 -5.074999809265137 -3.500000238418579
      vertex 6.5 -9.5 -3.500000238418579
      vertex 5.1439924240112305 -4.996318817138672 -3.500000238418579
    endloop
  endfacet
  facet normal 0 0 1
    outer loop
      vertex 4.815456390380859 -5.2484130859375 -3.500000238418579
      vertex 6.5 -9.5 -3.500000238418579
      vertex 4.909309387207031 -5.202130317687988 -3.500000238418579
    endloop
  endfacet
  facet normal 0 0 1
    outer loop
      vertex 3.380740165710449 -8.094132423400879 -3.500000238418579
      vertex 6.5 -9.5 -3.500000238418579
      vertex 4.815456390380859 -5.2484130859375 -3.500000238418579
    endloop
  endfacet
  facet normal 0 0 1
    outer loop
      vertex 3.5 -9 -3.500000238418579
      vertex 6.5 -9.5 -3.500000238418579
      vertex 3.4700565338134766 -8.543157577514648 -3.500000238418579
    endloop
  endfacet
  facet normal 0 0 1
    outer loop
      vertex 5.074999809265137 -5.074999809265137 -3.500000238418579
      vertex 5.1439924240112305 -4.996318817138672 -3.500000238418579
      vertex 5.074999809265137 -5.0749897956848145 -3.500000238418579
    endloop
  endfacet
  facet normal 0 0 1
    outer loop
      vertex 6.4657793045043945 -10.02210521697998 -3.500000238418579
      vertex 3.4700565338134766 -9.456841468811035 -3.500000238418579
      vertex 6.363702774047852 -10.535276412963867 -3.500000238418579
    endloop
  endfacet
  facet normal 0 0 1
    outer loop
      vertex 4.996318817138672 -5.1439924240112305 -3.500000238418579
      vertex 5.074999809265137 -5.074999809265137 -3.500000238418579
      vertex 5.0749897956848145 -5.074999809265137 -3.500000238418579
    endloop
  endfacet
  facet normal 0 0 1
    outer loop
      vertex 3.380740165710449 -9.905866622924805 -3.500000238418579
      vertex 6.363702774047852 -10.535276412963867 -3.500000238418579
      vertex 3.4700565338134766 -9.456841468811035 -3.500000238418579
    endloop
  endfacet
  facet normal 0 0 1
    outer loop
      vertex 6.195517539978027 -11.030734062194824 -3.500000238418579
      vertex 3.380740165710449 -9.905866622924805 -3.500000238418579
      vertex 5.9641008377075195 -11.5 -3.500000238418579
    endloop
  endfacet
  facet normal 0 0 1
    outer loop
      vertex 6.5 -9.5 -3.500000238418579
      vertex 3.4700565338134766 -9.456841468811035 -3.500000238418579
      vertex 6.4657793045043945 -10.02210521697998 -3.500000238418579
    endloop
  endfacet
  facet normal 0 0 1
    outer loop
      vertex 3.4700565338134766 -8.543157577514648 -3.500000238418579
      vertex 6.5 -9.5 -3.500000238418579
      vertex 3.380740165710449 -8.094132423400879 -3.500000238418579
    endloop
  endfacet
  facet normal 0 0 1
    outer loop
      vertex 3.380740165710449 -8.094132423400879 -3.500000238418579
      vertex 4.815456390380859 -5.2484130859375 -3.500000238418579
      vertex 4.716364860534668 -5.282050132751465 -3.500000238418579
    endloop
  endfacet
  facet normal 0 0 1
    outer loop
      vertex 3.2335777282714844 -7.66060733795166 -3.500000238418579
      vertex 4.716364860534668 -5.282050132751465 -3.500000238418579
      vertex 4.613730430603027 -5.302465438842773 -3.500000238418579
    endloop
  endfacet
  facet normal 0 0 1
    outer loop
      vertex 3.2335777282714844 -7.66060733795166 -3.500000238418579
      vertex 4.613730430603027 -5.302465438842773 -3.500000238418579
      vertex 4.509309768676758 -5.309309959411621 -3.500000238418579
    endloop
  endfacet
  facet normal 0 0 1
    outer loop
      vertex 3.2335777282714844 -10.339391708374023 -3.500000238418579
      vertex 5.9641008377075195 -11.5 -3.500000238418579
      vertex 3.380740165710449 -9.905866622924805 -3.500000238418579
    endloop
  endfacet
  facet normal 0 0 1
    outer loop
      vertex 3.0310888290405273 -7.25 -3.500000238418579
      vertex 4.509309768676758 -5.309309959411621 -3.500000238418579
      vertex 4.404888153076172 -5.302465438842773 -3.500000238418579
    endloop
  endfacet
  facet normal 0 0 1
    outer loop
      vertex 3.0310888290405273 -7.25 -3.500000238418579
      vertex 4.404888153076172 -5.302465438842773 -3.500000238418579
      vertex 4.302254676818848 -5.282050132751465 -3.500000238418579
    endloop
  endfacet
  facet normal 0 0 1
    outer loop
      vertex 2.776736259460449 -6.8693342208862305 -3.500000238418579
      vertex 4.302254676818848 -5.282050132751465 -3.500000238418579
      vertex 4.203163146972656 -5.2484130859375 -3.500000238418579
    endloop
  endfacet
  facet normal 0 0 1
    outer loop
      vertex 2.776736259460449 -6.8693342208862305 -3.500000238418579
      vertex 4.203163146972656 -5.2484130859375 -3.500000238418579
      vertex 4.109309196472168 -5.202130317687988 -3.500000238418579
    endloop
  endfacet
  facet normal 0 0 1
    outer loop
      vertex 5.9641008377075195 -11.5 -3.500000238418579
      vertex 3.2335777282714844 -10.339391708374023 -3.500000238418579
      vertex 5.673413276672363 -11.935046195983887 -3.500000238418579
    endloop
  endfacet
  facet normal 0 0 1
    outer loop
      vertex 2.776736259460449 -6.8693342208862305 -3.500000238418579
      vertex 4.109309196472168 -5.202130317687988 -3.500000238418579
      vertex 4.022300720214844 -5.1439924240112305 -3.500000238418579
    endloop
  endfacet
  facet normal 0 0 1
    outer loop
      vertex 2.5 -6.553776741027832 -3.500000238418579
      vertex 4.022300720214844 -5.1439924240112305 -3.500000238418579
      vertex 3.9436299800872803 -5.074999809265137 -3.500000238418579
    endloop
  endfacet
  facet normal 0 0 1
    outer loop
      vertex 5.673413276672363 -11.935046195983887 -3.500000238418579
      vertex 3.2335777282714844 -10.339391708374023 -3.500000238418579
      vertex 5.328426361083984 -12.3284273147583 -3.500000238418579
    endloop
  endfacet
  facet normal 0 0 1
    outer loop
      vertex 3.0310888290405273 -10.75 -3.500000238418579
      vertex 5.328426361083984 -12.3284273147583 -3.500000238418579
      vertex 3.2335777282714844 -10.339391708374023 -3.500000238418579
    endloop
  endfacet
  facet normal 0 0 1
    outer loop
      vertex 6.363702774047852 -10.535276412963867 -3.500000238418579
      vertex 3.380740165710449 -9.905866622924805 -3.500000238418579
      vertex 6.195517539978027 -11.030734062194824 -3.500000238418579
    endloop
  endfacet
  facet normal 0 0 1
    outer loop
      vertex 3.4700565338134766 -9.456841468811035 -3.500000238418579
      vertex 6.5 -9.5 -3.500000238418579
      vertex 3.5 -9 -3.500000238418579
    endloop
  endfacet
  facet normal 0 0 1
    outer loop
      vertex 4.716364860534668 -5.282050132751465 -3.500000238418579
      vertex 3.2335777282714844 -7.66060733795166 -3.500000238418579
      vertex 3.380740165710449 -8.094132423400879 -3.500000238418579
    endloop
  endfacet
  facet normal 0 0 1
    outer loop
      vertex 4.509309768676758 -5.309309959411621 -3.500000238418579
      vertex 3.0310888290405273 -7.25 -3.500000238418579
      vertex 3.2335777282714844 -7.66060733795166 -3.500000238418579
    endloop
  endfacet
  facet normal 0 0 1
    outer loop
      vertex 4.302254676818848 -5.282050132751465 -3.500000238418579
      vertex 2.776736259460449 -6.8693342208862305 -3.500000238418579
      vertex 3.0310888290405273 -7.25 -3.500000238418579
    endloop
  endfacet
  facet normal 0 0 1
    outer loop
      vertex 2.5 -6.553776741027832 -3.500000238418579
      vertex 3.9436299800872803 -5.074999809265137 -3.500000238418579
      vertex 2.5 -5.074999809265137 -3.500000238418579
    endloop
  endfacet
  facet normal 0 0 1
    outer loop
      vertex 4.022300720214844 -5.1439924240112305 -3.500000238418579
      vertex 2.5 -6.553776741027832 -3.500000238418579
      vertex 2.776736259460449 -6.8693342208862305 -3.500000238418579
    endloop
  endfacet
  facet normal 0 0 1
    outer loop
      vertex 5.328426361083984 -12.3284273147583 -3.500000238418579
      vertex 3.0310888290405273 -10.75 -3.500000238418579
      vertex 4.93504524230957 -12.67341423034668 -3.500000238418579
    endloop
  endfacet
  facet normal 0 0 1
    outer loop
      vertex 2.776736259460449 -11.130664825439453 -3.500000238418579
      vertex 4.93504524230957 -12.67341423034668 -3.500000238418579
      vertex 3.0310888290405273 -10.75 -3.500000238418579
    endloop
  endfacet
  facet normal 0 0 1
    outer loop
      vertex 4.93504524230957 -12.67341423034668 -3.500000238418579
      vertex 2.776736259460449 -11.130664825439453 -3.500000238418579
      vertex 4.5 -12.964101791381836 -3.500000238418579
    endloop
  endfacet
  facet normal 0 0 1
    outer loop
      vertex 4.5 -12.964101791381836 -3.500000238418579
      vertex 2.776736259460449 -11.130664825439453 -3.500000238418579
      vertex 4.030733108520508 -13.195518493652344 -3.500000238418579
    endloop
  endfacet
  facet normal 0 0 1
    outer loop
      vertex 2.5 -11.446222305297852 -3.500000238418579
      vertex 4.030733108520508 -13.195518493652344 -3.500000238418579
      vertex 2.776736259460449 -11.130664825439453 -3.500000238418579
    endloop
  endfacet
  facet normal 0 0 1
    outer loop
      vertex 4.030733108520508 -13.195518493652344 -3.500000238418579
      vertex 2.5 -11.446222305297852 -3.500000238418579
      vertex 3.535275459289551 -13.363703727722168 -3.500000238418579
    endloop
  endfacet
  facet normal 0 0 1
    outer loop
      vertex 3.535275459289551 -13.363703727722168 -3.500000238418579
      vertex 2.5 -11.446222305297852 -3.500000238418579
      vertex 3.022104263305664 -13.465780258178711 -3.500000238418579
    endloop
  endfacet
  facet normal 0 0 1
    outer loop
      vertex 3.022104263305664 -13.465780258178711 -3.500000238418579
      vertex 2.5 -11.446222305297852 -3.500000238418579
      vertex 2.5 -13.5 -3.500000238418579
    endloop
  endfacet
  facet normal 0 0 -1
    outer loop
      vertex 2.0181217193603516 -8.16406536102295 -12.699999809265137
      vertex 6.5 -9.5 -12.699999809265137
      vertex 2.1099681854248047 -8.434635162353516 -12.699999809265137
    endloop
  endfacet
  facet normal 0 0 -1
    outer loop
      vertex 6.5 9.5 -12.699999809265137
      vertex 2.1657114028930664 8.71487808227539 -12.699999809265137
      vertex 2.1843996047973633 9 -12.699999809265137
    endloop
  endfacet
  facet normal 0 0 -1
    outer loop
      vertex 1.8917455673217773 -7.90779972076416 -12.699999809265137
      vertex 6.5 -9.5 -12.699999809265137
      vertex 2.0181217193603516 -8.16406536102295 -12.699999809265137
    endloop
  endfacet
  facet normal 0 0 -1
    outer loop
      vertex 6.5 9.5 -12.699999809265137
      vertex 2.1099681854248047 8.434635162353516 -12.699999809265137
      vertex 2.1657114028930664 8.71487808227539 -12.699999809265137
    endloop
  endfacet
  facet normal 0 0 -1
    outer loop
      vertex 1.7330007553100586 -7.670221328735352 -12.699999809265137
      vertex 6.5 -9.5 -12.699999809265137
      vertex 1.8917455673217773 -7.90779972076416 -12.699999809265137
    endloop
  endfacet
  facet normal 0 0 -1
    outer loop
      vertex 6.5 9.5 -12.699999809265137
      vertex 2.0181217193603516 8.16406536102295 -12.699999809265137
      vertex 2.1099681854248047 8.434635162353516 -12.699999809265137
    endloop
  endfacet
  facet normal 0 0 -1
    outer loop
      vertex 1.5446033477783203 -7.455395698547363 -12.699999809265137
      vertex 6.5 -9.5 -12.699999809265137
      vertex 1.7330007553100586 -7.670221328735352 -12.699999809265137
    endloop
  endfacet
  facet normal 0 0 -1
    outer loop
      vertex 6.5 9.5 -12.699999809265137
      vertex 1.8917455673217773 7.90779972076416 -12.699999809265137
      vertex 2.0181217193603516 8.16406536102295 -12.699999809265137
    endloop
  endfacet
  facet normal 0 0 -1
    outer loop
      vertex 1.329777717590332 -7.266998291015625 -12.699999809265137
      vertex 6.5 -9.5 -12.699999809265137
      vertex 1.5446033477783203 -7.455395698547363 -12.699999809265137
    endloop
  endfacet
  facet normal 0 0 -1
    outer loop
      vertex 6.5 9.5 -12.699999809265137
      vertex 1.7330007553100586 7.670221328735352 -12.699999809265137
      vertex 1.8917455673217773 7.90779972076416 -12.699999809265137
    endloop
  endfacet
  facet normal 0 0 -1
    outer loop
      vertex 6.5 -9.5 -12.699999809265137
      vertex 1.329777717590332 -7.266998291015625 -12.699999809265137
      vertex 6.5 9.5 -12.699999809265137
    endloop
  endfacet
  facet normal 0 0 -1
    outer loop
      vertex 6.5 9.5 -12.699999809265137
      vertex 1.5446033477783203 7.455395698547363 -12.699999809265137
      vertex 1.7330007553100586 7.670221328735352 -12.699999809265137
    endloop
  endfacet
  facet normal 0 0 -1
    outer loop
      vertex 1.329777717590332 7.266998291015625 -12.699999809265137
      vertex 6.5 9.5 -12.699999809265137
      vertex 1.329777717590332 -7.266998291015625 -12.699999809265137
    endloop
  endfacet
  facet normal 0 0 -1
    outer loop
      vertex 6.5 9.5 -12.699999809265137
      vertex 1.329777717590332 7.266998291015625 -12.699999809265137
      vertex 1.5446033477783203 7.455395698547363 -12.699999809265137
    endloop
  endfacet
  facet normal 0 0 -1
    outer loop
      vertex 1.0921993255615234 -7.108253479003906 -12.699999809265137
      vertex 1.329777717590332 7.266998291015625 -12.699999809265137
      vertex 1.329777717590332 -7.266998291015625 -12.699999809265137
    endloop
  endfacet
  facet normal 0 0 -1
    outer loop
      vertex 1.0921993255615234 -7.108253479003906 -12.699999809265137
      vertex 1.0921993255615234 7.108253479003906 -12.699999809265137
      vertex 1.329777717590332 7.266998291015625 -12.699999809265137
    endloop
  endfacet
  facet normal 0 0 -1
    outer loop
      vertex 0.8359336853027344 -6.981877326965332 -12.699999809265137
      vertex 1.0921993255615234 7.108253479003906 -12.699999809265137
      vertex 1.0921993255615234 -7.108253479003906 -12.699999809265137
    endloop
  endfacet
  facet normal 0 0 -1
    outer loop
      vertex 0.8359336853027344 -6.981877326965332 -12.699999809265137
      vertex 0.8359336853027344 6.981877326965332 -12.699999809265137
      vertex 1.0921993255615234 7.108253479003906 -12.699999809265137
    endloop
  endfacet
  facet normal 0 0 -1
    outer loop
      vertex 0.565363883972168 -6.890030860900879 -12.699999809265137
      vertex 0.8359336853027344 6.981877326965332 -12.699999809265137
      vertex 0.8359336853027344 -6.981877326965332 -12.699999809265137
    endloop
  endfacet
  facet normal 0 0 -1
    outer loop
      vertex 0.565363883972168 -6.890030860900879 -12.699999809265137
      vertex 0.565363883972168 6.890030860900879 -12.699999809265137
      vertex 0.8359336853027344 6.981877326965332 -12.699999809265137
    endloop
  endfacet
  facet normal 0 0 -1
    outer loop
      vertex 0.28512096405029297 -6.834287643432617 -12.699999809265137
      vertex 0.565363883972168 6.890030860900879 -12.699999809265137
      vertex 0.565363883972168 -6.890030860900879 -12.699999809265137
    endloop
  endfacet
  facet normal 0 0 -1
    outer loop
      vertex 0.28512096405029297 -6.834287643432617 -12.699999809265137
      vertex 0.28512096405029297 6.834287643432617 -12.699999809265137
      vertex 0.565363883972168 6.890030860900879 -12.699999809265137
    endloop
  endfacet
  facet normal 0 0 -1
    outer loop
      vertex 0 -6.81559944152832 -12.699999809265137
      vertex 0.28512096405029297 6.834287643432617 -12.699999809265137
      vertex 0.28512096405029297 -6.834287643432617 -12.699999809265137
    endloop
  endfacet
  facet normal 0 0 -1
    outer loop
      vertex 0 -6.81559944152832 -12.699999809265137
      vertex 0 6.81559944152832 -12.699999809265137
      vertex 0.28512096405029297 6.834287643432617 -12.699999809265137
    endloop
  endfacet
  facet normal 0 0 -1
    outer loop
      vertex -0.28512096405029297 -6.834287643432617 -12.699999809265137
      vertex 0 6.81559944152832 -12.699999809265137
      vertex 0 -6.81559944152832 -12.699999809265137
    endloop
  endfacet
  facet normal 0 0 -1
    outer loop
      vertex -0.28512096405029297 -6.834287643432617 -12.699999809265137
      vertex -0.28512096405029297 6.834287643432617 -12.699999809265137
      vertex 0 6.81559944152832 -12.699999809265137
    endloop
  endfacet
  facet normal 0 0 -1
    outer loop
      vertex -0.565363883972168 -6.890030860900879 -12.699999809265137
      vertex -0.28512096405029297 6.834287643432617 -12.699999809265137
      vertex -0.28512096405029297 -6.834287643432617 -12.699999809265137
    endloop
  endfacet
  facet normal 0 0 -1
    outer loop
      vertex -0.565363883972168 -6.890030860900879 -12.699999809265137
      vertex -0.565363883972168 6.890030860900879 -12.699999809265137
      vertex -0.28512096405029297 6.834287643432617 -12.699999809265137
    endloop
  endfacet
  facet normal 0 0 -1
    outer loop
      vertex -0.8359336853027344 -6.981877326965332 -12.699999809265137
      vertex -0.565363883972168 6.890030860900879 -12.699999809265137
      vertex -0.565363883972168 -6.890030860900879 -12.699999809265137
    endloop
  endfacet
  facet normal 0 0 -1
    outer loop
      vertex -0.8359336853027344 -6.981877326965332 -12.699999809265137
      vertex -0.8359336853027344 6.981877326965332 -12.699999809265137
      vertex -0.565363883972168 6.890030860900879 -12.699999809265137
    endloop
  endfacet
  facet normal 0 0 -1
    outer loop
      vertex -1.0921993255615234 -7.108253479003906 -12.699999809265137
      vertex -0.8359336853027344 6.981877326965332 -12.699999809265137
      vertex -0.8359336853027344 -6.981877326965332 -12.699999809265137
    endloop
  endfacet
  facet normal 0 0 -1
    outer loop
      vertex -1.0921993255615234 -7.108253479003906 -12.699999809265137
      vertex -1.0921993255615234 7.108253479003906 -12.699999809265137
      vertex -0.8359336853027344 6.981877326965332 -12.699999809265137
    endloop
  endfacet
  facet normal 0 0 -1
    outer loop
      vertex -1.329777717590332 -7.266998291015625 -12.699999809265137
      vertex -1.0921993255615234 7.108253479003906 -12.699999809265137
      vertex -1.0921993255615234 -7.108253479003906 -12.699999809265137
    endloop
  endfacet
  facet normal 0 0 -1
    outer loop
      vertex -1.329777717590332 -7.266998291015625 -12.699999809265137
      vertex -1.329777717590332 7.266998291015625 -12.699999809265137
      vertex -1.0921993255615234 7.108253479003906 -12.699999809265137
    endloop
  endfacet
  facet normal 0 0 -1
    outer loop
      vertex -6.5 -9.5 -12.699999809265137
      vertex -1.329777717590332 -7.266998291015625 -12.699999809265137
      vertex -1.5446033477783203 -7.455395698547363 -12.699999809265137
    endloop
  endfacet
  facet normal 0 0 -1
    outer loop
      vertex -1.329777717590332 -7.266998291015625 -12.699999809265137
      vertex -6.5 -9.5 -12.699999809265137
      vertex -1.329777717590332 7.266998291015625 -12.699999809265137
    endloop
  endfacet
  facet normal 0 0 -1
    outer loop
      vertex -6.5 -9.5 -12.699999809265137
      vertex -1.5446033477783203 -7.455395698547363 -12.699999809265137
      vertex -1.7330007553100586 -7.670221328735352 -12.699999809265137
    endloop
  endfacet
  facet normal 0 0 -1
    outer loop
      vertex -6.5 9.5 -12.699999809265137
      vertex -1.329777717590332 7.266998291015625 -12.699999809265137
      vertex -6.5 -9.5 -12.699999809265137
    endloop
  endfacet
  facet normal 0 0 -1
    outer loop
      vertex -6.5 -9.5 -12.699999809265137
      vertex -1.7330007553100586 -7.670221328735352 -12.699999809265137
      vertex -1.8917455673217773 -7.90779972076416 -12.699999809265137
    endloop
  endfacet
  facet normal 0 0 -1
    outer loop
      vertex -1.329777717590332 7.266998291015625 -12.699999809265137
      vertex -6.5 9.5 -12.699999809265137
      vertex -1.5446033477783203 7.455395698547363 -12.699999809265137
    endloop
  endfacet
  facet normal 0 0 -1
    outer loop
      vertex -6.5 -9.5 -12.699999809265137
      vertex -1.8917455673217773 -7.90779972076416 -12.699999809265137
      vertex -2.0181217193603516 -8.16406536102295 -12.699999809265137
    endloop
  endfacet
  facet normal 0 0 -1
    outer loop
      vertex -1.5446033477783203 7.455395698547363 -12.699999809265137
      vertex -6.5 9.5 -12.699999809265137
      vertex -1.7330007553100586 7.670221328735352 -12.699999809265137
    endloop
  endfacet
  facet normal 0 0 -1
    outer loop
      vertex -6.5 -9.5 -12.699999809265137
      vertex -2.0181217193603516 -8.16406536102295 -12.699999809265137
      vertex -2.1099681854248047 -8.434635162353516 -12.699999809265137
    endloop
  endfacet
  facet normal 0 0 -1
    outer loop
      vertex -1.7330007553100586 7.670221328735352 -12.699999809265137
      vertex -6.5 9.5 -12.699999809265137
      vertex -1.8917455673217773 7.90779972076416 -12.699999809265137
    endloop
  endfacet
  facet normal 0 0 -1
    outer loop
      vertex -6.5 -9.5 -12.699999809265137
      vertex -2.1099681854248047 -8.434635162353516 -12.699999809265137
      vertex -2.1657114028930664 -8.71487808227539 -12.699999809265137
    endloop
  endfacet
  facet normal 0 0 -1
    outer loop
      vertex -1.8917455673217773 7.90779972076416 -12.699999809265137
      vertex -6.5 9.5 -12.699999809265137
      vertex -2.0181217193603516 8.16406536102295 -12.699999809265137
    endloop
  endfacet
  facet normal 0 0 -1
    outer loop
      vertex -6.5 -9.5 -12.699999809265137
      vertex -2.1657114028930664 -8.71487808227539 -12.699999809265137
      vertex -2.1843996047973633 -9 -12.699999809265137
    endloop
  endfacet
  facet normal 0 0 -1
    outer loop
      vertex -2.0181217193603516 8.16406536102295 -12.699999809265137
      vertex -6.5 9.5 -12.699999809265137
      vertex -2.1099681854248047 8.434635162353516 -12.699999809265137
    endloop
  endfacet
  facet normal 0 0 -1
    outer loop
      vertex 2.1657114028930664 -9.285120964050293 -12.699999809265137
      vertex 6.5 -9.5 -12.699999809265137
      vertex 6.4657793045043945 -10.02210521697998 -12.699999809265137
    endloop
  endfacet
  facet normal 0 0 -1
    outer loop
      vertex 2.1657114028930664 -8.71487808227539 -12.699999809265137
      vertex 6.5 -9.5 -12.699999809265137
      vertex 2.1843996047973633 -9 -12.699999809265137
    endloop
  endfacet
  facet normal 0 0 -1
    outer loop
      vertex 2.1657114028930664 -9.285120964050293 -12.699999809265137
      vertex 6.4657793045043945 -10.02210521697998 -12.699999809265137
      vertex 6.363702774047852 -10.535276412963867 -12.699999809265137
    endloop
  endfacet
  facet normal 0 0 -1
    outer loop
      vertex 2.1099681854248047 -8.434635162353516 -12.699999809265137
      vertex 6.5 -9.5 -12.699999809265137
      vertex 2.1657114028930664 -8.71487808227539 -12.699999809265137
    endloop
  endfacet
  facet normal 0 0 -1
    outer loop
      vertex 2.1099681854248047 -9.565363883972168 -12.699999809265137
      vertex 6.363702774047852 -10.535276412963867 -12.699999809265137
      vertex 6.195517539978027 -11.030734062194824 -12.699999809265137
    endloop
  endfacet
  facet normal 0 0 -1
    outer loop
      vertex 2.1657114028930664 9.285120964050293 -12.699999809265137
      vertex 6.5 9.5 -12.699999809265137
      vertex 2.1843996047973633 9 -12.699999809265137
    endloop
  endfacet
  facet normal 0 0 -1
    outer loop
      vertex 2.1099681854248047 -9.565363883972168 -12.699999809265137
      vertex 6.195517539978027 -11.030734062194824 -12.699999809265137
      vertex 5.9641008377075195 -11.5 -12.699999809265137
    endloop
  endfacet
  facet normal 0 0 -1
    outer loop
      vertex 6.5 9.5 -12.699999809265137
      vertex 2.1657114028930664 9.285120964050293 -12.699999809265137
      vertex 6.4657793045043945 10.022104263305664 -12.699999809265137
    endloop
  endfacet
  facet normal 0 0 -1
    outer loop
      vertex 2.0181217193603516 -9.835933685302734 -12.699999809265137
      vertex 5.9641008377075195 -11.5 -12.699999809265137
      vertex 5.673413276672363 -11.935046195983887 -12.699999809265137
    endloop
  endfacet
  facet normal 0 0 -1
    outer loop
      vertex 6.4657793045043945 10.022104263305664 -12.699999809265137
      vertex 2.1657114028930664 9.285120964050293 -12.699999809265137
      vertex 6.363702774047852 10.53527545928955 -12.699999809265137
    endloop
  endfacet
  facet normal 0 0 -1
    outer loop
      vertex 2.0181217193603516 -9.835933685302734 -12.699999809265137
      vertex 5.673413276672363 -11.935046195983887 -12.699999809265137
      vertex 5.328426361083984 -12.3284273147583 -12.699999809265137
    endloop
  endfacet
  facet normal 0 0 -1
    outer loop
      vertex 2.1099681854248047 9.565363883972168 -12.699999809265137
      vertex 6.363702774047852 10.53527545928955 -12.699999809265137
      vertex 2.1657114028930664 9.285120964050293 -12.699999809265137
    endloop
  endfacet
  facet normal 0 0 -1
    outer loop
      vertex 1.8917455673217773 -10.092199325561523 -12.699999809265137
      vertex 5.328426361083984 -12.3284273147583 -12.699999809265137
      vertex 4.93504524230957 -12.67341423034668 -12.699999809265137
    endloop
  endfacet
  facet normal 0 0 -1
    outer loop
      vertex 6.363702774047852 10.53527545928955 -12.699999809265137
      vertex 2.1099681854248047 9.565363883972168 -12.699999809265137
      vertex 6.195517539978027 11.030733108520508 -12.699999809265137
    endloop
  endfacet
  facet normal 0 0 -1
    outer loop
      vertex 1.8917455673217773 -10.092199325561523 -12.699999809265137
      vertex 4.93504524230957 -12.67341423034668 -12.699999809265137
      vertex 4.5 -12.964101791381836 -12.699999809265137
    endloop
  endfacet
  facet normal 0 0 -1
    outer loop
      vertex 6.195517539978027 11.030733108520508 -12.699999809265137
      vertex 2.1099681854248047 9.565363883972168 -12.699999809265137
      vertex 5.9641008377075195 11.5 -12.699999809265137
    endloop
  endfacet
  facet normal 0 0 -1
    outer loop
      vertex 1.7330007553100586 -10.329777717590332 -12.699999809265137
      vertex 4.5 -12.964101791381836 -12.699999809265137
      vertex 4.030733108520508 -13.195518493652344 -12.699999809265137
    endloop
  endfacet
  facet normal 0 0 -1
    outer loop
      vertex 2.0181217193603516 9.835933685302734 -12.699999809265137
      vertex 5.9641008377075195 11.5 -12.699999809265137
      vertex 2.1099681854248047 9.565363883972168 -12.699999809265137
    endloop
  endfacet
  facet normal 0 0 -1
    outer loop
      vertex 1.7330007553100586 -10.329777717590332 -12.699999809265137
      vertex 4.030733108520508 -13.195518493652344 -12.699999809265137
      vertex 3.535275459289551 -13.363703727722168 -12.699999809265137
    endloop
  endfacet
  facet normal 0 0 -1
    outer loop
      vertex 5.9641008377075195 11.5 -12.699999809265137
      vertex 2.0181217193603516 9.835933685302734 -12.699999809265137
      vertex 5.673413276672363 11.93504524230957 -12.699999809265137
    endloop
  endfacet
  facet normal 0 0 -1
    outer loop
      vertex 1.5446033477783203 -10.54460334777832 -12.699999809265137
      vertex 3.535275459289551 -13.363703727722168 -12.699999809265137
      vertex 3.022104263305664 -13.465780258178711 -12.699999809265137
    endloop
  endfacet
  facet normal 0 0 -1
    outer loop
      vertex 5.673413276672363 11.93504524230957 -12.699999809265137
      vertex 2.0181217193603516 9.835933685302734 -12.699999809265137
      vertex 5.328426361083984 12.328426361083984 -12.699999809265137
    endloop
  endfacet
  facet normal 0 0 -1
    outer loop
      vertex 1.5446033477783203 -10.54460334777832 -12.699999809265137
      vertex 3.022104263305664 -13.465780258178711 -12.699999809265137
      vertex 2.5 -13.5 -12.699999809265137
    endloop
  endfacet
  facet normal 0 0 -1
    outer loop
      vertex 1.8917455673217773 10.092199325561523 -12.699999809265137
      vertex 5.328426361083984 12.328426361083984 -12.699999809265137
      vertex 2.0181217193603516 9.835933685302734 -12.699999809265137
    endloop
  endfacet
  facet normal 0 0 -1
    outer loop
      vertex 5.328426361083984 12.328426361083984 -12.699999809265137
      vertex 1.8917455673217773 10.092199325561523 -12.699999809265137
      vertex 4.93504524230957 12.673413276672363 -12.699999809265137
    endloop
  endfacet
  facet normal 0 0 -1
    outer loop
      vertex 6.5 -9.5 -12.699999809265137
      vertex 2.1657114028930664 -9.285120964050293 -12.699999809265137
      vertex 2.1843996047973633 -9 -12.699999809265137
    endloop
  endfacet
  facet normal 0 0 -1
    outer loop
      vertex 6.363702774047852 -10.535276412963867 -12.699999809265137
      vertex 2.1099681854248047 -9.565363883972168 -12.699999809265137
      vertex 2.1657114028930664 -9.285120964050293 -12.699999809265137
    endloop
  endfacet
  facet normal 0 0 -1
    outer loop
      vertex 5.9641008377075195 -11.5 -12.699999809265137
      vertex 2.0181217193603516 -9.835933685302734 -12.699999809265137
      vertex 2.1099681854248047 -9.565363883972168 -12.699999809265137
    endloop
  endfacet
  facet normal 0 0 -1
    outer loop
      vertex 5.328426361083984 -12.3284273147583 -12.699999809265137
      vertex 1.8917455673217773 -10.092199325561523 -12.699999809265137
      vertex 2.0181217193603516 -9.835933685302734 -12.699999809265137
    endloop
  endfacet
  facet normal 0 0 -1
    outer loop
      vertex 4.5 -12.964101791381836 -12.699999809265137
      vertex 1.7330007553100586 -10.329777717590332 -12.699999809265137
      vertex 1.8917455673217773 -10.092199325561523 -12.699999809265137
    endloop
  endfacet
  facet normal 0 0 -1
    outer loop
      vertex 3.535275459289551 -13.363703727722168 -12.699999809265137
      vertex 1.5446033477783203 -10.54460334777832 -12.699999809265137
      vertex 1.7330007553100586 -10.329777717590332 -12.699999809265137
    endloop
  endfacet
  facet normal 0 0 -1
    outer loop
      vertex 2.5 -13.5 -12.699999809265137
      vertex 1.329777717590332 -10.733000755310059 -12.699999809265137
      vertex 1.5446033477783203 -10.54460334777832 -12.699999809265137
    endloop
  endfacet
  facet normal 0 0 -1
    outer loop
      vertex 2.5 -13.5 -12.699999809265137
      vertex 1.0921993255615234 -10.891745567321777 -12.699999809265137
      vertex 1.329777717590332 -10.733000755310059 -12.699999809265137
    endloop
  endfacet
  facet normal 0 0 -1
    outer loop
      vertex 2.5 -13.5 -12.699999809265137
      vertex 0.8359336853027344 -11.018121719360352 -12.699999809265137
      vertex 1.0921993255615234 -10.891745567321777 -12.699999809265137
    endloop
  endfacet
  facet normal 0 0 -1
    outer loop
      vertex 2.5 -13.5 -12.699999809265137
      vertex 0.565363883972168 -11.109968185424805 -12.699999809265137
      vertex 0.8359336853027344 -11.018121719360352 -12.699999809265137
    endloop
  endfacet
  facet normal 0 0 -1
    outer loop
      vertex 2.5 -13.5 -12.699999809265137
      vertex 0.28512096405029297 -11.165711402893066 -12.699999809265137
      vertex 0.565363883972168 -11.109968185424805 -12.699999809265137
    endloop
  endfacet
  facet normal 0 0 -1
    outer loop
      vertex 2.5 -13.5 -12.699999809265137
      vertex 0 -11.184399604797363 -12.699999809265137
      vertex 0.28512096405029297 -11.165711402893066 -12.699999809265137
    endloop
  endfacet
  facet normal 0 0 -1
    outer loop
      vertex -2.5 -13.5 -12.699999809265137
      vertex 0 -11.184399604797363 -12.699999809265137
      vertex 2.5 -13.5 -12.699999809265137
    endloop
  endfacet
  facet normal 0 0 -1
    outer loop
      vertex 0 -11.184399604797363 -12.699999809265137
      vertex -2.5 -13.5 -12.699999809265137
      vertex -0.28512096405029297 -11.165711402893066 -12.699999809265137
    endloop
  endfacet
  facet normal 0 0 -1
    outer loop
      vertex -0.28512096405029297 -11.165711402893066 -12.699999809265137
      vertex -2.5 -13.5 -12.699999809265137
      vertex -0.565363883972168 -11.109968185424805 -12.699999809265137
    endloop
  endfacet
  facet normal 0 0 -1
    outer loop
      vertex -0.565363883972168 -11.109968185424805 -12.699999809265137
      vertex -2.5 -13.5 -12.699999809265137
      vertex -0.8359336853027344 -11.018121719360352 -12.699999809265137
    endloop
  endfacet
  facet normal 0 0 -1
    outer loop
      vertex -0.8359336853027344 -11.018121719360352 -12.699999809265137
      vertex -2.5 -13.5 -12.699999809265137
      vertex -1.0921993255615234 -10.891745567321777 -12.699999809265137
    endloop
  endfacet
  facet normal 0 0 -1
    outer loop
      vertex -4.935046195983887 -12.67341423034668 -12.699999809265137
      vertex -1.8917455673217773 -10.092199325561523 -12.699999809265137
      vertex -4.5 -12.964101791381836 -12.699999809265137
    endloop
  endfacet
  facet normal 0 0 -1
    outer loop
      vertex -1.7330007553100586 -10.329777717590332 -12.699999809265137
      vertex -4.5 -12.964101791381836 -12.699999809265137
      vertex -1.8917455673217773 -10.092199325561523 -12.699999809265137
    endloop
  endfacet
  facet normal 0 0 -1
    outer loop
      vertex -4.5 -12.964101791381836 -12.699999809265137
      vertex -1.7330007553100586 -10.329777717590332 -12.699999809265137
      vertex -4.030734062194824 -13.195518493652344 -12.699999809265137
    endloop
  endfacet
  facet normal 0 0 -1
    outer loop
      vertex -4.030734062194824 -13.195518493652344 -12.699999809265137
      vertex -1.7330007553100586 -10.329777717590332 -12.699999809265137
      vertex -3.535276412963867 -13.363703727722168 -12.699999809265137
    endloop
  endfacet
  facet normal 0 0 -1
    outer loop
      vertex -1.5446033477783203 -10.54460334777832 -12.699999809265137
      vertex -3.535276412963867 -13.363703727722168 -12.699999809265137
      vertex -1.7330007553100586 -10.329777717590332 -12.699999809265137
    endloop
  endfacet
  facet normal 0 0 -1
    outer loop
      vertex -3.535276412963867 -13.363703727722168 -12.699999809265137
      vertex -1.5446033477783203 -10.54460334777832 -12.699999809265137
      vertex -3.0221052169799805 -13.465780258178711 -12.699999809265137
    endloop
  endfacet
  facet normal 0 0 -1
    outer loop
      vertex -3.0221052169799805 -13.465780258178711 -12.699999809265137
      vertex -1.5446033477783203 -10.54460334777832 -12.699999809265137
      vertex -2.5 -13.5 -12.699999809265137
    endloop
  endfacet
  facet normal 0 0 -1
    outer loop
      vertex -1.329777717590332 -10.733000755310059 -12.699999809265137
      vertex -2.5 -13.5 -12.699999809265137
      vertex -1.5446033477783203 -10.54460334777832 -12.699999809265137
    endloop
  endfacet
  facet normal 0 0 -1
    outer loop
      vertex -1.0921993255615234 -10.891745567321777 -12.699999809265137
      vertex -2.5 -13.5 -12.699999809265137
      vertex -1.329777717590332 -10.733000755310059 -12.699999809265137
    endloop
  endfacet
  facet normal 0 0 -1
    outer loop
      vertex 4.93504524230957 12.673413276672363 -12.699999809265137
      vertex 1.8917455673217773 10.092199325561523 -12.699999809265137
      vertex 4.5 12.96410083770752 -12.699999809265137
    endloop
  endfacet
  facet normal 0 0 -1
    outer loop
      vertex 1.7330007553100586 10.329777717590332 -12.699999809265137
      vertex 4.5 12.96410083770752 -12.699999809265137
      vertex 1.8917455673217773 10.092199325561523 -12.699999809265137
    endloop
  endfacet
  facet normal 0 0 -1
    outer loop
      vertex 4.5 12.96410083770752 -12.699999809265137
      vertex 1.7330007553100586 10.329777717590332 -12.699999809265137
      vertex 4.030733108520508 13.195517539978027 -12.699999809265137
    endloop
  endfacet
  facet normal 0 0 -1
    outer loop
      vertex 4.030733108520508 13.195517539978027 -12.699999809265137
      vertex 1.7330007553100586 10.329777717590332 -12.699999809265137
      vertex 3.535275459289551 13.363702774047852 -12.699999809265137
    endloop
  endfacet
  facet normal 0 0 -1
    outer loop
      vertex 1.5446033477783203 10.54460334777832 -12.699999809265137
      vertex 3.535275459289551 13.363702774047852 -12.699999809265137
      vertex 1.7330007553100586 10.329777717590332 -12.699999809265137
    endloop
  endfacet
  facet normal 0 0 -1
    outer loop
      vertex 3.535275459289551 13.363702774047852 -12.699999809265137
      vertex 1.5446033477783203 10.54460334777832 -12.699999809265137
      vertex 3.022104263305664 13.465779304504395 -12.699999809265137
    endloop
  endfacet
  facet normal 0 0 -1
    outer loop
      vertex 3.022104263305664 13.465779304504395 -12.699999809265137
      vertex 1.5446033477783203 10.54460334777832 -12.699999809265137
      vertex 2.5 13.5 -12.699999809265137
    endloop
  endfacet
  facet normal 0 0 -1
    outer loop
      vertex 1.329777717590332 10.733000755310059 -12.699999809265137
      vertex 2.5 13.5 -12.699999809265137
      vertex 1.5446033477783203 10.54460334777832 -12.699999809265137
    endloop
  endfacet
  facet normal 0 0 -1
    outer loop
      vertex 1.0921993255615234 10.891745567321777 -12.699999809265137
      vertex 2.5 13.5 -12.699999809265137
      vertex 1.329777717590332 10.733000755310059 -12.699999809265137
    endloop
  endfacet
  facet normal 0 0 -1
    outer loop
      vertex 0.8359336853027344 11.018121719360352 -12.699999809265137
      vertex 2.5 13.5 -12.699999809265137
      vertex 1.0921993255615234 10.891745567321777 -12.699999809265137
    endloop
  endfacet
  facet normal 0 0 -1
    outer loop
      vertex 0.565363883972168 11.109968185424805 -12.699999809265137
      vertex 2.5 13.5 -12.699999809265137
      vertex 0.8359336853027344 11.018121719360352 -12.699999809265137
    endloop
  endfacet
  facet normal 0 0 -1
    outer loop
      vertex 0.28512096405029297 11.165711402893066 -12.699999809265137
      vertex 2.5 13.5 -12.699999809265137
      vertex 0.565363883972168 11.109968185424805 -12.699999809265137
    endloop
  endfacet
  facet normal 0 0 -1
    outer loop
      vertex 0 11.184399604797363 -12.699999809265137
      vertex 2.5 13.5 -12.699999809265137
      vertex 0.28512096405029297 11.165711402893066 -12.699999809265137
    endloop
  endfacet
  facet normal 0 0 -1
    outer loop
      vertex -2.5 13.5 -12.699999809265137
      vertex 0 11.184399604797363 -12.699999809265137
      vertex -0.28512096405029297 11.165711402893066 -12.699999809265137
    endloop
  endfacet
  facet normal 0 0 -1
    outer loop
      vertex -2.5 13.5 -12.699999809265137
      vertex -0.28512096405029297 11.165711402893066 -12.699999809265137
      vertex -0.565363883972168 11.109968185424805 -12.699999809265137
    endloop
  endfacet
  facet normal 0 0 -1
    outer loop
      vertex -2.5 13.5 -12.699999809265137
      vertex -0.565363883972168 11.109968185424805 -12.699999809265137
      vertex -0.8359336853027344 11.018121719360352 -12.699999809265137
    endloop
  endfacet
  facet normal 0 0 -1
    outer loop
      vertex -2.5 13.5 -12.699999809265137
      vertex -0.8359336853027344 11.018121719360352 -12.699999809265137
      vertex -1.0921993255615234 10.891745567321777 -12.699999809265137
    endloop
  endfacet
  facet normal 0 0 -1
    outer loop
      vertex -2.5 13.5 -12.699999809265137
      vertex -1.0921993255615234 10.891745567321777 -12.699999809265137
      vertex -1.329777717590332 10.733000755310059 -12.699999809265137
    endloop
  endfacet
  facet normal 0 0 -1
    outer loop
      vertex 0 11.184399604797363 -12.699999809265137
      vertex -2.5 13.5 -12.699999809265137
      vertex 2.5 13.5 -12.699999809265137
    endloop
  endfacet
  facet normal 0 0 -1
    outer loop
      vertex -1.5446033477783203 10.54460334777832 -12.699999809265137
      vertex -2.5 13.5 -12.699999809265137
      vertex -1.329777717590332 10.733000755310059 -12.699999809265137
    endloop
  endfacet
  facet normal 0 0 -1
    outer loop
      vertex -3.535276412963867 13.363702774047852 -12.699999809265137
      vertex -1.5446033477783203 10.54460334777832 -12.699999809265137
      vertex -1.7330007553100586 10.329777717590332 -12.699999809265137
    endloop
  endfacet
  facet normal 0 0 -1
    outer loop
      vertex -4.5 12.96410083770752 -12.699999809265137
      vertex -1.7330007553100586 10.329777717590332 -12.699999809265137
      vertex -1.8917455673217773 10.092199325561523 -12.699999809265137
    endloop
  endfacet
  facet normal 0 0 -1
    outer loop
      vertex -5.328427314758301 12.328426361083984 -12.699999809265137
      vertex -1.8917455673217773 10.092199325561523 -12.699999809265137
      vertex -2.0181217193603516 9.835933685302734 -12.699999809265137
    endloop
  endfacet
  facet normal 0 0 -1
    outer loop
      vertex -5.964101791381836 11.5 -12.699999809265137
      vertex -2.0181217193603516 9.835933685302734 -12.699999809265137
      vertex -2.1099681854248047 9.565363883972168 -12.699999809265137
    endloop
  endfacet
  facet normal 0 0 -1
    outer loop
      vertex -6.363703727722168 10.53527545928955 -12.699999809265137
      vertex -2.1099681854248047 9.565363883972168 -12.699999809265137
      vertex -2.1657114028930664 9.285120964050293 -12.699999809265137
    endloop
  endfacet
  facet normal 0 0 -1
    outer loop
      vertex -6.5 9.5 -12.699999809265137
      vertex -2.1657114028930664 9.285120964050293 -12.699999809265137
      vertex -2.1843996047973633 9 -12.699999809265137
    endloop
  endfacet
  facet normal 0 0 -1
    outer loop
      vertex -2.1099681854248047 8.434635162353516 -12.699999809265137
      vertex -6.5 9.5 -12.699999809265137
      vertex -2.1657114028930664 8.71487808227539 -12.699999809265137
    endloop
  endfacet
  facet normal 0 0 -1
    outer loop
      vertex -5.328427314758301 -12.3284273147583 -12.699999809265137
      vertex -1.8917455673217773 -10.092199325561523 -12.699999809265137
      vertex -4.935046195983887 -12.67341423034668 -12.699999809265137
    endloop
  endfacet
  facet normal 0 0 -1
    outer loop
      vertex -2.1657114028930664 8.71487808227539 -12.699999809265137
      vertex -6.5 9.5 -12.699999809265137
      vertex -2.1843996047973633 9 -12.699999809265137
    endloop
  endfacet
  facet normal 0 0 -1
    outer loop
      vertex -1.8917455673217773 -10.092199325561523 -12.699999809265137
      vertex -5.328427314758301 -12.3284273147583 -12.699999809265137
      vertex -2.0181217193603516 -9.835933685302734 -12.699999809265137
    endloop
  endfacet
  facet normal 0 0 -1
    outer loop
      vertex -2.1657114028930664 9.285120964050293 -12.699999809265137
      vertex -6.5 9.5 -12.699999809265137
      vertex -6.465780258178711 10.022104263305664 -12.699999809265137
    endloop
  endfacet
  facet normal 0 0 -1
    outer loop
      vertex -5.67341423034668 -11.935046195983887 -12.699999809265137
      vertex -2.0181217193603516 -9.835933685302734 -12.699999809265137
      vertex -5.328427314758301 -12.3284273147583 -12.699999809265137
    endloop
  endfacet
  facet normal 0 0 -1
    outer loop
      vertex -1.5446033477783203 10.54460334777832 -12.699999809265137
      vertex -3.0221052169799805 13.465779304504395 -12.699999809265137
      vertex -2.5 13.5 -12.699999809265137
    endloop
  endfacet
  facet normal 0 0 -1
    outer loop
      vertex -5.964101791381836 -11.5 -12.699999809265137
      vertex -2.0181217193603516 -9.835933685302734 -12.699999809265137
      vertex -5.67341423034668 -11.935046195983887 -12.699999809265137
    endloop
  endfacet
  facet normal 0 0 -1
    outer loop
      vertex -1.5446033477783203 10.54460334777832 -12.699999809265137
      vertex -3.535276412963867 13.363702774047852 -12.699999809265137
      vertex -3.0221052169799805 13.465779304504395 -12.699999809265137
    endloop
  endfacet
  facet normal 0 0 -1
    outer loop
      vertex -2.0181217193603516 -9.835933685302734 -12.699999809265137
      vertex -5.964101791381836 -11.5 -12.699999809265137
      vertex -2.1099681854248047 -9.565363883972168 -12.699999809265137
    endloop
  endfacet
  facet normal 0 0 -1
    outer loop
      vertex -1.7330007553100586 10.329777717590332 -12.699999809265137
      vertex -4.030734062194824 13.195517539978027 -12.699999809265137
      vertex -3.535276412963867 13.363702774047852 -12.699999809265137
    endloop
  endfacet
  facet normal 0 0 -1
    outer loop
      vertex -6.195518493652344 -11.030734062194824 -12.699999809265137
      vertex -2.1099681854248047 -9.565363883972168 -12.699999809265137
      vertex -5.964101791381836 -11.5 -12.699999809265137
    endloop
  endfacet
  facet normal 0 0 -1
    outer loop
      vertex -1.7330007553100586 10.329777717590332 -12.699999809265137
      vertex -4.5 12.96410083770752 -12.699999809265137
      vertex -4.030734062194824 13.195517539978027 -12.699999809265137
    endloop
  endfacet
  facet normal 0 0 -1
    outer loop
      vertex -6.363703727722168 -10.535276412963867 -12.699999809265137
      vertex -2.1099681854248047 -9.565363883972168 -12.699999809265137
      vertex -6.195518493652344 -11.030734062194824 -12.699999809265137
    endloop
  endfacet
  facet normal 0 0 -1
    outer loop
      vertex -1.8917455673217773 10.092199325561523 -12.699999809265137
      vertex -4.935046195983887 12.673413276672363 -12.699999809265137
      vertex -4.5 12.96410083770752 -12.699999809265137
    endloop
  endfacet
  facet normal 0 0 -1
    outer loop
      vertex -2.1099681854248047 -9.565363883972168 -12.699999809265137
      vertex -6.363703727722168 -10.535276412963867 -12.699999809265137
      vertex -2.1657114028930664 -9.285120964050293 -12.699999809265137
    endloop
  endfacet
  facet normal 0 0 -1
    outer loop
      vertex -1.8917455673217773 10.092199325561523 -12.699999809265137
      vertex -5.328427314758301 12.328426361083984 -12.699999809265137
      vertex -4.935046195983887 12.673413276672363 -12.699999809265137
    endloop
  endfacet
  facet normal 0 0 -1
    outer loop
      vertex -6.465780258178711 -10.02210521697998 -12.699999809265137
      vertex -2.1657114028930664 -9.285120964050293 -12.699999809265137
      vertex -6.363703727722168 -10.535276412963867 -12.699999809265137
    endloop
  endfacet
  facet normal 0 0 -1
    outer loop
      vertex -2.0181217193603516 9.835933685302734 -12.699999809265137
      vertex -5.67341423034668 11.93504524230957 -12.699999809265137
      vertex -5.328427314758301 12.328426361083984 -12.699999809265137
    endloop
  endfacet
  facet normal 0 0 -1
    outer loop
      vertex -6.5 -9.5 -12.699999809265137
      vertex -2.1657114028930664 -9.285120964050293 -12.699999809265137
      vertex -6.465780258178711 -10.02210521697998 -12.699999809265137
    endloop
  endfacet
  facet normal 0 0 -1
    outer loop
      vertex -2.0181217193603516 9.835933685302734 -12.699999809265137
      vertex -5.964101791381836 11.5 -12.699999809265137
      vertex -5.67341423034668 11.93504524230957 -12.699999809265137
    endloop
  endfacet
  facet normal 0 0 -1
    outer loop
      vertex -2.1657114028930664 -9.285120964050293 -12.699999809265137
      vertex -6.5 -9.5 -12.699999809265137
      vertex -2.1843996047973633 -9 -12.699999809265137
    endloop
  endfacet
  facet normal 0 0 -1
    outer loop
      vertex -2.1099681854248047 9.565363883972168 -12.699999809265137
      vertex -6.195518493652344 11.030733108520508 -12.699999809265137
      vertex -5.964101791381836 11.5 -12.699999809265137
    endloop
  endfacet
  facet normal 0 0 -1
    outer loop
      vertex -2.1099681854248047 9.565363883972168 -12.699999809265137
      vertex -6.363703727722168 10.53527545928955 -12.699999809265137
      vertex -6.195518493652344 11.030733108520508 -12.699999809265137
    endloop
  endfacet
  facet normal 0 0 -1
    outer loop
      vertex -2.1657114028930664 9.285120964050293 -12.699999809265137
      vertex -6.465780258178711 10.022104263305664 -12.699999809265137
      vertex -6.363703727722168 10.53527545928955 -12.699999809265137
    endloop
  endfacet
  facet normal -1 0 0
    outer loop
      vertex -6.5 9.5 -12.699999809265137
      vertex -6.5 2.5 -5
      vertex -6.5 9.5 -3.500000238418579
    endloop
  endfacet
  facet normal -1 0 0
    outer loop
      vertex -6.5 9.5 -12.699999809265137
      vertex -6.5 -2.5 -5
      vertex -6.5 2.5 -5
    endloop
  endfacet
  facet normal -1 0 0
    outer loop
      vertex -6.5 -9.5 -12.699999809265137
      vertex -6.5 -2.5 -5
      vertex -6.5 9.5 -12.699999809265137
    endloop
  endfacet
  facet normal -1 0 0
    outer loop
      vertex -6.5 -9.5 -3.500000238418579
      vertex -6.5 -2.5 -5
      vertex -6.5 -9.5 -12.699999809265137
    endloop
  endfacet
  facet normal -1 0 0
    outer loop
      vertex -6.5 -2.5 -5
      vertex -6.5 -9.5 -3.500000238418579
      vertex -6.5 -2.5 -3.500000238418579
    endloop
  endfacet
  facet normal -1 0 0
    outer loop
      vertex -6.5 9.5 -3.500000238418579
      vertex -6.5 2.5 -5
      vertex -6.5 2.5 -3.500000238418579
    endloop
  endfacet
  facet normal 0 1 0
    outer loop
      vertex 2.5 13.5 -12.699999809265137
      vertex -2.5 13.5 -8
      vertex 2.5 13.5 -8
    endloop
  endfacet
  facet normal 0 1 0
    outer loop
      vertex -2.5 13.5 -8
      vertex 2.5 13.5 -12.699999809265137
      vertex -2.5 13.5 -12.699999809265137
    endloop
  endfacet
  facet normal 0 -1 0
    outer loop
      vertex -2.5 -13.5 -12.699999809265137
      vertex 2.5 -13.5 -8
      vertex -2.5 -13.5 -8
    endloop
  endfacet
  facet normal 0 -1 0
    outer loop
      vertex 2.5 -13.5 -8
      vertex -2.5 -13.5 -12.699999809265137
      vertex 2.5 -13.5 -12.699999809265137
    endloop
  endfacet
  facet normal -0.6593468235327169 -0.7518389231060841 0
    outer loop
      vertex -5.328427314758301 -12.3284273147583 -12.699999809265137
      vertex -4.935046195983887 -12.67341423034668 -3.500000238418579
      vertex -5.328427314758301 -12.3284273147583 -3.500000238418579
    endloop
  endfacet
  facet normal -0.6593468235327169 -0.7518389231060841 0
    outer loop
      vertex -4.935046195983887 -12.67341423034668 -3.500000238418579
      vertex -5.328427314758301 -12.3284273147583 -12.699999809265137
      vertex -4.935046195983887 -12.67341423034668 -12.699999809265137
    endloop
  endfacet
  facet normal -0.32143950806452687 -0.9469301149795771 0
    outer loop
      vertex -4.030734062194824 -13.195518493652344 -12.699999809265137
      vertex -3.535276412963867 -13.363703727722168 -3.500000238418579
      vertex -4.030734062194824 -13.195518493652344 -3.500000238418579
    endloop
  endfacet
  facet normal -0.32143950806452687 -0.9469301149795771 0
    outer loop
      vertex -3.535276412963867 -13.363703727722168 -3.500000238418579
      vertex -4.030734062194824 -13.195518493652344 -12.699999809265137
      vertex -3.535276412963867 -13.363703727722168 -12.699999809265137
    endloop
  endfacet
  facet normal -0.8314705072045249 -0.5555688937018075 0
    outer loop
      vertex -5.67341423034668 -11.935046195983887 -12.699999809265137
      vertex -5.964101791381836 -11.5 -3.500000238418579
      vertex -5.964101791381836 -11.5 -12.699999809265137
    endloop
  endfacet
  facet normal -0.8314705072045249 -0.5555688937018075 0
    outer loop
      vertex -5.964101791381836 -11.5 -3.500000238418579
      vertex -5.67341423034668 -11.935046195983887 -12.699999809265137
      vertex -5.67341423034668 -11.935046195983887 -3.500000238418579
    endloop
  endfacet
  facet normal -0.44228923052065444 -0.8968724750851971 0
    outer loop
      vertex -4.5 -12.964101791381836 -12.699999809265137
      vertex -4.030734062194824 -13.195518493652344 -3.500000238418579
      vertex -4.5 -12.964101791381836 -3.500000238418579
    endloop
  endfacet
  facet normal -0.44228923052065444 -0.8968724750851971 0
    outer loop
      vertex -4.030734062194824 -13.195518493652344 -3.500000238418579
      vertex -4.5 -12.964101791381836 -12.699999809265137
      vertex -4.030734062194824 -13.195518493652344 -12.699999809265137
    endloop
  endfacet
  facet normal -0.06540152676295097 -0.9978590282685602 0
    outer loop
      vertex -3.0221052169799805 -13.465780258178711 -3.500000238418579
      vertex -2.5 -13.5 -8
      vertex -2.5 -13.5 -3.500000238418579
    endloop
  endfacet
  facet normal -0.06540152676295097 -0.9978590282685601 0
    outer loop
      vertex -3.0221052169799805 -13.465780258178711 -12.699999809265137
      vertex -2.5 -13.5 -8
      vertex -3.0221052169799805 -13.465780258178711 -3.500000238418579
    endloop
  endfacet
  facet normal -0.06540152676295095 -0.99785902826856 0
    outer loop
      vertex -2.5 -13.5 -8
      vertex -3.0221052169799805 -13.465780258178711 -12.699999809265137
      vertex -2.5 -13.5 -12.699999809265137
    endloop
  endfacet
  facet normal -0.5555688937018075 -0.8314705072045249 0
    outer loop
      vertex -4.935046195983887 -12.67341423034668 -12.699999809265137
      vertex -4.5 -12.964101791381836 -3.500000238418579
      vertex -4.935046195983887 -12.67341423034668 -3.500000238418579
    endloop
  endfacet
  facet normal -0.5555688937018075 -0.8314705072045249 0
    outer loop
      vertex -4.5 -12.964101791381836 -3.500000238418579
      vertex -4.935046195983887 -12.67341423034668 -12.699999809265137
      vertex -4.5 -12.964101791381836 -12.699999809265137
    endloop
  endfacet
  facet normal -0.7518389231060841 -0.6593468235327169 0
    outer loop
      vertex -5.328427314758301 -12.3284273147583 -12.699999809265137
      vertex -5.67341423034668 -11.935046195983887 -3.500000238418579
      vertex -5.67341423034668 -11.935046195983887 -12.699999809265137
    endloop
  endfacet
  facet normal -0.7518389231060841 -0.6593468235327169 0
    outer loop
      vertex -5.67341423034668 -11.935046195983887 -3.500000238418579
      vertex -5.328427314758301 -12.3284273147583 -12.699999809265137
      vertex -5.328427314758301 -12.3284273147583 -3.500000238418579
    endloop
  endfacet
  facet normal -0.8968724750851971 -0.44228923052065444 0
    outer loop
      vertex -5.964101791381836 -11.5 -12.699999809265137
      vertex -6.195518493652344 -11.030734062194824 -3.500000238418579
      vertex -6.195518493652344 -11.030734062194824 -12.699999809265137
    endloop
  endfacet
  facet normal -0.8968724750851971 -0.44228923052065444 0
    outer loop
      vertex -6.195518493652344 -11.030734062194824 -3.500000238418579
      vertex -5.964101791381836 -11.5 -12.699999809265137
      vertex -5.964101791381836 -11.5 -3.500000238418579
    endloop
  endfacet
  facet normal -0.9807851220589577 -0.19509111806485524 0
    outer loop
      vertex -6.363703727722168 -10.535276412963867 -12.699999809265137
      vertex -6.465780258178711 -10.02210521697998 -3.500000238418579
      vertex -6.465780258178711 -10.02210521697998 -12.699999809265137
    endloop
  endfacet
  facet normal -0.9807851220589577 -0.19509111806485524 0
    outer loop
      vertex -6.465780258178711 -10.02210521697998 -3.500000238418579
      vertex -6.363703727722168 -10.535276412963867 -12.699999809265137
      vertex -6.363703727722168 -10.535276412963867 -3.500000238418579
    endloop
  endfacet
  facet normal -0.9978590282685601 -0.06540152676295097 0
    outer loop
      vertex -6.465780258178711 -10.02210521697998 -12.699999809265137
      vertex -6.5 -9.5 -3.500000238418579
      vertex -6.5 -9.5 -12.699999809265137
    endloop
  endfacet
  facet normal -0.9978590282685601 -0.06540152676295097 0
    outer loop
      vertex -6.5 -9.5 -3.500000238418579
      vertex -6.465780258178711 -10.02210521697998 -12.699999809265137
      vertex -6.465780258178711 -10.02210521697998 -3.500000238418579
    endloop
  endfacet
  facet normal -0.19509111806485524 -0.9807851220589577 0
    outer loop
      vertex -3.535276412963867 -13.363703727722168 -12.699999809265137
      vertex -3.0221052169799805 -13.465780258178711 -3.500000238418579
      vertex -3.535276412963867 -13.363703727722168 -3.500000238418579
    endloop
  endfacet
  facet normal -0.19509111806485524 -0.9807851220589577 0
    outer loop
      vertex -3.0221052169799805 -13.465780258178711 -3.500000238418579
      vertex -3.535276412963867 -13.363703727722168 -12.699999809265137
      vertex -3.0221052169799805 -13.465780258178711 -12.699999809265137
    endloop
  endfacet
  facet normal -0.9469301149795771 -0.32143950806452687 0
    outer loop
      vertex -6.195518493652344 -11.030734062194824 -12.699999809265137
      vertex -6.363703727722168 -10.535276412963867 -3.500000238418579
      vertex -6.363703727722168 -10.535276412963867 -12.699999809265137
    endloop
  endfacet
  facet normal -0.9469301149795771 -0.32143950806452687 0
    outer loop
      vertex -6.363703727722168 -10.535276412963867 -3.500000238418579
      vertex -6.195518493652344 -11.030734062194824 -12.699999809265137
      vertex -6.195518493652344 -11.030734062194824 -3.500000238418579
    endloop
  endfacet
  facet normal -0.9978590204722662 0.06540164571422856 0
    outer loop
      vertex -6.5 9.5 -12.699999809265137
      vertex -6.465780258178711 10.022104263305664 -3.500000238418579
      vertex -6.465780258178711 10.022104263305664 -12.699999809265137
    endloop
  endfacet
  facet normal -0.9978590204722662 0.06540164571422856 0
    outer loop
      vertex -6.465780258178711 10.022104263305664 -3.500000238418579
      vertex -6.5 9.5 -12.699999809265137
      vertex -6.5 9.5 -3.500000238418579
    endloop
  endfacet
  facet normal -0.7518389231060841 0.6593468235327169 0
    outer loop
      vertex -5.67341423034668 11.93504524230957 -12.699999809265137
      vertex -5.328427314758301 12.328426361083984 -3.500000238418579
      vertex -5.328427314758301 12.328426361083984 -12.699999809265137
    endloop
  endfacet
  facet normal -0.7518389231060841 0.6593468235327169 0
    outer loop
      vertex -5.328427314758301 12.328426361083984 -3.500000238418579
      vertex -5.67341423034668 11.93504524230957 -12.699999809265137
      vertex -5.67341423034668 11.93504524230957 -3.500000238418579
    endloop
  endfacet
  facet normal -0.06540334164978177 0.9978589093158621 0
    outer loop
      vertex -2.5 13.5 -8
      vertex -3.0221052169799805 13.465779304504395 -3.500000238418579
      vertex -2.5 13.5 -3.500000238418579
    endloop
  endfacet
  facet normal -0.06540334164978177 0.997858909315862 0
    outer loop
      vertex -3.0221052169799805 13.465779304504395 -12.699999809265137
      vertex -2.5 13.5 -8
      vertex -2.5 13.5 -12.699999809265137
    endloop
  endfacet
  facet normal -0.06540334164978179 0.9978589093158623 0
    outer loop
      vertex -2.5 13.5 -8
      vertex -3.0221052169799805 13.465779304504395 -12.699999809265137
      vertex -3.0221052169799805 13.465779304504395 -3.500000238418579
    endloop
  endfacet
  facet normal -0.6593468235327169 0.7518389231060841 0
    outer loop
      vertex -4.935046195983887 12.673413276672363 -12.699999809265137
      vertex -5.328427314758301 12.328426361083984 -3.500000238418579
      vertex -4.935046195983887 12.673413276672363 -3.500000238418579
    endloop
  endfacet
  facet normal -0.6593468235327169 0.7518389231060841 0
    outer loop
      vertex -5.328427314758301 12.328426361083984 -3.500000238418579
      vertex -4.935046195983887 12.673413276672363 -12.699999809265137
      vertex -5.328427314758301 12.328426361083984 -12.699999809265137
    endloop
  endfacet
  facet normal -0.44228923052065444 0.8968724750851971 0
    outer loop
      vertex -4.030734062194824 13.195517539978027 -12.699999809265137
      vertex -4.5 12.96410083770752 -3.500000238418579
      vertex -4.030734062194824 13.195517539978027 -3.500000238418579
    endloop
  endfacet
  facet normal -0.44228923052065444 0.8968724750851971 0
    outer loop
      vertex -4.5 12.96410083770752 -3.500000238418579
      vertex -4.030734062194824 13.195517539978027 -12.699999809265137
      vertex -4.5 12.96410083770752 -12.699999809265137
    endloop
  endfacet
  facet normal -0.831469944619211 0.555569735672243 0
    outer loop
      vertex -5.964101791381836 11.5 -12.699999809265137
      vertex -5.67341423034668 11.93504524230957 -3.500000238418579
      vertex -5.67341423034668 11.93504524230957 -12.699999809265137
    endloop
  endfacet
  facet normal -0.831469944619211 0.555569735672243 0
    outer loop
      vertex -5.67341423034668 11.93504524230957 -3.500000238418579
      vertex -5.964101791381836 11.5 -12.699999809265137
      vertex -5.964101791381836 11.5 -3.500000238418579
    endloop
  endfacet
  facet normal -0.19509111806485524 0.9807851220589577 0
    outer loop
      vertex -3.0221052169799805 13.465779304504395 -12.699999809265137
      vertex -3.535276412963867 13.363702774047852 -3.500000238418579
      vertex -3.0221052169799805 13.465779304504395 -3.500000238418579
    endloop
  endfacet
  facet normal -0.19509111806485524 0.9807851220589577 0
    outer loop
      vertex -3.535276412963867 13.363702774047852 -3.500000238418579
      vertex -3.0221052169799805 13.465779304504395 -12.699999809265137
      vertex -3.535276412963867 13.363702774047852 -12.699999809265137
    endloop
  endfacet
  facet normal -0.9469301149795771 0.32143950806452687 0
    outer loop
      vertex -6.363703727722168 10.53527545928955 -12.699999809265137
      vertex -6.195518493652344 11.030733108520508 -3.500000238418579
      vertex -6.195518493652344 11.030733108520508 -12.699999809265137
    endloop
  endfacet
  facet normal -0.9469301149795771 0.32143950806452687 0
    outer loop
      vertex -6.195518493652344 11.030733108520508 -3.500000238418579
      vertex -6.363703727722168 10.53527545928955 -12.699999809265137
      vertex -6.363703727722168 10.53527545928955 -3.500000238418579
    endloop
  endfacet
  facet normal -0.8968728316376391 0.44228850750418897 0
    outer loop
      vertex -6.195518493652344 11.030733108520508 -12.699999809265137
      vertex -5.964101791381836 11.5 -3.500000238418579
      vertex -5.964101791381836 11.5 -12.699999809265137
    endloop
  endfacet
  facet normal -0.8968728316376391 0.44228850750418897 0
    outer loop
      vertex -5.964101791381836 11.5 -3.500000238418579
      vertex -6.195518493652344 11.030733108520508 -12.699999809265137
      vertex -6.195518493652344 11.030733108520508 -3.500000238418579
    endloop
  endfacet
  facet normal -0.5555688937018075 0.8314705072045249 0
    outer loop
      vertex -4.5 12.96410083770752 -12.699999809265137
      vertex -4.935046195983887 12.673413276672363 -3.500000238418579
      vertex -4.5 12.96410083770752 -3.500000238418579
    endloop
  endfacet
  facet normal -0.5555688937018075 0.8314705072045249 0
    outer loop
      vertex -4.935046195983887 12.673413276672363 -3.500000238418579
      vertex -4.5 12.96410083770752 -12.699999809265137
      vertex -4.935046195983887 12.673413276672363 -12.699999809265137
    endloop
  endfacet
  facet normal -0.32143950806452687 0.9469301149795771 0
    outer loop
      vertex -3.535276412963867 13.363702774047852 -12.699999809265137
      vertex -4.030734062194824 13.195517539978027 -3.500000238418579
      vertex -3.535276412963867 13.363702774047852 -3.500000238418579
    endloop
  endfacet
  facet normal -0.32143950806452687 0.9469301149795771 0
    outer loop
      vertex -4.030734062194824 13.195517539978027 -3.500000238418579
      vertex -3.535276412963867 13.363702774047852 -12.699999809265137
      vertex -4.030734062194824 13.195517539978027 -12.699999809265137
    endloop
  endfacet
  facet normal -0.9807851220589577 0.19509111806485524 0
    outer loop
      vertex -6.465780258178711 10.022104263305664 -12.699999809265137
      vertex -6.363703727722168 10.53527545928955 -3.500000238418579
      vertex -6.363703727722168 10.53527545928955 -12.699999809265137
    endloop
  endfacet
  facet normal -0.9807851220589577 0.19509111806485524 0
    outer loop
      vertex -6.363703727722168 10.53527545928955 -3.500000238418579
      vertex -6.465780258178711 10.022104263305664 -12.699999809265137
      vertex -6.465780258178711 10.022104263305664 -3.500000238418579
    endloop
  endfacet
  facet normal 0.9978589093158623 -0.06540334164978179 0
    outer loop
      vertex 6.4657793045043945 -10.02210521697998 -3.500000238418579
      vertex 6.5 -9.5 -12.699999809265137
      vertex 6.5 -9.5 -3.500000238418579
    endloop
  endfacet
  facet normal 0.9978589093158623 -0.06540334164978179 0
    outer loop
      vertex 6.5 -9.5 -12.699999809265137
      vertex 6.4657793045043945 -10.02210521697998 -3.500000238418579
      vertex 6.4657793045043945 -10.02210521697998 -12.699999809265137
    endloop
  endfacet
  facet normal 0.6593468235327169 -0.7518389231060841 0
    outer loop
      vertex 4.93504524230957 -12.67341423034668 -12.699999809265137
      vertex 5.328426361083984 -12.3284273147583 -3.500000238418579
      vertex 4.93504524230957 -12.67341423034668 -3.500000238418579
    endloop
  endfacet
  facet normal 0.6593468235327169 -0.7518389231060841 0
    outer loop
      vertex 5.328426361083984 -12.3284273147583 -3.500000238418579
      vertex 4.93504524230957 -12.67341423034668 -12.699999809265137
      vertex 5.328426361083984 -12.3284273147583 -12.699999809265137
    endloop
  endfacet
  facet normal 0.8968724750851971 -0.44228923052065444 0
    outer loop
      vertex 5.9641008377075195 -11.5 -3.500000238418579
      vertex 6.195517539978027 -11.030734062194824 -12.699999809265137
      vertex 6.195517539978027 -11.030734062194824 -3.500000238418579
    endloop
  endfacet
  facet normal 0.8968724750851971 -0.44228923052065444 0
    outer loop
      vertex 6.195517539978027 -11.030734062194824 -12.699999809265137
      vertex 5.9641008377075195 -11.5 -3.500000238418579
      vertex 5.9641008377075195 -11.5 -12.699999809265137
    endloop
  endfacet
  facet normal 0.7518389231060841 -0.6593468235327169 0
    outer loop
      vertex 5.328426361083984 -12.3284273147583 -3.500000238418579
      vertex 5.673413276672363 -11.935046195983887 -12.699999809265137
      vertex 5.673413276672363 -11.935046195983887 -3.500000238418579
    endloop
  endfacet
  facet normal 0.7518389231060841 -0.6593468235327169 0
    outer loop
      vertex 5.673413276672363 -11.935046195983887 -12.699999809265137
      vertex 5.328426361083984 -12.3284273147583 -3.500000238418579
      vertex 5.328426361083984 -12.3284273147583 -12.699999809265137
    endloop
  endfacet
  facet normal 0.19509111806485524 -0.9807851220589577 0
    outer loop
      vertex 3.022104263305664 -13.465780258178711 -12.699999809265137
      vertex 3.535275459289551 -13.363703727722168 -3.500000238418579
      vertex 3.022104263305664 -13.465780258178711 -3.500000238418579
    endloop
  endfacet
  facet normal 0.19509111806485524 -0.9807851220589577 0
    outer loop
      vertex 3.535275459289551 -13.363703727722168 -3.500000238418579
      vertex 3.022104263305664 -13.465780258178711 -12.699999809265137
      vertex 3.535275459289551 -13.363703727722168 -12.699999809265137
    endloop
  endfacet
  facet normal 0.9807851220589577 -0.19509111806485524 0
    outer loop
      vertex 6.363702774047852 -10.535276412963867 -3.500000238418579
      vertex 6.4657793045043945 -10.02210521697998 -12.699999809265137
      vertex 6.4657793045043945 -10.02210521697998 -3.500000238418579
    endloop
  endfacet
  facet normal 0.9807851220589577 -0.19509111806485524 0
    outer loop
      vertex 6.4657793045043945 -10.02210521697998 -12.699999809265137
      vertex 6.363702774047852 -10.535276412963867 -3.500000238418579
      vertex 6.363702774047852 -10.535276412963867 -12.699999809265137
    endloop
  endfacet
  facet normal 0.555569735672243 -0.831469944619211 0
    outer loop
      vertex 4.5 -12.964101791381836 -12.699999809265137
      vertex 4.93504524230957 -12.67341423034668 -3.500000238418579
      vertex 4.5 -12.964101791381836 -3.500000238418579
    endloop
  endfacet
  facet normal 0.555569735672243 -0.831469944619211 0
    outer loop
      vertex 4.93504524230957 -12.67341423034668 -3.500000238418579
      vertex 4.5 -12.964101791381836 -12.699999809265137
      vertex 4.93504524230957 -12.67341423034668 -12.699999809265137
    endloop
  endfacet
  facet normal 0.44228850750418897 -0.8968728316376391 0
    outer loop
      vertex 4.030733108520508 -13.195518493652344 -12.699999809265137
      vertex 4.5 -12.964101791381836 -3.500000238418579
      vertex 4.030733108520508 -13.195518493652344 -3.500000238418579
    endloop
  endfacet
  facet normal 0.44228850750418897 -0.8968728316376391 0
    outer loop
      vertex 4.5 -12.964101791381836 -3.500000238418579
      vertex 4.030733108520508 -13.195518493652344 -12.699999809265137
      vertex 4.5 -12.964101791381836 -12.699999809265137
    endloop
  endfacet
  facet normal 0.9469301149795771 -0.32143950806452687 0
    outer loop
      vertex 6.195517539978027 -11.030734062194824 -3.500000238418579
      vertex 6.363702774047852 -10.535276412963867 -12.699999809265137
      vertex 6.363702774047852 -10.535276412963867 -3.500000238418579
    endloop
  endfacet
  facet normal 0.9469301149795771 -0.32143950806452687 0
    outer loop
      vertex 6.363702774047852 -10.535276412963867 -12.699999809265137
      vertex 6.195517539978027 -11.030734062194824 -3.500000238418579
      vertex 6.195517539978027 -11.030734062194824 -12.699999809265137
    endloop
  endfacet
  facet normal 0.06540164571422856 -0.9978590204722662 0
    outer loop
      vertex 2.5 -13.5 -8
      vertex 3.022104263305664 -13.465780258178711 -3.500000238418579
      vertex 2.5 -13.5 -3.500000238418579
    endloop
  endfacet
  facet normal 0.06540164571422857 -0.9978590204722663 0
    outer loop
      vertex 3.022104263305664 -13.465780258178711 -12.699999809265137
      vertex 2.5 -13.5 -8
      vertex 2.5 -13.5 -12.699999809265137
    endloop
  endfacet
  facet normal 0.06540164571422856 -0.9978590204722662 0
    outer loop
      vertex 2.5 -13.5 -8
      vertex 3.022104263305664 -13.465780258178711 -12.699999809265137
      vertex 3.022104263305664 -13.465780258178711 -3.500000238418579
    endloop
  endfacet
  facet normal 0.32143950806452687 -0.9469301149795771 0
    outer loop
      vertex 3.535275459289551 -13.363703727722168 -12.699999809265137
      vertex 4.030733108520508 -13.195518493652344 -3.500000238418579
      vertex 3.535275459289551 -13.363703727722168 -3.500000238418579
    endloop
  endfacet
  facet normal 0.32143950806452687 -0.9469301149795771 0
    outer loop
      vertex 4.030733108520508 -13.195518493652344 -3.500000238418579
      vertex 3.535275459289551 -13.363703727722168 -12.699999809265137
      vertex 4.030733108520508 -13.195518493652344 -12.699999809265137
    endloop
  endfacet
  facet normal 0.8314705072045249 -0.5555688937018075 0
    outer loop
      vertex 5.673413276672363 -11.935046195983887 -3.500000238418579
      vertex 5.9641008377075195 -11.5 -12.699999809265137
      vertex 5.9641008377075195 -11.5 -3.500000238418579
    endloop
  endfacet
  facet normal 0.8314705072045249 -0.5555688937018075 0
    outer loop
      vertex 5.9641008377075195 -11.5 -12.699999809265137
      vertex 5.673413276672363 -11.935046195983887 -3.500000238418579
      vertex 5.673413276672363 -11.935046195983887 -12.699999809265137
    endloop
  endfacet
  facet normal 0.44228850750418897 0.8968728316376391 0
    outer loop
      vertex 4.5 12.96410083770752 -12.699999809265137
      vertex 4.030733108520508 13.195517539978027 -3.500000238418579
      vertex 4.5 12.96410083770752 -3.500000238418579
    endloop
  endfacet
  facet normal 0.44228850750418897 0.8968728316376391 0
    outer loop
      vertex 4.030733108520508 13.195517539978027 -3.500000238418579
      vertex 4.5 12.96410083770752 -12.699999809265137
      vertex 4.030733108520508 13.195517539978027 -12.699999809265137
    endloop
  endfacet
  facet normal 0.9978589015191365 0.06540346060433191 0
    outer loop
      vertex 6.5 9.5 -3.500000238418579
      vertex 6.4657793045043945 10.022104263305664 -12.699999809265137
      vertex 6.4657793045043945 10.022104263305664 -3.500000238418579
    endloop
  endfacet
  facet normal 0.9978589015191365 0.06540346060433191 0
    outer loop
      vertex 6.4657793045043945 10.022104263305664 -12.699999809265137
      vertex 6.5 9.5 -3.500000238418579
      vertex 6.5 9.5 -12.699999809265137
    endloop
  endfacet
  facet normal 0.9469301149795771 0.32143950806452687 0
    outer loop
      vertex 6.363702774047852 10.53527545928955 -3.500000238418579
      vertex 6.195517539978027 11.030733108520508 -12.699999809265137
      vertex 6.195517539978027 11.030733108520508 -3.500000238418579
    endloop
  endfacet
  facet normal 0.9469301149795771 0.32143950806452687 0
    outer loop
      vertex 6.195517539978027 11.030733108520508 -12.699999809265137
      vertex 6.363702774047852 10.53527545928955 -3.500000238418579
      vertex 6.363702774047852 10.53527545928955 -12.699999809265137
    endloop
  endfacet
  facet normal 0.06540346060433191 0.9978589015191365 0
    outer loop
      vertex 3.022104263305664 13.465779304504395 -3.500000238418579
      vertex 2.5 13.5 -8
      vertex 2.5 13.5 -3.500000238418579
    endloop
  endfacet
  facet normal 0.06540346060433191 0.9978589015191365 0
    outer loop
      vertex 3.022104263305664 13.465779304504395 -12.699999809265137
      vertex 2.5 13.5 -8
      vertex 3.022104263305664 13.465779304504395 -3.500000238418579
    endloop
  endfacet
  facet normal 0.0654034606043319 0.9978589015191364 0
    outer loop
      vertex 2.5 13.5 -8
      vertex 3.022104263305664 13.465779304504395 -12.699999809265137
      vertex 2.5 13.5 -12.699999809265137
    endloop
  endfacet
  facet normal 0.9807851220589577 0.19509111806485524 0
    outer loop
      vertex 6.4657793045043945 10.022104263305664 -3.500000238418579
      vertex 6.363702774047852 10.53527545928955 -12.699999809265137
      vertex 6.363702774047852 10.53527545928955 -3.500000238418579
    endloop
  endfacet
  facet normal 0.9807851220589577 0.19509111806485524 0
    outer loop
      vertex 6.363702774047852 10.53527545928955 -12.699999809265137
      vertex 6.4657793045043945 10.022104263305664 -3.500000238418579
      vertex 6.4657793045043945 10.022104263305664 -12.699999809265137
    endloop
  endfacet
  facet normal 0.8968728316376391 0.44228850750418897 0
    outer loop
      vertex 6.195517539978027 11.030733108520508 -3.500000238418579
      vertex 5.9641008377075195 11.5 -12.699999809265137
      vertex 5.9641008377075195 11.5 -3.500000238418579
    endloop
  endfacet
  facet normal 0.8968728316376391 0.44228850750418897 0
    outer loop
      vertex 5.9641008377075195 11.5 -12.699999809265137
      vertex 6.195517539978027 11.030733108520508 -3.500000238418579
      vertex 6.195517539978027 11.030733108520508 -12.699999809265137
    endloop
  endfacet
  facet normal 0.555569735672243 0.831469944619211 0
    outer loop
      vertex 4.93504524230957 12.673413276672363 -12.699999809265137
      vertex 4.5 12.96410083770752 -3.500000238418579
      vertex 4.93504524230957 12.673413276672363 -3.500000238418579
    endloop
  endfacet
  facet normal 0.555569735672243 0.831469944619211 0
    outer loop
      vertex 4.5 12.96410083770752 -3.500000238418579
      vertex 4.93504524230957 12.673413276672363 -12.699999809265137
      vertex 4.5 12.96410083770752 -12.699999809265137
    endloop
  endfacet
  facet normal 0.831469944619211 0.555569735672243 0
    outer loop
      vertex 5.9641008377075195 11.5 -3.500000238418579
      vertex 5.673413276672363 11.93504524230957 -12.699999809265137
      vertex 5.673413276672363 11.93504524230957 -3.500000238418579
    endloop
  endfacet
  facet normal 0.831469944619211 0.555569735672243 0
    outer loop
      vertex 5.673413276672363 11.93504524230957 -12.699999809265137
      vertex 5.9641008377075195 11.5 -3.500000238418579
      vertex 5.9641008377075195 11.5 -12.699999809265137
    endloop
  endfacet
  facet normal 0.7518389231060841 0.6593468235327169 0
    outer loop
      vertex 5.673413276672363 11.93504524230957 -3.500000238418579
      vertex 5.328426361083984 12.328426361083984 -12.699999809265137
      vertex 5.328426361083984 12.328426361083984 -3.500000238418579
    endloop
  endfacet
  facet normal 0.7518389231060841 0.6593468235327169 0
    outer loop
      vertex 5.328426361083984 12.328426361083984 -12.699999809265137
      vertex 5.673413276672363 11.93504524230957 -3.500000238418579
      vertex 5.673413276672363 11.93504524230957 -12.699999809265137
    endloop
  endfacet
  facet normal 0.19509111806485524 0.9807851220589577 0
    outer loop
      vertex 3.535275459289551 13.363702774047852 -12.699999809265137
      vertex 3.022104263305664 13.465779304504395 -3.500000238418579
      vertex 3.535275459289551 13.363702774047852 -3.500000238418579
    endloop
  endfacet
  facet normal 0.19509111806485524 0.9807851220589577 0
    outer loop
      vertex 3.022104263305664 13.465779304504395 -3.500000238418579
      vertex 3.535275459289551 13.363702774047852 -12.699999809265137
      vertex 3.022104263305664 13.465779304504395 -12.699999809265137
    endloop
  endfacet
  facet normal 0.32143950806452687 0.9469301149795771 0
    outer loop
      vertex 4.030733108520508 13.195517539978027 -12.699999809265137
      vertex 3.535275459289551 13.363702774047852 -3.500000238418579
      vertex 4.030733108520508 13.195517539978027 -3.500000238418579
    endloop
  endfacet
  facet normal 0.32143950806452687 0.9469301149795771 0
    outer loop
      vertex 3.535275459289551 13.363702774047852 -3.500000238418579
      vertex 4.030733108520508 13.195517539978027 -12.699999809265137
      vertex 3.535275459289551 13.363702774047852 -12.699999809265137
    endloop
  endfacet
  facet normal 0.6593468235327169 0.7518389231060841 0
    outer loop
      vertex 5.328426361083984 12.328426361083984 -12.699999809265137
      vertex 4.93504524230957 12.673413276672363 -3.500000238418579
      vertex 5.328426361083984 12.328426361083984 -3.500000238418579
    endloop
  endfacet
  facet normal 0.6593468235327169 0.7518389231060841 0
    outer loop
      vertex 4.93504524230957 12.673413276672363 -3.500000238418579
      vertex 5.328426361083984 12.328426361083984 -12.699999809265137
      vertex 4.93504524230957 12.673413276672363 -12.699999809265137
    endloop
  endfacet
  facet normal -1 0 0
    outer loop
      vertex 2.5 11.446222305297852 -8
      vertex 2.5 13.5 -3.500000238418579
      vertex 2.5 13.5 -8
    endloop
  endfacet
  facet normal -1 0 0
    outer loop
      vertex 2.5 13.5 -3.500000238418579
      vertex 2.5 11.446222305297852 -8
      vertex 2.5 11.446222305297852 -3.500000238418579
    endloop
  endfacet
  facet normal -1 0 0
    outer loop
      vertex 2.5 -13.5 -8
      vertex 2.5 -11.446222305297852 -3.500000238418579
      vertex 2.5 -11.446222305297852 -8
    endloop
  endfacet
  facet normal -1 0 0
    outer loop
      vertex 2.5 -11.446222305297852 -3.500000238418579
      vertex 2.5 -13.5 -8
      vertex 2.5 -13.5 -3.500000238418579
    endloop
  endfacet
  facet normal -1 0 0
    outer loop
      vertex 2.5 -6.553776741027832 -5
      vertex 2.5 -5.074999809265137 -3.500000238418579
      vertex 2.5 -5.074999809265137 -5
    endloop
  endfacet
  facet normal -1 0 0
    outer loop
      vertex 2.5 -5.074999809265137 -3.500000238418579
      vertex 2.5 -6.553776741027832 -5
      vertex 2.5 -6.553776741027832 -3.500000238418579
    endloop
  endfacet
  facet normal -1 0 0
    outer loop
      vertex 2.5 5.074999809265137 -5
      vertex 2.5 6.553776741027832 -3.500000238418579
      vertex 2.5 6.553776741027832 -5
    endloop
  endfacet
  facet normal -1 0 0
    outer loop
      vertex 2.5 6.553776741027832 -3.500000238418579
      vertex 2.5 5.074999809265137 -5
      vertex 2.5 5.074999809265137 -3.500000238418579
    endloop
  endfacet
  facet normal 0 0 1
    outer loop
      vertex 2.5 6.553776741027832 -5
      vertex 2.4748735427856445 6.525125503540039 -5
      vertex 2.5 5.074999809265137 -5
    endloop
  endfacet
  facet normal 0 0 1
    outer loop
      vertex 5.0749897956848145 5.074999809265137 -5
      vertex 5.074999809265137 5.0749897956848145 -5
      vertex 5.074999809265137 5.074999809265137 -5
    endloop
  endfacet
  facet normal 0 0 1
    outer loop
      vertex 5.074999809265137 5.0749897956848145 -5
      vertex 5 5 -5
      vertex 5.074999809265137 3.9436299800872803 -5
    endloop
  endfacet
  facet normal 0 0 1
    outer loop
      vertex 5.074999809265137 3.9436299800872803 -5
      vertex 5 5 -5
      vertex 5.074999809265137 2.5 -5
    endloop
  endfacet
  facet normal 0 0 1
    outer loop
      vertex 5.074999809265137 2.5 -5
      vertex 5 5 -5
      vertex 5.074999809265137 -2.5 -5
    endloop
  endfacet
  facet normal 0 0 1
    outer loop
      vertex 5 -5 -5
      vertex 5.074999809265137 -2.5 -5
      vertex 5 5 -5
    endloop
  endfacet
  facet normal 0 0 1
    outer loop
      vertex 5.074999809265137 -2.5 -5
      vertex 5 -5 -5
      vertex 5.074999809265137 -3.9436299800872803 -5
    endloop
  endfacet
  facet normal 0 0 1
    outer loop
      vertex 5.074999809265137 5.0749897956848145 -5
      vertex 5.0749897956848145 5.074999809265137 -5
      vertex 5 5 -5
    endloop
  endfacet
  facet normal 0 0 1
    outer loop
      vertex 5.074999809265137 -3.9436299800872803 -5
      vertex 5 -5 -5
      vertex 5.074999809265137 -5.0749897956848145 -5
    endloop
  endfacet
  facet normal 0 0 1
    outer loop
      vertex 5.0749897956848145 -5.074999809265137 -5
      vertex 5.074999809265137 -5.0749897956848145 -5
      vertex 5 -5 -5
    endloop
  endfacet
  facet normal 0 0 1
    outer loop
      vertex 4.996318817138672 5.1439924240112305 -5
      vertex 5 5 -5
      vertex 5.0749897956848145 5.074999809265137 -5
    endloop
  endfacet
  facet normal 0 0 1
    outer loop
      vertex 4.909309387207031 5.202130317687988 -5
      vertex 5 5 -5
      vertex 4.996318817138672 5.1439924240112305 -5
    endloop
  endfacet
  facet normal 0 0 1
    outer loop
      vertex 4.815456390380859 5.2484130859375 -5
      vertex 5 5 -5
      vertex 4.909309387207031 5.202130317687988 -5
    endloop
  endfacet
  facet normal 0 0 1
    outer loop
      vertex 4.716364860534668 5.282050132751465 -5
      vertex 5 5 -5
      vertex 4.815456390380859 5.2484130859375 -5
    endloop
  endfacet
  facet normal 0 0 1
    outer loop
      vertex 4.613730430603027 5.302465438842773 -5
      vertex 5 5 -5
      vertex 4.716364860534668 5.282050132751465 -5
    endloop
  endfacet
  facet normal 0 0 1
    outer loop
      vertex 4.509309768676758 5.309309959411621 -5
      vertex 5 5 -5
      vertex 4.613730430603027 5.302465438842773 -5
    endloop
  endfacet
  facet normal 0 0 1
    outer loop
      vertex 4.404888153076172 5.302465438842773 -5
      vertex 5 5 -5
      vertex 4.509309768676758 5.309309959411621 -5
    endloop
  endfacet
  facet normal 0 0 1
    outer loop
      vertex 4.302254676818848 5.282050132751465 -5
      vertex 5 5 -5
      vertex 4.404888153076172 5.302465438842773 -5
    endloop
  endfacet
  facet normal 0 0 1
    outer loop
      vertex 4.203163146972656 5.2484130859375 -5
      vertex 5 5 -5
      vertex 4.302254676818848 5.282050132751465 -5
    endloop
  endfacet
  facet normal 0 0 1
    outer loop
      vertex 4.109309196472168 5.202130317687988 -5
      vertex 5 5 -5
      vertex 4.203163146972656 5.2484130859375 -5
    endloop
  endfacet
  facet normal 0 0 1
    outer loop
      vertex 4.022300720214844 5.1439924240112305 -5
      vertex 5 5 -5
      vertex 4.109309196472168 5.202130317687988 -5
    endloop
  endfacet
  facet normal 0 0 1
    outer loop
      vertex 3.9436299800872803 5.074999809265137 -5
      vertex 5 5 -5
      vertex 4.022300720214844 5.1439924240112305 -5
    endloop
  endfacet
  facet normal 0 0 1
    outer loop
      vertex 2.5 5.074999809265137 -5
      vertex 5 5 -5
      vertex 3.9436299800872803 5.074999809265137 -5
    endloop
  endfacet
  facet normal 0 0 1
    outer loop
      vertex 2.130664825439453 6.223262786865234 -5
      vertex 2.5 5.074999809265137 -5
      vertex 2.4748735427856445 6.525125503540039 -5
    endloop
  endfacet
  facet normal 0 0 1
    outer loop
      vertex 1.75 5.968910217285156 -5
      vertex 2.5 5.074999809265137 -5
      vertex 2.130664825439453 6.223262786865234 -5
    endloop
  endfacet
  facet normal 0 0 1
    outer loop
      vertex 1.3393917083740234 5.766421318054199 -5
      vertex 2.5 5.074999809265137 -5
      vertex 1.75 5.968910217285156 -5
    endloop
  endfacet
  facet normal 0 0 1
    outer loop
      vertex 0.9058666229248047 5.619258880615234 -5
      vertex 2.5 5.074999809265137 -5
      vertex 1.3393917083740234 5.766421318054199 -5
    endloop
  endfacet
  facet normal 0 0 1
    outer loop
      vertex 0.45684146881103516 5.529942512512207 -5
      vertex 2.5 5.074999809265137 -5
      vertex 0.9058666229248047 5.619258880615234 -5
    endloop
  endfacet
  facet normal 0 0 1
    outer loop
      vertex 0 5.5 -5
      vertex 2.5 5.074999809265137 -5
      vertex 0.45684146881103516 5.529942512512207 -5
    endloop
  endfacet
  facet normal 0 0 1
    outer loop
      vertex -2.5 5.074999809265137 -5
      vertex 0 5.5 -5
      vertex -0.45684146881103516 5.529942512512207 -5
    endloop
  endfacet
  facet normal 0 0 1
    outer loop
      vertex -2.5 5.074999809265137 -5
      vertex -2.4748735427856445 6.525125503540039 -5
      vertex -2.5 6.553776741027832 -5
    endloop
  endfacet
  facet normal 0 0 1
    outer loop
      vertex -2.5 5.074999809265137 -5
      vertex -2.130664825439453 6.223262786865234 -5
      vertex -2.4748735427856445 6.525125503540039 -5
    endloop
  endfacet
  facet normal 0 0 1
    outer loop
      vertex -2.5 5.074999809265137 -5
      vertex -1.75 5.968910217285156 -5
      vertex -2.130664825439453 6.223262786865234 -5
    endloop
  endfacet
  facet normal 0 0 1
    outer loop
      vertex -2.5 5.074999809265137 -5
      vertex -1.3393917083740234 5.766421318054199 -5
      vertex -1.75 5.968910217285156 -5
    endloop
  endfacet
  facet normal 0 0 1
    outer loop
      vertex -2.5 5.074999809265137 -5
      vertex -0.9058666229248047 5.619258880615234 -5
      vertex -1.3393917083740234 5.766421318054199 -5
    endloop
  endfacet
  facet normal 0 0 1
    outer loop
      vertex -2.5 5.074999809265137 -5
      vertex -0.45684146881103516 5.529942512512207 -5
      vertex -0.9058666229248047 5.619258880615234 -5
    endloop
  endfacet
  facet normal 0 0 1
    outer loop
      vertex 0 5.5 -5
      vertex -2.5 5.074999809265137 -5
      vertex 2.5 5.074999809265137 -5
    endloop
  endfacet
  facet normal 0 0 1
    outer loop
      vertex -2.5 5.074999809265137 -5
      vertex 5 5 -5
      vertex 2.5 5.074999809265137 -5
    endloop
  endfacet
  facet normal 0 0 1
    outer loop
      vertex -5 5 -5
      vertex -2.5 5.074999809265137 -5
      vertex -3.9436299800872803 5.074999809265137 -5
    endloop
  endfacet
  facet normal 0 0 1
    outer loop
      vertex -5 5 -5
      vertex -4.022300720214844 5.1439924240112305 -5
      vertex -4.109309196472168 5.202130317687988 -5
    endloop
  endfacet
  facet normal 0 0 1
    outer loop
      vertex -5 5 -5
      vertex -4.109309196472168 5.202130317687988 -5
      vertex -4.203163146972656 5.2484130859375 -5
    endloop
  endfacet
  facet normal 0 0 1
    outer loop
      vertex -5 5 -5
      vertex -4.203163146972656 5.2484130859375 -5
      vertex -4.302254676818848 5.282050132751465 -5
    endloop
  endfacet
  facet normal 0 0 1
    outer loop
      vertex -5 5 -5
      vertex -4.302254676818848 5.282050132751465 -5
      vertex -4.404888153076172 5.302465438842773 -5
    endloop
  endfacet
  facet normal 0 0 1
    outer loop
      vertex -5 5 -5
      vertex -4.404888153076172 5.302465438842773 -5
      vertex -4.509309768676758 5.309309959411621 -5
    endloop
  endfacet
  facet normal 0 0 1
    outer loop
      vertex -5 5 -5
      vertex -4.509309768676758 5.309309959411621 -5
      vertex -4.613730430603027 5.302465438842773 -5
    endloop
  endfacet
  facet normal 0 0 1
    outer loop
      vertex -5 5 -5
      vertex -4.613730430603027 5.302465438842773 -5
      vertex -4.716364860534668 5.282050132751465 -5
    endloop
  endfacet
  facet normal 0 0 1
    outer loop
      vertex -5 5 -5
      vertex -4.716364860534668 5.282050132751465 -5
      vertex -4.815456390380859 5.2484130859375 -5
    endloop
  endfacet
  facet normal 0 0 1
    outer loop
      vertex -5 5 -5
      vertex -4.815456390380859 5.2484130859375 -5
      vertex -4.909309387207031 5.202130317687988 -5
    endloop
  endfacet
  facet normal 0 0 1
    outer loop
      vertex -5 5 -5
      vertex -4.909309387207031 5.202130317687988 -5
      vertex -4.996318817138672 5.1439924240112305 -5
    endloop
  endfacet
  facet normal 0 0 1
    outer loop
      vertex -2.5 5.074999809265137 -5
      vertex -5 5 -5
      vertex 5 5 -5
    endloop
  endfacet
  facet normal 0 0 1
    outer loop
      vertex -4.022300720214844 5.1439924240112305 -5
      vertex -5 5 -5
      vertex -3.9436299800872803 5.074999809265137 -5
    endloop
  endfacet
  facet normal 0 0 1
    outer loop
      vertex -5.074999809265137 5.0749897956848145 -5
      vertex -5 5 -5
      vertex -5.0749897956848145 5.074999809265137 -5
    endloop
  endfacet
  facet normal 0 0 1
    outer loop
      vertex -5.0749897956848145 5.074999809265137 -5
      vertex -5 5 -5
      vertex -4.996318817138672 5.1439924240112305 -5
    endloop
  endfacet
  facet normal 0 0 1
    outer loop
      vertex 5.302465438842773 4.613730430603027 -5
      vertex 5.302465438842773 4.404888153076172 -5
      vertex 5.309309959411621 4.509309768676758 -5
    endloop
  endfacet
  facet normal 0 0 1
    outer loop
      vertex 5.282050132751465 4.716364860534668 -5
      vertex 5.302465438842773 4.404888153076172 -5
      vertex 5.302465438842773 4.613730430603027 -5
    endloop
  endfacet
  facet normal 0 0 1
    outer loop
      vertex 5.282050132751465 4.716364860534668 -5
      vertex 5.282050132751465 4.302254676818848 -5
      vertex 5.302465438842773 4.404888153076172 -5
    endloop
  endfacet
  facet normal 0 0 1
    outer loop
      vertex 5.2484130859375 4.815456390380859 -5
      vertex 5.282050132751465 4.302254676818848 -5
      vertex 5.282050132751465 4.716364860534668 -5
    endloop
  endfacet
  facet normal 0 0 1
    outer loop
      vertex 5.2484130859375 4.815456390380859 -5
      vertex 5.2484130859375 4.203163146972656 -5
      vertex 5.282050132751465 4.302254676818848 -5
    endloop
  endfacet
  facet normal 0 0 1
    outer loop
      vertex 5.202130317687988 4.909309387207031 -5
      vertex 5.2484130859375 4.203163146972656 -5
      vertex 5.2484130859375 4.815456390380859 -5
    endloop
  endfacet
  facet normal 0 0 1
    outer loop
      vertex 5.202130317687988 4.909309387207031 -5
      vertex 5.202130317687988 4.109309196472168 -5
      vertex 5.2484130859375 4.203163146972656 -5
    endloop
  endfacet
  facet normal 0 0 1
    outer loop
      vertex 5.1439924240112305 4.996318817138672 -5
      vertex 5.202130317687988 4.109309196472168 -5
      vertex 5.202130317687988 4.909309387207031 -5
    endloop
  endfacet
  facet normal 0 0 1
    outer loop
      vertex 5.1439924240112305 4.996318817138672 -5
      vertex 5.1439924240112305 4.022300720214844 -5
      vertex 5.202130317687988 4.109309196472168 -5
    endloop
  endfacet
  facet normal 0 0 1
    outer loop
      vertex 5.074999809265137 5.0749897956848145 -5
      vertex 5.1439924240112305 4.022300720214844 -5
      vertex 5.1439924240112305 4.996318817138672 -5
    endloop
  endfacet
  facet normal 0 0 1
    outer loop
      vertex 5.1439924240112305 4.022300720214844 -5
      vertex 5.074999809265137 5.0749897956848145 -5
      vertex 5.074999809265137 3.9436299800872803 -5
    endloop
  endfacet
  facet normal 0 0 1
    outer loop
      vertex 5.074999809265137 2.5 -5
      vertex 6.5 -2.5 -5
      vertex 6.5 2.5 -5
    endloop
  endfacet
  facet normal 0 0 1
    outer loop
      vertex 6.5 -2.5 -5
      vertex 5.074999809265137 2.5 -5
      vertex 5.074999809265137 -2.5 -5
    endloop
  endfacet
  facet normal 0 0 1
    outer loop
      vertex 5.302465438842773 -4.404888153076172 -5
      vertex 5.302465438842773 -4.613730430603027 -5
      vertex 5.309309959411621 -4.509309768676758 -5
    endloop
  endfacet
  facet normal 0 0 1
    outer loop
      vertex 5.282050132751465 -4.302254676818848 -5
      vertex 5.302465438842773 -4.613730430603027 -5
      vertex 5.302465438842773 -4.404888153076172 -5
    endloop
  endfacet
  facet normal 0 0 1
    outer loop
      vertex 5.282050132751465 -4.302254676818848 -5
      vertex 5.282050132751465 -4.716364860534668 -5
      vertex 5.302465438842773 -4.613730430603027 -5
    endloop
  endfacet
  facet normal 0 0 1
    outer loop
      vertex 5.2484130859375 -4.203163146972656 -5
      vertex 5.282050132751465 -4.716364860534668 -5
      vertex 5.282050132751465 -4.302254676818848 -5
    endloop
  endfacet
  facet normal 0 0 1
    outer loop
      vertex 5.2484130859375 -4.203163146972656 -5
      vertex 5.2484130859375 -4.815456390380859 -5
      vertex 5.282050132751465 -4.716364860534668 -5
    endloop
  endfacet
  facet normal 0 0 1
    outer loop
      vertex 5.202130317687988 -4.109309196472168 -5
      vertex 5.2484130859375 -4.815456390380859 -5
      vertex 5.2484130859375 -4.203163146972656 -5
    endloop
  endfacet
  facet normal 0 0 1
    outer loop
      vertex 5.202130317687988 -4.109309196472168 -5
      vertex 5.202130317687988 -4.909309387207031 -5
      vertex 5.2484130859375 -4.815456390380859 -5
    endloop
  endfacet
  facet normal 0 0 1
    outer loop
      vertex 5.1439924240112305 -4.022300720214844 -5
      vertex 5.202130317687988 -4.909309387207031 -5
      vertex 5.202130317687988 -4.109309196472168 -5
    endloop
  endfacet
  facet normal 0 0 1
    outer loop
      vertex 5.1439924240112305 -4.022300720214844 -5
      vertex 5.1439924240112305 -4.996318817138672 -5
      vertex 5.202130317687988 -4.909309387207031 -5
    endloop
  endfacet
  facet normal 0 0 1
    outer loop
      vertex 5.074999809265137 -3.9436299800872803 -5
      vertex 5.1439924240112305 -4.996318817138672 -5
      vertex 5.1439924240112305 -4.022300720214844 -5
    endloop
  endfacet
  facet normal 0 0 1
    outer loop
      vertex 5.1439924240112305 -4.996318817138672 -5
      vertex 5.074999809265137 -3.9436299800872803 -5
      vertex 5.074999809265137 -5.0749897956848145 -5
    endloop
  endfacet
  facet normal 0 0 1
    outer loop
      vertex 5.074999809265137 -5.0749897956848145 -5
      vertex 5.0749897956848145 -5.074999809265137 -5
      vertex 5.074999809265137 -5.074999809265137 -5
    endloop
  endfacet
  facet normal 0 0 1
    outer loop
      vertex 5 -5 -5
      vertex 4.996318817138672 -5.1439924240112305 -5
      vertex 5.0749897956848145 -5.074999809265137 -5
    endloop
  endfacet
  facet normal 0 0 1
    outer loop
      vertex 5 -5 -5
      vertex 4.909309387207031 -5.202130317687988 -5
      vertex 4.996318817138672 -5.1439924240112305 -5
    endloop
  endfacet
  facet normal 0 0 1
    outer loop
      vertex 5 -5 -5
      vertex 4.815456390380859 -5.2484130859375 -5
      vertex 4.909309387207031 -5.202130317687988 -5
    endloop
  endfacet
  facet normal 0 0 1
    outer loop
      vertex 5 -5 -5
      vertex 4.716364860534668 -5.282050132751465 -5
      vertex 4.815456390380859 -5.2484130859375 -5
    endloop
  endfacet
  facet normal 0 0 1
    outer loop
      vertex 5 -5 -5
      vertex 4.613730430603027 -5.302465438842773 -5
      vertex 4.716364860534668 -5.282050132751465 -5
    endloop
  endfacet
  facet normal 0 0 1
    outer loop
      vertex 5 -5 -5
      vertex 4.509309768676758 -5.309309959411621 -5
      vertex 4.613730430603027 -5.302465438842773 -5
    endloop
  endfacet
  facet normal 0 0 1
    outer loop
      vertex 5 -5 -5
      vertex 4.404888153076172 -5.302465438842773 -5
      vertex 4.509309768676758 -5.309309959411621 -5
    endloop
  endfacet
  facet normal 0 0 1
    outer loop
      vertex 5 -5 -5
      vertex 4.302254676818848 -5.282050132751465 -5
      vertex 4.404888153076172 -5.302465438842773 -5
    endloop
  endfacet
  facet normal 0 0 1
    outer loop
      vertex 5 -5 -5
      vertex 4.203163146972656 -5.2484130859375 -5
      vertex 4.302254676818848 -5.282050132751465 -5
    endloop
  endfacet
  facet normal 0 0 1
    outer loop
      vertex 5 -5 -5
      vertex 4.109309196472168 -5.202130317687988 -5
      vertex 4.203163146972656 -5.2484130859375 -5
    endloop
  endfacet
  facet normal 0 0 1
    outer loop
      vertex 5 -5 -5
      vertex 4.022300720214844 -5.1439924240112305 -5
      vertex 4.109309196472168 -5.202130317687988 -5
    endloop
  endfacet
  facet normal 0 0 1
    outer loop
      vertex 5 -5 -5
      vertex 3.9436299800872803 -5.074999809265137 -5
      vertex 4.022300720214844 -5.1439924240112305 -5
    endloop
  endfacet
  facet normal 0 0 1
    outer loop
      vertex 5 -5 -5
      vertex 2.5 -5.074999809265137 -5
      vertex 3.9436299800872803 -5.074999809265137 -5
    endloop
  endfacet
  facet normal 0 0 1
    outer loop
      vertex 2.5 -5.074999809265137 -5
      vertex 2.4748735427856445 -6.525125503540039 -5
      vertex 2.5 -6.553776741027832 -5
    endloop
  endfacet
  facet normal 0 0 1
    outer loop
      vertex 2.5 -5.074999809265137 -5
      vertex 2.130664825439453 -6.223262786865234 -5
      vertex 2.4748735427856445 -6.525125503540039 -5
    endloop
  endfacet
  facet normal 0 0 1
    outer loop
      vertex 2.5 -5.074999809265137 -5
      vertex 1.75 -5.968910217285156 -5
      vertex 2.130664825439453 -6.223262786865234 -5
    endloop
  endfacet
  facet normal 0 0 1
    outer loop
      vertex 2.5 -5.074999809265137 -5
      vertex 1.3393917083740234 -5.766421318054199 -5
      vertex 1.75 -5.968910217285156 -5
    endloop
  endfacet
  facet normal 0 0 1
    outer loop
      vertex 2.5 -5.074999809265137 -5
      vertex 0.9058666229248047 -5.619258880615234 -5
      vertex 1.3393917083740234 -5.766421318054199 -5
    endloop
  endfacet
  facet normal 0 0 1
    outer loop
      vertex 2.5 -5.074999809265137 -5
      vertex 0.45684146881103516 -5.529942512512207 -5
      vertex 0.9058666229248047 -5.619258880615234 -5
    endloop
  endfacet
  facet normal 0 0 1
    outer loop
      vertex 2.5 -5.074999809265137 -5
      vertex 0 -5.5 -5
      vertex 0.45684146881103516 -5.529942512512207 -5
    endloop
  endfacet
  facet normal 0 0 1
    outer loop
      vertex -2.5 -5.074999809265137 -5
      vertex 0 -5.5 -5
      vertex 2.5 -5.074999809265137 -5
    endloop
  endfacet
  facet normal 0 0 1
    outer loop
      vertex -2.130664825439453 -6.223262786865234 -5
      vertex -2.5 -5.074999809265137 -5
      vertex -2.4748735427856445 -6.525125503540039 -5
    endloop
  endfacet
  facet normal 0 0 1
    outer loop
      vertex -1.75 -5.968910217285156 -5
      vertex -2.5 -5.074999809265137 -5
      vertex -2.130664825439453 -6.223262786865234 -5
    endloop
  endfacet
  facet normal 0 0 1
    outer loop
      vertex -1.3393917083740234 -5.766421318054199 -5
      vertex -2.5 -5.074999809265137 -5
      vertex -1.75 -5.968910217285156 -5
    endloop
  endfacet
  facet normal 0 0 1
    outer loop
      vertex -0.9058666229248047 -5.619258880615234 -5
      vertex -2.5 -5.074999809265137 -5
      vertex -1.3393917083740234 -5.766421318054199 -5
    endloop
  endfacet
  facet normal 0 0 1
    outer loop
      vertex -0.45684146881103516 -5.529942512512207 -5
      vertex -2.5 -5.074999809265137 -5
      vertex -0.9058666229248047 -5.619258880615234 -5
    endloop
  endfacet
  facet normal 0 0 1
    outer loop
      vertex 0 -5.5 -5
      vertex -2.5 -5.074999809265137 -5
      vertex -0.45684146881103516 -5.529942512512207 -5
    endloop
  endfacet
  facet normal 0 0 1
    outer loop
      vertex 5 -5 -5
      vertex -2.5 -5.074999809265137 -5
      vertex 2.5 -5.074999809265137 -5
    endloop
  endfacet
  facet normal 0 0 1
    outer loop
      vertex -5 -5 -5
      vertex -2.5 -5.074999809265137 -5
      vertex 5 -5 -5
    endloop
  endfacet
  facet normal 0 0 1
    outer loop
      vertex -5 -5 -5
      vertex -4.022300720214844 -5.1439924240112305 -5
      vertex -3.9436299800872803 -5.074999809265137 -5
    endloop
  endfacet
  facet normal 0 0 1
    outer loop
      vertex -4.022300720214844 -5.1439924240112305 -5
      vertex -5 -5 -5
      vertex -4.109309196472168 -5.202130317687988 -5
    endloop
  endfacet
  facet normal 0 0 1
    outer loop
      vertex -4.109309196472168 -5.202130317687988 -5
      vertex -5 -5 -5
      vertex -4.203163146972656 -5.2484130859375 -5
    endloop
  endfacet
  facet normal 0 0 1
    outer loop
      vertex -4.203163146972656 -5.2484130859375 -5
      vertex -5 -5 -5
      vertex -4.302254676818848 -5.282050132751465 -5
    endloop
  endfacet
  facet normal 0 0 1
    outer loop
      vertex -4.302254676818848 -5.282050132751465 -5
      vertex -5 -5 -5
      vertex -4.404888153076172 -5.302465438842773 -5
    endloop
  endfacet
  facet normal 0 0 1
    outer loop
      vertex -4.404888153076172 -5.302465438842773 -5
      vertex -5 -5 -5
      vertex -4.509309768676758 -5.309309959411621 -5
    endloop
  endfacet
  facet normal 0 0 1
    outer loop
      vertex -4.509309768676758 -5.309309959411621 -5
      vertex -5 -5 -5
      vertex -4.613730430603027 -5.302465438842773 -5
    endloop
  endfacet
  facet normal 0 0 1
    outer loop
      vertex -4.613730430603027 -5.302465438842773 -5
      vertex -5 -5 -5
      vertex -4.716364860534668 -5.282050132751465 -5
    endloop
  endfacet
  facet normal 0 0 1
    outer loop
      vertex -4.716364860534668 -5.282050132751465 -5
      vertex -5 -5 -5
      vertex -4.815456390380859 -5.2484130859375 -5
    endloop
  endfacet
  facet normal 0 0 1
    outer loop
      vertex -4.815456390380859 -5.2484130859375 -5
      vertex -5 -5 -5
      vertex -4.909309387207031 -5.202130317687988 -5
    endloop
  endfacet
  facet normal 0 0 1
    outer loop
      vertex -2.5 -5.074999809265137 -5
      vertex -5 -5 -5
      vertex -3.9436299800872803 -5.074999809265137 -5
    endloop
  endfacet
  facet normal 0 0 1
    outer loop
      vertex -4.909309387207031 -5.202130317687988 -5
      vertex -5 -5 -5
      vertex -4.996318817138672 -5.1439924240112305 -5
    endloop
  endfacet
  facet normal 0 0 1
    outer loop
      vertex -5 -5 -5
      vertex -5.0749897956848145 -5.074999809265137 -5
      vertex -4.996318817138672 -5.1439924240112305 -5
    endloop
  endfacet
  facet normal 0 0 1
    outer loop
      vertex -5.074999809265137 2.5 -5
      vertex -5 5 -5
      vertex -5.074999809265137 3.9436299800872803 -5
    endloop
  endfacet
  facet normal 0 0 1
    outer loop
      vertex -5.074999809265137 5.0749897956848145 -5
      vertex -5.0749897956848145 5.074999809265137 -5
      vertex -5.074999809265137 5.074999809265137 -5
    endloop
  endfacet
  facet normal 0 0 1
    outer loop
      vertex -5.1439924240112305 4.996318817138672 -5
      vertex -5 5 -5
      vertex -5.074999809265137 5.0749897956848145 -5
    endloop
  endfacet
  facet normal 0 0 1
    outer loop
      vertex -5 5 -5
      vertex -5.074999809265137 2.5 -5
      vertex -5 -5 -5
    endloop
  endfacet
  facet normal 0 0 1
    outer loop
      vertex -5.074999809265137 -2.5 -5
      vertex -5 -5 -5
      vertex -5.074999809265137 2.5 -5
    endloop
  endfacet
  facet normal 0 0 1
    outer loop
      vertex -5.074999809265137 -3.9436299800872803 -5
      vertex -5 -5 -5
      vertex -5.074999809265137 -2.5 -5
    endloop
  endfacet
  facet normal 0 0 1
    outer loop
      vertex -5.1439924240112305 -4.022300720214844 -5
      vertex -5 -5 -5
      vertex -5.074999809265137 -3.9436299800872803 -5
    endloop
  endfacet
  facet normal 0 0 1
    outer loop
      vertex -5 -5 -5
      vertex -5.074999809265137 -5.0749897956848145 -5
      vertex -5.0749897956848145 -5.074999809265137 -5
    endloop
  endfacet
  facet normal 0 0 1
    outer loop
      vertex -5.0749897956848145 -5.074999809265137 -5
      vertex -5.074999809265137 -5.0749897956848145 -5
      vertex -5.074999809265137 -5.074999809265137 -5
    endloop
  endfacet
  facet normal 0 0 1
    outer loop
      vertex -5.202130317687988 -4.109309196472168 -5
      vertex -5 -5 -5
      vertex -5.1439924240112305 -4.022300720214844 -5
    endloop
  endfacet
  facet normal 0 0 1
    outer loop
      vertex -5 -5 -5
      vertex -5.1439924240112305 -4.996318817138672 -5
      vertex -5.074999809265137 -5.0749897956848145 -5
    endloop
  endfacet
  facet normal 0 0 1
    outer loop
      vertex -5.2484130859375 -4.203163146972656 -5
      vertex -5 -5 -5
      vertex -5.202130317687988 -4.109309196472168 -5
    endloop
  endfacet
  facet normal 0 0 1
    outer loop
      vertex -5 -5 -5
      vertex -5.202130317687988 -4.909309387207031 -5
      vertex -5.1439924240112305 -4.996318817138672 -5
    endloop
  endfacet
  facet normal 0 0 1
    outer loop
      vertex -5.282050132751465 -4.302254676818848 -5
      vertex -5 -5 -5
      vertex -5.2484130859375 -4.203163146972656 -5
    endloop
  endfacet
  facet normal 0 0 1
    outer loop
      vertex -5 -5 -5
      vertex -5.2484130859375 -4.815456390380859 -5
      vertex -5.202130317687988 -4.909309387207031 -5
    endloop
  endfacet
  facet normal 0 0 1
    outer loop
      vertex -5.302465438842773 -4.404888153076172 -5
      vertex -5 -5 -5
      vertex -5.282050132751465 -4.302254676818848 -5
    endloop
  endfacet
  facet normal 0 0 1
    outer loop
      vertex -5 -5 -5
      vertex -5.282050132751465 -4.716364860534668 -5
      vertex -5.2484130859375 -4.815456390380859 -5
    endloop
  endfacet
  facet normal 0 0 1
    outer loop
      vertex -5.309309959411621 -4.509309768676758 -5
      vertex -5 -5 -5
      vertex -5.302465438842773 -4.404888153076172 -5
    endloop
  endfacet
  facet normal 0 0 1
    outer loop
      vertex -5 -5 -5
      vertex -5.302465438842773 -4.613730430603027 -5
      vertex -5.282050132751465 -4.716364860534668 -5
    endloop
  endfacet
  facet normal 0 0 1
    outer loop
      vertex -5 -5 -5
      vertex -5.309309959411621 -4.509309768676758 -5
      vertex -5.302465438842773 -4.613730430603027 -5
    endloop
  endfacet
  facet normal 0 0 1
    outer loop
      vertex -6.5 2.5 -5
      vertex -5.074999809265137 -2.5 -5
      vertex -5.074999809265137 2.5 -5
    endloop
  endfacet
  facet normal 0 0 1
    outer loop
      vertex -5.074999809265137 -2.5 -5
      vertex -6.5 2.5 -5
      vertex -6.5 -2.5 -5
    endloop
  endfacet
  facet normal 0 0 1
    outer loop
      vertex -5.202130317687988 4.909309387207031 -5
      vertex -5 5 -5
      vertex -5.1439924240112305 4.996318817138672 -5
    endloop
  endfacet
  facet normal 0 0 1
    outer loop
      vertex -5 5 -5
      vertex -5.1439924240112305 4.022300720214844 -5
      vertex -5.074999809265137 3.9436299800872803 -5
    endloop
  endfacet
  facet normal 0 0 1
    outer loop
      vertex -5.2484130859375 4.815456390380859 -5
      vertex -5 5 -5
      vertex -5.202130317687988 4.909309387207031 -5
    endloop
  endfacet
  facet normal 0 0 1
    outer loop
      vertex -5 5 -5
      vertex -5.202130317687988 4.109309196472168 -5
      vertex -5.1439924240112305 4.022300720214844 -5
    endloop
  endfacet
  facet normal 0 0 1
    outer loop
      vertex -5.282050132751465 4.716364860534668 -5
      vertex -5 5 -5
      vertex -5.2484130859375 4.815456390380859 -5
    endloop
  endfacet
  facet normal 0 0 1
    outer loop
      vertex -5 5 -5
      vertex -5.2484130859375 4.203163146972656 -5
      vertex -5.202130317687988 4.109309196472168 -5
    endloop
  endfacet
  facet normal 0 0 1
    outer loop
      vertex -5.302465438842773 4.613730430603027 -5
      vertex -5 5 -5
      vertex -5.282050132751465 4.716364860534668 -5
    endloop
  endfacet
  facet normal 0 0 1
    outer loop
      vertex -5 5 -5
      vertex -5.282050132751465 4.302254676818848 -5
      vertex -5.2484130859375 4.203163146972656 -5
    endloop
  endfacet
  facet normal 0 0 1
    outer loop
      vertex -5.309309959411621 4.509309768676758 -5
      vertex -5 5 -5
      vertex -5.302465438842773 4.613730430603027 -5
    endloop
  endfacet
  facet normal 0 0 1
    outer loop
      vertex -5 5 -5
      vertex -5.302465438842773 4.404888153076172 -5
      vertex -5.282050132751465 4.302254676818848 -5
    endloop
  endfacet
  facet normal 0 0 1
    outer loop
      vertex -5 5 -5
      vertex -5.309309959411621 4.509309768676758 -5
      vertex -5.302465438842773 4.404888153076172 -5
    endloop
  endfacet
  facet normal 0 0 1
    outer loop
      vertex -2.4748735427856445 -6.525125503540039 -5
      vertex -2.5 -5.074999809265137 -5
      vertex -2.5 -6.553776741027832 -5
    endloop
  endfacet
  facet normal 1 0 0
    outer loop
      vertex -2.5 11.446222305297852 -3.500000238418579
      vertex -2.5 13.5 -8
      vertex -2.5 13.5 -3.500000238418579
    endloop
  endfacet
  facet normal 1 0 0
    outer loop
      vertex -2.5 13.5 -8
      vertex -2.5 11.446222305297852 -3.500000238418579
      vertex -2.5 11.446222305297852 -8
    endloop
  endfacet
  facet normal 1 0 0
    outer loop
      vertex -2.5 -13.5 -3.500000238418579
      vertex -2.5 -11.446222305297852 -8
      vertex -2.5 -11.446222305297852 -3.500000238418579
    endloop
  endfacet
  facet normal 1 0 0
    outer loop
      vertex -2.5 -11.446222305297852 -8
      vertex -2.5 -13.5 -3.500000238418579
      vertex -2.5 -13.5 -8
    endloop
  endfacet
  facet normal 1 0 0
    outer loop
      vertex -2.5 -6.553776741027832 -3.500000238418579
      vertex -2.5 -5.074999809265137 -5
      vertex -2.5 -5.074999809265137 -3.500000238418579
    endloop
  endfacet
  facet normal 1 0 0
    outer loop
      vertex -2.5 -5.074999809265137 -5
      vertex -2.5 -6.553776741027832 -3.500000238418579
      vertex -2.5 -6.553776741027832 -5
    endloop
  endfacet
  facet normal 1 0 0
    outer loop
      vertex -2.5 5.074999809265137 -3.500000238418579
      vertex -2.5 6.553776741027832 -5
      vertex -2.5 6.553776741027832 -3.500000238418579
    endloop
  endfacet
  facet normal 1 0 0
    outer loop
      vertex -2.5 6.553776741027832 -5
      vertex -2.5 5.074999809265137 -3.500000238418579
      vertex -2.5 5.074999809265137 -5
    endloop
  endfacet
  facet normal 0 1 0
    outer loop
      vertex -5.074999809265137 -2.5 -5
      vertex -6.5 -2.5 -3.500000238418579
      vertex -5.074999809265137 -2.5 -3.500000238418579
    endloop
  endfacet
  facet normal 0 1 0
    outer loop
      vertex -6.5 -2.5 -3.500000238418579
      vertex -5.074999809265137 -2.5 -5
      vertex -6.5 -2.5 -5
    endloop
  endfacet
  facet normal 0 1 0
    outer loop
      vertex 6.5 -2.5 -5
      vertex 5.074999809265137 -2.5 -3.500000238418579
      vertex 6.5 -2.5 -3.500000238418579
    endloop
  endfacet
  facet normal 0 1 0
    outer loop
      vertex 5.074999809265137 -2.5 -3.500000238418579
      vertex 6.5 -2.5 -5
      vertex 5.074999809265137 -2.5 -5
    endloop
  endfacet
  facet normal 0 -1 0
    outer loop
      vertex -6.5 2.5 -5
      vertex -5.074999809265137 2.5 -3.500000238418579
      vertex -6.5 2.5 -3.500000238418579
    endloop
  endfacet
  facet normal 0 -1 0
    outer loop
      vertex -5.074999809265137 2.5 -3.500000238418579
      vertex -6.5 2.5 -5
      vertex -5.074999809265137 2.5 -5
    endloop
  endfacet
  facet normal 0 -1 0
    outer loop
      vertex 5.074999809265137 2.5 -5
      vertex 6.5 2.5 -3.500000238418579
      vertex 5.074999809265137 2.5 -3.500000238418579
    endloop
  endfacet
  facet normal 0 -1 0
    outer loop
      vertex 6.5 2.5 -3.500000238418579
      vertex 5.074999809265137 2.5 -5
      vertex 6.5 2.5 -5
    endloop
  endfacet
  facet normal 0 0 1
    outer loop
      vertex 2.5 13.5 -8
      vertex 2.4748735427856445 11.474873542785645 -8
      vertex 2.5 11.446222305297852 -8
    endloop
  endfacet
  facet normal 0 0 1
    outer loop
      vertex 2.5 13.5 -8
      vertex 2.130664825439453 11.77673625946045 -8
      vertex 2.4748735427856445 11.474873542785645 -8
    endloop
  endfacet
  facet normal 0 0 1
    outer loop
      vertex 2.5 13.5 -8
      vertex 1.75 12.031088829040527 -8
      vertex 2.130664825439453 11.77673625946045 -8
    endloop
  endfacet
  facet normal 0 0 1
    outer loop
      vertex 2.5 13.5 -8
      vertex 1.3393917083740234 12.233577728271484 -8
      vertex 1.75 12.031088829040527 -8
    endloop
  endfacet
  facet normal 0 0 1
    outer loop
      vertex 2.5 13.5 -8
      vertex 0.9058666229248047 12.38074016571045 -8
      vertex 1.3393917083740234 12.233577728271484 -8
    endloop
  endfacet
  facet normal 0 0 1
    outer loop
      vertex 2.5 13.5 -8
      vertex 0.45684146881103516 12.470056533813477 -8
      vertex 0.9058666229248047 12.38074016571045 -8
    endloop
  endfacet
  facet normal 0 0 1
    outer loop
      vertex 2.5 13.5 -8
      vertex 0 12.5 -8
      vertex 0.45684146881103516 12.470056533813477 -8
    endloop
  endfacet
  facet normal 0 0 1
    outer loop
      vertex -2.5 13.5 -8
      vertex 0 12.5 -8
      vertex 2.5 13.5 -8
    endloop
  endfacet
  facet normal 0 0 1
    outer loop
      vertex 0 12.5 -8
      vertex -2.5 13.5 -8
      vertex -0.45684146881103516 12.470056533813477 -8
    endloop
  endfacet
  facet normal 0 0 1
    outer loop
      vertex -0.45684146881103516 12.470056533813477 -8
      vertex -2.5 13.5 -8
      vertex -0.9058666229248047 12.38074016571045 -8
    endloop
  endfacet
  facet normal 0 0 1
    outer loop
      vertex -2.5 13.5 -8
      vertex -1.3393917083740234 12.233577728271484 -8
      vertex -0.9058666229248047 12.38074016571045 -8
    endloop
  endfacet
  facet normal 0 0 1
    outer loop
      vertex -2.5 13.5 -8
      vertex -1.75 12.031088829040527 -8
      vertex -1.3393917083740234 12.233577728271484 -8
    endloop
  endfacet
  facet normal 0 0 1
    outer loop
      vertex -2.5 13.5 -8
      vertex -2.130664825439453 11.77673625946045 -8
      vertex -1.75 12.031088829040527 -8
    endloop
  endfacet
  facet normal 0 0 1
    outer loop
      vertex -2.5 13.5 -8
      vertex -2.4748735427856445 11.474873542785645 -8
      vertex -2.130664825439453 11.77673625946045 -8
    endloop
  endfacet
  facet normal 0 0 1
    outer loop
      vertex -2.4748735427856445 11.474873542785645 -8
      vertex -2.5 13.5 -8
      vertex -2.5 11.446222305297852 -8
    endloop
  endfacet
  facet normal 0 0 1
    outer loop
      vertex 2.4748735427856445 -11.474873542785645 -8
      vertex 2.5 -13.5 -8
      vertex 2.5 -11.446222305297852 -8
    endloop
  endfacet
  facet normal 0 0 1
    outer loop
      vertex 2.130664825439453 -11.77673625946045 -8
      vertex 2.5 -13.5 -8
      vertex 2.4748735427856445 -11.474873542785645 -8
    endloop
  endfacet
  facet normal 0 0 1
    outer loop
      vertex 1.75 -12.031088829040527 -8
      vertex 2.5 -13.5 -8
      vertex 2.130664825439453 -11.77673625946045 -8
    endloop
  endfacet
  facet normal 0 0 1
    outer loop
      vertex 1.3393917083740234 -12.233577728271484 -8
      vertex 2.5 -13.5 -8
      vertex 1.75 -12.031088829040527 -8
    endloop
  endfacet
  facet normal 0 0 1
    outer loop
      vertex 0.9058666229248047 -12.38074016571045 -8
      vertex 2.5 -13.5 -8
      vertex 1.3393917083740234 -12.233577728271484 -8
    endloop
  endfacet
  facet normal 0 0 1
    outer loop
      vertex 0.45684146881103516 -12.470056533813477 -8
      vertex 2.5 -13.5 -8
      vertex 0.9058666229248047 -12.38074016571045 -8
    endloop
  endfacet
  facet normal 0 0 1
    outer loop
      vertex 0 -12.5 -8
      vertex 2.5 -13.5 -8
      vertex 0.45684146881103516 -12.470056533813477 -8
    endloop
  endfacet
  facet normal 0 0 1
    outer loop
      vertex -2.5 -13.5 -8
      vertex 0 -12.5 -8
      vertex -0.45684146881103516 -12.470056533813477 -8
    endloop
  endfacet
  facet normal 0 0 1
    outer loop
      vertex -2.5 -13.5 -8
      vertex -0.45684146881103516 -12.470056533813477 -8
      vertex -0.9058666229248047 -12.38074016571045 -8
    endloop
  endfacet
  facet normal 0 0 1
    outer loop
      vertex 0 -12.5 -8
      vertex -2.5 -13.5 -8
      vertex 2.5 -13.5 -8
    endloop
  endfacet
  facet normal 0 0 1
    outer loop
      vertex -1.3393917083740234 -12.233577728271484 -8
      vertex -2.5 -13.5 -8
      vertex -0.9058666229248047 -12.38074016571045 -8
    endloop
  endfacet
  facet normal 0 0 1
    outer loop
      vertex -1.75 -12.031088829040527 -8
      vertex -2.5 -13.5 -8
      vertex -1.3393917083740234 -12.233577728271484 -8
    endloop
  endfacet
  facet normal 0 0 1
    outer loop
      vertex -2.130664825439453 -11.77673625946045 -8
      vertex -2.5 -13.5 -8
      vertex -1.75 -12.031088829040527 -8
    endloop
  endfacet
  facet normal 0 0 1
    outer loop
      vertex -2.4748735427856445 -11.474873542785645 -8
      vertex -2.5 -13.5 -8
      vertex -2.130664825439453 -11.77673625946045 -8
    endloop
  endfacet
  facet normal 0 0 1
    outer loop
      vertex -2.5 -13.5 -8
      vertex -2.4748735427856445 -11.474873542785645 -8
      vertex -2.5 -11.446222305297852 -8
    endloop
  endfacet
  facet normal -0.9469297090543756 -0.32144070387895096 0
    outer loop
      vertex 2.1099681854248047 9.565363883972168 -12.699999809265137
      vertex 2.0181217193603516 9.835933685302734 -10.699999809265137
      vertex 2.0181217193603516 9.835933685302734 -12.699999809265137
    endloop
  endfacet
  facet normal -0.9469297090543756 -0.32144070387895096 0
    outer loop
      vertex 2.0181217193603516 9.835933685302734 -10.699999809265137
      vertex 2.1099681854248047 9.565363883972168 -12.699999809265137
      vertex 2.1099681854248047 9.565363883972168 -10.699999809265137
    endloop
  endfacet
  facet normal -0.6593465791328393 -0.7518391374395341 0
    outer loop
      vertex 1.329777717590332 10.733000755310059 -12.699999809265137
      vertex 1.5446033477783203 10.54460334777832 -10.699999809265137
      vertex 1.329777717590332 10.733000755310059 -10.699999809265137
    endloop
  endfacet
  facet normal -0.6593465791328393 -0.7518391374395341 0
    outer loop
      vertex 1.5446033477783203 10.54460334777832 -10.699999809265137
      vertex 1.329777717590332 10.733000755310059 -12.699999809265137
      vertex 1.5446033477783203 10.54460334777832 -12.699999809265137
    endloop
  endfacet
  facet normal 0.4422884754113959 -0.8968728474640443 0
    outer loop
      vertex -1.0921993255615234 10.891745567321777 -12.699999809265137
      vertex -0.8359336853027344 11.018121719360352 -10.699999809265137
      vertex -1.0921993255615234 10.891745567321777 -10.699999809265137
    endloop
  endfacet
  facet normal 0.4422884754113959 -0.8968728474640443 0
    outer loop
      vertex -0.8359336853027344 11.018121719360352 -10.699999809265137
      vertex -1.0921993255615234 10.891745567321777 -12.699999809265137
      vertex -0.8359336853027344 11.018121719360352 -12.699999809265137
    endloop
  endfacet
  facet normal -0.8968728474640443 0.4422884754113959 0
    outer loop
      vertex 1.8917455673217773 7.90779972076416 -12.699999809265137
      vertex 2.0181217193603516 8.16406536102295 -10.699999809265137
      vertex 2.0181217193603516 8.16406536102295 -12.699999809265137
    endloop
  endfacet
  facet normal -0.8968728474640443 0.4422884754113959 0
    outer loop
      vertex 2.0181217193603516 8.16406536102295 -10.699999809265137
      vertex 1.8917455673217773 7.90779972076416 -12.699999809265137
      vertex 1.8917455673217773 7.90779972076416 -10.699999809265137
    endloop
  endfacet
  facet normal -0.5555702466339771 0.8314696032057105 0
    outer loop
      vertex 1.329777717590332 7.266998291015625 -12.699999809265137
      vertex 1.0921993255615234 7.108253479003906 -10.699999809265137
      vertex 1.329777717590332 7.266998291015625 -10.699999809265137
    endloop
  endfacet
  facet normal -0.5555702466339771 0.8314696032057105 0
    outer loop
      vertex 1.0921993255615234 7.108253479003906 -10.699999809265137
      vertex 1.329777717590332 7.266998291015625 -12.699999809265137
      vertex 1.0921993255615234 7.108253479003906 -12.699999809265137
    endloop
  endfacet
  facet normal 0.06540447645225649 0.9978588349360875 0
    outer loop
      vertex 0 6.81559944152832 -12.699999809265137
      vertex -0.28512096405029297 6.834287643432617 -10.699999809265137
      vertex 0 6.81559944152832 -10.699999809265137
    endloop
  endfacet
  facet normal 0.06540447645225649 0.9978588349360875 0
    outer loop
      vertex -0.28512096405029297 6.834287643432617 -10.699999809265137
      vertex 0 6.81559944152832 -12.699999809265137
      vertex -0.28512096405029297 6.834287643432617 -12.699999809265137
    endloop
  endfacet
  facet normal 0.06540447645225649 -0.9978588349360875 0
    outer loop
      vertex -0.28512096405029297 11.165711402893066 -12.699999809265137
      vertex 0 11.184399604797363 -10.699999809265137
      vertex -0.28512096405029297 11.165711402893066 -10.699999809265137
    endloop
  endfacet
  facet normal 0.06540447645225649 -0.9978588349360875 0
    outer loop
      vertex 0 11.184399604797363 -10.699999809265137
      vertex -0.28512096405029297 11.165711402893066 -12.699999809265137
      vertex 0 11.184399604797363 -12.699999809265137
    endloop
  endfacet
  facet normal -0.9978588349360875 -0.06540447645225649 0
    outer loop
      vertex 2.1843996047973633 9 -12.699999809265137
      vertex 2.1657114028930664 9.285120964050293 -10.699999809265137
      vertex 2.1657114028930664 9.285120964050293 -12.699999809265137
    endloop
  endfacet
  facet normal -0.9978588349360875 -0.06540447645225649 0
    outer loop
      vertex 2.1657114028930664 9.285120964050293 -10.699999809265137
      vertex 2.1843996047973633 9 -12.699999809265137
      vertex 2.1843996047973633 9 -10.699999809265137
    endloop
  endfacet
  facet normal -0.06540447645225649 -0.9978588349360875 0
    outer loop
      vertex 0 11.184399604797363 -12.699999809265137
      vertex 0.28512096405029297 11.165711402893066 -10.699999809265137
      vertex 0 11.184399604797363 -10.699999809265137
    endloop
  endfacet
  facet normal -0.06540447645225649 -0.9978588349360875 0
    outer loop
      vertex 0.28512096405029297 11.165711402893066 -10.699999809265137
      vertex 0 11.184399604797363 -12.699999809265137
      vertex 0.28512096405029297 11.165711402893066 -12.699999809265137
    endloop
  endfacet
  facet normal -0.8314696032057105 -0.5555702466339771 0
    outer loop
      vertex 1.8917455673217773 10.092199325561523 -12.699999809265137
      vertex 1.7330007553100586 10.329777717590332 -10.699999809265137
      vertex 1.7330007553100586 10.329777717590332 -12.699999809265137
    endloop
  endfacet
  facet normal -0.8314696032057105 -0.5555702466339771 0
    outer loop
      vertex 1.7330007553100586 10.329777717590332 -10.699999809265137
      vertex 1.8917455673217773 10.092199325561523 -12.699999809265137
      vertex 1.8917455673217773 10.092199325561523 -10.699999809265137
    endloop
  endfacet
  facet normal 0.8314696032057105 -0.5555702466339771 0
    outer loop
      vertex -1.8917455673217773 10.092199325561523 -10.699999809265137
      vertex -1.7330007553100586 10.329777717590332 -12.699999809265137
      vertex -1.7330007553100586 10.329777717590332 -10.699999809265137
    endloop
  endfacet
  facet normal 0.8314696032057105 -0.5555702466339771 0
    outer loop
      vertex -1.7330007553100586 10.329777717590332 -12.699999809265137
      vertex -1.8917455673217773 10.092199325561523 -10.699999809265137
      vertex -1.8917455673217773 10.092199325561523 -12.699999809265137
    endloop
  endfacet
  facet normal -0.9469297090543756 0.32144070387895096 0
    outer loop
      vertex 2.0181217193603516 8.16406536102295 -12.699999809265137
      vertex 2.1099681854248047 8.434635162353516 -10.699999809265137
      vertex 2.1099681854248047 8.434635162353516 -12.699999809265137
    endloop
  endfacet
  facet normal -0.9469297090543756 0.32144070387895096 0
    outer loop
      vertex 2.1099681854248047 8.434635162353516 -10.699999809265137
      vertex 2.0181217193603516 8.16406536102295 -12.699999809265137
      vertex 2.0181217193603516 8.16406536102295 -10.699999809265137
    endloop
  endfacet
  facet normal 0.32144070387895096 0.9469297090543756 0
    outer loop
      vertex -0.565363883972168 6.890030860900879 -12.699999809265137
      vertex -0.8359336853027344 6.981877326965332 -10.699999809265137
      vertex -0.565363883972168 6.890030860900879 -10.699999809265137
    endloop
  endfacet
  facet normal 0.32144070387895096 0.9469297090543756 0
    outer loop
      vertex -0.8359336853027344 6.981877326965332 -10.699999809265137
      vertex -0.565363883972168 6.890030860900879 -12.699999809265137
      vertex -0.8359336853027344 6.981877326965332 -12.699999809265137
    endloop
  endfacet
  facet normal 0.9469297090543756 -0.32144070387895096 0
    outer loop
      vertex -2.1099681854248047 9.565363883972168 -10.699999809265137
      vertex -2.0181217193603516 9.835933685302734 -12.699999809265137
      vertex -2.0181217193603516 9.835933685302734 -10.699999809265137
    endloop
  endfacet
  facet normal 0.9469297090543756 -0.32144070387895096 0
    outer loop
      vertex -2.0181217193603516 9.835933685302734 -12.699999809265137
      vertex -2.1099681854248047 9.565363883972168 -10.699999809265137
      vertex -2.1099681854248047 9.565363883972168 -12.699999809265137
    endloop
  endfacet
  facet normal -0.19508841931665097 0.9807856588717694 0
    outer loop
      vertex 0.565363883972168 6.890030860900879 -12.699999809265137
      vertex 0.28512096405029297 6.834287643432617 -10.699999809265137
      vertex 0.565363883972168 6.890030860900879 -10.699999809265137
    endloop
  endfacet
  facet normal -0.19508841931665097 0.9807856588717694 0
    outer loop
      vertex 0.28512096405029297 6.834287643432617 -10.699999809265137
      vertex 0.565363883972168 6.890030860900879 -12.699999809265137
      vertex 0.28512096405029297 6.834287643432617 -12.699999809265137
    endloop
  endfacet
  facet normal 0.19508841931665097 -0.9807856588717694 0
    outer loop
      vertex -0.565363883972168 11.109968185424805 -12.699999809265137
      vertex -0.28512096405029297 11.165711402893066 -10.699999809265137
      vertex -0.565363883972168 11.109968185424805 -10.699999809265137
    endloop
  endfacet
  facet normal 0.19508841931665097 -0.9807856588717694 0
    outer loop
      vertex -0.28512096405029297 11.165711402893066 -10.699999809265137
      vertex -0.565363883972168 11.109968185424805 -12.699999809265137
      vertex -0.28512096405029297 11.165711402893066 -12.699999809265137
    endloop
  endfacet
  facet normal -0.9807856588717694 -0.19508841931665097 0
    outer loop
      vertex 2.1657114028930664 9.285120964050293 -12.699999809265137
      vertex 2.1099681854248047 9.565363883972168 -10.699999809265137
      vertex 2.1099681854248047 9.565363883972168 -12.699999809265137
    endloop
  endfacet
  facet normal -0.9807856588717694 -0.19508841931665097 0
    outer loop
      vertex 2.1099681854248047 9.565363883972168 -10.699999809265137
      vertex 2.1657114028930664 9.285120964050293 -12.699999809265137
      vertex 2.1657114028930664 9.285120964050293 -10.699999809265137
    endloop
  endfacet
  facet normal -0.4422884754113959 -0.8968728474640443 0
    outer loop
      vertex 0.8359336853027344 11.018121719360352 -12.699999809265137
      vertex 1.0921993255615234 10.891745567321777 -10.699999809265137
      vertex 0.8359336853027344 11.018121719360352 -10.699999809265137
    endloop
  endfacet
  facet normal -0.4422884754113959 -0.8968728474640443 0
    outer loop
      vertex 1.0921993255615234 10.891745567321777 -10.699999809265137
      vertex 0.8359336853027344 11.018121719360352 -12.699999809265137
      vertex 1.0921993255615234 10.891745567321777 -12.699999809265137
    endloop
  endfacet
  facet normal -0.8968728474640443 -0.4422884754113959 0
    outer loop
      vertex 2.0181217193603516 9.835933685302734 -12.699999809265137
      vertex 1.8917455673217773 10.092199325561523 -10.699999809265137
      vertex 1.8917455673217773 10.092199325561523 -12.699999809265137
    endloop
  endfacet
  facet normal -0.8968728474640443 -0.4422884754113959 0
    outer loop
      vertex 1.8917455673217773 10.092199325561523 -10.699999809265137
      vertex 2.0181217193603516 9.835933685302734 -12.699999809265137
      vertex 2.0181217193603516 9.835933685302734 -10.699999809265137
    endloop
  endfacet
  facet normal -0.6593465791328393 0.7518391374395341 0
    outer loop
      vertex 1.5446033477783203 7.455395698547363 -12.699999809265137
      vertex 1.329777717590332 7.266998291015625 -10.699999809265137
      vertex 1.5446033477783203 7.455395698547363 -10.699999809265137
    endloop
  endfacet
  facet normal -0.6593465791328393 0.7518391374395341 0
    outer loop
      vertex 1.329777717590332 7.266998291015625 -10.699999809265137
      vertex 1.5446033477783203 7.455395698547363 -12.699999809265137
      vertex 1.329777717590332 7.266998291015625 -12.699999809265137
    endloop
  endfacet
  facet normal -0.5555702466339771 -0.8314696032057105 0
    outer loop
      vertex 1.0921993255615234 10.891745567321777 -12.699999809265137
      vertex 1.329777717590332 10.733000755310059 -10.699999809265137
      vertex 1.0921993255615234 10.891745567321777 -10.699999809265137
    endloop
  endfacet
  facet normal -0.5555702466339771 -0.8314696032057105 0
    outer loop
      vertex 1.329777717590332 10.733000755310059 -10.699999809265137
      vertex 1.0921993255615234 10.891745567321777 -12.699999809265137
      vertex 1.329777717590332 10.733000755310059 -12.699999809265137
    endloop
  endfacet
  facet normal -0.7518391374395341 -0.6593465791328393 0
    outer loop
      vertex 1.7330007553100586 10.329777717590332 -12.699999809265137
      vertex 1.5446033477783203 10.54460334777832 -10.699999809265137
      vertex 1.5446033477783203 10.54460334777832 -12.699999809265137
    endloop
  endfacet
  facet normal -0.7518391374395341 -0.6593465791328393 0
    outer loop
      vertex 1.5446033477783203 10.54460334777832 -10.699999809265137
      vertex 1.7330007553100586 10.329777717590332 -12.699999809265137
      vertex 1.7330007553100586 10.329777717590332 -10.699999809265137
    endloop
  endfacet
  facet normal -0.7518391374395341 0.6593465791328393 0
    outer loop
      vertex 1.5446033477783203 7.455395698547363 -12.699999809265137
      vertex 1.7330007553100586 7.670221328735352 -10.699999809265137
      vertex 1.7330007553100586 7.670221328735352 -12.699999809265137
    endloop
  endfacet
  facet normal -0.7518391374395341 0.6593465791328393 0
    outer loop
      vertex 1.7330007553100586 7.670221328735352 -10.699999809265137
      vertex 1.5446033477783203 7.455395698547363 -12.699999809265137
      vertex 1.5446033477783203 7.455395698547363 -10.699999809265137
    endloop
  endfacet
  facet normal -0.9807856588717694 0.19508841931665097 0
    outer loop
      vertex 2.1099681854248047 8.434635162353516 -12.699999809265137
      vertex 2.1657114028930664 8.71487808227539 -10.699999809265137
      vertex 2.1657114028930664 8.71487808227539 -12.699999809265137
    endloop
  endfacet
  facet normal -0.9807856588717694 0.19508841931665097 0
    outer loop
      vertex 2.1657114028930664 8.71487808227539 -10.699999809265137
      vertex 2.1099681854248047 8.434635162353516 -12.699999809265137
      vertex 2.1099681854248047 8.434635162353516 -10.699999809265137
    endloop
  endfacet
  facet normal -0.19508841931665097 -0.9807856588717694 0
    outer loop
      vertex 0.28512096405029297 11.165711402893066 -12.699999809265137
      vertex 0.565363883972168 11.109968185424805 -10.699999809265137
      vertex 0.28512096405029297 11.165711402893066 -10.699999809265137
    endloop
  endfacet
  facet normal -0.19508841931665097 -0.9807856588717694 0
    outer loop
      vertex 0.565363883972168 11.109968185424805 -10.699999809265137
      vertex 0.28512096405029297 11.165711402893066 -12.699999809265137
      vertex 0.565363883972168 11.109968185424805 -12.699999809265137
    endloop
  endfacet
  facet normal 0.8314696032057105 0.5555702466339771 0
    outer loop
      vertex -1.7330007553100586 7.670221328735352 -10.699999809265137
      vertex -1.8917455673217773 7.90779972076416 -12.699999809265137
      vertex -1.8917455673217773 7.90779972076416 -10.699999809265137
    endloop
  endfacet
  facet normal 0.8314696032057105 0.5555702466339771 0
    outer loop
      vertex -1.8917455673217773 7.90779972076416 -12.699999809265137
      vertex -1.7330007553100586 7.670221328735352 -10.699999809265137
      vertex -1.7330007553100586 7.670221328735352 -12.699999809265137
    endloop
  endfacet
  facet normal 0.9807856588717694 -0.19508841931665097 0
    outer loop
      vertex -2.1657114028930664 9.285120964050293 -10.699999809265137
      vertex -2.1099681854248047 9.565363883972168 -12.699999809265137
      vertex -2.1099681854248047 9.565363883972168 -10.699999809265137
    endloop
  endfacet
  facet normal 0.9807856588717694 -0.19508841931665097 0
    outer loop
      vertex -2.1099681854248047 9.565363883972168 -12.699999809265137
      vertex -2.1657114028930664 9.285120964050293 -10.699999809265137
      vertex -2.1657114028930664 9.285120964050293 -12.699999809265137
    endloop
  endfacet
  facet normal 0.4422884754113959 0.8968728474640443 0
    outer loop
      vertex -0.8359336853027344 6.981877326965332 -12.699999809265137
      vertex -1.0921993255615234 7.108253479003906 -10.699999809265137
      vertex -0.8359336853027344 6.981877326965332 -10.699999809265137
    endloop
  endfacet
  facet normal 0.4422884754113959 0.8968728474640443 0
    outer loop
      vertex -1.0921993255615234 7.108253479003906 -10.699999809265137
      vertex -0.8359336853027344 6.981877326965332 -12.699999809265137
      vertex -1.0921993255615234 7.108253479003906 -12.699999809265137
    endloop
  endfacet
  facet normal 0.5555702466339771 -0.8314696032057105 0
    outer loop
      vertex -1.329777717590332 10.733000755310059 -12.699999809265137
      vertex -1.0921993255615234 10.891745567321777 -10.699999809265137
      vertex -1.329777717590332 10.733000755310059 -10.699999809265137
    endloop
  endfacet
  facet normal 0.5555702466339771 -0.8314696032057105 0
    outer loop
      vertex -1.0921993255615234 10.891745567321777 -10.699999809265137
      vertex -1.329777717590332 10.733000755310059 -12.699999809265137
      vertex -1.0921993255615234 10.891745567321777 -12.699999809265137
    endloop
  endfacet
  facet normal 0.7518391374395341 -0.6593465791328393 0
    outer loop
      vertex -1.7330007553100586 10.329777717590332 -10.699999809265137
      vertex -1.5446033477783203 10.54460334777832 -12.699999809265137
      vertex -1.5446033477783203 10.54460334777832 -10.699999809265137
    endloop
  endfacet
  facet normal 0.7518391374395341 -0.6593465791328393 0
    outer loop
      vertex -1.5446033477783203 10.54460334777832 -12.699999809265137
      vertex -1.7330007553100586 10.329777717590332 -10.699999809265137
      vertex -1.7330007553100586 10.329777717590332 -12.699999809265137
    endloop
  endfacet
  facet normal -0.06540447645225649 0.9978588349360875 0
    outer loop
      vertex 0.28512096405029297 6.834287643432617 -12.699999809265137
      vertex 0 6.81559944152832 -10.699999809265137
      vertex 0.28512096405029297 6.834287643432617 -10.699999809265137
    endloop
  endfacet
  facet normal -0.06540447645225649 0.9978588349360875 0
    outer loop
      vertex 0 6.81559944152832 -10.699999809265137
      vertex 0.28512096405029297 6.834287643432617 -12.699999809265137
      vertex 0 6.81559944152832 -12.699999809265137
    endloop
  endfacet
  facet normal -0.9978588492136091 0.0654042586235162 0
    outer loop
      vertex 2.1657114028930664 8.71487808227539 -12.699999809265137
      vertex 2.1843996047973633 9 -10.699999809265137
      vertex 2.1843996047973633 9 -12.699999809265137
    endloop
  endfacet
  facet normal -0.9978588492136091 0.0654042586235162 0
    outer loop
      vertex 2.1843996047973633 9 -10.699999809265137
      vertex 2.1657114028930664 8.71487808227539 -12.699999809265137
      vertex 2.1657114028930664 8.71487808227539 -10.699999809265137
    endloop
  endfacet
  facet normal 0.5555702466339771 0.8314696032057105 0
    outer loop
      vertex -1.0921993255615234 7.108253479003906 -12.699999809265137
      vertex -1.329777717590332 7.266998291015625 -10.699999809265137
      vertex -1.0921993255615234 7.108253479003906 -10.699999809265137
    endloop
  endfacet
  facet normal 0.5555702466339771 0.8314696032057105 0
    outer loop
      vertex -1.329777717590332 7.266998291015625 -10.699999809265137
      vertex -1.0921993255615234 7.108253479003906 -12.699999809265137
      vertex -1.329777717590332 7.266998291015625 -12.699999809265137
    endloop
  endfacet
  facet normal 0.19508841931665097 0.9807856588717694 0
    outer loop
      vertex -0.28512096405029297 6.834287643432617 -12.699999809265137
      vertex -0.565363883972168 6.890030860900879 -10.699999809265137
      vertex -0.28512096405029297 6.834287643432617 -10.699999809265137
    endloop
  endfacet
  facet normal 0.19508841931665097 0.9807856588717694 0
    outer loop
      vertex -0.565363883972168 6.890030860900879 -10.699999809265137
      vertex -0.28512096405029297 6.834287643432617 -12.699999809265137
      vertex -0.565363883972168 6.890030860900879 -12.699999809265137
    endloop
  endfacet
  facet normal 0.6593465791328393 -0.7518391374395341 0
    outer loop
      vertex -1.5446033477783203 10.54460334777832 -12.699999809265137
      vertex -1.329777717590332 10.733000755310059 -10.699999809265137
      vertex -1.5446033477783203 10.54460334777832 -10.699999809265137
    endloop
  endfacet
  facet normal 0.6593465791328393 -0.7518391374395341 0
    outer loop
      vertex -1.329777717590332 10.733000755310059 -10.699999809265137
      vertex -1.5446033477783203 10.54460334777832 -12.699999809265137
      vertex -1.329777717590332 10.733000755310059 -12.699999809265137
    endloop
  endfacet
  facet normal 0.9978588349360875 -0.06540447645225649 0
    outer loop
      vertex -2.1843996047973633 9 -10.699999809265137
      vertex -2.1657114028930664 9.285120964050293 -12.699999809265137
      vertex -2.1657114028930664 9.285120964050293 -10.699999809265137
    endloop
  endfacet
  facet normal 0.9978588349360875 -0.06540447645225649 0
    outer loop
      vertex -2.1657114028930664 9.285120964050293 -12.699999809265137
      vertex -2.1843996047973633 9 -10.699999809265137
      vertex -2.1843996047973633 9 -12.699999809265137
    endloop
  endfacet
  facet normal -0.8314696032057105 0.5555702466339771 0
    outer loop
      vertex 1.7330007553100586 7.670221328735352 -12.699999809265137
      vertex 1.8917455673217773 7.90779972076416 -10.699999809265137
      vertex 1.8917455673217773 7.90779972076416 -12.699999809265137
    endloop
  endfacet
  facet normal -0.8314696032057105 0.5555702466339771 0
    outer loop
      vertex 1.8917455673217773 7.90779972076416 -10.699999809265137
      vertex 1.7330007553100586 7.670221328735352 -12.699999809265137
      vertex 1.7330007553100586 7.670221328735352 -10.699999809265137
    endloop
  endfacet
  facet normal 0.9978588492136091 0.0654042586235162 0
    outer loop
      vertex -2.1657114028930664 8.71487808227539 -10.699999809265137
      vertex -2.1843996047973633 9 -12.699999809265137
      vertex -2.1843996047973633 9 -10.699999809265137
    endloop
  endfacet
  facet normal 0.9978588492136091 0.0654042586235162 0
    outer loop
      vertex -2.1843996047973633 9 -12.699999809265137
      vertex -2.1657114028930664 8.71487808227539 -10.699999809265137
      vertex -2.1657114028930664 8.71487808227539 -12.699999809265137
    endloop
  endfacet
  facet normal -0.4422884754113959 0.8968728474640443 0
    outer loop
      vertex 1.0921993255615234 7.108253479003906 -12.699999809265137
      vertex 0.8359336853027344 6.981877326965332 -10.699999809265137
      vertex 1.0921993255615234 7.108253479003906 -10.699999809265137
    endloop
  endfacet
  facet normal -0.4422884754113959 0.8968728474640443 0
    outer loop
      vertex 0.8359336853027344 6.981877326965332 -10.699999809265137
      vertex 1.0921993255615234 7.108253479003906 -12.699999809265137
      vertex 0.8359336853027344 6.981877326965332 -12.699999809265137
    endloop
  endfacet
  facet normal 0.8968728474640443 -0.4422884754113959 0
    outer loop
      vertex -2.0181217193603516 9.835933685302734 -10.699999809265137
      vertex -1.8917455673217773 10.092199325561523 -12.699999809265137
      vertex -1.8917455673217773 10.092199325561523 -10.699999809265137
    endloop
  endfacet
  facet normal 0.8968728474640443 -0.4422884754113959 0
    outer loop
      vertex -1.8917455673217773 10.092199325561523 -12.699999809265137
      vertex -2.0181217193603516 9.835933685302734 -10.699999809265137
      vertex -2.0181217193603516 9.835933685302734 -12.699999809265137
    endloop
  endfacet
  facet normal -0.32144070387895096 -0.9469297090543756 0
    outer loop
      vertex 0.565363883972168 11.109968185424805 -12.699999809265137
      vertex 0.8359336853027344 11.018121719360352 -10.699999809265137
      vertex 0.565363883972168 11.109968185424805 -10.699999809265137
    endloop
  endfacet
  facet normal -0.32144070387895096 -0.9469297090543756 0
    outer loop
      vertex 0.8359336853027344 11.018121719360352 -10.699999809265137
      vertex 0.565363883972168 11.109968185424805 -12.699999809265137
      vertex 0.8359336853027344 11.018121719360352 -12.699999809265137
    endloop
  endfacet
  facet normal 0.6593465791328393 0.7518391374395341 0
    outer loop
      vertex -1.329777717590332 7.266998291015625 -12.699999809265137
      vertex -1.5446033477783203 7.455395698547363 -10.699999809265137
      vertex -1.329777717590332 7.266998291015625 -10.699999809265137
    endloop
  endfacet
  facet normal 0.6593465791328393 0.7518391374395341 0
    outer loop
      vertex -1.5446033477783203 7.455395698547363 -10.699999809265137
      vertex -1.329777717590332 7.266998291015625 -12.699999809265137
      vertex -1.5446033477783203 7.455395698547363 -12.699999809265137
    endloop
  endfacet
  facet normal 0.9807856588717694 0.19508841931665097 0
    outer loop
      vertex -2.1099681854248047 8.434635162353516 -10.699999809265137
      vertex -2.1657114028930664 8.71487808227539 -12.699999809265137
      vertex -2.1657114028930664 8.71487808227539 -10.699999809265137
    endloop
  endfacet
  facet normal 0.9807856588717694 0.19508841931665097 0
    outer loop
      vertex -2.1657114028930664 8.71487808227539 -12.699999809265137
      vertex -2.1099681854248047 8.434635162353516 -10.699999809265137
      vertex -2.1099681854248047 8.434635162353516 -12.699999809265137
    endloop
  endfacet
  facet normal -0.32144070387895096 0.9469297090543756 0
    outer loop
      vertex 0.8359336853027344 6.981877326965332 -12.699999809265137
      vertex 0.565363883972168 6.890030860900879 -10.699999809265137
      vertex 0.8359336853027344 6.981877326965332 -10.699999809265137
    endloop
  endfacet
  facet normal -0.32144070387895096 0.9469297090543756 0
    outer loop
      vertex 0.565363883972168 6.890030860900879 -10.699999809265137
      vertex 0.8359336853027344 6.981877326965332 -12.699999809265137
      vertex 0.565363883972168 6.890030860900879 -12.699999809265137
    endloop
  endfacet
  facet normal 0.32144070387895096 -0.9469297090543756 0
    outer loop
      vertex -0.8359336853027344 11.018121719360352 -12.699999809265137
      vertex -0.565363883972168 11.109968185424805 -10.699999809265137
      vertex -0.8359336853027344 11.018121719360352 -10.699999809265137
    endloop
  endfacet
  facet normal 0.32144070387895096 -0.9469297090543756 0
    outer loop
      vertex -0.565363883972168 11.109968185424805 -10.699999809265137
      vertex -0.8359336853027344 11.018121719360352 -12.699999809265137
      vertex -0.565363883972168 11.109968185424805 -12.699999809265137
    endloop
  endfacet
  facet normal 0.7518391374395341 0.6593465791328393 0
    outer loop
      vertex -1.5446033477783203 7.455395698547363 -10.699999809265137
      vertex -1.7330007553100586 7.670221328735352 -12.699999809265137
      vertex -1.7330007553100586 7.670221328735352 -10.699999809265137
    endloop
  endfacet
  facet normal 0.7518391374395341 0.6593465791328393 0
    outer loop
      vertex -1.7330007553100586 7.670221328735352 -12.699999809265137
      vertex -1.5446033477783203 7.455395698547363 -10.699999809265137
      vertex -1.5446033477783203 7.455395698547363 -12.699999809265137
    endloop
  endfacet
  facet normal 0.9469297090543756 0.32144070387895096 0
    outer loop
      vertex -2.0181217193603516 8.16406536102295 -10.699999809265137
      vertex -2.1099681854248047 8.434635162353516 -12.699999809265137
      vertex -2.1099681854248047 8.434635162353516 -10.699999809265137
    endloop
  endfacet
  facet normal 0.9469297090543756 0.32144070387895096 0
    outer loop
      vertex -2.1099681854248047 8.434635162353516 -12.699999809265137
      vertex -2.0181217193603516 8.16406536102295 -10.699999809265137
      vertex -2.0181217193603516 8.16406536102295 -12.699999809265137
    endloop
  endfacet
  facet normal 0.8968728474640443 0.4422884754113959 0
    outer loop
      vertex -1.8917455673217773 7.90779972076416 -10.699999809265137
      vertex -2.0181217193603516 8.16406536102295 -12.699999809265137
      vertex -2.0181217193603516 8.16406536102295 -10.699999809265137
    endloop
  endfacet
  facet normal 0.8968728474640443 0.4422884754113959 0
    outer loop
      vertex -2.0181217193603516 8.16406536102295 -12.699999809265137
      vertex -1.8917455673217773 7.90779972076416 -10.699999809265137
      vertex -1.8917455673217773 7.90779972076416 -12.699999809265137
    endloop
  endfacet
  facet normal -0.9807854009010496 -0.19508971623170607 0
    outer loop
      vertex 3.4700565338134766 9.456841468811035 -10.699999809265137
      vertex 3.380740165710449 9.905866622924805 -3.500000238418579
      vertex 3.380740165710449 9.905866622924805 -10.699999809265137
    endloop
  endfacet
  facet normal -0.9807854009010496 -0.19508971623170607 0
    outer loop
      vertex 3.380740165710449 9.905866622924805 -3.500000238418579
      vertex 3.4700565338134766 9.456841468811035 -10.699999809265137
      vertex 3.4700565338134766 9.456841468811035 -3.500000238418579
    endloop
  endfacet
  facet normal -0.9978588527659149 -0.0654042044267184 0
    outer loop
      vertex 3.5 9 -10.699999809265137
      vertex 3.4700565338134766 9.456841468811035 -3.500000238418579
      vertex 3.4700565338134766 9.456841468811035 -10.699999809265137
    endloop
  endfacet
  facet normal -0.9978588527659149 -0.0654042044267184 0
    outer loop
      vertex 3.4700565338134766 9.456841468811035 -3.500000238418579
      vertex 3.5 9 -10.699999809265137
      vertex 3.5 9 -3.500000238418579
    endloop
  endfacet
  facet normal -0.9978588616766527 0.06540406847723448 0
    outer loop
      vertex 3.4700565338134766 8.543157577514648 -10.699999809265137
      vertex 3.5 9 -3.500000238418579
      vertex 3.5 9 -10.699999809265137
    endloop
  endfacet
  facet normal -0.9978588616766527 0.06540406847723448 0
    outer loop
      vertex 3.5 9 -3.500000238418579
      vertex 3.4700565338134766 8.543157577514648 -10.699999809265137
      vertex 3.4700565338134766 8.543157577514648 -3.500000238418579
    endloop
  endfacet
  facet normal -0.5555709352218308 -0.8314691431055877 0
    outer loop
      vertex 1.75 12.031088829040527 -10.699999809265137
      vertex 2.130664825439453 11.77673625946045 -8
      vertex 1.75 12.031088829040527 -8
    endloop
  endfacet
  facet normal -0.5555709352218308 -0.8314691431055877 0
    outer loop
      vertex 2.130664825439453 11.77673625946045 -8
      vertex 1.75 12.031088829040527 -10.699999809265137
      vertex 2.130664825439453 11.77673625946045 -10.699999809265137
    endloop
  endfacet
  facet normal -0.8968729420060717 0.44228828369896195 0
    outer loop
      vertex 3.0310888290405273 7.25 -10.699999809265137
      vertex 3.2335777282714844 7.66060733795166 -3.500000238418579
      vertex 3.2335777282714844 7.66060733795166 -10.699999809265137
    endloop
  endfacet
  facet normal -0.8968729420060717 0.44228828369896195 0
    outer loop
      vertex 3.2335777282714844 7.66060733795166 -3.500000238418579
      vertex 3.0310888290405273 7.25 -10.699999809265137
      vertex 3.0310888290405273 7.25 -3.500000238418579
    endloop
  endfacet
  facet normal 0.9807854009010496 0.19508971623170607 0
    outer loop
      vertex -3.380740165710449 8.094132423400879 -3.500000238418579
      vertex -3.4700565338134766 8.543157577514648 -10.699999809265137
      vertex -3.4700565338134766 8.543157577514648 -3.500000238418579
    endloop
  endfacet
  facet normal 0.9807854009010496 0.19508971623170607 0
    outer loop
      vertex -3.4700565338134766 8.543157577514648 -10.699999809265137
      vertex -3.380740165710449 8.094132423400879 -3.500000238418579
      vertex -3.380740165710449 8.094132423400879 -10.699999809265137
    endloop
  endfacet
  facet normal 0.6593455350812242 -0.7518400530488211 0
    outer loop
      vertex -2.4748735427856445 11.474873542785645 -10.699999809265137
      vertex -2.130664825439453 11.77673625946045 -8
      vertex -2.4748735427856445 11.474873542785645 -8
    endloop
  endfacet
  facet normal 0.6593455350812242 -0.7518400530488211 0
    outer loop
      vertex -2.130664825439453 11.77673625946045 -8
      vertex -2.4748735427856445 11.474873542785645 -10.699999809265137
      vertex -2.130664825439453 11.77673625946045 -10.699999809265137
    endloop
  endfacet
  facet normal 0.7518400709777298 -0.6593455146372063 0
    outer loop
      vertex -2.5 11.446222305297852 -3.500000238418579
      vertex -2.776736259460449 11.130664825439453 -3.500000238418579
      vertex -2.5 11.446222305297852 -8
    endloop
  endfacet
  facet normal 0.7518398555843787 -0.6593457602463677 0
    outer loop
      vertex -2.5 11.446222305297852 -8
      vertex -2.4748735427856445 11.474873542785645 -10.699999809265137
      vertex -2.4748735427856445 11.474873542785645 -8
    endloop
  endfacet
  facet normal 0.7518400709777296 -0.6593455146372061 0
    outer loop
      vertex -2.776736259460449 11.130664825439453 -10.699999809265137
      vertex -2.5 11.446222305297852 -8
      vertex -2.776736259460449 11.130664825439453 -3.500000238418579
    endloop
  endfacet
  facet normal 0.7518400530488211 -0.6593455350812242 4.226978767568109e-9
    outer loop
      vertex -2.5 11.446222305297852 -8
      vertex -2.776736259460449 11.130664825439453 -10.699999809265137
      vertex -2.4748735427856445 11.474873542785645 -10.699999809265137
    endloop
  endfacet
  facet normal -0.6593455350812242 -0.7518400530488211 0
    outer loop
      vertex 2.130664825439453 11.77673625946045 -10.699999809265137
      vertex 2.4748735427856445 11.474873542785645 -8
      vertex 2.130664825439453 11.77673625946045 -8
    endloop
  endfacet
  facet normal -0.6593455350812242 -0.7518400530488211 0
    outer loop
      vertex 2.4748735427856445 11.474873542785645 -8
      vertex 2.130664825439453 11.77673625946045 -10.699999809265137
      vertex 2.4748735427856445 11.474873542785645 -10.699999809265137
    endloop
  endfacet
  facet normal -0.9807854009010496 0.19508971623170607 0
    outer loop
      vertex 3.380740165710449 8.094132423400879 -10.699999809265137
      vertex 3.4700565338134766 8.543157577514648 -3.500000238418579
      vertex 3.4700565338134766 8.543157577514648 -10.699999809265137
    endloop
  endfacet
  facet normal -0.9807854009010496 0.19508971623170607 0
    outer loop
      vertex 3.4700565338134766 8.543157577514648 -3.500000238418579
      vertex 3.380740165710449 8.094132423400879 -10.699999809265137
      vertex 3.380740165710449 8.094132423400879 -3.500000238418579
    endloop
  endfacet
  facet normal 0.1950897162317061 -0.9807854009010496 0
    outer loop
      vertex -0.9058666229248047 12.38074016571045 -10.699999809265137
      vertex -0.45684146881103516 12.470056533813477 -8
      vertex -0.9058666229248047 12.38074016571045 -8
    endloop
  endfacet
  facet normal 0.1950897162317061 -0.9807854009010496 0
    outer loop
      vertex -0.45684146881103516 12.470056533813477 -8
      vertex -0.9058666229248047 12.38074016571045 -10.699999809265137
      vertex -0.45684146881103516 12.470056533813477 -10.699999809265137
    endloop
  endfacet
  facet normal 0.4422874573947884 -0.8968733494932567 0
    outer loop
      vertex -1.75 12.031088829040527 -10.699999809265137
      vertex -1.3393917083740234 12.233577728271484 -8
      vertex -1.75 12.031088829040527 -8
    endloop
  endfacet
  facet normal 0.4422874573947884 -0.8968733494932567 0
    outer loop
      vertex -1.3393917083740234 12.233577728271484 -8
      vertex -1.75 12.031088829040527 -10.699999809265137
      vertex -1.3393917083740234 12.233577728271484 -10.699999809265137
    endloop
  endfacet
  facet normal -0.1950897162317061 -0.9807854009010496 0
    outer loop
      vertex 0.45684146881103516 12.470056533813477 -10.699999809265137
      vertex 0.9058666229248047 12.38074016571045 -8
      vertex 0.45684146881103516 12.470056533813477 -8
    endloop
  endfacet
  facet normal -0.1950897162317061 -0.9807854009010496 0
    outer loop
      vertex 0.9058666229248047 12.38074016571045 -8
      vertex 0.45684146881103516 12.470056533813477 -10.699999809265137
      vertex 0.9058666229248047 12.38074016571045 -10.699999809265137
    endloop
  endfacet
  facet normal -0.8968733494932567 -0.4422874573947884 0
    outer loop
      vertex 3.2335777282714844 10.339391708374023 -10.699999809265137
      vertex 3.0310888290405273 10.75 -3.500000238418579
      vertex 3.0310888290405273 10.75 -10.699999809265137
    endloop
  endfacet
  facet normal -0.8968733494932567 -0.4422874573947884 0
    outer loop
      vertex 3.0310888290405273 10.75 -3.500000238418579
      vertex 3.2335777282714844 10.339391708374023 -10.699999809265137
      vertex 3.2335777282714844 10.339391708374023 -3.500000238418579
    endloop
  endfacet
  facet normal -0.9469297965007059 -0.32144044627136115 0
    outer loop
      vertex 3.380740165710449 9.905866622924805 -10.699999809265137
      vertex 3.2335777282714844 10.339391708374023 -3.500000238418579
      vertex 3.2335777282714844 10.339391708374023 -10.699999809265137
    endloop
  endfacet
  facet normal -0.9469297965007059 -0.32144044627136115 0
    outer loop
      vertex 3.2335777282714844 10.339391708374023 -3.500000238418579
      vertex 3.380740165710449 9.905866622924805 -10.699999809265137
      vertex 3.380740165710449 9.905866622924805 -3.500000238418579
    endloop
  endfacet
  facet normal 0.32144044627136115 -0.9469297965007059 0
    outer loop
      vertex -1.3393917083740234 12.233577728271484 -10.699999809265137
      vertex -0.9058666229248047 12.38074016571045 -8
      vertex -1.3393917083740234 12.233577728271484 -8
    endloop
  endfacet
  facet normal 0.32144044627136115 -0.9469297965007059 0
    outer loop
      vertex -0.9058666229248047 12.38074016571045 -8
      vertex -1.3393917083740234 12.233577728271484 -10.699999809265137
      vertex -0.9058666229248047 12.38074016571045 -10.699999809265137
    endloop
  endfacet
  facet normal -0.7518400709777296 0.6593455146372061 0
    outer loop
      vertex 2.776736259460449 6.8693342208862305 -10.699999809265137
      vertex 2.5 6.553776741027832 -5
      vertex 2.776736259460449 6.8693342208862305 -3.500000238418579
    endloop
  endfacet
  facet normal -0.7518400530488211 0.6593455350812242 2.002253025982655e-9
    outer loop
      vertex 2.4748735427856445 6.525125503540039 -10.699999809265137
      vertex 2.5 6.553776741027832 -5
      vertex 2.776736259460449 6.8693342208862305 -10.699999809265137
    endloop
  endfacet
  facet normal -0.7518398555843787 0.6593457602463677 0
    outer loop
      vertex 2.5 6.553776741027832 -5
      vertex 2.4748735427856445 6.525125503540039 -10.699999809265137
      vertex 2.4748735427856445 6.525125503540039 -5
    endloop
  endfacet
  facet normal -0.7518400709777296 0.6593455146372063 0
    outer loop
      vertex 2.776736259460449 6.8693342208862305 -3.500000238418579
      vertex 2.5 6.553776741027832 -5
      vertex 2.5 6.553776741027832 -3.500000238418579
    endloop
  endfacet
  facet normal -0.06540420442671842 -0.997858852765915 0
    outer loop
      vertex 0 12.5 -10.699999809265137
      vertex 0.45684146881103516 12.470056533813477 -8
      vertex 0 12.5 -8
    endloop
  endfacet
  facet normal -0.06540420442671842 -0.997858852765915 0
    outer loop
      vertex 0.45684146881103516 12.470056533813477 -8
      vertex 0 12.5 -10.699999809265137
      vertex 0.45684146881103516 12.470056533813477 -10.699999809265137
    endloop
  endfacet
  facet normal 0.19508971623170607 0.9807854009010495 0
    outer loop
      vertex -0.45684146881103516 5.529942512512207 -10.699999809265137
      vertex -0.9058666229248047 5.619258880615234 -5
      vertex -0.45684146881103516 5.529942512512207 -5
    endloop
  endfacet
  facet normal 0.19508971623170607 0.9807854009010495 0
    outer loop
      vertex -0.9058666229248047 5.619258880615234 -5
      vertex -0.45684146881103516 5.529942512512207 -10.699999809265137
      vertex -0.9058666229248047 5.619258880615234 -10.699999809265137
    endloop
  endfacet
  facet normal -0.32144044627136115 -0.9469297965007059 0
    outer loop
      vertex 0.9058666229248047 12.38074016571045 -10.699999809265137
      vertex 1.3393917083740234 12.233577728271484 -8
      vertex 0.9058666229248047 12.38074016571045 -8
    endloop
  endfacet
  facet normal -0.32144044627136115 -0.9469297965007059 0
    outer loop
      vertex 1.3393917083740234 12.233577728271484 -8
      vertex 0.9058666229248047 12.38074016571045 -10.699999809265137
      vertex 1.3393917083740234 12.233577728271484 -10.699999809265137
    endloop
  endfacet
  facet normal 0.9978588616766527 0.06540406847723448 0
    outer loop
      vertex -3.4700565338134766 8.543157577514648 -3.500000238418579
      vertex -3.5 9 -10.699999809265137
      vertex -3.5 9 -3.500000238418579
    endloop
  endfacet
  facet normal 0.9978588616766527 0.06540406847723448 0
    outer loop
      vertex -3.5 9 -10.699999809265137
      vertex -3.4700565338134766 8.543157577514648 -3.500000238418579
      vertex -3.4700565338134766 8.543157577514648 -10.699999809265137
    endloop
  endfacet
  facet normal 0.9807854009010496 -0.19508971623170607 0
    outer loop
      vertex -3.4700565338134766 9.456841468811035 -3.500000238418579
      vertex -3.380740165710449 9.905866622924805 -10.699999809265137
      vertex -3.380740165710449 9.905866622924805 -3.500000238418579
    endloop
  endfacet
  facet normal 0.9807854009010496 -0.19508971623170607 0
    outer loop
      vertex -3.380740165710449 9.905866622924805 -10.699999809265137
      vertex -3.4700565338134766 9.456841468811035 -3.500000238418579
      vertex -3.4700565338134766 9.456841468811035 -10.699999809265137
    endloop
  endfacet
  facet normal 0.8314691431055876 -0.5555709352218308 0
    outer loop
      vertex -3.0310888290405273 10.75 -3.500000238418579
      vertex -2.776736259460449 11.130664825439453 -10.699999809265137
      vertex -2.776736259460449 11.130664825439453 -3.500000238418579
    endloop
  endfacet
  facet normal 0.8314691431055876 -0.5555709352218308 0
    outer loop
      vertex -2.776736259460449 11.130664825439453 -10.699999809265137
      vertex -3.0310888290405273 10.75 -3.500000238418579
      vertex -3.0310888290405273 10.75 -10.699999809265137
    endloop
  endfacet
  facet normal 0.5555709352218308 -0.8314691431055877 0
    outer loop
      vertex -2.130664825439453 11.77673625946045 -10.699999809265137
      vertex -1.75 12.031088829040527 -8
      vertex -2.130664825439453 11.77673625946045 -8
    endloop
  endfacet
  facet normal 0.5555709352218308 -0.8314691431055877 0
    outer loop
      vertex -1.75 12.031088829040527 -8
      vertex -2.130664825439453 11.77673625946045 -10.699999809265137
      vertex -1.75 12.031088829040527 -10.699999809265137
    endloop
  endfacet
  facet normal -0.6593455350812242 0.7518400530488211 0
    outer loop
      vertex 2.4748735427856445 6.525125503540039 -10.699999809265137
      vertex 2.130664825439453 6.223262786865234 -5
      vertex 2.4748735427856445 6.525125503540039 -5
    endloop
  endfacet
  facet normal -0.6593455350812242 0.7518400530488211 0
    outer loop
      vertex 2.130664825439453 6.223262786865234 -5
      vertex 2.4748735427856445 6.525125503540039 -10.699999809265137
      vertex 2.130664825439453 6.223262786865234 -10.699999809265137
    endloop
  endfacet
  facet normal -0.8314691431055876 -0.5555709352218308 0
    outer loop
      vertex 3.0310888290405273 10.75 -10.699999809265137
      vertex 2.776736259460449 11.130664825439453 -3.500000238418579
      vertex 2.776736259460449 11.130664825439453 -10.699999809265137
    endloop
  endfacet
  facet normal -0.8314691431055876 -0.5555709352218308 0
    outer loop
      vertex 2.776736259460449 11.130664825439453 -3.500000238418579
      vertex 3.0310888290405273 10.75 -10.699999809265137
      vertex 3.0310888290405273 10.75 -3.500000238418579
    endloop
  endfacet
  facet normal 0.4422874573947884 0.8968733494932567 0
    outer loop
      vertex -1.3393917083740234 5.766421318054199 -10.699999809265137
      vertex -1.75 5.968910217285156 -5
      vertex -1.3393917083740234 5.766421318054199 -5
    endloop
  endfacet
  facet normal 0.4422874573947884 0.8968733494932567 0
    outer loop
      vertex -1.75 5.968910217285156 -5
      vertex -1.3393917083740234 5.766421318054199 -10.699999809265137
      vertex -1.75 5.968910217285156 -10.699999809265137
    endloop
  endfacet
  facet normal 0 0 1
    outer loop
      vertex 2.1843996047973633 9 -10.699999809265137
      vertex 3.5 9 -10.699999809265137
      vertex 3.4700565338134766 9.456841468811035 -10.699999809265137
    endloop
  endfacet
  facet normal 0 0 1
    outer loop
      vertex 2.1657114028930664 9.285120964050293 -10.699999809265137
      vertex 3.4700565338134766 9.456841468811035 -10.699999809265137
      vertex 3.380740165710449 9.905866622924805 -10.699999809265137
    endloop
  endfacet
  facet normal 0 0 1
    outer loop
      vertex 3.5 9 -10.699999809265137
      vertex 2.1843996047973633 9 -10.699999809265137
      vertex 3.4700565338134766 8.543157577514648 -10.699999809265137
    endloop
  endfacet
  facet normal 0 0 1
    outer loop
      vertex 2.1099681854248047 9.565363883972168 -10.699999809265137
      vertex 3.380740165710449 9.905866622924805 -10.699999809265137
      vertex 3.2335777282714844 10.339391708374023 -10.699999809265137
    endloop
  endfacet
  facet normal 0 0 1
    outer loop
      vertex 2.1657114028930664 8.71487808227539 -10.699999809265137
      vertex 3.4700565338134766 8.543157577514648 -10.699999809265137
      vertex 2.1843996047973633 9 -10.699999809265137
    endloop
  endfacet
  facet normal 0 0 1
    outer loop
      vertex 2.0181217193603516 9.835933685302734 -10.699999809265137
      vertex 3.2335777282714844 10.339391708374023 -10.699999809265137
      vertex 3.0310888290405273 10.75 -10.699999809265137
    endloop
  endfacet
  facet normal 0 0 1
    outer loop
      vertex 3.4700565338134766 8.543157577514648 -10.699999809265137
      vertex 2.1657114028930664 8.71487808227539 -10.699999809265137
      vertex 3.380740165710449 8.094132423400879 -10.699999809265137
    endloop
  endfacet
  facet normal 0 0 1
    outer loop
      vertex 1.8917455673217773 10.092199325561523 -10.699999809265137
      vertex 3.0310888290405273 10.75 -10.699999809265137
      vertex 2.776736259460449 11.130664825439453 -10.699999809265137
    endloop
  endfacet
  facet normal 0 0 1
    outer loop
      vertex 2.1099681854248047 8.434635162353516 -10.699999809265137
      vertex 3.380740165710449 8.094132423400879 -10.699999809265137
      vertex 2.1657114028930664 8.71487808227539 -10.699999809265137
    endloop
  endfacet
  facet normal 0 0 1
    outer loop
      vertex 1.7330007553100586 10.329777717590332 -10.699999809265137
      vertex 2.776736259460449 11.130664825439453 -10.699999809265137
      vertex 2.4748735427856445 11.474873542785645 -10.699999809265137
    endloop
  endfacet
  facet normal 0 0 1
    outer loop
      vertex 3.380740165710449 8.094132423400879 -10.699999809265137
      vertex 2.1099681854248047 8.434635162353516 -10.699999809265137
      vertex 3.2335777282714844 7.66060733795166 -10.699999809265137
    endloop
  endfacet
  facet normal 0 0 1
    outer loop
      vertex 2.0181217193603516 8.16406536102295 -10.699999809265137
      vertex 3.2335777282714844 7.66060733795166 -10.699999809265137
      vertex 2.1099681854248047 8.434635162353516 -10.699999809265137
    endloop
  endfacet
  facet normal 0 0 1
    outer loop
      vertex 3.4700565338134766 9.456841468811035 -10.699999809265137
      vertex 2.1657114028930664 9.285120964050293 -10.699999809265137
      vertex 2.1843996047973633 9 -10.699999809265137
    endloop
  endfacet
  facet normal 0 0 1
    outer loop
      vertex 1.5446033477783203 10.54460334777832 -10.699999809265137
      vertex 2.4748735427856445 11.474873542785645 -10.699999809265137
      vertex 2.130664825439453 11.77673625946045 -10.699999809265137
    endloop
  endfacet
  facet normal 0 0 1
    outer loop
      vertex 3.380740165710449 9.905866622924805 -10.699999809265137
      vertex 2.1099681854248047 9.565363883972168 -10.699999809265137
      vertex 2.1657114028930664 9.285120964050293 -10.699999809265137
    endloop
  endfacet
  facet normal 0 0 1
    outer loop
      vertex 3.2335777282714844 10.339391708374023 -10.699999809265137
      vertex 2.0181217193603516 9.835933685302734 -10.699999809265137
      vertex 2.1099681854248047 9.565363883972168 -10.699999809265137
    endloop
  endfacet
  facet normal 0 0 1
    outer loop
      vertex 3.0310888290405273 10.75 -10.699999809265137
      vertex 1.8917455673217773 10.092199325561523 -10.699999809265137
      vertex 2.0181217193603516 9.835933685302734 -10.699999809265137
    endloop
  endfacet
  facet normal 0 0 1
    outer loop
      vertex 1.329777717590332 10.733000755310059 -10.699999809265137
      vertex 2.130664825439453 11.77673625946045 -10.699999809265137
      vertex 1.75 12.031088829040527 -10.699999809265137
    endloop
  endfacet
  facet normal 0 0 1
    outer loop
      vertex 2.776736259460449 11.130664825439453 -10.699999809265137
      vertex 1.7330007553100586 10.329777717590332 -10.699999809265137
      vertex 1.8917455673217773 10.092199325561523 -10.699999809265137
    endloop
  endfacet
  facet normal 0 0 1
    outer loop
      vertex 2.4748735427856445 11.474873542785645 -10.699999809265137
      vertex 1.5446033477783203 10.54460334777832 -10.699999809265137
      vertex 1.7330007553100586 10.329777717590332 -10.699999809265137
    endloop
  endfacet
  facet normal 0 0 1
    outer loop
      vertex 1.0921993255615234 10.891745567321777 -10.699999809265137
      vertex 1.75 12.031088829040527 -10.699999809265137
      vertex 1.3393917083740234 12.233577728271484 -10.699999809265137
    endloop
  endfacet
  facet normal 0 0 1
    outer loop
      vertex 2.130664825439453 11.77673625946045 -10.699999809265137
      vertex 1.329777717590332 10.733000755310059 -10.699999809265137
      vertex 1.5446033477783203 10.54460334777832 -10.699999809265137
    endloop
  endfacet
  facet normal 0 0 1
    outer loop
      vertex 1.75 12.031088829040527 -10.699999809265137
      vertex 1.0921993255615234 10.891745567321777 -10.699999809265137
      vertex 1.329777717590332 10.733000755310059 -10.699999809265137
    endloop
  endfacet
  facet normal 0 0 1
    outer loop
      vertex 0.8359336853027344 11.018121719360352 -10.699999809265137
      vertex 1.3393917083740234 12.233577728271484 -10.699999809265137
      vertex 0.9058666229248047 12.38074016571045 -10.699999809265137
    endloop
  endfacet
  facet normal 0 0 1
    outer loop
      vertex 1.3393917083740234 12.233577728271484 -10.699999809265137
      vertex 0.8359336853027344 11.018121719360352 -10.699999809265137
      vertex 1.0921993255615234 10.891745567321777 -10.699999809265137
    endloop
  endfacet
  facet normal 0 0 1
    outer loop
      vertex 0.9058666229248047 12.38074016571045 -10.699999809265137
      vertex 0.565363883972168 11.109968185424805 -10.699999809265137
      vertex 0.8359336853027344 11.018121719360352 -10.699999809265137
    endloop
  endfacet
  facet normal 0 0 1
    outer loop
      vertex 0.45684146881103516 12.470056533813477 -10.699999809265137
      vertex 0.565363883972168 11.109968185424805 -10.699999809265137
      vertex 0.9058666229248047 12.38074016571045 -10.699999809265137
    endloop
  endfacet
  facet normal 0 0 1
    outer loop
      vertex 0.45684146881103516 12.470056533813477 -10.699999809265137
      vertex 0.28512096405029297 11.165711402893066 -10.699999809265137
      vertex 0.565363883972168 11.109968185424805 -10.699999809265137
    endloop
  endfacet
  facet normal 0 0 1
    outer loop
      vertex 0 12.5 -10.699999809265137
      vertex 0.28512096405029297 11.165711402893066 -10.699999809265137
      vertex 0.45684146881103516 12.470056533813477 -10.699999809265137
    endloop
  endfacet
  facet normal 0 0 1
    outer loop
      vertex 0 12.5 -10.699999809265137
      vertex 0 11.184399604797363 -10.699999809265137
      vertex 0.28512096405029297 11.165711402893066 -10.699999809265137
    endloop
  endfacet
  facet normal 0 0 1
    outer loop
      vertex 0 12.5 -10.699999809265137
      vertex -0.28512096405029297 11.165711402893066 -10.699999809265137
      vertex 0 11.184399604797363 -10.699999809265137
    endloop
  endfacet
  facet normal 0 0 1
    outer loop
      vertex -0.45684146881103516 12.470056533813477 -10.699999809265137
      vertex -0.28512096405029297 11.165711402893066 -10.699999809265137
      vertex 0 12.5 -10.699999809265137
    endloop
  endfacet
  facet normal 0 0 1
    outer loop
      vertex -0.45684146881103516 12.470056533813477 -10.699999809265137
      vertex -0.565363883972168 11.109968185424805 -10.699999809265137
      vertex -0.28512096405029297 11.165711402893066 -10.699999809265137
    endloop
  endfacet
  facet normal 0 0 1
    outer loop
      vertex -0.9058666229248047 12.38074016571045 -10.699999809265137
      vertex -0.565363883972168 11.109968185424805 -10.699999809265137
      vertex -0.45684146881103516 12.470056533813477 -10.699999809265137
    endloop
  endfacet
  facet normal 0 0 1
    outer loop
      vertex -0.565363883972168 11.109968185424805 -10.699999809265137
      vertex -0.9058666229248047 12.38074016571045 -10.699999809265137
      vertex -0.8359336853027344 11.018121719360352 -10.699999809265137
    endloop
  endfacet
  facet normal 0 0 1
    outer loop
      vertex -1.3393917083740234 12.233577728271484 -10.699999809265137
      vertex -0.8359336853027344 11.018121719360352 -10.699999809265137
      vertex -0.9058666229248047 12.38074016571045 -10.699999809265137
    endloop
  endfacet
  facet normal 0 0 1
    outer loop
      vertex -0.8359336853027344 11.018121719360352 -10.699999809265137
      vertex -1.3393917083740234 12.233577728271484 -10.699999809265137
      vertex -1.0921993255615234 10.891745567321777 -10.699999809265137
    endloop
  endfacet
  facet normal 0 0 1
    outer loop
      vertex -1.75 12.031088829040527 -10.699999809265137
      vertex -1.0921993255615234 10.891745567321777 -10.699999809265137
      vertex -1.3393917083740234 12.233577728271484 -10.699999809265137
    endloop
  endfacet
  facet normal 0 0 1
    outer loop
      vertex -1.0921993255615234 10.891745567321777 -10.699999809265137
      vertex -1.75 12.031088829040527 -10.699999809265137
      vertex -1.329777717590332 10.733000755310059 -10.699999809265137
    endloop
  endfacet
  facet normal 0 0 1
    outer loop
      vertex -2.130664825439453 11.77673625946045 -10.699999809265137
      vertex -1.329777717590332 10.733000755310059 -10.699999809265137
      vertex -1.75 12.031088829040527 -10.699999809265137
    endloop
  endfacet
  facet normal 0 0 1
    outer loop
      vertex -1.329777717590332 10.733000755310059 -10.699999809265137
      vertex -2.130664825439453 11.77673625946045 -10.699999809265137
      vertex -1.5446033477783203 10.54460334777832 -10.699999809265137
    endloop
  endfacet
  facet normal 0 0 1
    outer loop
      vertex -2.4748735427856445 11.474873542785645 -10.699999809265137
      vertex -1.5446033477783203 10.54460334777832 -10.699999809265137
      vertex -2.130664825439453 11.77673625946045 -10.699999809265137
    endloop
  endfacet
  facet normal 0 0 1
    outer loop
      vertex -1.5446033477783203 10.54460334777832 -10.699999809265137
      vertex -2.4748735427856445 11.474873542785645 -10.699999809265137
      vertex -1.7330007553100586 10.329777717590332 -10.699999809265137
    endloop
  endfacet
  facet normal 0 0 1
    outer loop
      vertex -2.776736259460449 11.130664825439453 -10.699999809265137
      vertex -1.7330007553100586 10.329777717590332 -10.699999809265137
      vertex -2.4748735427856445 11.474873542785645 -10.699999809265137
    endloop
  endfacet
  facet normal 0 0 1
    outer loop
      vertex -1.7330007553100586 10.329777717590332 -10.699999809265137
      vertex -2.776736259460449 11.130664825439453 -10.699999809265137
      vertex -1.8917455673217773 10.092199325561523 -10.699999809265137
    endloop
  endfacet
  facet normal 0 0 1
    outer loop
      vertex -3.0310888290405273 10.75 -10.699999809265137
      vertex -1.8917455673217773 10.092199325561523 -10.699999809265137
      vertex -2.776736259460449 11.130664825439453 -10.699999809265137
    endloop
  endfacet
  facet normal 0 0 1
    outer loop
      vertex -1.8917455673217773 10.092199325561523 -10.699999809265137
      vertex -3.0310888290405273 10.75 -10.699999809265137
      vertex -2.0181217193603516 9.835933685302734 -10.699999809265137
    endloop
  endfacet
  facet normal 0 0 1
    outer loop
      vertex -3.2335777282714844 10.339391708374023 -10.699999809265137
      vertex -2.0181217193603516 9.835933685302734 -10.699999809265137
      vertex -3.0310888290405273 10.75 -10.699999809265137
    endloop
  endfacet
  facet normal 0 0 1
    outer loop
      vertex 3.2335777282714844 7.66060733795166 -10.699999809265137
      vertex 2.0181217193603516 8.16406536102295 -10.699999809265137
      vertex 3.0310888290405273 7.25 -10.699999809265137
    endloop
  endfacet
  facet normal 0 0 1
    outer loop
      vertex 1.8917455673217773 7.90779972076416 -10.699999809265137
      vertex 3.0310888290405273 7.25 -10.699999809265137
      vertex 2.0181217193603516 8.16406536102295 -10.699999809265137
    endloop
  endfacet
  facet normal 0 0 1
    outer loop
      vertex 3.0310888290405273 7.25 -10.699999809265137
      vertex 1.8917455673217773 7.90779972076416 -10.699999809265137
      vertex 2.776736259460449 6.8693342208862305 -10.699999809265137
    endloop
  endfacet
  facet normal 0 0 1
    outer loop
      vertex 1.7330007553100586 7.670221328735352 -10.699999809265137
      vertex 2.776736259460449 6.8693342208862305 -10.699999809265137
      vertex 1.8917455673217773 7.90779972076416 -10.699999809265137
    endloop
  endfacet
  facet normal 0 0 1
    outer loop
      vertex 2.776736259460449 6.8693342208862305 -10.699999809265137
      vertex 1.7330007553100586 7.670221328735352 -10.699999809265137
      vertex 2.4748735427856445 6.525125503540039 -10.699999809265137
    endloop
  endfacet
  facet normal 0 0 1
    outer loop
      vertex 1.5446033477783203 7.455395698547363 -10.699999809265137
      vertex 2.4748735427856445 6.525125503540039 -10.699999809265137
      vertex 1.7330007553100586 7.670221328735352 -10.699999809265137
    endloop
  endfacet
  facet normal 0 0 1
    outer loop
      vertex 2.4748735427856445 6.525125503540039 -10.699999809265137
      vertex 1.5446033477783203 7.455395698547363 -10.699999809265137
      vertex 2.130664825439453 6.223262786865234 -10.699999809265137
    endloop
  endfacet
  facet normal 0 0 1
    outer loop
      vertex 1.329777717590332 7.266998291015625 -10.699999809265137
      vertex 2.130664825439453 6.223262786865234 -10.699999809265137
      vertex 1.5446033477783203 7.455395698547363 -10.699999809265137
    endloop
  endfacet
  facet normal 0 0 1
    outer loop
      vertex 2.130664825439453 6.223262786865234 -10.699999809265137
      vertex 1.329777717590332 7.266998291015625 -10.699999809265137
      vertex 1.75 5.968910217285156 -10.699999809265137
    endloop
  endfacet
  facet normal 0 0 1
    outer loop
      vertex 1.0921993255615234 7.108253479003906 -10.699999809265137
      vertex 1.75 5.968910217285156 -10.699999809265137
      vertex 1.329777717590332 7.266998291015625 -10.699999809265137
    endloop
  endfacet
  facet normal 0 0 1
    outer loop
      vertex 1.75 5.968910217285156 -10.699999809265137
      vertex 1.0921993255615234 7.108253479003906 -10.699999809265137
      vertex 1.3393917083740234 5.766421318054199 -10.699999809265137
    endloop
  endfacet
  facet normal 0 0 1
    outer loop
      vertex 0.8359336853027344 6.981877326965332 -10.699999809265137
      vertex 1.3393917083740234 5.766421318054199 -10.699999809265137
      vertex 1.0921993255615234 7.108253479003906 -10.699999809265137
    endloop
  endfacet
  facet normal 0 0 1
    outer loop
      vertex 1.3393917083740234 5.766421318054199 -10.699999809265137
      vertex 0.8359336853027344 6.981877326965332 -10.699999809265137
      vertex 0.9058666229248047 5.619258880615234 -10.699999809265137
    endloop
  endfacet
  facet normal 0 0 1
    outer loop
      vertex 0.565363883972168 6.890030860900879 -10.699999809265137
      vertex 0.9058666229248047 5.619258880615234 -10.699999809265137
      vertex 0.8359336853027344 6.981877326965332 -10.699999809265137
    endloop
  endfacet
  facet normal 0 0 1
    outer loop
      vertex 0.565363883972168 6.890030860900879 -10.699999809265137
      vertex 0.45684146881103516 5.529942512512207 -10.699999809265137
      vertex 0.9058666229248047 5.619258880615234 -10.699999809265137
    endloop
  endfacet
  facet normal 0 0 1
    outer loop
      vertex 0.28512096405029297 6.834287643432617 -10.699999809265137
      vertex 0.45684146881103516 5.529942512512207 -10.699999809265137
      vertex 0.565363883972168 6.890030860900879 -10.699999809265137
    endloop
  endfacet
  facet normal 0 0 1
    outer loop
      vertex 0 6.81559944152832 -10.699999809265137
      vertex 0.45684146881103516 5.529942512512207 -10.699999809265137
      vertex 0.28512096405029297 6.834287643432617 -10.699999809265137
    endloop
  endfacet
  facet normal 0 0 1
    outer loop
      vertex 0 6.81559944152832 -10.699999809265137
      vertex 0 5.5 -10.699999809265137
      vertex 0.45684146881103516 5.529942512512207 -10.699999809265137
    endloop
  endfacet
  facet normal 0 0 1
    outer loop
      vertex -0.28512096405029297 6.834287643432617 -10.699999809265137
      vertex 0 5.5 -10.699999809265137
      vertex 0 6.81559944152832 -10.699999809265137
    endloop
  endfacet
  facet normal 0 0 1
    outer loop
      vertex -0.28512096405029297 6.834287643432617 -10.699999809265137
      vertex -0.45684146881103516 5.529942512512207 -10.699999809265137
      vertex 0 5.5 -10.699999809265137
    endloop
  endfacet
  facet normal 0 0 1
    outer loop
      vertex -0.565363883972168 6.890030860900879 -10.699999809265137
      vertex -0.45684146881103516 5.529942512512207 -10.699999809265137
      vertex -0.28512096405029297 6.834287643432617 -10.699999809265137
    endloop
  endfacet
  facet normal 0 0 1
    outer loop
      vertex -0.9058666229248047 5.619258880615234 -10.699999809265137
      vertex -0.565363883972168 6.890030860900879 -10.699999809265137
      vertex -0.8359336853027344 6.981877326965332 -10.699999809265137
    endloop
  endfacet
  facet normal 0 0 1
    outer loop
      vertex -0.565363883972168 6.890030860900879 -10.699999809265137
      vertex -0.9058666229248047 5.619258880615234 -10.699999809265137
      vertex -0.45684146881103516 5.529942512512207 -10.699999809265137
    endloop
  endfacet
  facet normal 0 0 1
    outer loop
      vertex -1.3393917083740234 5.766421318054199 -10.699999809265137
      vertex -0.8359336853027344 6.981877326965332 -10.699999809265137
      vertex -1.0921993255615234 7.108253479003906 -10.699999809265137
    endloop
  endfacet
  facet normal 0 0 1
    outer loop
      vertex -1.75 5.968910217285156 -10.699999809265137
      vertex -1.0921993255615234 7.108253479003906 -10.699999809265137
      vertex -1.329777717590332 7.266998291015625 -10.699999809265137
    endloop
  endfacet
  facet normal 0 0 1
    outer loop
      vertex -0.8359336853027344 6.981877326965332 -10.699999809265137
      vertex -1.3393917083740234 5.766421318054199 -10.699999809265137
      vertex -0.9058666229248047 5.619258880615234 -10.699999809265137
    endloop
  endfacet
  facet normal 0 0 1
    outer loop
      vertex -2.130664825439453 6.223262786865234 -10.699999809265137
      vertex -1.329777717590332 7.266998291015625 -10.699999809265137
      vertex -1.5446033477783203 7.455395698547363 -10.699999809265137
    endloop
  endfacet
  facet normal 0 0 1
    outer loop
      vertex -2.4748735427856445 6.525125503540039 -10.699999809265137
      vertex -1.5446033477783203 7.455395698547363 -10.699999809265137
      vertex -1.7330007553100586 7.670221328735352 -10.699999809265137
    endloop
  endfacet
  facet normal 0 0 1
    outer loop
      vertex -1.0921993255615234 7.108253479003906 -10.699999809265137
      vertex -1.75 5.968910217285156 -10.699999809265137
      vertex -1.3393917083740234 5.766421318054199 -10.699999809265137
    endloop
  endfacet
  facet normal 0 0 1
    outer loop
      vertex -2.776736259460449 6.8693342208862305 -10.699999809265137
      vertex -1.7330007553100586 7.670221328735352 -10.699999809265137
      vertex -1.8917455673217773 7.90779972076416 -10.699999809265137
    endloop
  endfacet
  facet normal 0 0 1
    outer loop
      vertex -3.0310888290405273 7.25 -10.699999809265137
      vertex -1.8917455673217773 7.90779972076416 -10.699999809265137
      vertex -2.0181217193603516 8.16406536102295 -10.699999809265137
    endloop
  endfacet
  facet normal 0 0 1
    outer loop
      vertex -3.2335777282714844 7.66060733795166 -10.699999809265137
      vertex -2.0181217193603516 8.16406536102295 -10.699999809265137
      vertex -2.1099681854248047 8.434635162353516 -10.699999809265137
    endloop
  endfacet
  facet normal 0 0 1
    outer loop
      vertex -1.329777717590332 7.266998291015625 -10.699999809265137
      vertex -2.130664825439453 6.223262786865234 -10.699999809265137
      vertex -1.75 5.968910217285156 -10.699999809265137
    endloop
  endfacet
  facet normal 0 0 1
    outer loop
      vertex -3.380740165710449 8.094132423400879 -10.699999809265137
      vertex -2.1099681854248047 8.434635162353516 -10.699999809265137
      vertex -2.1657114028930664 8.71487808227539 -10.699999809265137
    endloop
  endfacet
  facet normal 0 0 1
    outer loop
      vertex -3.4700565338134766 8.543157577514648 -10.699999809265137
      vertex -2.1657114028930664 8.71487808227539 -10.699999809265137
      vertex -2.1843996047973633 9 -10.699999809265137
    endloop
  endfacet
  facet normal 0 0 1
    outer loop
      vertex -2.0181217193603516 9.835933685302734 -10.699999809265137
      vertex -3.2335777282714844 10.339391708374023 -10.699999809265137
      vertex -2.1099681854248047 9.565363883972168 -10.699999809265137
    endloop
  endfacet
  facet normal 0 0 1
    outer loop
      vertex -1.5446033477783203 7.455395698547363 -10.699999809265137
      vertex -2.4748735427856445 6.525125503540039 -10.699999809265137
      vertex -2.130664825439453 6.223262786865234 -10.699999809265137
    endloop
  endfacet
  facet normal 0 0 1
    outer loop
      vertex -3.380740165710449 9.905866622924805 -10.699999809265137
      vertex -2.1099681854248047 9.565363883972168 -10.699999809265137
      vertex -3.2335777282714844 10.339391708374023 -10.699999809265137
    endloop
  endfacet
  facet normal 0 0 1
    outer loop
      vertex -1.7330007553100586 7.670221328735352 -10.699999809265137
      vertex -2.776736259460449 6.8693342208862305 -10.699999809265137
      vertex -2.4748735427856445 6.525125503540039 -10.699999809265137
    endloop
  endfacet
  facet normal 0 0 1
    outer loop
      vertex -2.1099681854248047 9.565363883972168 -10.699999809265137
      vertex -3.380740165710449 9.905866622924805 -10.699999809265137
      vertex -2.1657114028930664 9.285120964050293 -10.699999809265137
    endloop
  endfacet
  facet normal 0 0 1
    outer loop
      vertex -1.8917455673217773 7.90779972076416 -10.699999809265137
      vertex -3.0310888290405273 7.25 -10.699999809265137
      vertex -2.776736259460449 6.8693342208862305 -10.699999809265137
    endloop
  endfacet
  facet normal 0 0 1
    outer loop
      vertex -3.4700565338134766 9.456841468811035 -10.699999809265137
      vertex -2.1657114028930664 9.285120964050293 -10.699999809265137
      vertex -3.380740165710449 9.905866622924805 -10.699999809265137
    endloop
  endfacet
  facet normal 0 0 1
    outer loop
      vertex -2.0181217193603516 8.16406536102295 -10.699999809265137
      vertex -3.2335777282714844 7.66060733795166 -10.699999809265137
      vertex -3.0310888290405273 7.25 -10.699999809265137
    endloop
  endfacet
  facet normal 0 0 1
    outer loop
      vertex -2.1657114028930664 9.285120964050293 -10.699999809265137
      vertex -3.4700565338134766 9.456841468811035 -10.699999809265137
      vertex -2.1843996047973633 9 -10.699999809265137
    endloop
  endfacet
  facet normal 0 0 1
    outer loop
      vertex -2.1099681854248047 8.434635162353516 -10.699999809265137
      vertex -3.380740165710449 8.094132423400879 -10.699999809265137
      vertex -3.2335777282714844 7.66060733795166 -10.699999809265137
    endloop
  endfacet
  facet normal 0 0 1
    outer loop
      vertex -3.5 9 -10.699999809265137
      vertex -2.1843996047973633 9 -10.699999809265137
      vertex -3.4700565338134766 9.456841468811035 -10.699999809265137
    endloop
  endfacet
  facet normal 0 0 1
    outer loop
      vertex -2.1657114028930664 8.71487808227539 -10.699999809265137
      vertex -3.4700565338134766 8.543157577514648 -10.699999809265137
      vertex -3.380740165710449 8.094132423400879 -10.699999809265137
    endloop
  endfacet
  facet normal 0 0 1
    outer loop
      vertex -2.1843996047973633 9 -10.699999809265137
      vertex -3.5 9 -10.699999809265137
      vertex -3.4700565338134766 8.543157577514648 -10.699999809265137
    endloop
  endfacet
  facet normal 0.8968733494932567 -0.4422874573947884 0
    outer loop
      vertex -3.2335777282714844 10.339391708374023 -3.500000238418579
      vertex -3.0310888290405273 10.75 -10.699999809265137
      vertex -3.0310888290405273 10.75 -3.500000238418579
    endloop
  endfacet
  facet normal 0.8968733494932567 -0.4422874573947884 0
    outer loop
      vertex -3.0310888290405273 10.75 -10.699999809265137
      vertex -3.2335777282714844 10.339391708374023 -3.500000238418579
      vertex -3.2335777282714844 10.339391708374023 -10.699999809265137
    endloop
  endfacet
  facet normal -0.9469297965007059 0.32144044627136115 0
    outer loop
      vertex 3.2335777282714844 7.66060733795166 -10.699999809265137
      vertex 3.380740165710449 8.094132423400879 -3.500000238418579
      vertex 3.380740165710449 8.094132423400879 -10.699999809265137
    endloop
  endfacet
  facet normal -0.9469297965007059 0.32144044627136115 0
    outer loop
      vertex 3.380740165710449 8.094132423400879 -3.500000238418579
      vertex 3.2335777282714844 7.66060733795166 -10.699999809265137
      vertex 3.2335777282714844 7.66060733795166 -3.500000238418579
    endloop
  endfacet
  facet normal -0.19508971623170607 0.9807854009010495 0
    outer loop
      vertex 0.9058666229248047 5.619258880615234 -10.699999809265137
      vertex 0.45684146881103516 5.529942512512207 -5
      vertex 0.9058666229248047 5.619258880615234 -5
    endloop
  endfacet
  facet normal -0.19508971623170607 0.9807854009010495 0
    outer loop
      vertex 0.45684146881103516 5.529942512512207 -5
      vertex 0.9058666229248047 5.619258880615234 -10.699999809265137
      vertex 0.45684146881103516 5.529942512512207 -10.699999809265137
    endloop
  endfacet
  facet normal 0.06540420442671842 -0.997858852765915 0
    outer loop
      vertex -0.45684146881103516 12.470056533813477 -10.699999809265137
      vertex 0 12.5 -8
      vertex -0.45684146881103516 12.470056533813477 -8
    endloop
  endfacet
  facet normal 0.06540420442671842 -0.997858852765915 0
    outer loop
      vertex 0 12.5 -8
      vertex -0.45684146881103516 12.470056533813477 -10.699999809265137
      vertex 0 12.5 -10.699999809265137
    endloop
  endfacet
  facet normal -0.7518398555843787 -0.6593457602463677 0
    outer loop
      vertex 2.4748735427856445 11.474873542785645 -10.699999809265137
      vertex 2.5 11.446222305297852 -8
      vertex 2.4748735427856445 11.474873542785645 -8
    endloop
  endfacet
  facet normal -0.7518400530488211 -0.6593455350812242 4.226978767568109e-9
    outer loop
      vertex 2.776736259460449 11.130664825439453 -10.699999809265137
      vertex 2.5 11.446222305297852 -8
      vertex 2.4748735427856445 11.474873542785645 -10.699999809265137
    endloop
  endfacet
  facet normal -0.7518400709777296 -0.6593455146372061 0
    outer loop
      vertex 2.776736259460449 11.130664825439453 -3.500000238418579
      vertex 2.5 11.446222305297852 -8
      vertex 2.776736259460449 11.130664825439453 -10.699999809265137
    endloop
  endfacet
  facet normal -0.7518400709777298 -0.6593455146372063 0
    outer loop
      vertex 2.5 11.446222305297852 -8
      vertex 2.776736259460449 11.130664825439453 -3.500000238418579
      vertex 2.5 11.446222305297852 -3.500000238418579
    endloop
  endfacet
  facet normal 0.9978588527659149 -0.0654042044267184 0
    outer loop
      vertex -3.5 9 -3.500000238418579
      vertex -3.4700565338134766 9.456841468811035 -10.699999809265137
      vertex -3.4700565338134766 9.456841468811035 -3.500000238418579
    endloop
  endfacet
  facet normal 0.9978588527659149 -0.0654042044267184 0
    outer loop
      vertex -3.4700565338134766 9.456841468811035 -10.699999809265137
      vertex -3.5 9 -3.500000238418579
      vertex -3.5 9 -10.699999809265137
    endloop
  endfacet
  facet normal 0.5555709352218309 0.8314691431055878 0
    outer loop
      vertex -1.75 5.968910217285156 -10.699999809265137
      vertex -2.130664825439453 6.223262786865234 -5
      vertex -1.75 5.968910217285156 -5
    endloop
  endfacet
  facet normal 0.5555709352218309 0.8314691431055878 0
    outer loop
      vertex -2.130664825439453 6.223262786865234 -5
      vertex -1.75 5.968910217285156 -10.699999809265137
      vertex -2.130664825439453 6.223262786865234 -10.699999809265137
    endloop
  endfacet
  facet normal -0.4422874573947884 -0.8968733494932567 0
    outer loop
      vertex 1.3393917083740234 12.233577728271484 -10.699999809265137
      vertex 1.75 12.031088829040527 -8
      vertex 1.3393917083740234 12.233577728271484 -8
    endloop
  endfacet
  facet normal -0.4422874573947884 -0.8968733494932567 0
    outer loop
      vertex 1.75 12.031088829040527 -8
      vertex 1.3393917083740234 12.233577728271484 -10.699999809265137
      vertex 1.75 12.031088829040527 -10.699999809265137
    endloop
  endfacet
  facet normal 0.3214404462713611 0.9469297965007059 0
    outer loop
      vertex -0.9058666229248047 5.619258880615234 -10.699999809265137
      vertex -1.3393917083740234 5.766421318054199 -5
      vertex -0.9058666229248047 5.619258880615234 -5
    endloop
  endfacet
  facet normal 0.3214404462713611 0.9469297965007059 0
    outer loop
      vertex -1.3393917083740234 5.766421318054199 -5
      vertex -0.9058666229248047 5.619258880615234 -10.699999809265137
      vertex -1.3393917083740234 5.766421318054199 -10.699999809265137
    endloop
  endfacet
  facet normal -0.8314697860617771 0.5555699729704464 0
    outer loop
      vertex 2.776736259460449 6.8693342208862305 -10.699999809265137
      vertex 3.0310888290405273 7.25 -3.500000238418579
      vertex 3.0310888290405273 7.25 -10.699999809265137
    endloop
  endfacet
  facet normal -0.8314697860617771 0.5555699729704464 0
    outer loop
      vertex 3.0310888290405273 7.25 -3.500000238418579
      vertex 2.776736259460449 6.8693342208862305 -10.699999809265137
      vertex 2.776736259460449 6.8693342208862305 -3.500000238418579
    endloop
  endfacet
  facet normal 0.6593455350812242 0.7518400530488211 0
    outer loop
      vertex -2.130664825439453 6.223262786865234 -10.699999809265137
      vertex -2.4748735427856445 6.525125503540039 -5
      vertex -2.130664825439453 6.223262786865234 -5
    endloop
  endfacet
  facet normal 0.6593455350812242 0.7518400530488211 0
    outer loop
      vertex -2.4748735427856445 6.525125503540039 -5
      vertex -2.130664825439453 6.223262786865234 -10.699999809265137
      vertex -2.4748735427856445 6.525125503540039 -10.699999809265137
    endloop
  endfacet
  facet normal -0.5555709352218309 0.8314691431055878 0
    outer loop
      vertex 2.130664825439453 6.223262786865234 -10.699999809265137
      vertex 1.75 5.968910217285156 -5
      vertex 2.130664825439453 6.223262786865234 -5
    endloop
  endfacet
  facet normal -0.5555709352218309 0.8314691431055878 0
    outer loop
      vertex 1.75 5.968910217285156 -5
      vertex 2.130664825439453 6.223262786865234 -10.699999809265137
      vertex 1.75 5.968910217285156 -10.699999809265137
    endloop
  endfacet
  facet normal -0.0654021302679338 0.9978589887135437 0
    outer loop
      vertex 0.45684146881103516 5.529942512512207 -10.699999809265137
      vertex 0 5.5 -5
      vertex 0.45684146881103516 5.529942512512207 -5
    endloop
  endfacet
  facet normal -0.0654021302679338 0.9978589887135437 0
    outer loop
      vertex 0 5.5 -5
      vertex 0.45684146881103516 5.529942512512207 -10.699999809265137
      vertex 0 5.5 -10.699999809265137
    endloop
  endfacet
  facet normal 0.0654021302679338 0.9978589887135437 0
    outer loop
      vertex 0 5.5 -10.699999809265137
      vertex -0.45684146881103516 5.529942512512207 -5
      vertex 0 5.5 -5
    endloop
  endfacet
  facet normal 0.0654021302679338 0.9978589887135437 0
    outer loop
      vertex -0.45684146881103516 5.529942512512207 -5
      vertex 0 5.5 -10.699999809265137
      vertex -0.45684146881103516 5.529942512512207 -10.699999809265137
    endloop
  endfacet
  facet normal 0.7518400709777296 0.6593455146372063 0
    outer loop
      vertex -2.5 6.553776741027832 -5
      vertex -2.776736259460449 6.8693342208862305 -3.500000238418579
      vertex -2.5 6.553776741027832 -3.500000238418579
    endloop
  endfacet
  facet normal 0.7518400709777296 0.6593455146372061 0
    outer loop
      vertex -2.776736259460449 6.8693342208862305 -3.500000238418579
      vertex -2.5 6.553776741027832 -5
      vertex -2.776736259460449 6.8693342208862305 -10.699999809265137
    endloop
  endfacet
  facet normal 0.7518398555843787 0.6593457602463677 0
    outer loop
      vertex -2.4748735427856445 6.525125503540039 -10.699999809265137
      vertex -2.5 6.553776741027832 -5
      vertex -2.4748735427856445 6.525125503540039 -5
    endloop
  endfacet
  facet normal 0.7518400530488211 0.6593455350812242 2.002253025982655e-9
    outer loop
      vertex -2.5 6.553776741027832 -5
      vertex -2.4748735427856445 6.525125503540039 -10.699999809265137
      vertex -2.776736259460449 6.8693342208862305 -10.699999809265137
    endloop
  endfacet
  facet normal -0.4422874573947884 0.8968733494932567 0
    outer loop
      vertex 1.75 5.968910217285156 -10.699999809265137
      vertex 1.3393917083740234 5.766421318054199 -5
      vertex 1.75 5.968910217285156 -5
    endloop
  endfacet
  facet normal -0.4422874573947884 0.8968733494932567 0
    outer loop
      vertex 1.3393917083740234 5.766421318054199 -5
      vertex 1.75 5.968910217285156 -10.699999809265137
      vertex 1.3393917083740234 5.766421318054199 -10.699999809265137
    endloop
  endfacet
  facet normal -0.3214404462713611 0.9469297965007059 0
    outer loop
      vertex 1.3393917083740234 5.766421318054199 -10.699999809265137
      vertex 0.9058666229248047 5.619258880615234 -5
      vertex 1.3393917083740234 5.766421318054199 -5
    endloop
  endfacet
  facet normal -0.3214404462713611 0.9469297965007059 0
    outer loop
      vertex 0.9058666229248047 5.619258880615234 -5
      vertex 1.3393917083740234 5.766421318054199 -10.699999809265137
      vertex 0.9058666229248047 5.619258880615234 -10.699999809265137
    endloop
  endfacet
  facet normal 0.8314697860617771 0.5555699729704464 0
    outer loop
      vertex -2.776736259460449 6.8693342208862305 -3.500000238418579
      vertex -3.0310888290405273 7.25 -10.699999809265137
      vertex -3.0310888290405273 7.25 -3.500000238418579
    endloop
  endfacet
  facet normal 0.8314697860617771 0.5555699729704464 0
    outer loop
      vertex -3.0310888290405273 7.25 -10.699999809265137
      vertex -2.776736259460449 6.8693342208862305 -3.500000238418579
      vertex -2.776736259460449 6.8693342208862305 -10.699999809265137
    endloop
  endfacet
  facet normal 0.8968729420060717 0.44228828369896195 0
    outer loop
      vertex -3.0310888290405273 7.25 -3.500000238418579
      vertex -3.2335777282714844 7.66060733795166 -10.699999809265137
      vertex -3.2335777282714844 7.66060733795166 -3.500000238418579
    endloop
  endfacet
  facet normal 0.8968729420060717 0.44228828369896195 0
    outer loop
      vertex -3.2335777282714844 7.66060733795166 -10.699999809265137
      vertex -3.0310888290405273 7.25 -3.500000238418579
      vertex -3.0310888290405273 7.25 -10.699999809265137
    endloop
  endfacet
  facet normal 0.9469297965007059 0.32144044627136115 0
    outer loop
      vertex -3.2335777282714844 7.66060733795166 -3.500000238418579
      vertex -3.380740165710449 8.094132423400879 -10.699999809265137
      vertex -3.380740165710449 8.094132423400879 -3.500000238418579
    endloop
  endfacet
  facet normal 0.9469297965007059 0.32144044627136115 0
    outer loop
      vertex -3.380740165710449 8.094132423400879 -10.699999809265137
      vertex -3.2335777282714844 7.66060733795166 -3.500000238418579
      vertex -3.2335777282714844 7.66060733795166 -10.699999809265137
    endloop
  endfacet
  facet normal 0.9469297965007059 -0.32144044627136115 0
    outer loop
      vertex -3.380740165710449 9.905866622924805 -3.500000238418579
      vertex -3.2335777282714844 10.339391708374023 -10.699999809265137
      vertex -3.2335777282714844 10.339391708374023 -3.500000238418579
    endloop
  endfacet
  facet normal 0.9469297965007059 -0.32144044627136115 0
    outer loop
      vertex -3.2335777282714844 10.339391708374023 -10.699999809265137
      vertex -3.380740165710449 9.905866622924805 -3.500000238418579
      vertex -3.380740165710449 9.905866622924805 -10.699999809265137
    endloop
  endfacet
  facet normal 0.9469297090543756 0.32144070387895096 0
    outer loop
      vertex -2.0181217193603516 -9.835933685302734 -10.699999809265137
      vertex -2.1099681854248047 -9.565363883972168 -12.699999809265137
      vertex -2.1099681854248047 -9.565363883972168 -10.699999809265137
    endloop
  endfacet
  facet normal 0.9469297090543756 0.32144070387895096 0
    outer loop
      vertex -2.1099681854248047 -9.565363883972168 -12.699999809265137
      vertex -2.0181217193603516 -9.835933685302734 -10.699999809265137
      vertex -2.0181217193603516 -9.835933685302734 -12.699999809265137
    endloop
  endfacet
  facet normal 0.6593465791328393 0.7518391374395341 0
    outer loop
      vertex -1.329777717590332 -10.733000755310059 -12.699999809265137
      vertex -1.5446033477783203 -10.54460334777832 -10.699999809265137
      vertex -1.329777717590332 -10.733000755310059 -10.699999809265137
    endloop
  endfacet
  facet normal 0.6593465791328393 0.7518391374395341 0
    outer loop
      vertex -1.5446033477783203 -10.54460334777832 -10.699999809265137
      vertex -1.329777717590332 -10.733000755310059 -12.699999809265137
      vertex -1.5446033477783203 -10.54460334777832 -12.699999809265137
    endloop
  endfacet
  facet normal -0.4422884754113959 0.8968728474640443 0
    outer loop
      vertex 1.0921993255615234 -10.891745567321777 -12.699999809265137
      vertex 0.8359336853027344 -11.018121719360352 -10.699999809265137
      vertex 1.0921993255615234 -10.891745567321777 -10.699999809265137
    endloop
  endfacet
  facet normal -0.4422884754113959 0.8968728474640443 0
    outer loop
      vertex 0.8359336853027344 -11.018121719360352 -10.699999809265137
      vertex 1.0921993255615234 -10.891745567321777 -12.699999809265137
      vertex 0.8359336853027344 -11.018121719360352 -12.699999809265137
    endloop
  endfacet
  facet normal 0.8968728474640443 -0.4422884754113959 0
    outer loop
      vertex -2.0181217193603516 -8.16406536102295 -10.699999809265137
      vertex -1.8917455673217773 -7.90779972076416 -12.699999809265137
      vertex -1.8917455673217773 -7.90779972076416 -10.699999809265137
    endloop
  endfacet
  facet normal 0.8968728474640443 -0.4422884754113959 0
    outer loop
      vertex -1.8917455673217773 -7.90779972076416 -12.699999809265137
      vertex -2.0181217193603516 -8.16406536102295 -10.699999809265137
      vertex -2.0181217193603516 -8.16406536102295 -12.699999809265137
    endloop
  endfacet
  facet normal 0.5555702466339771 -0.8314696032057105 0
    outer loop
      vertex -1.329777717590332 -7.266998291015625 -12.699999809265137
      vertex -1.0921993255615234 -7.108253479003906 -10.699999809265137
      vertex -1.329777717590332 -7.266998291015625 -10.699999809265137
    endloop
  endfacet
  facet normal 0.5555702466339771 -0.8314696032057105 0
    outer loop
      vertex -1.0921993255615234 -7.108253479003906 -10.699999809265137
      vertex -1.329777717590332 -7.266998291015625 -12.699999809265137
      vertex -1.0921993255615234 -7.108253479003906 -12.699999809265137
    endloop
  endfacet
  facet normal -0.06540447645225649 -0.9978588349360875 0
    outer loop
      vertex 0 -6.81559944152832 -12.699999809265137
      vertex 0.28512096405029297 -6.834287643432617 -10.699999809265137
      vertex 0 -6.81559944152832 -10.699999809265137
    endloop
  endfacet
  facet normal -0.06540447645225649 -0.9978588349360875 0
    outer loop
      vertex 0.28512096405029297 -6.834287643432617 -10.699999809265137
      vertex 0 -6.81559944152832 -12.699999809265137
      vertex 0.28512096405029297 -6.834287643432617 -12.699999809265137
    endloop
  endfacet
  facet normal -0.06540447645225649 0.9978588349360875 0
    outer loop
      vertex 0.28512096405029297 -11.165711402893066 -12.699999809265137
      vertex 0 -11.184399604797363 -10.699999809265137
      vertex 0.28512096405029297 -11.165711402893066 -10.699999809265137
    endloop
  endfacet
  facet normal -0.06540447645225649 0.9978588349360875 0
    outer loop
      vertex 0 -11.184399604797363 -10.699999809265137
      vertex 0.28512096405029297 -11.165711402893066 -12.699999809265137
      vertex 0 -11.184399604797363 -12.699999809265137
    endloop
  endfacet
  facet normal 0.9978588349360875 0.06540447645225649 0
    outer loop
      vertex -2.1657114028930664 -9.285120964050293 -10.699999809265137
      vertex -2.1843996047973633 -9 -12.699999809265137
      vertex -2.1843996047973633 -9 -10.699999809265137
    endloop
  endfacet
  facet normal 0.9978588349360875 0.06540447645225649 0
    outer loop
      vertex -2.1843996047973633 -9 -12.699999809265137
      vertex -2.1657114028930664 -9.285120964050293 -10.699999809265137
      vertex -2.1657114028930664 -9.285120964050293 -12.699999809265137
    endloop
  endfacet
  facet normal 0.06540447645225649 0.9978588349360875 0
    outer loop
      vertex 0 -11.184399604797363 -12.699999809265137
      vertex -0.28512096405029297 -11.165711402893066 -10.699999809265137
      vertex 0 -11.184399604797363 -10.699999809265137
    endloop
  endfacet
  facet normal 0.06540447645225649 0.9978588349360875 0
    outer loop
      vertex -0.28512096405029297 -11.165711402893066 -10.699999809265137
      vertex 0 -11.184399604797363 -12.699999809265137
      vertex -0.28512096405029297 -11.165711402893066 -12.699999809265137
    endloop
  endfacet
  facet normal 0.8314696032057105 0.5555702466339771 0
    outer loop
      vertex -1.7330007553100586 -10.329777717590332 -10.699999809265137
      vertex -1.8917455673217773 -10.092199325561523 -12.699999809265137
      vertex -1.8917455673217773 -10.092199325561523 -10.699999809265137
    endloop
  endfacet
  facet normal 0.8314696032057105 0.5555702466339771 0
    outer loop
      vertex -1.8917455673217773 -10.092199325561523 -12.699999809265137
      vertex -1.7330007553100586 -10.329777717590332 -10.699999809265137
      vertex -1.7330007553100586 -10.329777717590332 -12.699999809265137
    endloop
  endfacet
  facet normal -0.8314696032057105 0.5555702466339771 0
    outer loop
      vertex 1.7330007553100586 -10.329777717590332 -12.699999809265137
      vertex 1.8917455673217773 -10.092199325561523 -10.699999809265137
      vertex 1.8917455673217773 -10.092199325561523 -12.699999809265137
    endloop
  endfacet
  facet normal -0.8314696032057105 0.5555702466339771 0
    outer loop
      vertex 1.8917455673217773 -10.092199325561523 -10.699999809265137
      vertex 1.7330007553100586 -10.329777717590332 -12.699999809265137
      vertex 1.7330007553100586 -10.329777717590332 -10.699999809265137
    endloop
  endfacet
  facet normal 0.9469297090543756 -0.32144070387895096 0
    outer loop
      vertex -2.1099681854248047 -8.434635162353516 -10.699999809265137
      vertex -2.0181217193603516 -8.16406536102295 -12.699999809265137
      vertex -2.0181217193603516 -8.16406536102295 -10.699999809265137
    endloop
  endfacet
  facet normal 0.9469297090543756 -0.32144070387895096 0
    outer loop
      vertex -2.0181217193603516 -8.16406536102295 -12.699999809265137
      vertex -2.1099681854248047 -8.434635162353516 -10.699999809265137
      vertex -2.1099681854248047 -8.434635162353516 -12.699999809265137
    endloop
  endfacet
  facet normal -0.32144070387895096 -0.9469297090543756 0
    outer loop
      vertex 0.565363883972168 -6.890030860900879 -12.699999809265137
      vertex 0.8359336853027344 -6.981877326965332 -10.699999809265137
      vertex 0.565363883972168 -6.890030860900879 -10.699999809265137
    endloop
  endfacet
  facet normal -0.32144070387895096 -0.9469297090543756 0
    outer loop
      vertex 0.8359336853027344 -6.981877326965332 -10.699999809265137
      vertex 0.565363883972168 -6.890030860900879 -12.699999809265137
      vertex 0.8359336853027344 -6.981877326965332 -12.699999809265137
    endloop
  endfacet
  facet normal -0.9469297090543756 0.32144070387895096 0
    outer loop
      vertex 2.0181217193603516 -9.835933685302734 -12.699999809265137
      vertex 2.1099681854248047 -9.565363883972168 -10.699999809265137
      vertex 2.1099681854248047 -9.565363883972168 -12.699999809265137
    endloop
  endfacet
  facet normal -0.9469297090543756 0.32144070387895096 0
    outer loop
      vertex 2.1099681854248047 -9.565363883972168 -10.699999809265137
      vertex 2.0181217193603516 -9.835933685302734 -12.699999809265137
      vertex 2.0181217193603516 -9.835933685302734 -10.699999809265137
    endloop
  endfacet
  facet normal 0.19508841931665097 -0.9807856588717694 0
    outer loop
      vertex -0.565363883972168 -6.890030860900879 -12.699999809265137
      vertex -0.28512096405029297 -6.834287643432617 -10.699999809265137
      vertex -0.565363883972168 -6.890030860900879 -10.699999809265137
    endloop
  endfacet
  facet normal 0.19508841931665097 -0.9807856588717694 0
    outer loop
      vertex -0.28512096405029297 -6.834287643432617 -10.699999809265137
      vertex -0.565363883972168 -6.890030860900879 -12.699999809265137
      vertex -0.28512096405029297 -6.834287643432617 -12.699999809265137
    endloop
  endfacet
  facet normal -0.19508841931665097 0.9807856588717694 0
    outer loop
      vertex 0.565363883972168 -11.109968185424805 -12.699999809265137
      vertex 0.28512096405029297 -11.165711402893066 -10.699999809265137
      vertex 0.565363883972168 -11.109968185424805 -10.699999809265137
    endloop
  endfacet
  facet normal -0.19508841931665097 0.9807856588717694 0
    outer loop
      vertex 0.28512096405029297 -11.165711402893066 -10.699999809265137
      vertex 0.565363883972168 -11.109968185424805 -12.699999809265137
      vertex 0.28512096405029297 -11.165711402893066 -12.699999809265137
    endloop
  endfacet
  facet normal 0.9807856588717694 0.19508841931665097 0
    outer loop
      vertex -2.1099681854248047 -9.565363883972168 -10.699999809265137
      vertex -2.1657114028930664 -9.285120964050293 -12.699999809265137
      vertex -2.1657114028930664 -9.285120964050293 -10.699999809265137
    endloop
  endfacet
  facet normal 0.9807856588717694 0.19508841931665097 0
    outer loop
      vertex -2.1657114028930664 -9.285120964050293 -12.699999809265137
      vertex -2.1099681854248047 -9.565363883972168 -10.699999809265137
      vertex -2.1099681854248047 -9.565363883972168 -12.699999809265137
    endloop
  endfacet
  facet normal 0.4422884754113959 0.8968728474640443 0
    outer loop
      vertex -0.8359336853027344 -11.018121719360352 -12.699999809265137
      vertex -1.0921993255615234 -10.891745567321777 -10.699999809265137
      vertex -0.8359336853027344 -11.018121719360352 -10.699999809265137
    endloop
  endfacet
  facet normal 0.4422884754113959 0.8968728474640443 0
    outer loop
      vertex -1.0921993255615234 -10.891745567321777 -10.699999809265137
      vertex -0.8359336853027344 -11.018121719360352 -12.699999809265137
      vertex -1.0921993255615234 -10.891745567321777 -12.699999809265137
    endloop
  endfacet
  facet normal 0.8968728474640443 0.4422884754113959 0
    outer loop
      vertex -1.8917455673217773 -10.092199325561523 -10.699999809265137
      vertex -2.0181217193603516 -9.835933685302734 -12.699999809265137
      vertex -2.0181217193603516 -9.835933685302734 -10.699999809265137
    endloop
  endfacet
  facet normal 0.8968728474640443 0.4422884754113959 0
    outer loop
      vertex -2.0181217193603516 -9.835933685302734 -12.699999809265137
      vertex -1.8917455673217773 -10.092199325561523 -10.699999809265137
      vertex -1.8917455673217773 -10.092199325561523 -12.699999809265137
    endloop
  endfacet
  facet normal 0.6593465791328393 -0.7518391374395341 0
    outer loop
      vertex -1.5446033477783203 -7.455395698547363 -12.699999809265137
      vertex -1.329777717590332 -7.266998291015625 -10.699999809265137
      vertex -1.5446033477783203 -7.455395698547363 -10.699999809265137
    endloop
  endfacet
  facet normal 0.6593465791328393 -0.7518391374395341 0
    outer loop
      vertex -1.329777717590332 -7.266998291015625 -10.699999809265137
      vertex -1.5446033477783203 -7.455395698547363 -12.699999809265137
      vertex -1.329777717590332 -7.266998291015625 -12.699999809265137
    endloop
  endfacet
  facet normal 0.5555702466339771 0.8314696032057105 0
    outer loop
      vertex -1.0921993255615234 -10.891745567321777 -12.699999809265137
      vertex -1.329777717590332 -10.733000755310059 -10.699999809265137
      vertex -1.0921993255615234 -10.891745567321777 -10.699999809265137
    endloop
  endfacet
  facet normal 0.5555702466339771 0.8314696032057105 0
    outer loop
      vertex -1.329777717590332 -10.733000755310059 -10.699999809265137
      vertex -1.0921993255615234 -10.891745567321777 -12.699999809265137
      vertex -1.329777717590332 -10.733000755310059 -12.699999809265137
    endloop
  endfacet
  facet normal 0.7518391374395341 0.6593465791328393 0
    outer loop
      vertex -1.5446033477783203 -10.54460334777832 -10.699999809265137
      vertex -1.7330007553100586 -10.329777717590332 -12.699999809265137
      vertex -1.7330007553100586 -10.329777717590332 -10.699999809265137
    endloop
  endfacet
  facet normal 0.7518391374395341 0.6593465791328393 0
    outer loop
      vertex -1.7330007553100586 -10.329777717590332 -12.699999809265137
      vertex -1.5446033477783203 -10.54460334777832 -10.699999809265137
      vertex -1.5446033477783203 -10.54460334777832 -12.699999809265137
    endloop
  endfacet
  facet normal 0.7518391374395341 -0.6593465791328393 0
    outer loop
      vertex -1.7330007553100586 -7.670221328735352 -10.699999809265137
      vertex -1.5446033477783203 -7.455395698547363 -12.699999809265137
      vertex -1.5446033477783203 -7.455395698547363 -10.699999809265137
    endloop
  endfacet
  facet normal 0.7518391374395341 -0.6593465791328393 0
    outer loop
      vertex -1.5446033477783203 -7.455395698547363 -12.699999809265137
      vertex -1.7330007553100586 -7.670221328735352 -10.699999809265137
      vertex -1.7330007553100586 -7.670221328735352 -12.699999809265137
    endloop
  endfacet
  facet normal 0.9807856588717694 -0.19508841931665097 0
    outer loop
      vertex -2.1657114028930664 -8.71487808227539 -10.699999809265137
      vertex -2.1099681854248047 -8.434635162353516 -12.699999809265137
      vertex -2.1099681854248047 -8.434635162353516 -10.699999809265137
    endloop
  endfacet
  facet normal 0.9807856588717694 -0.19508841931665097 0
    outer loop
      vertex -2.1099681854248047 -8.434635162353516 -12.699999809265137
      vertex -2.1657114028930664 -8.71487808227539 -10.699999809265137
      vertex -2.1657114028930664 -8.71487808227539 -12.699999809265137
    endloop
  endfacet
  facet normal 0.19508841931665097 0.9807856588717694 0
    outer loop
      vertex -0.28512096405029297 -11.165711402893066 -12.699999809265137
      vertex -0.565363883972168 -11.109968185424805 -10.699999809265137
      vertex -0.28512096405029297 -11.165711402893066 -10.699999809265137
    endloop
  endfacet
  facet normal 0.19508841931665097 0.9807856588717694 0
    outer loop
      vertex -0.565363883972168 -11.109968185424805 -10.699999809265137
      vertex -0.28512096405029297 -11.165711402893066 -12.699999809265137
      vertex -0.565363883972168 -11.109968185424805 -12.699999809265137
    endloop
  endfacet
  facet normal -0.8314696032057105 -0.5555702466339771 0
    outer loop
      vertex 1.8917455673217773 -7.90779972076416 -12.699999809265137
      vertex 1.7330007553100586 -7.670221328735352 -10.699999809265137
      vertex 1.7330007553100586 -7.670221328735352 -12.699999809265137
    endloop
  endfacet
  facet normal -0.8314696032057105 -0.5555702466339771 0
    outer loop
      vertex 1.7330007553100586 -7.670221328735352 -10.699999809265137
      vertex 1.8917455673217773 -7.90779972076416 -12.699999809265137
      vertex 1.8917455673217773 -7.90779972076416 -10.699999809265137
    endloop
  endfacet
  facet normal -0.9807856588717694 0.19508841931665097 0
    outer loop
      vertex 2.1099681854248047 -9.565363883972168 -12.699999809265137
      vertex 2.1657114028930664 -9.285120964050293 -10.699999809265137
      vertex 2.1657114028930664 -9.285120964050293 -12.699999809265137
    endloop
  endfacet
  facet normal -0.9807856588717694 0.19508841931665097 0
    outer loop
      vertex 2.1657114028930664 -9.285120964050293 -10.699999809265137
      vertex 2.1099681854248047 -9.565363883972168 -12.699999809265137
      vertex 2.1099681854248047 -9.565363883972168 -10.699999809265137
    endloop
  endfacet
  facet normal -0.4422884754113959 -0.8968728474640443 0
    outer loop
      vertex 0.8359336853027344 -6.981877326965332 -12.699999809265137
      vertex 1.0921993255615234 -7.108253479003906 -10.699999809265137
      vertex 0.8359336853027344 -6.981877326965332 -10.699999809265137
    endloop
  endfacet
  facet normal -0.4422884754113959 -0.8968728474640443 0
    outer loop
      vertex 1.0921993255615234 -7.108253479003906 -10.699999809265137
      vertex 0.8359336853027344 -6.981877326965332 -12.699999809265137
      vertex 1.0921993255615234 -7.108253479003906 -12.699999809265137
    endloop
  endfacet
  facet normal -0.5555702466339771 0.8314696032057105 0
    outer loop
      vertex 1.329777717590332 -10.733000755310059 -12.699999809265137
      vertex 1.0921993255615234 -10.891745567321777 -10.699999809265137
      vertex 1.329777717590332 -10.733000755310059 -10.699999809265137
    endloop
  endfacet
  facet normal -0.5555702466339771 0.8314696032057105 0
    outer loop
      vertex 1.0921993255615234 -10.891745567321777 -10.699999809265137
      vertex 1.329777717590332 -10.733000755310059 -12.699999809265137
      vertex 1.0921993255615234 -10.891745567321777 -12.699999809265137
    endloop
  endfacet
  facet normal -0.7518391374395341 0.6593465791328393 0
    outer loop
      vertex 1.5446033477783203 -10.54460334777832 -12.699999809265137
      vertex 1.7330007553100586 -10.329777717590332 -10.699999809265137
      vertex 1.7330007553100586 -10.329777717590332 -12.699999809265137
    endloop
  endfacet
  facet normal -0.7518391374395341 0.6593465791328393 0
    outer loop
      vertex 1.7330007553100586 -10.329777717590332 -10.699999809265137
      vertex 1.5446033477783203 -10.54460334777832 -12.699999809265137
      vertex 1.5446033477783203 -10.54460334777832 -10.699999809265137
    endloop
  endfacet
  facet normal 0.06540447645225649 -0.9978588349360875 0
    outer loop
      vertex -0.28512096405029297 -6.834287643432617 -12.699999809265137
      vertex 0 -6.81559944152832 -10.699999809265137
      vertex -0.28512096405029297 -6.834287643432617 -10.699999809265137
    endloop
  endfacet
  facet normal 0.06540447645225649 -0.9978588349360875 0
    outer loop
      vertex 0 -6.81559944152832 -10.699999809265137
      vertex -0.28512096405029297 -6.834287643432617 -12.699999809265137
      vertex 0 -6.81559944152832 -12.699999809265137
    endloop
  endfacet
  facet normal 0.9978588492136091 -0.0654042586235162 0
    outer loop
      vertex -2.1843996047973633 -9 -10.699999809265137
      vertex -2.1657114028930664 -8.71487808227539 -12.699999809265137
      vertex -2.1657114028930664 -8.71487808227539 -10.699999809265137
    endloop
  endfacet
  facet normal 0.9978588492136091 -0.0654042586235162 0
    outer loop
      vertex -2.1657114028930664 -8.71487808227539 -12.699999809265137
      vertex -2.1843996047973633 -9 -10.699999809265137
      vertex -2.1843996047973633 -9 -12.699999809265137
    endloop
  endfacet
  facet normal -0.5555702466339771 -0.8314696032057105 0
    outer loop
      vertex 1.0921993255615234 -7.108253479003906 -12.699999809265137
      vertex 1.329777717590332 -7.266998291015625 -10.699999809265137
      vertex 1.0921993255615234 -7.108253479003906 -10.699999809265137
    endloop
  endfacet
  facet normal -0.5555702466339771 -0.8314696032057105 0
    outer loop
      vertex 1.329777717590332 -7.266998291015625 -10.699999809265137
      vertex 1.0921993255615234 -7.108253479003906 -12.699999809265137
      vertex 1.329777717590332 -7.266998291015625 -12.699999809265137
    endloop
  endfacet
  facet normal -0.19508841931665097 -0.9807856588717694 0
    outer loop
      vertex 0.28512096405029297 -6.834287643432617 -12.699999809265137
      vertex 0.565363883972168 -6.890030860900879 -10.699999809265137
      vertex 0.28512096405029297 -6.834287643432617 -10.699999809265137
    endloop
  endfacet
  facet normal -0.19508841931665097 -0.9807856588717694 0
    outer loop
      vertex 0.565363883972168 -6.890030860900879 -10.699999809265137
      vertex 0.28512096405029297 -6.834287643432617 -12.699999809265137
      vertex 0.565363883972168 -6.890030860900879 -12.699999809265137
    endloop
  endfacet
  facet normal -0.6593465791328393 0.7518391374395341 0
    outer loop
      vertex 1.5446033477783203 -10.54460334777832 -12.699999809265137
      vertex 1.329777717590332 -10.733000755310059 -10.699999809265137
      vertex 1.5446033477783203 -10.54460334777832 -10.699999809265137
    endloop
  endfacet
  facet normal -0.6593465791328393 0.7518391374395341 0
    outer loop
      vertex 1.329777717590332 -10.733000755310059 -10.699999809265137
      vertex 1.5446033477783203 -10.54460334777832 -12.699999809265137
      vertex 1.329777717590332 -10.733000755310059 -12.699999809265137
    endloop
  endfacet
  facet normal -0.9978588349360875 0.06540447645225649 0
    outer loop
      vertex 2.1657114028930664 -9.285120964050293 -12.699999809265137
      vertex 2.1843996047973633 -9 -10.699999809265137
      vertex 2.1843996047973633 -9 -12.699999809265137
    endloop
  endfacet
  facet normal -0.9978588349360875 0.06540447645225649 0
    outer loop
      vertex 2.1843996047973633 -9 -10.699999809265137
      vertex 2.1657114028930664 -9.285120964050293 -12.699999809265137
      vertex 2.1657114028930664 -9.285120964050293 -10.699999809265137
    endloop
  endfacet
  facet normal 0.8314696032057105 -0.5555702466339771 0
    outer loop
      vertex -1.8917455673217773 -7.90779972076416 -10.699999809265137
      vertex -1.7330007553100586 -7.670221328735352 -12.699999809265137
      vertex -1.7330007553100586 -7.670221328735352 -10.699999809265137
    endloop
  endfacet
  facet normal 0.8314696032057105 -0.5555702466339771 0
    outer loop
      vertex -1.7330007553100586 -7.670221328735352 -12.699999809265137
      vertex -1.8917455673217773 -7.90779972076416 -10.699999809265137
      vertex -1.8917455673217773 -7.90779972076416 -12.699999809265137
    endloop
  endfacet
  facet normal -0.9978588492136091 -0.0654042586235162 0
    outer loop
      vertex 2.1843996047973633 -9 -12.699999809265137
      vertex 2.1657114028930664 -8.71487808227539 -10.699999809265137
      vertex 2.1657114028930664 -8.71487808227539 -12.699999809265137
    endloop
  endfacet
  facet normal -0.9978588492136091 -0.0654042586235162 0
    outer loop
      vertex 2.1657114028930664 -8.71487808227539 -10.699999809265137
      vertex 2.1843996047973633 -9 -12.699999809265137
      vertex 2.1843996047973633 -9 -10.699999809265137
    endloop
  endfacet
  facet normal 0.4422884754113959 -0.8968728474640443 0
    outer loop
      vertex -1.0921993255615234 -7.108253479003906 -12.699999809265137
      vertex -0.8359336853027344 -6.981877326965332 -10.699999809265137
      vertex -1.0921993255615234 -7.108253479003906 -10.699999809265137
    endloop
  endfacet
  facet normal 0.4422884754113959 -0.8968728474640443 0
    outer loop
      vertex -0.8359336853027344 -6.981877326965332 -10.699999809265137
      vertex -1.0921993255615234 -7.108253479003906 -12.699999809265137
      vertex -0.8359336853027344 -6.981877326965332 -12.699999809265137
    endloop
  endfacet
  facet normal -0.8968728474640443 0.4422884754113959 0
    outer loop
      vertex 1.8917455673217773 -10.092199325561523 -12.699999809265137
      vertex 2.0181217193603516 -9.835933685302734 -10.699999809265137
      vertex 2.0181217193603516 -9.835933685302734 -12.699999809265137
    endloop
  endfacet
  facet normal -0.8968728474640443 0.4422884754113959 0
    outer loop
      vertex 2.0181217193603516 -9.835933685302734 -10.699999809265137
      vertex 1.8917455673217773 -10.092199325561523 -12.699999809265137
      vertex 1.8917455673217773 -10.092199325561523 -10.699999809265137
    endloop
  endfacet
  facet normal 0.32144070387895096 0.9469297090543756 0
    outer loop
      vertex -0.565363883972168 -11.109968185424805 -12.699999809265137
      vertex -0.8359336853027344 -11.018121719360352 -10.699999809265137
      vertex -0.565363883972168 -11.109968185424805 -10.699999809265137
    endloop
  endfacet
  facet normal 0.32144070387895096 0.9469297090543756 0
    outer loop
      vertex -0.8359336853027344 -11.018121719360352 -10.699999809265137
      vertex -0.565363883972168 -11.109968185424805 -12.699999809265137
      vertex -0.8359336853027344 -11.018121719360352 -12.699999809265137
    endloop
  endfacet
  facet normal -0.6593465791328393 -0.7518391374395341 0
    outer loop
      vertex 1.329777717590332 -7.266998291015625 -12.699999809265137
      vertex 1.5446033477783203 -7.455395698547363 -10.699999809265137
      vertex 1.329777717590332 -7.266998291015625 -10.699999809265137
    endloop
  endfacet
  facet normal -0.6593465791328393 -0.7518391374395341 0
    outer loop
      vertex 1.5446033477783203 -7.455395698547363 -10.699999809265137
      vertex 1.329777717590332 -7.266998291015625 -12.699999809265137
      vertex 1.5446033477783203 -7.455395698547363 -12.699999809265137
    endloop
  endfacet
  facet normal -0.9807856588717694 -0.19508841931665097 0
    outer loop
      vertex 2.1657114028930664 -8.71487808227539 -12.699999809265137
      vertex 2.1099681854248047 -8.434635162353516 -10.699999809265137
      vertex 2.1099681854248047 -8.434635162353516 -12.699999809265137
    endloop
  endfacet
  facet normal -0.9807856588717694 -0.19508841931665097 0
    outer loop
      vertex 2.1099681854248047 -8.434635162353516 -10.699999809265137
      vertex 2.1657114028930664 -8.71487808227539 -12.699999809265137
      vertex 2.1657114028930664 -8.71487808227539 -10.699999809265137
    endloop
  endfacet
  facet normal 0.32144070387895096 -0.9469297090543756 0
    outer loop
      vertex -0.8359336853027344 -6.981877326965332 -12.699999809265137
      vertex -0.565363883972168 -6.890030860900879 -10.699999809265137
      vertex -0.8359336853027344 -6.981877326965332 -10.699999809265137
    endloop
  endfacet
  facet normal 0.32144070387895096 -0.9469297090543756 0
    outer loop
      vertex -0.565363883972168 -6.890030860900879 -10.699999809265137
      vertex -0.8359336853027344 -6.981877326965332 -12.699999809265137
      vertex -0.565363883972168 -6.890030860900879 -12.699999809265137
    endloop
  endfacet
  facet normal -0.32144070387895096 0.9469297090543756 0
    outer loop
      vertex 0.8359336853027344 -11.018121719360352 -12.699999809265137
      vertex 0.565363883972168 -11.109968185424805 -10.699999809265137
      vertex 0.8359336853027344 -11.018121719360352 -10.699999809265137
    endloop
  endfacet
  facet normal -0.32144070387895096 0.9469297090543756 0
    outer loop
      vertex 0.565363883972168 -11.109968185424805 -10.699999809265137
      vertex 0.8359336853027344 -11.018121719360352 -12.699999809265137
      vertex 0.565363883972168 -11.109968185424805 -12.699999809265137
    endloop
  endfacet
  facet normal -0.7518391374395341 -0.6593465791328393 0
    outer loop
      vertex 1.7330007553100586 -7.670221328735352 -12.699999809265137
      vertex 1.5446033477783203 -7.455395698547363 -10.699999809265137
      vertex 1.5446033477783203 -7.455395698547363 -12.699999809265137
    endloop
  endfacet
  facet normal -0.7518391374395341 -0.6593465791328393 0
    outer loop
      vertex 1.5446033477783203 -7.455395698547363 -10.699999809265137
      vertex 1.7330007553100586 -7.670221328735352 -12.699999809265137
      vertex 1.7330007553100586 -7.670221328735352 -10.699999809265137
    endloop
  endfacet
  facet normal -0.9469297090543756 -0.32144070387895096 0
    outer loop
      vertex 2.1099681854248047 -8.434635162353516 -12.699999809265137
      vertex 2.0181217193603516 -8.16406536102295 -10.699999809265137
      vertex 2.0181217193603516 -8.16406536102295 -12.699999809265137
    endloop
  endfacet
  facet normal -0.9469297090543756 -0.32144070387895096 0
    outer loop
      vertex 2.0181217193603516 -8.16406536102295 -10.699999809265137
      vertex 2.1099681854248047 -8.434635162353516 -12.699999809265137
      vertex 2.1099681854248047 -8.434635162353516 -10.699999809265137
    endloop
  endfacet
  facet normal -0.8968728474640443 -0.4422884754113959 0
    outer loop
      vertex 2.0181217193603516 -8.16406536102295 -12.699999809265137
      vertex 1.8917455673217773 -7.90779972076416 -10.699999809265137
      vertex 1.8917455673217773 -7.90779972076416 -12.699999809265137
    endloop
  endfacet
  facet normal -0.8968728474640443 -0.4422884754113959 0
    outer loop
      vertex 1.8917455673217773 -7.90779972076416 -10.699999809265137
      vertex 2.0181217193603516 -8.16406536102295 -12.699999809265137
      vertex 2.0181217193603516 -8.16406536102295 -10.699999809265137
    endloop
  endfacet
  facet normal 0.9807854009010496 0.19508971623170607 0
    outer loop
      vertex -3.380740165710449 -9.905866622924805 -3.500000238418579
      vertex -3.4700565338134766 -9.456841468811035 -10.699999809265137
      vertex -3.4700565338134766 -9.456841468811035 -3.500000238418579
    endloop
  endfacet
  facet normal 0.9807854009010496 0.19508971623170607 0
    outer loop
      vertex -3.4700565338134766 -9.456841468811035 -10.699999809265137
      vertex -3.380740165710449 -9.905866622924805 -3.500000238418579
      vertex -3.380740165710449 -9.905866622924805 -10.699999809265137
    endloop
  endfacet
  facet normal 0.9978588527659149 0.0654042044267184 0
    outer loop
      vertex -3.4700565338134766 -9.456841468811035 -3.500000238418579
      vertex -3.5 -9 -10.699999809265137
      vertex -3.5 -9 -3.500000238418579
    endloop
  endfacet
  facet normal 0.9978588527659149 0.0654042044267184 0
    outer loop
      vertex -3.5 -9 -10.699999809265137
      vertex -3.4700565338134766 -9.456841468811035 -3.500000238418579
      vertex -3.4700565338134766 -9.456841468811035 -10.699999809265137
    endloop
  endfacet
  facet normal 0.9978588616766527 -0.06540406847723448 0
    outer loop
      vertex -3.5 -9 -3.500000238418579
      vertex -3.4700565338134766 -8.543157577514648 -10.699999809265137
      vertex -3.4700565338134766 -8.543157577514648 -3.500000238418579
    endloop
  endfacet
  facet normal 0.9978588616766527 -0.06540406847723448 0
    outer loop
      vertex -3.4700565338134766 -8.543157577514648 -10.699999809265137
      vertex -3.5 -9 -3.500000238418579
      vertex -3.5 -9 -10.699999809265137
    endloop
  endfacet
  facet normal 0.5555709352218308 0.8314691431055877 0
    outer loop
      vertex -1.75 -12.031088829040527 -10.699999809265137
      vertex -2.130664825439453 -11.77673625946045 -8
      vertex -1.75 -12.031088829040527 -8
    endloop
  endfacet
  facet normal 0.5555709352218308 0.8314691431055877 0
    outer loop
      vertex -2.130664825439453 -11.77673625946045 -8
      vertex -1.75 -12.031088829040527 -10.699999809265137
      vertex -2.130664825439453 -11.77673625946045 -10.699999809265137
    endloop
  endfacet
  facet normal 0.8968729420060717 -0.44228828369896195 0
    outer loop
      vertex -3.2335777282714844 -7.66060733795166 -3.500000238418579
      vertex -3.0310888290405273 -7.25 -10.699999809265137
      vertex -3.0310888290405273 -7.25 -3.500000238418579
    endloop
  endfacet
  facet normal 0.8968729420060717 -0.44228828369896195 0
    outer loop
      vertex -3.0310888290405273 -7.25 -10.699999809265137
      vertex -3.2335777282714844 -7.66060733795166 -3.500000238418579
      vertex -3.2335777282714844 -7.66060733795166 -10.699999809265137
    endloop
  endfacet
  facet normal -0.9807854009010496 -0.19508971623170607 0
    outer loop
      vertex 3.4700565338134766 -8.543157577514648 -10.699999809265137
      vertex 3.380740165710449 -8.094132423400879 -3.500000238418579
      vertex 3.380740165710449 -8.094132423400879 -10.699999809265137
    endloop
  endfacet
  facet normal -0.9807854009010496 -0.19508971623170607 0
    outer loop
      vertex 3.380740165710449 -8.094132423400879 -3.500000238418579
      vertex 3.4700565338134766 -8.543157577514648 -10.699999809265137
      vertex 3.4700565338134766 -8.543157577514648 -3.500000238418579
    endloop
  endfacet
  facet normal -0.6593455350812242 0.7518400530488211 0
    outer loop
      vertex 2.4748735427856445 -11.474873542785645 -10.699999809265137
      vertex 2.130664825439453 -11.77673625946045 -8
      vertex 2.4748735427856445 -11.474873542785645 -8
    endloop
  endfacet
  facet normal -0.6593455350812242 0.7518400530488211 0
    outer loop
      vertex 2.130664825439453 -11.77673625946045 -8
      vertex 2.4748735427856445 -11.474873542785645 -10.699999809265137
      vertex 2.130664825439453 -11.77673625946045 -10.699999809265137
    endloop
  endfacet
  facet normal -0.7518400709777296 0.6593455146372061 0
    outer loop
      vertex 2.776736259460449 -11.130664825439453 -10.699999809265137
      vertex 2.5 -11.446222305297852 -8
      vertex 2.776736259460449 -11.130664825439453 -3.500000238418579
    endloop
  endfacet
  facet normal -0.7518400530488211 0.6593455350812242 4.226978767568109e-9
    outer loop
      vertex 2.4748735427856445 -11.474873542785645 -10.699999809265137
      vertex 2.5 -11.446222305297852 -8
      vertex 2.776736259460449 -11.130664825439453 -10.699999809265137
    endloop
  endfacet
  facet normal -0.7518398555843787 0.6593457602463677 0
    outer loop
      vertex 2.5 -11.446222305297852 -8
      vertex 2.4748735427856445 -11.474873542785645 -10.699999809265137
      vertex 2.4748735427856445 -11.474873542785645 -8
    endloop
  endfacet
  facet normal -0.7518400709777298 0.6593455146372063 0
    outer loop
      vertex 2.776736259460449 -11.130664825439453 -3.500000238418579
      vertex 2.5 -11.446222305297852 -8
      vertex 2.5 -11.446222305297852 -3.500000238418579
    endloop
  endfacet
  facet normal 0.6593455350812242 0.7518400530488211 0
    outer loop
      vertex -2.130664825439453 -11.77673625946045 -10.699999809265137
      vertex -2.4748735427856445 -11.474873542785645 -8
      vertex -2.130664825439453 -11.77673625946045 -8
    endloop
  endfacet
  facet normal 0.6593455350812242 0.7518400530488211 0
    outer loop
      vertex -2.4748735427856445 -11.474873542785645 -8
      vertex -2.130664825439453 -11.77673625946045 -10.699999809265137
      vertex -2.4748735427856445 -11.474873542785645 -10.699999809265137
    endloop
  endfacet
  facet normal 0.9807854009010496 -0.19508971623170607 0
    outer loop
      vertex -3.4700565338134766 -8.543157577514648 -3.500000238418579
      vertex -3.380740165710449 -8.094132423400879 -10.699999809265137
      vertex -3.380740165710449 -8.094132423400879 -3.500000238418579
    endloop
  endfacet
  facet normal 0.9807854009010496 -0.19508971623170607 0
    outer loop
      vertex -3.380740165710449 -8.094132423400879 -10.699999809265137
      vertex -3.4700565338134766 -8.543157577514648 -3.500000238418579
      vertex -3.4700565338134766 -8.543157577514648 -10.699999809265137
    endloop
  endfacet
  facet normal -0.1950897162317061 0.9807854009010496 0
    outer loop
      vertex 0.9058666229248047 -12.38074016571045 -10.699999809265137
      vertex 0.45684146881103516 -12.470056533813477 -8
      vertex 0.9058666229248047 -12.38074016571045 -8
    endloop
  endfacet
  facet normal -0.1950897162317061 0.9807854009010496 0
    outer loop
      vertex 0.45684146881103516 -12.470056533813477 -8
      vertex 0.9058666229248047 -12.38074016571045 -10.699999809265137
      vertex 0.45684146881103516 -12.470056533813477 -10.699999809265137
    endloop
  endfacet
  facet normal -0.4422874573947884 0.8968733494932567 0
    outer loop
      vertex 1.75 -12.031088829040527 -10.699999809265137
      vertex 1.3393917083740234 -12.233577728271484 -8
      vertex 1.75 -12.031088829040527 -8
    endloop
  endfacet
  facet normal -0.4422874573947884 0.8968733494932567 0
    outer loop
      vertex 1.3393917083740234 -12.233577728271484 -8
      vertex 1.75 -12.031088829040527 -10.699999809265137
      vertex 1.3393917083740234 -12.233577728271484 -10.699999809265137
    endloop
  endfacet
  facet normal 0.1950897162317061 0.9807854009010496 0
    outer loop
      vertex -0.45684146881103516 -12.470056533813477 -10.699999809265137
      vertex -0.9058666229248047 -12.38074016571045 -8
      vertex -0.45684146881103516 -12.470056533813477 -8
    endloop
  endfacet
  facet normal 0.1950897162317061 0.9807854009010496 0
    outer loop
      vertex -0.9058666229248047 -12.38074016571045 -8
      vertex -0.45684146881103516 -12.470056533813477 -10.699999809265137
      vertex -0.9058666229248047 -12.38074016571045 -10.699999809265137
    endloop
  endfacet
  facet normal 0.4422874573947884 -0.8968733494932567 0
    outer loop
      vertex -1.75 -5.968910217285156 -10.699999809265137
      vertex -1.3393917083740234 -5.766421318054199 -5
      vertex -1.75 -5.968910217285156 -5
    endloop
  endfacet
  facet normal 0.4422874573947884 -0.8968733494932567 0
    outer loop
      vertex -1.3393917083740234 -5.766421318054199 -5
      vertex -1.75 -5.968910217285156 -10.699999809265137
      vertex -1.3393917083740234 -5.766421318054199 -10.699999809265137
    endloop
  endfacet
  facet normal 0.8968733494932567 0.4422874573947884 0
    outer loop
      vertex -3.0310888290405273 -10.75 -3.500000238418579
      vertex -3.2335777282714844 -10.339391708374023 -10.699999809265137
      vertex -3.2335777282714844 -10.339391708374023 -3.500000238418579
    endloop
  endfacet
  facet normal 0.8968733494932567 0.4422874573947884 0
    outer loop
      vertex -3.2335777282714844 -10.339391708374023 -10.699999809265137
      vertex -3.0310888290405273 -10.75 -3.500000238418579
      vertex -3.0310888290405273 -10.75 -10.699999809265137
    endloop
  endfacet
  facet normal 0.9469297965007059 0.32144044627136115 0
    outer loop
      vertex -3.2335777282714844 -10.339391708374023 -3.500000238418579
      vertex -3.380740165710449 -9.905866622924805 -10.699999809265137
      vertex -3.380740165710449 -9.905866622924805 -3.500000238418579
    endloop
  endfacet
  facet normal 0.9469297965007059 0.32144044627136115 0
    outer loop
      vertex -3.380740165710449 -9.905866622924805 -10.699999809265137
      vertex -3.2335777282714844 -10.339391708374023 -3.500000238418579
      vertex -3.2335777282714844 -10.339391708374023 -10.699999809265137
    endloop
  endfacet
  facet normal -0.32144044627136115 0.9469297965007059 0
    outer loop
      vertex 1.3393917083740234 -12.233577728271484 -10.699999809265137
      vertex 0.9058666229248047 -12.38074016571045 -8
      vertex 1.3393917083740234 -12.233577728271484 -8
    endloop
  endfacet
  facet normal -0.32144044627136115 0.9469297965007059 0
    outer loop
      vertex 0.9058666229248047 -12.38074016571045 -8
      vertex 1.3393917083740234 -12.233577728271484 -10.699999809265137
      vertex 0.9058666229248047 -12.38074016571045 -10.699999809265137
    endloop
  endfacet
  facet normal 0.7518400709777296 -0.6593455146372063 0
    outer loop
      vertex -2.5 -6.553776741027832 -3.500000238418579
      vertex -2.776736259460449 -6.8693342208862305 -3.500000238418579
      vertex -2.5 -6.553776741027832 -5
    endloop
  endfacet
  facet normal 0.7518398555843787 -0.6593457602463677 0
    outer loop
      vertex -2.5 -6.553776741027832 -5
      vertex -2.4748735427856445 -6.525125503540039 -10.699999809265137
      vertex -2.4748735427856445 -6.525125503540039 -5
    endloop
  endfacet
  facet normal 0.7518400709777296 -0.6593455146372061 0
    outer loop
      vertex -2.776736259460449 -6.8693342208862305 -10.699999809265137
      vertex -2.5 -6.553776741027832 -5
      vertex -2.776736259460449 -6.8693342208862305 -3.500000238418579
    endloop
  endfacet
  facet normal 0.7518400530488211 -0.6593455350812242 2.002253025982655e-9
    outer loop
      vertex -2.5 -6.553776741027832 -5
      vertex -2.776736259460449 -6.8693342208862305 -10.699999809265137
      vertex -2.4748735427856445 -6.525125503540039 -10.699999809265137
    endloop
  endfacet
  facet normal 0.06540420442671842 0.997858852765915 0
    outer loop
      vertex 0 -12.5 -10.699999809265137
      vertex -0.45684146881103516 -12.470056533813477 -8
      vertex 0 -12.5 -8
    endloop
  endfacet
  facet normal 0.06540420442671842 0.997858852765915 0
    outer loop
      vertex -0.45684146881103516 -12.470056533813477 -8
      vertex 0 -12.5 -10.699999809265137
      vertex -0.45684146881103516 -12.470056533813477 -10.699999809265137
    endloop
  endfacet
  facet normal -0.19508971623170607 -0.9807854009010495 0
    outer loop
      vertex 0.45684146881103516 -5.529942512512207 -10.699999809265137
      vertex 0.9058666229248047 -5.619258880615234 -5
      vertex 0.45684146881103516 -5.529942512512207 -5
    endloop
  endfacet
  facet normal -0.19508971623170607 -0.9807854009010495 0
    outer loop
      vertex 0.9058666229248047 -5.619258880615234 -5
      vertex 0.45684146881103516 -5.529942512512207 -10.699999809265137
      vertex 0.9058666229248047 -5.619258880615234 -10.699999809265137
    endloop
  endfacet
  facet normal 0.32144044627136115 0.9469297965007059 0
    outer loop
      vertex -0.9058666229248047 -12.38074016571045 -10.699999809265137
      vertex -1.3393917083740234 -12.233577728271484 -8
      vertex -0.9058666229248047 -12.38074016571045 -8
    endloop
  endfacet
  facet normal 0.32144044627136115 0.9469297965007059 0
    outer loop
      vertex -1.3393917083740234 -12.233577728271484 -8
      vertex -0.9058666229248047 -12.38074016571045 -10.699999809265137
      vertex -1.3393917083740234 -12.233577728271484 -10.699999809265137
    endloop
  endfacet
  facet normal -0.9978588616766527 -0.06540406847723448 0
    outer loop
      vertex 3.5 -9 -10.699999809265137
      vertex 3.4700565338134766 -8.543157577514648 -3.500000238418579
      vertex 3.4700565338134766 -8.543157577514648 -10.699999809265137
    endloop
  endfacet
  facet normal -0.9978588616766527 -0.06540406847723448 0
    outer loop
      vertex 3.4700565338134766 -8.543157577514648 -3.500000238418579
      vertex 3.5 -9 -10.699999809265137
      vertex 3.5 -9 -3.500000238418579
    endloop
  endfacet
  facet normal -0.9807854009010496 0.19508971623170607 0
    outer loop
      vertex 3.380740165710449 -9.905866622924805 -10.699999809265137
      vertex 3.4700565338134766 -9.456841468811035 -3.500000238418579
      vertex 3.4700565338134766 -9.456841468811035 -10.699999809265137
    endloop
  endfacet
  facet normal -0.9807854009010496 0.19508971623170607 0
    outer loop
      vertex 3.4700565338134766 -9.456841468811035 -3.500000238418579
      vertex 3.380740165710449 -9.905866622924805 -10.699999809265137
      vertex 3.380740165710449 -9.905866622924805 -3.500000238418579
    endloop
  endfacet
  facet normal -0.8314691431055876 0.5555709352218308 0
    outer loop
      vertex 2.776736259460449 -11.130664825439453 -10.699999809265137
      vertex 3.0310888290405273 -10.75 -3.500000238418579
      vertex 3.0310888290405273 -10.75 -10.699999809265137
    endloop
  endfacet
  facet normal -0.8314691431055876 0.5555709352218308 0
    outer loop
      vertex 3.0310888290405273 -10.75 -3.500000238418579
      vertex 2.776736259460449 -11.130664825439453 -10.699999809265137
      vertex 2.776736259460449 -11.130664825439453 -3.500000238418579
    endloop
  endfacet
  facet normal -0.5555709352218308 0.8314691431055877 0
    outer loop
      vertex 2.130664825439453 -11.77673625946045 -10.699999809265137
      vertex 1.75 -12.031088829040527 -8
      vertex 2.130664825439453 -11.77673625946045 -8
    endloop
  endfacet
  facet normal -0.5555709352218308 0.8314691431055877 0
    outer loop
      vertex 1.75 -12.031088829040527 -8
      vertex 2.130664825439453 -11.77673625946045 -10.699999809265137
      vertex 1.75 -12.031088829040527 -10.699999809265137
    endloop
  endfacet
  facet normal 0.6593455350812242 -0.7518400530488211 0
    outer loop
      vertex -2.4748735427856445 -6.525125503540039 -10.699999809265137
      vertex -2.130664825439453 -6.223262786865234 -5
      vertex -2.4748735427856445 -6.525125503540039 -5
    endloop
  endfacet
  facet normal 0.6593455350812242 -0.7518400530488211 0
    outer loop
      vertex -2.130664825439453 -6.223262786865234 -5
      vertex -2.4748735427856445 -6.525125503540039 -10.699999809265137
      vertex -2.130664825439453 -6.223262786865234 -10.699999809265137
    endloop
  endfacet
  facet normal 0.8314691431055876 0.5555709352218308 0
    outer loop
      vertex -2.776736259460449 -11.130664825439453 -3.500000238418579
      vertex -3.0310888290405273 -10.75 -10.699999809265137
      vertex -3.0310888290405273 -10.75 -3.500000238418579
    endloop
  endfacet
  facet normal 0.8314691431055876 0.5555709352218308 0
    outer loop
      vertex -3.0310888290405273 -10.75 -10.699999809265137
      vertex -2.776736259460449 -11.130664825439453 -3.500000238418579
      vertex -2.776736259460449 -11.130664825439453 -10.699999809265137
    endloop
  endfacet
  facet normal -0.4422874573947884 -0.8968733494932567 0
    outer loop
      vertex 1.3393917083740234 -5.766421318054199 -10.699999809265137
      vertex 1.75 -5.968910217285156 -5
      vertex 1.3393917083740234 -5.766421318054199 -5
    endloop
  endfacet
  facet normal -0.4422874573947884 -0.8968733494932567 0
    outer loop
      vertex 1.75 -5.968910217285156 -5
      vertex 1.3393917083740234 -5.766421318054199 -10.699999809265137
      vertex 1.75 -5.968910217285156 -10.699999809265137
    endloop
  endfacet
  facet normal 0 0 1
    outer loop
      vertex 2.1843996047973633 -9 -10.699999809265137
      vertex 3.5 -9 -10.699999809265137
      vertex 3.4700565338134766 -8.543157577514648 -10.699999809265137
    endloop
  endfacet
  facet normal 0 0 1
    outer loop
      vertex 2.1657114028930664 -8.71487808227539 -10.699999809265137
      vertex 3.4700565338134766 -8.543157577514648 -10.699999809265137
      vertex 3.380740165710449 -8.094132423400879 -10.699999809265137
    endloop
  endfacet
  facet normal 0 0 1
    outer loop
      vertex 3.5 -9 -10.699999809265137
      vertex 2.1843996047973633 -9 -10.699999809265137
      vertex 3.4700565338134766 -9.456841468811035 -10.699999809265137
    endloop
  endfacet
  facet normal 0 0 1
    outer loop
      vertex 2.1099681854248047 -8.434635162353516 -10.699999809265137
      vertex 3.380740165710449 -8.094132423400879 -10.699999809265137
      vertex 3.2335777282714844 -7.66060733795166 -10.699999809265137
    endloop
  endfacet
  facet normal 0 0 1
    outer loop
      vertex 2.1657114028930664 -9.285120964050293 -10.699999809265137
      vertex 3.4700565338134766 -9.456841468811035 -10.699999809265137
      vertex 2.1843996047973633 -9 -10.699999809265137
    endloop
  endfacet
  facet normal 0 0 1
    outer loop
      vertex 2.0181217193603516 -8.16406536102295 -10.699999809265137
      vertex 3.2335777282714844 -7.66060733795166 -10.699999809265137
      vertex 3.0310888290405273 -7.25 -10.699999809265137
    endloop
  endfacet
  facet normal 0 0 1
    outer loop
      vertex 3.4700565338134766 -9.456841468811035 -10.699999809265137
      vertex 2.1657114028930664 -9.285120964050293 -10.699999809265137
      vertex 3.380740165710449 -9.905866622924805 -10.699999809265137
    endloop
  endfacet
  facet normal 0 0 1
    outer loop
      vertex 1.8917455673217773 -7.90779972076416 -10.699999809265137
      vertex 3.0310888290405273 -7.25 -10.699999809265137
      vertex 2.776736259460449 -6.8693342208862305 -10.699999809265137
    endloop
  endfacet
  facet normal 0 0 1
    outer loop
      vertex 2.1099681854248047 -9.565363883972168 -10.699999809265137
      vertex 3.380740165710449 -9.905866622924805 -10.699999809265137
      vertex 2.1657114028930664 -9.285120964050293 -10.699999809265137
    endloop
  endfacet
  facet normal 0 0 1
    outer loop
      vertex 1.7330007553100586 -7.670221328735352 -10.699999809265137
      vertex 2.776736259460449 -6.8693342208862305 -10.699999809265137
      vertex 2.4748735427856445 -6.525125503540039 -10.699999809265137
    endloop
  endfacet
  facet normal 0 0 1
    outer loop
      vertex 3.380740165710449 -9.905866622924805 -10.699999809265137
      vertex 2.1099681854248047 -9.565363883972168 -10.699999809265137
      vertex 3.2335777282714844 -10.339391708374023 -10.699999809265137
    endloop
  endfacet
  facet normal 0 0 1
    outer loop
      vertex 2.0181217193603516 -9.835933685302734 -10.699999809265137
      vertex 3.2335777282714844 -10.339391708374023 -10.699999809265137
      vertex 2.1099681854248047 -9.565363883972168 -10.699999809265137
    endloop
  endfacet
  facet normal 0 0 1
    outer loop
      vertex 3.4700565338134766 -8.543157577514648 -10.699999809265137
      vertex 2.1657114028930664 -8.71487808227539 -10.699999809265137
      vertex 2.1843996047973633 -9 -10.699999809265137
    endloop
  endfacet
  facet normal 0 0 1
    outer loop
      vertex 1.5446033477783203 -7.455395698547363 -10.699999809265137
      vertex 2.4748735427856445 -6.525125503540039 -10.699999809265137
      vertex 2.130664825439453 -6.223262786865234 -10.699999809265137
    endloop
  endfacet
  facet normal 0 0 1
    outer loop
      vertex 3.380740165710449 -8.094132423400879 -10.699999809265137
      vertex 2.1099681854248047 -8.434635162353516 -10.699999809265137
      vertex 2.1657114028930664 -8.71487808227539 -10.699999809265137
    endloop
  endfacet
  facet normal 0 0 1
    outer loop
      vertex 3.2335777282714844 -7.66060733795166 -10.699999809265137
      vertex 2.0181217193603516 -8.16406536102295 -10.699999809265137
      vertex 2.1099681854248047 -8.434635162353516 -10.699999809265137
    endloop
  endfacet
  facet normal 0 0 1
    outer loop
      vertex 3.0310888290405273 -7.25 -10.699999809265137
      vertex 1.8917455673217773 -7.90779972076416 -10.699999809265137
      vertex 2.0181217193603516 -8.16406536102295 -10.699999809265137
    endloop
  endfacet
  facet normal 0 0 1
    outer loop
      vertex 1.329777717590332 -7.266998291015625 -10.699999809265137
      vertex 2.130664825439453 -6.223262786865234 -10.699999809265137
      vertex 1.75 -5.968910217285156 -10.699999809265137
    endloop
  endfacet
  facet normal 0 0 1
    outer loop
      vertex 2.776736259460449 -6.8693342208862305 -10.699999809265137
      vertex 1.7330007553100586 -7.670221328735352 -10.699999809265137
      vertex 1.8917455673217773 -7.90779972076416 -10.699999809265137
    endloop
  endfacet
  facet normal 0 0 1
    outer loop
      vertex 2.4748735427856445 -6.525125503540039 -10.699999809265137
      vertex 1.5446033477783203 -7.455395698547363 -10.699999809265137
      vertex 1.7330007553100586 -7.670221328735352 -10.699999809265137
    endloop
  endfacet
  facet normal 0 0 1
    outer loop
      vertex 1.0921993255615234 -7.108253479003906 -10.699999809265137
      vertex 1.75 -5.968910217285156 -10.699999809265137
      vertex 1.3393917083740234 -5.766421318054199 -10.699999809265137
    endloop
  endfacet
  facet normal 0 0 1
    outer loop
      vertex 2.130664825439453 -6.223262786865234 -10.699999809265137
      vertex 1.329777717590332 -7.266998291015625 -10.699999809265137
      vertex 1.5446033477783203 -7.455395698547363 -10.699999809265137
    endloop
  endfacet
  facet normal 0 0 1
    outer loop
      vertex 1.75 -5.968910217285156 -10.699999809265137
      vertex 1.0921993255615234 -7.108253479003906 -10.699999809265137
      vertex 1.329777717590332 -7.266998291015625 -10.699999809265137
    endloop
  endfacet
  facet normal 0 0 1
    outer loop
      vertex 0.8359336853027344 -6.981877326965332 -10.699999809265137
      vertex 1.3393917083740234 -5.766421318054199 -10.699999809265137
      vertex 0.9058666229248047 -5.619258880615234 -10.699999809265137
    endloop
  endfacet
  facet normal 0 0 1
    outer loop
      vertex 1.3393917083740234 -5.766421318054199 -10.699999809265137
      vertex 0.8359336853027344 -6.981877326965332 -10.699999809265137
      vertex 1.0921993255615234 -7.108253479003906 -10.699999809265137
    endloop
  endfacet
  facet normal 0 0 1
    outer loop
      vertex 0.9058666229248047 -5.619258880615234 -10.699999809265137
      vertex 0.565363883972168 -6.890030860900879 -10.699999809265137
      vertex 0.8359336853027344 -6.981877326965332 -10.699999809265137
    endloop
  endfacet
  facet normal 0 0 1
    outer loop
      vertex 0.45684146881103516 -5.529942512512207 -10.699999809265137
      vertex 0.565363883972168 -6.890030860900879 -10.699999809265137
      vertex 0.9058666229248047 -5.619258880615234 -10.699999809265137
    endloop
  endfacet
  facet normal 0 0 1
    outer loop
      vertex 0.45684146881103516 -5.529942512512207 -10.699999809265137
      vertex 0.28512096405029297 -6.834287643432617 -10.699999809265137
      vertex 0.565363883972168 -6.890030860900879 -10.699999809265137
    endloop
  endfacet
  facet normal 0 0 1
    outer loop
      vertex 0 -5.5 -10.699999809265137
      vertex 0.28512096405029297 -6.834287643432617 -10.699999809265137
      vertex 0.45684146881103516 -5.529942512512207 -10.699999809265137
    endloop
  endfacet
  facet normal 0 0 1
    outer loop
      vertex 0 -5.5 -10.699999809265137
      vertex 0 -6.81559944152832 -10.699999809265137
      vertex 0.28512096405029297 -6.834287643432617 -10.699999809265137
    endloop
  endfacet
  facet normal 0 0 1
    outer loop
      vertex 0 -5.5 -10.699999809265137
      vertex -0.28512096405029297 -6.834287643432617 -10.699999809265137
      vertex 0 -6.81559944152832 -10.699999809265137
    endloop
  endfacet
  facet normal 0 0 1
    outer loop
      vertex -0.45684146881103516 -5.529942512512207 -10.699999809265137
      vertex -0.28512096405029297 -6.834287643432617 -10.699999809265137
      vertex 0 -5.5 -10.699999809265137
    endloop
  endfacet
  facet normal 0 0 1
    outer loop
      vertex -0.45684146881103516 -5.529942512512207 -10.699999809265137
      vertex -0.565363883972168 -6.890030860900879 -10.699999809265137
      vertex -0.28512096405029297 -6.834287643432617 -10.699999809265137
    endloop
  endfacet
  facet normal 0 0 1
    outer loop
      vertex -0.9058666229248047 -5.619258880615234 -10.699999809265137
      vertex -0.565363883972168 -6.890030860900879 -10.699999809265137
      vertex -0.45684146881103516 -5.529942512512207 -10.699999809265137
    endloop
  endfacet
  facet normal 0 0 1
    outer loop
      vertex -0.565363883972168 -6.890030860900879 -10.699999809265137
      vertex -0.9058666229248047 -5.619258880615234 -10.699999809265137
      vertex -0.8359336853027344 -6.981877326965332 -10.699999809265137
    endloop
  endfacet
  facet normal 0 0 1
    outer loop
      vertex -1.3393917083740234 -5.766421318054199 -10.699999809265137
      vertex -0.8359336853027344 -6.981877326965332 -10.699999809265137
      vertex -0.9058666229248047 -5.619258880615234 -10.699999809265137
    endloop
  endfacet
  facet normal 0 0 1
    outer loop
      vertex -0.8359336853027344 -6.981877326965332 -10.699999809265137
      vertex -1.3393917083740234 -5.766421318054199 -10.699999809265137
      vertex -1.0921993255615234 -7.108253479003906 -10.699999809265137
    endloop
  endfacet
  facet normal 0 0 1
    outer loop
      vertex -1.75 -5.968910217285156 -10.699999809265137
      vertex -1.0921993255615234 -7.108253479003906 -10.699999809265137
      vertex -1.3393917083740234 -5.766421318054199 -10.699999809265137
    endloop
  endfacet
  facet normal 0 0 1
    outer loop
      vertex -1.0921993255615234 -7.108253479003906 -10.699999809265137
      vertex -1.75 -5.968910217285156 -10.699999809265137
      vertex -1.329777717590332 -7.266998291015625 -10.699999809265137
    endloop
  endfacet
  facet normal 0 0 1
    outer loop
      vertex -2.130664825439453 -6.223262786865234 -10.699999809265137
      vertex -1.329777717590332 -7.266998291015625 -10.699999809265137
      vertex -1.75 -5.968910217285156 -10.699999809265137
    endloop
  endfacet
  facet normal 0 0 1
    outer loop
      vertex -1.329777717590332 -7.266998291015625 -10.699999809265137
      vertex -2.130664825439453 -6.223262786865234 -10.699999809265137
      vertex -1.5446033477783203 -7.455395698547363 -10.699999809265137
    endloop
  endfacet
  facet normal 0 0 1
    outer loop
      vertex -2.4748735427856445 -6.525125503540039 -10.699999809265137
      vertex -1.5446033477783203 -7.455395698547363 -10.699999809265137
      vertex -2.130664825439453 -6.223262786865234 -10.699999809265137
    endloop
  endfacet
  facet normal 0 0 1
    outer loop
      vertex -1.5446033477783203 -7.455395698547363 -10.699999809265137
      vertex -2.4748735427856445 -6.525125503540039 -10.699999809265137
      vertex -1.7330007553100586 -7.670221328735352 -10.699999809265137
    endloop
  endfacet
  facet normal 0 0 1
    outer loop
      vertex -2.776736259460449 -6.8693342208862305 -10.699999809265137
      vertex -1.7330007553100586 -7.670221328735352 -10.699999809265137
      vertex -2.4748735427856445 -6.525125503540039 -10.699999809265137
    endloop
  endfacet
  facet normal 0 0 1
    outer loop
      vertex -1.7330007553100586 -7.670221328735352 -10.699999809265137
      vertex -2.776736259460449 -6.8693342208862305 -10.699999809265137
      vertex -1.8917455673217773 -7.90779972076416 -10.699999809265137
    endloop
  endfacet
  facet normal 0 0 1
    outer loop
      vertex -3.0310888290405273 -7.25 -10.699999809265137
      vertex -1.8917455673217773 -7.90779972076416 -10.699999809265137
      vertex -2.776736259460449 -6.8693342208862305 -10.699999809265137
    endloop
  endfacet
  facet normal 0 0 1
    outer loop
      vertex -1.8917455673217773 -7.90779972076416 -10.699999809265137
      vertex -3.0310888290405273 -7.25 -10.699999809265137
      vertex -2.0181217193603516 -8.16406536102295 -10.699999809265137
    endloop
  endfacet
  facet normal 0 0 1
    outer loop
      vertex -3.2335777282714844 -7.66060733795166 -10.699999809265137
      vertex -2.0181217193603516 -8.16406536102295 -10.699999809265137
      vertex -3.0310888290405273 -7.25 -10.699999809265137
    endloop
  endfacet
  facet normal 0 0 1
    outer loop
      vertex 3.2335777282714844 -10.339391708374023 -10.699999809265137
      vertex 2.0181217193603516 -9.835933685302734 -10.699999809265137
      vertex 3.0310888290405273 -10.75 -10.699999809265137
    endloop
  endfacet
  facet normal 0 0 1
    outer loop
      vertex 1.8917455673217773 -10.092199325561523 -10.699999809265137
      vertex 3.0310888290405273 -10.75 -10.699999809265137
      vertex 2.0181217193603516 -9.835933685302734 -10.699999809265137
    endloop
  endfacet
  facet normal 0 0 1
    outer loop
      vertex 3.0310888290405273 -10.75 -10.699999809265137
      vertex 1.8917455673217773 -10.092199325561523 -10.699999809265137
      vertex 2.776736259460449 -11.130664825439453 -10.699999809265137
    endloop
  endfacet
  facet normal 0 0 1
    outer loop
      vertex 1.7330007553100586 -10.329777717590332 -10.699999809265137
      vertex 2.776736259460449 -11.130664825439453 -10.699999809265137
      vertex 1.8917455673217773 -10.092199325561523 -10.699999809265137
    endloop
  endfacet
  facet normal 0 0 1
    outer loop
      vertex 2.776736259460449 -11.130664825439453 -10.699999809265137
      vertex 1.7330007553100586 -10.329777717590332 -10.699999809265137
      vertex 2.4748735427856445 -11.474873542785645 -10.699999809265137
    endloop
  endfacet
  facet normal 0 0 1
    outer loop
      vertex 1.5446033477783203 -10.54460334777832 -10.699999809265137
      vertex 2.4748735427856445 -11.474873542785645 -10.699999809265137
      vertex 1.7330007553100586 -10.329777717590332 -10.699999809265137
    endloop
  endfacet
  facet normal 0 0 1
    outer loop
      vertex 2.4748735427856445 -11.474873542785645 -10.699999809265137
      vertex 1.5446033477783203 -10.54460334777832 -10.699999809265137
      vertex 2.130664825439453 -11.77673625946045 -10.699999809265137
    endloop
  endfacet
  facet normal 0 0 1
    outer loop
      vertex 1.329777717590332 -10.733000755310059 -10.699999809265137
      vertex 2.130664825439453 -11.77673625946045 -10.699999809265137
      vertex 1.5446033477783203 -10.54460334777832 -10.699999809265137
    endloop
  endfacet
  facet normal 0 0 1
    outer loop
      vertex 2.130664825439453 -11.77673625946045 -10.699999809265137
      vertex 1.329777717590332 -10.733000755310059 -10.699999809265137
      vertex 1.75 -12.031088829040527 -10.699999809265137
    endloop
  endfacet
  facet normal 0 0 1
    outer loop
      vertex 1.0921993255615234 -10.891745567321777 -10.699999809265137
      vertex 1.75 -12.031088829040527 -10.699999809265137
      vertex 1.329777717590332 -10.733000755310059 -10.699999809265137
    endloop
  endfacet
  facet normal 0 0 1
    outer loop
      vertex 1.75 -12.031088829040527 -10.699999809265137
      vertex 1.0921993255615234 -10.891745567321777 -10.699999809265137
      vertex 1.3393917083740234 -12.233577728271484 -10.699999809265137
    endloop
  endfacet
  facet normal 0 0 1
    outer loop
      vertex 0.8359336853027344 -11.018121719360352 -10.699999809265137
      vertex 1.3393917083740234 -12.233577728271484 -10.699999809265137
      vertex 1.0921993255615234 -10.891745567321777 -10.699999809265137
    endloop
  endfacet
  facet normal 0 0 1
    outer loop
      vertex 1.3393917083740234 -12.233577728271484 -10.699999809265137
      vertex 0.8359336853027344 -11.018121719360352 -10.699999809265137
      vertex 0.9058666229248047 -12.38074016571045 -10.699999809265137
    endloop
  endfacet
  facet normal 0 0 1
    outer loop
      vertex 0.565363883972168 -11.109968185424805 -10.699999809265137
      vertex 0.9058666229248047 -12.38074016571045 -10.699999809265137
      vertex 0.8359336853027344 -11.018121719360352 -10.699999809265137
    endloop
  endfacet
  facet normal 0 0 1
    outer loop
      vertex 0.565363883972168 -11.109968185424805 -10.699999809265137
      vertex 0.45684146881103516 -12.470056533813477 -10.699999809265137
      vertex 0.9058666229248047 -12.38074016571045 -10.699999809265137
    endloop
  endfacet
  facet normal 0 0 1
    outer loop
      vertex 0.28512096405029297 -11.165711402893066 -10.699999809265137
      vertex 0.45684146881103516 -12.470056533813477 -10.699999809265137
      vertex 0.565363883972168 -11.109968185424805 -10.699999809265137
    endloop
  endfacet
  facet normal 0 0 1
    outer loop
      vertex 0 -11.184399604797363 -10.699999809265137
      vertex 0.45684146881103516 -12.470056533813477 -10.699999809265137
      vertex 0.28512096405029297 -11.165711402893066 -10.699999809265137
    endloop
  endfacet
  facet normal 0 0 1
    outer loop
      vertex 0 -11.184399604797363 -10.699999809265137
      vertex 0 -12.5 -10.699999809265137
      vertex 0.45684146881103516 -12.470056533813477 -10.699999809265137
    endloop
  endfacet
  facet normal 0 0 1
    outer loop
      vertex -0.28512096405029297 -11.165711402893066 -10.699999809265137
      vertex 0 -12.5 -10.699999809265137
      vertex 0 -11.184399604797363 -10.699999809265137
    endloop
  endfacet
  facet normal 0 0 1
    outer loop
      vertex -0.28512096405029297 -11.165711402893066 -10.699999809265137
      vertex -0.45684146881103516 -12.470056533813477 -10.699999809265137
      vertex 0 -12.5 -10.699999809265137
    endloop
  endfacet
  facet normal 0 0 1
    outer loop
      vertex -0.565363883972168 -11.109968185424805 -10.699999809265137
      vertex -0.45684146881103516 -12.470056533813477 -10.699999809265137
      vertex -0.28512096405029297 -11.165711402893066 -10.699999809265137
    endloop
  endfacet
  facet normal 0 0 1
    outer loop
      vertex -0.9058666229248047 -12.38074016571045 -10.699999809265137
      vertex -0.565363883972168 -11.109968185424805 -10.699999809265137
      vertex -0.8359336853027344 -11.018121719360352 -10.699999809265137
    endloop
  endfacet
  facet normal 0 0 1
    outer loop
      vertex -0.565363883972168 -11.109968185424805 -10.699999809265137
      vertex -0.9058666229248047 -12.38074016571045 -10.699999809265137
      vertex -0.45684146881103516 -12.470056533813477 -10.699999809265137
    endloop
  endfacet
  facet normal 0 0 1
    outer loop
      vertex -1.3393917083740234 -12.233577728271484 -10.699999809265137
      vertex -0.8359336853027344 -11.018121719360352 -10.699999809265137
      vertex -1.0921993255615234 -10.891745567321777 -10.699999809265137
    endloop
  endfacet
  facet normal 0 0 1
    outer loop
      vertex -1.75 -12.031088829040527 -10.699999809265137
      vertex -1.0921993255615234 -10.891745567321777 -10.699999809265137
      vertex -1.329777717590332 -10.733000755310059 -10.699999809265137
    endloop
  endfacet
  facet normal 0 0 1
    outer loop
      vertex -0.8359336853027344 -11.018121719360352 -10.699999809265137
      vertex -1.3393917083740234 -12.233577728271484 -10.699999809265137
      vertex -0.9058666229248047 -12.38074016571045 -10.699999809265137
    endloop
  endfacet
  facet normal 0 0 1
    outer loop
      vertex -2.130664825439453 -11.77673625946045 -10.699999809265137
      vertex -1.329777717590332 -10.733000755310059 -10.699999809265137
      vertex -1.5446033477783203 -10.54460334777832 -10.699999809265137
    endloop
  endfacet
  facet normal 0 0 1
    outer loop
      vertex -2.4748735427856445 -11.474873542785645 -10.699999809265137
      vertex -1.5446033477783203 -10.54460334777832 -10.699999809265137
      vertex -1.7330007553100586 -10.329777717590332 -10.699999809265137
    endloop
  endfacet
  facet normal 0 0 1
    outer loop
      vertex -1.0921993255615234 -10.891745567321777 -10.699999809265137
      vertex -1.75 -12.031088829040527 -10.699999809265137
      vertex -1.3393917083740234 -12.233577728271484 -10.699999809265137
    endloop
  endfacet
  facet normal 0 0 1
    outer loop
      vertex -2.776736259460449 -11.130664825439453 -10.699999809265137
      vertex -1.7330007553100586 -10.329777717590332 -10.699999809265137
      vertex -1.8917455673217773 -10.092199325561523 -10.699999809265137
    endloop
  endfacet
  facet normal 0 0 1
    outer loop
      vertex -3.0310888290405273 -10.75 -10.699999809265137
      vertex -1.8917455673217773 -10.092199325561523 -10.699999809265137
      vertex -2.0181217193603516 -9.835933685302734 -10.699999809265137
    endloop
  endfacet
  facet normal 0 0 1
    outer loop
      vertex -3.2335777282714844 -10.339391708374023 -10.699999809265137
      vertex -2.0181217193603516 -9.835933685302734 -10.699999809265137
      vertex -2.1099681854248047 -9.565363883972168 -10.699999809265137
    endloop
  endfacet
  facet normal 0 0 1
    outer loop
      vertex -1.329777717590332 -10.733000755310059 -10.699999809265137
      vertex -2.130664825439453 -11.77673625946045 -10.699999809265137
      vertex -1.75 -12.031088829040527 -10.699999809265137
    endloop
  endfacet
  facet normal 0 0 1
    outer loop
      vertex -3.380740165710449 -9.905866622924805 -10.699999809265137
      vertex -2.1099681854248047 -9.565363883972168 -10.699999809265137
      vertex -2.1657114028930664 -9.285120964050293 -10.699999809265137
    endloop
  endfacet
  facet normal 0 0 1
    outer loop
      vertex -3.4700565338134766 -9.456841468811035 -10.699999809265137
      vertex -2.1657114028930664 -9.285120964050293 -10.699999809265137
      vertex -2.1843996047973633 -9 -10.699999809265137
    endloop
  endfacet
  facet normal 0 0 1
    outer loop
      vertex -2.0181217193603516 -8.16406536102295 -10.699999809265137
      vertex -3.2335777282714844 -7.66060733795166 -10.699999809265137
      vertex -2.1099681854248047 -8.434635162353516 -10.699999809265137
    endloop
  endfacet
  facet normal 0 0 1
    outer loop
      vertex -1.5446033477783203 -10.54460334777832 -10.699999809265137
      vertex -2.4748735427856445 -11.474873542785645 -10.699999809265137
      vertex -2.130664825439453 -11.77673625946045 -10.699999809265137
    endloop
  endfacet
  facet normal 0 0 1
    outer loop
      vertex -3.380740165710449 -8.094132423400879 -10.699999809265137
      vertex -2.1099681854248047 -8.434635162353516 -10.699999809265137
      vertex -3.2335777282714844 -7.66060733795166 -10.699999809265137
    endloop
  endfacet
  facet normal 0 0 1
    outer loop
      vertex -1.7330007553100586 -10.329777717590332 -10.699999809265137
      vertex -2.776736259460449 -11.130664825439453 -10.699999809265137
      vertex -2.4748735427856445 -11.474873542785645 -10.699999809265137
    endloop
  endfacet
  facet normal 0 0 1
    outer loop
      vertex -2.1099681854248047 -8.434635162353516 -10.699999809265137
      vertex -3.380740165710449 -8.094132423400879 -10.699999809265137
      vertex -2.1657114028930664 -8.71487808227539 -10.699999809265137
    endloop
  endfacet
  facet normal 0 0 1
    outer loop
      vertex -1.8917455673217773 -10.092199325561523 -10.699999809265137
      vertex -3.0310888290405273 -10.75 -10.699999809265137
      vertex -2.776736259460449 -11.130664825439453 -10.699999809265137
    endloop
  endfacet
  facet normal 0 0 1
    outer loop
      vertex -3.4700565338134766 -8.543157577514648 -10.699999809265137
      vertex -2.1657114028930664 -8.71487808227539 -10.699999809265137
      vertex -3.380740165710449 -8.094132423400879 -10.699999809265137
    endloop
  endfacet
  facet normal 0 0 1
    outer loop
      vertex -2.0181217193603516 -9.835933685302734 -10.699999809265137
      vertex -3.2335777282714844 -10.339391708374023 -10.699999809265137
      vertex -3.0310888290405273 -10.75 -10.699999809265137
    endloop
  endfacet
  facet normal 0 0 1
    outer loop
      vertex -2.1657114028930664 -8.71487808227539 -10.699999809265137
      vertex -3.4700565338134766 -8.543157577514648 -10.699999809265137
      vertex -2.1843996047973633 -9 -10.699999809265137
    endloop
  endfacet
  facet normal 0 0 1
    outer loop
      vertex -2.1099681854248047 -9.565363883972168 -10.699999809265137
      vertex -3.380740165710449 -9.905866622924805 -10.699999809265137
      vertex -3.2335777282714844 -10.339391708374023 -10.699999809265137
    endloop
  endfacet
  facet normal 0 0 1
    outer loop
      vertex -3.5 -9 -10.699999809265137
      vertex -2.1843996047973633 -9 -10.699999809265137
      vertex -3.4700565338134766 -8.543157577514648 -10.699999809265137
    endloop
  endfacet
  facet normal 0 0 1
    outer loop
      vertex -2.1657114028930664 -9.285120964050293 -10.699999809265137
      vertex -3.4700565338134766 -9.456841468811035 -10.699999809265137
      vertex -3.380740165710449 -9.905866622924805 -10.699999809265137
    endloop
  endfacet
  facet normal 0 0 1
    outer loop
      vertex -2.1843996047973633 -9 -10.699999809265137
      vertex -3.5 -9 -10.699999809265137
      vertex -3.4700565338134766 -9.456841468811035 -10.699999809265137
    endloop
  endfacet
  facet normal -0.8968733494932567 0.4422874573947884 0
    outer loop
      vertex 3.0310888290405273 -10.75 -10.699999809265137
      vertex 3.2335777282714844 -10.339391708374023 -3.500000238418579
      vertex 3.2335777282714844 -10.339391708374023 -10.699999809265137
    endloop
  endfacet
  facet normal -0.8968733494932567 0.4422874573947884 0
    outer loop
      vertex 3.2335777282714844 -10.339391708374023 -3.500000238418579
      vertex 3.0310888290405273 -10.75 -10.699999809265137
      vertex 3.0310888290405273 -10.75 -3.500000238418579
    endloop
  endfacet
  facet normal 0.9469297965007059 -0.32144044627136115 0
    outer loop
      vertex -3.380740165710449 -8.094132423400879 -3.500000238418579
      vertex -3.2335777282714844 -7.66060733795166 -10.699999809265137
      vertex -3.2335777282714844 -7.66060733795166 -3.500000238418579
    endloop
  endfacet
  facet normal 0.9469297965007059 -0.32144044627136115 0
    outer loop
      vertex -3.2335777282714844 -7.66060733795166 -10.699999809265137
      vertex -3.380740165710449 -8.094132423400879 -3.500000238418579
      vertex -3.380740165710449 -8.094132423400879 -10.699999809265137
    endloop
  endfacet
  facet normal 0.19508971623170607 -0.9807854009010495 0
    outer loop
      vertex -0.9058666229248047 -5.619258880615234 -10.699999809265137
      vertex -0.45684146881103516 -5.529942512512207 -5
      vertex -0.9058666229248047 -5.619258880615234 -5
    endloop
  endfacet
  facet normal 0.19508971623170607 -0.9807854009010495 0
    outer loop
      vertex -0.45684146881103516 -5.529942512512207 -5
      vertex -0.9058666229248047 -5.619258880615234 -10.699999809265137
      vertex -0.45684146881103516 -5.529942512512207 -10.699999809265137
    endloop
  endfacet
  facet normal -0.06540420442671842 0.997858852765915 0
    outer loop
      vertex 0.45684146881103516 -12.470056533813477 -10.699999809265137
      vertex 0 -12.5 -8
      vertex 0.45684146881103516 -12.470056533813477 -8
    endloop
  endfacet
  facet normal -0.06540420442671842 0.997858852765915 0
    outer loop
      vertex 0 -12.5 -8
      vertex 0.45684146881103516 -12.470056533813477 -10.699999809265137
      vertex 0 -12.5 -10.699999809265137
    endloop
  endfacet
  facet normal 0.7518400709777298 0.6593455146372063 0
    outer loop
      vertex -2.5 -11.446222305297852 -8
      vertex -2.776736259460449 -11.130664825439453 -3.500000238418579
      vertex -2.5 -11.446222305297852 -3.500000238418579
    endloop
  endfacet
  facet normal 0.7518400709777296 0.6593455146372061 0
    outer loop
      vertex -2.776736259460449 -11.130664825439453 -3.500000238418579
      vertex -2.5 -11.446222305297852 -8
      vertex -2.776736259460449 -11.130664825439453 -10.699999809265137
    endloop
  endfacet
  facet normal 0.7518398555843787 0.6593457602463677 0
    outer loop
      vertex -2.4748735427856445 -11.474873542785645 -10.699999809265137
      vertex -2.5 -11.446222305297852 -8
      vertex -2.4748735427856445 -11.474873542785645 -8
    endloop
  endfacet
  facet normal 0.7518400530488211 0.6593455350812242 4.226978767568109e-9
    outer loop
      vertex -2.5 -11.446222305297852 -8
      vertex -2.4748735427856445 -11.474873542785645 -10.699999809265137
      vertex -2.776736259460449 -11.130664825439453 -10.699999809265137
    endloop
  endfacet
  facet normal -0.9978588527659149 0.0654042044267184 0
    outer loop
      vertex 3.4700565338134766 -9.456841468811035 -10.699999809265137
      vertex 3.5 -9 -3.500000238418579
      vertex 3.5 -9 -10.699999809265137
    endloop
  endfacet
  facet normal -0.9978588527659149 0.0654042044267184 0
    outer loop
      vertex 3.5 -9 -3.500000238418579
      vertex 3.4700565338134766 -9.456841468811035 -10.699999809265137
      vertex 3.4700565338134766 -9.456841468811035 -3.500000238418579
    endloop
  endfacet
  facet normal -0.5555709352218309 -0.8314691431055878 0
    outer loop
      vertex 1.75 -5.968910217285156 -10.699999809265137
      vertex 2.130664825439453 -6.223262786865234 -5
      vertex 1.75 -5.968910217285156 -5
    endloop
  endfacet
  facet normal -0.5555709352218309 -0.8314691431055878 0
    outer loop
      vertex 2.130664825439453 -6.223262786865234 -5
      vertex 1.75 -5.968910217285156 -10.699999809265137
      vertex 2.130664825439453 -6.223262786865234 -10.699999809265137
    endloop
  endfacet
  facet normal 0.4422874573947884 0.8968733494932567 0
    outer loop
      vertex -1.3393917083740234 -12.233577728271484 -10.699999809265137
      vertex -1.75 -12.031088829040527 -8
      vertex -1.3393917083740234 -12.233577728271484 -8
    endloop
  endfacet
  facet normal 0.4422874573947884 0.8968733494932567 0
    outer loop
      vertex -1.75 -12.031088829040527 -8
      vertex -1.3393917083740234 -12.233577728271484 -10.699999809265137
      vertex -1.75 -12.031088829040527 -10.699999809265137
    endloop
  endfacet
  facet normal -0.3214404462713611 -0.9469297965007059 0
    outer loop
      vertex 0.9058666229248047 -5.619258880615234 -10.699999809265137
      vertex 1.3393917083740234 -5.766421318054199 -5
      vertex 0.9058666229248047 -5.619258880615234 -5
    endloop
  endfacet
  facet normal -0.3214404462713611 -0.9469297965007059 0
    outer loop
      vertex 1.3393917083740234 -5.766421318054199 -5
      vertex 0.9058666229248047 -5.619258880615234 -10.699999809265137
      vertex 1.3393917083740234 -5.766421318054199 -10.699999809265137
    endloop
  endfacet
  facet normal 0.8314697860617771 -0.5555699729704464 0
    outer loop
      vertex -3.0310888290405273 -7.25 -3.500000238418579
      vertex -2.776736259460449 -6.8693342208862305 -10.699999809265137
      vertex -2.776736259460449 -6.8693342208862305 -3.500000238418579
    endloop
  endfacet
  facet normal 0.8314697860617771 -0.5555699729704464 0
    outer loop
      vertex -2.776736259460449 -6.8693342208862305 -10.699999809265137
      vertex -3.0310888290405273 -7.25 -3.500000238418579
      vertex -3.0310888290405273 -7.25 -10.699999809265137
    endloop
  endfacet
  facet normal -0.6593455350812242 -0.7518400530488211 0
    outer loop
      vertex 2.130664825439453 -6.223262786865234 -10.699999809265137
      vertex 2.4748735427856445 -6.525125503540039 -5
      vertex 2.130664825439453 -6.223262786865234 -5
    endloop
  endfacet
  facet normal -0.6593455350812242 -0.7518400530488211 0
    outer loop
      vertex 2.4748735427856445 -6.525125503540039 -5
      vertex 2.130664825439453 -6.223262786865234 -10.699999809265137
      vertex 2.4748735427856445 -6.525125503540039 -10.699999809265137
    endloop
  endfacet
  facet normal 0.5555709352218309 -0.8314691431055878 0
    outer loop
      vertex -2.130664825439453 -6.223262786865234 -10.699999809265137
      vertex -1.75 -5.968910217285156 -5
      vertex -2.130664825439453 -6.223262786865234 -5
    endloop
  endfacet
  facet normal 0.5555709352218309 -0.8314691431055878 0
    outer loop
      vertex -1.75 -5.968910217285156 -5
      vertex -2.130664825439453 -6.223262786865234 -10.699999809265137
      vertex -1.75 -5.968910217285156 -10.699999809265137
    endloop
  endfacet
  facet normal 0.0654021302679338 -0.9978589887135437 0
    outer loop
      vertex -0.45684146881103516 -5.529942512512207 -10.699999809265137
      vertex 0 -5.5 -5
      vertex -0.45684146881103516 -5.529942512512207 -5
    endloop
  endfacet
  facet normal 0.0654021302679338 -0.9978589887135437 0
    outer loop
      vertex 0 -5.5 -5
      vertex -0.45684146881103516 -5.529942512512207 -10.699999809265137
      vertex 0 -5.5 -10.699999809265137
    endloop
  endfacet
  facet normal -0.0654021302679338 -0.9978589887135437 0
    outer loop
      vertex 0 -5.5 -10.699999809265137
      vertex 0.45684146881103516 -5.529942512512207 -5
      vertex 0 -5.5 -5
    endloop
  endfacet
  facet normal -0.0654021302679338 -0.9978589887135437 0
    outer loop
      vertex 0.45684146881103516 -5.529942512512207 -5
      vertex 0 -5.5 -10.699999809265137
      vertex 0.45684146881103516 -5.529942512512207 -10.699999809265137
    endloop
  endfacet
  facet normal -0.7518398555843787 -0.6593457602463677 0
    outer loop
      vertex 2.4748735427856445 -6.525125503540039 -10.699999809265137
      vertex 2.5 -6.553776741027832 -5
      vertex 2.4748735427856445 -6.525125503540039 -5
    endloop
  endfacet
  facet normal -0.7518400530488211 -0.6593455350812242 2.002253025982655e-9
    outer loop
      vertex 2.776736259460449 -6.8693342208862305 -10.699999809265137
      vertex 2.5 -6.553776741027832 -5
      vertex 2.4748735427856445 -6.525125503540039 -10.699999809265137
    endloop
  endfacet
  facet normal -0.7518400709777296 -0.6593455146372061 0
    outer loop
      vertex 2.776736259460449 -6.8693342208862305 -3.500000238418579
      vertex 2.5 -6.553776741027832 -5
      vertex 2.776736259460449 -6.8693342208862305 -10.699999809265137
    endloop
  endfacet
  facet normal -0.7518400709777296 -0.6593455146372063 0
    outer loop
      vertex 2.5 -6.553776741027832 -5
      vertex 2.776736259460449 -6.8693342208862305 -3.500000238418579
      vertex 2.5 -6.553776741027832 -3.500000238418579
    endloop
  endfacet
  facet normal 0.3214404462713611 -0.9469297965007059 0
    outer loop
      vertex -1.3393917083740234 -5.766421318054199 -10.699999809265137
      vertex -0.9058666229248047 -5.619258880615234 -5
      vertex -1.3393917083740234 -5.766421318054199 -5
    endloop
  endfacet
  facet normal 0.3214404462713611 -0.9469297965007059 0
    outer loop
      vertex -0.9058666229248047 -5.619258880615234 -5
      vertex -1.3393917083740234 -5.766421318054199 -10.699999809265137
      vertex -0.9058666229248047 -5.619258880615234 -10.699999809265137
    endloop
  endfacet
  facet normal -0.8314697860617771 -0.5555699729704464 0
    outer loop
      vertex 3.0310888290405273 -7.25 -10.699999809265137
      vertex 2.776736259460449 -6.8693342208862305 -3.500000238418579
      vertex 2.776736259460449 -6.8693342208862305 -10.699999809265137
    endloop
  endfacet
  facet normal -0.8314697860617771 -0.5555699729704464 0
    outer loop
      vertex 2.776736259460449 -6.8693342208862305 -3.500000238418579
      vertex 3.0310888290405273 -7.25 -10.699999809265137
      vertex 3.0310888290405273 -7.25 -3.500000238418579
    endloop
  endfacet
  facet normal -0.8968729420060717 -0.44228828369896195 0
    outer loop
      vertex 3.2335777282714844 -7.66060733795166 -10.699999809265137
      vertex 3.0310888290405273 -7.25 -3.500000238418579
      vertex 3.0310888290405273 -7.25 -10.699999809265137
    endloop
  endfacet
  facet normal -0.8968729420060717 -0.44228828369896195 0
    outer loop
      vertex 3.0310888290405273 -7.25 -3.500000238418579
      vertex 3.2335777282714844 -7.66060733795166 -10.699999809265137
      vertex 3.2335777282714844 -7.66060733795166 -3.500000238418579
    endloop
  endfacet
  facet normal -0.9469297965007059 -0.32144044627136115 0
    outer loop
      vertex 3.380740165710449 -8.094132423400879 -10.699999809265137
      vertex 3.2335777282714844 -7.66060733795166 -3.500000238418579
      vertex 3.2335777282714844 -7.66060733795166 -10.699999809265137
    endloop
  endfacet
  facet normal -0.9469297965007059 -0.32144044627136115 0
    outer loop
      vertex 3.2335777282714844 -7.66060733795166 -3.500000238418579
      vertex 3.380740165710449 -8.094132423400879 -10.699999809265137
      vertex 3.380740165710449 -8.094132423400879 -3.500000238418579
    endloop
  endfacet
  facet normal -0.9469297965007059 0.32144044627136115 0
    outer loop
      vertex 3.2335777282714844 -10.339391708374023 -10.699999809265137
      vertex 3.380740165710449 -9.905866622924805 -3.500000238418579
      vertex 3.380740165710449 -9.905866622924805 -10.699999809265137
    endloop
  endfacet
  facet normal -0.9469297965007059 0.32144044627136115 0
    outer loop
      vertex 3.380740165710449 -9.905866622924805 -3.500000238418579
      vertex 3.2335777282714844 -10.339391708374023 -10.699999809265137
      vertex 3.2335777282714844 -10.339391708374023 -3.500000238418579
    endloop
  endfacet
  facet normal -0.9978586558054274 -0.06540720934411837 0
    outer loop
      vertex 5.309309959411621 4.509309768676758 -5
      vertex 5.302465438842773 4.613730430603027 -3.500000238418579
      vertex 5.302465438842773 4.613730430603027 -5
    endloop
  endfacet
  facet normal -0.9978586558054274 -0.06540720934411837 0
    outer loop
      vertex 5.302465438842773 4.613730430603027 -3.500000238418579
      vertex 5.309309959411621 4.509309768676758 -5
      vertex 5.309309959411621 4.509309768676758 -3.500000238418579
    endloop
  endfacet
  facet normal -0.32143950806452687 -0.946930114979577 0
    outer loop
      vertex 4.716364860534668 5.282050132751465 -5
      vertex 4.815456390380859 5.2484130859375 -3.500000238418579
      vertex 4.716364860534668 5.282050132751465 -3.500000238418579
    endloop
  endfacet
  facet normal -0.32143950806452687 -0.946930114979577 0
    outer loop
      vertex 4.815456390380859 5.2484130859375 -3.500000238418579
      vertex 4.716364860534668 5.282050132751465 -5
      vertex 4.815456390380859 5.2484130859375 -5
    endloop
  endfacet
  facet normal -0.946930114979577 0.32143950806452687 0
    outer loop
      vertex 5.2484130859375 4.203163146972656 -5
      vertex 5.282050132751465 4.302254676818848 -3.500000238418579
      vertex 5.282050132751465 4.302254676818848 -5
    endloop
  endfacet
  facet normal -0.946930114979577 0.32143950806452687 0
    outer loop
      vertex 5.282050132751465 4.302254676818848 -3.500000238418579
      vertex 5.2484130859375 4.203163146972656 -5
      vertex 5.2484130859375 4.203163146972656 -3.500000238418579
    endloop
  endfacet
  facet normal -0.8968742875842073 -0.4422855551228424 0
    outer loop
      vertex 5.2484130859375 4.815456390380859 -5
      vertex 5.202130317687988 4.909309387207031 -3.500000238418579
      vertex 5.202130317687988 4.909309387207031 -5
    endloop
  endfacet
  facet normal -0.8968742875842073 -0.4422855551228424 0
    outer loop
      vertex 5.202130317687988 4.909309387207031 -3.500000238418579
      vertex 5.2484130859375 4.815456390380859 -5
      vertex 5.2484130859375 4.815456390380859 -3.500000238418579
    endloop
  endfacet
  facet normal -0.9807848445664068 0.1950925131030122 0
    outer loop
      vertex 5.282050132751465 4.302254676818848 -5
      vertex 5.302465438842773 4.404888153076172 -3.500000238418579
      vertex 5.302465438842773 4.404888153076172 -5
    endloop
  endfacet
  facet normal -0.9807848445664068 0.1950925131030122 0
    outer loop
      vertex 5.302465438842773 4.404888153076172 -3.500000238418579
      vertex 5.282050132751465 4.302254676818848 -5
      vertex 5.282050132751465 4.302254676818848 -3.500000238418579
    endloop
  endfacet
  facet normal 0.4422819400693621 -0.8968760703065285 0
    outer loop
      vertex 4.109309196472168 5.202130317687988 -5
      vertex 4.203163146972656 5.2484130859375 -3.500000238418579
      vertex 4.109309196472168 5.202130317687988 -3.500000238418579
    endloop
  endfacet
  facet normal 0.4422819400693621 -0.8968760703065285 0
    outer loop
      vertex 4.203163146972656 5.2484130859375 -3.500000238418579
      vertex 4.109309196472168 5.202130317687988 -5
      vertex 4.203163146972656 5.2484130859375 -5
    endloop
  endfacet
  facet normal -0.5555705719267222 -0.8314693858519475 0
    outer loop
      vertex 4.909309387207031 5.202130317687988 -5
      vertex 4.996318817138672 5.1439924240112305 -3.500000238418579
      vertex 4.909309387207031 5.202130317687988 -3.500000238418579
    endloop
  endfacet
  facet normal -0.5555705719267222 -0.8314693858519475 0
    outer loop
      vertex 4.996318817138672 5.1439924240112305 -3.500000238418579
      vertex 4.909309387207031 5.202130317687988 -5
      vertex 4.996318817138672 5.1439924240112305 -5
    endloop
  endfacet
  facet normal -0.9807851914311653 -0.19509076930837163 0
    outer loop
      vertex 5.302465438842773 4.613730430603027 -5
      vertex 5.282050132751465 4.716364860534668 -3.500000238418579
      vertex 5.282050132751465 4.716364860534668 -5
    endloop
  endfacet
  facet normal -0.9807851914311653 -0.19509076930837163 0
    outer loop
      vertex 5.282050132751465 4.716364860534668 -3.500000238418579
      vertex 5.302465438842773 4.613730430603027 -5
      vertex 5.302465438842773 4.613730430603027 -3.500000238418579
    endloop
  endfacet
  facet normal -0.946930114979577 -0.32143950806452687 0
    outer loop
      vertex 5.282050132751465 4.716364860534668 -5
      vertex 5.2484130859375 4.815456390380859 -3.500000238418579
      vertex 5.2484130859375 4.815456390380859 -5
    endloop
  endfacet
  facet normal -0.946930114979577 -0.32143950806452687 0
    outer loop
      vertex 5.2484130859375 4.815456390380859 -3.500000238418579
      vertex 5.282050132751465 4.716364860534668 -5
      vertex 5.282050132751465 4.716364860534668 -3.500000238418579
    endloop
  endfacet
  facet normal -0.9978586947931609 0.06540661454080147 0
    outer loop
      vertex 5.302465438842773 4.404888153076172 -5
      vertex 5.309309959411621 4.509309768676758 -3.500000238418579
      vertex 5.309309959411621 4.509309768676758 -5
    endloop
  endfacet
  facet normal -0.9978586947931609 0.06540661454080147 0
    outer loop
      vertex 5.309309959411621 4.509309768676758 -3.500000238418579
      vertex 5.302465438842773 4.404888153076172 -5
      vertex 5.302465438842773 4.404888153076172 -3.500000238418579
    endloop
  endfacet
  facet normal -0.7518397210645019 -0.65934591363688 0
    outer loop
      vertex 5.1439924240112305 4.996318817138672 -5
      vertex 5.074999809265137 5.0749897956848145 -3.500000238418579
      vertex 5.074999809265137 5.0749897956848145 -5
    endloop
  endfacet
  facet normal -0.7518397210645019 -0.65934591363688 0
    outer loop
      vertex 5.074999809265137 5.0749897956848145 -3.500000238418579
      vertex 5.1439924240112305 4.996318817138672 -5
      vertex 5.1439924240112305 4.996318817138672 -3.500000238418579
    endloop
  endfacet
  facet normal -0.19509076930837163 -0.9807851914311653 0
    outer loop
      vertex 4.613730430603027 5.302465438842773 -5
      vertex 4.716364860534668 5.282050132751465 -3.500000238418579
      vertex 4.613730430603027 5.302465438842773 -3.500000238418579
    endloop
  endfacet
  facet normal -0.19509076930837163 -0.9807851914311653 0
    outer loop
      vertex 4.716364860534668 5.282050132751465 -3.500000238418579
      vertex 4.613730430603027 5.302465438842773 -5
      vertex 4.716364860534668 5.282050132751465 -5
    endloop
  endfacet
  facet normal -0.8968760703065285 0.4422819400693621 0
    outer loop
      vertex 5.202130317687988 4.109309196472168 -5
      vertex 5.2484130859375 4.203163146972656 -3.500000238418579
      vertex 5.2484130859375 4.203163146972656 -5
    endloop
  endfacet
  facet normal -0.8968760703065285 0.4422819400693621 0
    outer loop
      vertex 5.2484130859375 4.203163146972656 -3.500000238418579
      vertex 5.202130317687988 4.109309196472168 -5
      vertex 5.202130317687988 4.109309196472168 -3.500000238418579
    endloop
  endfacet
  facet normal -0.4422855551228424 -0.8968742875842073 0
    outer loop
      vertex 4.815456390380859 5.2484130859375 -5
      vertex 4.909309387207031 5.202130317687988 -3.500000238418579
      vertex 4.815456390380859 5.2484130859375 -3.500000238418579
    endloop
  endfacet
  facet normal -0.4422855551228424 -0.8968742875842073 0
    outer loop
      vertex 4.909309387207031 5.202130317687988 -3.500000238418579
      vertex 4.815456390380859 5.2484130859375 -5
      vertex 4.909309387207031 5.202130317687988 -5
    endloop
  endfacet
  facet normal -0.8314693858519475 -0.5555705719267222 0
    outer loop
      vertex 5.202130317687988 4.909309387207031 -5
      vertex 5.1439924240112305 4.996318817138672 -3.500000238418579
      vertex 5.1439924240112305 4.996318817138672 -5
    endloop
  endfacet
  facet normal -0.8314693858519475 -0.5555705719267222 0
    outer loop
      vertex 5.1439924240112305 4.996318817138672 -3.500000238418579
      vertex 5.202130317687988 4.909309387207031 -5
      vertex 5.202130317687988 4.909309387207031 -3.500000238418579
    endloop
  endfacet
  facet normal -0.06540720934411837 -0.9978586558054274 0
    outer loop
      vertex 4.509309768676758 5.309309959411621 -5
      vertex 4.613730430603027 5.302465438842773 -3.500000238418579
      vertex 4.509309768676758 5.309309959411621 -3.500000238418579
    endloop
  endfacet
  facet normal -0.06540720934411837 -0.9978586558054274 0
    outer loop
      vertex 4.613730430603027 5.302465438842773 -3.500000238418579
      vertex 4.509309768676758 5.309309959411621 -5
      vertex 4.613730430603027 5.302465438842773 -5
    endloop
  endfacet
  facet normal -0.65934591363688 -0.7518397210645019 0
    outer loop
      vertex 4.996318817138672 5.1439924240112305 -5
      vertex 5.0749897956848145 5.074999809265137 -3.500000238418579
      vertex 4.996318817138672 5.1439924240112305 -3.500000238418579
    endloop
  endfacet
  facet normal -0.65934591363688 -0.7518397210645019 0
    outer loop
      vertex 5.0749897956848145 5.074999809265137 -3.500000238418579
      vertex 4.996318817138672 5.1439924240112305 -5
      vertex 5.0749897956848145 5.074999809265137 -5
    endloop
  endfacet
  facet normal 0.06540661454080147 -0.9978586947931609 0
    outer loop
      vertex 4.404888153076172 5.302465438842773 -5
      vertex 4.509309768676758 5.309309959411621 -3.500000238418579
      vertex 4.404888153076172 5.302465438842773 -3.500000238418579
    endloop
  endfacet
  facet normal 0.06540661454080147 -0.9978586947931609 0
    outer loop
      vertex 4.509309768676758 5.309309959411621 -3.500000238418579
      vertex 4.404888153076172 5.302465438842773 -5
      vertex 4.509309768676758 5.309309959411621 -5
    endloop
  endfacet
  facet normal 0.1950925131030122 -0.9807848445664068 0
    outer loop
      vertex 4.302254676818848 5.282050132751465 -5
      vertex 4.404888153076172 5.302465438842773 -3.500000238418579
      vertex 4.302254676818848 5.282050132751465 -3.500000238418579
    endloop
  endfacet
  facet normal 0.1950925131030122 -0.9807848445664068 0
    outer loop
      vertex 4.404888153076172 5.302465438842773 -3.500000238418579
      vertex 4.302254676818848 5.282050132751465 -5
      vertex 4.404888153076172 5.302465438842773 -5
    endloop
  endfacet
  facet normal -0.8314665728927664 0.5555747817908568 0
    outer loop
      vertex 5.1439924240112305 4.022300720214844 -5
      vertex 5.202130317687988 4.109309196472168 -3.500000238418579
      vertex 5.202130317687988 4.109309196472168 -5
    endloop
  endfacet
  facet normal -0.8314665728927664 0.5555747817908568 0
    outer loop
      vertex 5.202130317687988 4.109309196472168 -3.500000238418579
      vertex 5.1439924240112305 4.022300720214844 -5
      vertex 5.1439924240112305 4.022300720214844 -3.500000238418579
    endloop
  endfacet
  facet normal -0.7518387305095723 0.6593470431462894 0
    outer loop
      vertex 5.074999809265137 3.9436299800872803 -5
      vertex 5.1439924240112305 4.022300720214844 -3.500000238418579
      vertex 5.1439924240112305 4.022300720214844 -5
    endloop
  endfacet
  facet normal -0.7518387305095723 0.6593470431462894 0
    outer loop
      vertex 5.1439924240112305 4.022300720214844 -3.500000238418579
      vertex 5.074999809265137 3.9436299800872803 -5
      vertex 5.074999809265137 3.9436299800872803 -3.500000238418579
    endloop
  endfacet
  facet normal 0.6593470431462894 -0.7518387305095723 0
    outer loop
      vertex 3.9436299800872803 5.074999809265137 -5
      vertex 4.022300720214844 5.1439924240112305 -3.500000238418579
      vertex 3.9436299800872803 5.074999809265137 -3.500000238418579
    endloop
  endfacet
  facet normal 0.6593470431462894 -0.7518387305095723 0
    outer loop
      vertex 4.022300720214844 5.1439924240112305 -3.500000238418579
      vertex 3.9436299800872803 5.074999809265137 -5
      vertex 4.022300720214844 5.1439924240112305 -5
    endloop
  endfacet
  facet normal 0.5555747817908568 -0.8314665728927664 0
    outer loop
      vertex 4.022300720214844 5.1439924240112305 -5
      vertex 4.109309196472168 5.202130317687988 -3.500000238418579
      vertex 4.022300720214844 5.1439924240112305 -3.500000238418579
    endloop
  endfacet
  facet normal 0.5555747817908568 -0.8314665728927664 0
    outer loop
      vertex 4.109309196472168 5.202130317687988 -3.500000238418579
      vertex 4.022300720214844 5.1439924240112305 -5
      vertex 4.109309196472168 5.202130317687988 -5
    endloop
  endfacet
  facet normal 0.32143950806452687 -0.946930114979577 0
    outer loop
      vertex 4.203163146972656 5.2484130859375 -5
      vertex 4.302254676818848 5.282050132751465 -3.500000238418579
      vertex 4.203163146972656 5.2484130859375 -3.500000238418579
    endloop
  endfacet
  facet normal 0.32143950806452687 -0.946930114979577 0
    outer loop
      vertex 4.302254676818848 5.282050132751465 -3.500000238418579
      vertex 4.203163146972656 5.2484130859375 -5
      vertex 4.302254676818848 5.282050132751465 -5
    endloop
  endfacet
  facet normal -0.06540661454080147 -0.9978586947931609 0
    outer loop
      vertex -4.509309768676758 5.309309959411621 -5
      vertex -4.404888153076172 5.302465438842773 -3.500000238418579
      vertex -4.509309768676758 5.309309959411621 -3.500000238418579
    endloop
  endfacet
  facet normal -0.06540661454080147 -0.9978586947931609 0
    outer loop
      vertex -4.404888153076172 5.302465438842773 -3.500000238418579
      vertex -4.509309768676758 5.309309959411621 -5
      vertex -4.404888153076172 5.302465438842773 -5
    endloop
  endfacet
  facet normal 0.5555705719267222 -0.8314693858519475 0
    outer loop
      vertex -4.996318817138672 5.1439924240112305 -5
      vertex -4.909309387207031 5.202130317687988 -3.500000238418579
      vertex -4.996318817138672 5.1439924240112305 -3.500000238418579
    endloop
  endfacet
  facet normal 0.5555705719267222 -0.8314693858519475 0
    outer loop
      vertex -4.909309387207031 5.202130317687988 -3.500000238418579
      vertex -4.996318817138672 5.1439924240112305 -5
      vertex -4.909309387207031 5.202130317687988 -5
    endloop
  endfacet
  facet normal 0.06540720934411837 -0.9978586558054274 0
    outer loop
      vertex -4.613730430603027 5.302465438842773 -5
      vertex -4.509309768676758 5.309309959411621 -3.500000238418579
      vertex -4.613730430603027 5.302465438842773 -3.500000238418579
    endloop
  endfacet
  facet normal 0.06540720934411837 -0.9978586558054274 0
    outer loop
      vertex -4.509309768676758 5.309309959411621 -3.500000238418579
      vertex -4.613730430603027 5.302465438842773 -5
      vertex -4.509309768676758 5.309309959411621 -5
    endloop
  endfacet
  facet normal 0.9807848445664068 0.1950925131030122 0
    outer loop
      vertex -5.282050132751465 4.302254676818848 -3.500000238418579
      vertex -5.302465438842773 4.404888153076172 -5
      vertex -5.302465438842773 4.404888153076172 -3.500000238418579
    endloop
  endfacet
  facet normal 0.9807848445664068 0.1950925131030122 0
    outer loop
      vertex -5.302465438842773 4.404888153076172 -5
      vertex -5.282050132751465 4.302254676818848 -3.500000238418579
      vertex -5.282050132751465 4.302254676818848 -5
    endloop
  endfacet
  facet normal 0.8314693858519475 -0.5555705719267222 0
    outer loop
      vertex -5.202130317687988 4.909309387207031 -3.500000238418579
      vertex -5.1439924240112305 4.996318817138672 -5
      vertex -5.1439924240112305 4.996318817138672 -3.500000238418579
    endloop
  endfacet
  facet normal 0.8314693858519475 -0.5555705719267222 0
    outer loop
      vertex -5.1439924240112305 4.996318817138672 -5
      vertex -5.202130317687988 4.909309387207031 -3.500000238418579
      vertex -5.202130317687988 4.909309387207031 -5
    endloop
  endfacet
  facet normal -0.32143950806452687 -0.946930114979577 0
    outer loop
      vertex -4.302254676818848 5.282050132751465 -5
      vertex -4.203163146972656 5.2484130859375 -3.500000238418579
      vertex -4.302254676818848 5.282050132751465 -3.500000238418579
    endloop
  endfacet
  facet normal -0.32143950806452687 -0.946930114979577 0
    outer loop
      vertex -4.203163146972656 5.2484130859375 -3.500000238418579
      vertex -4.302254676818848 5.282050132751465 -5
      vertex -4.203163146972656 5.2484130859375 -5
    endloop
  endfacet
  facet normal 0.9978586947931609 0.06540661454080147 0
    outer loop
      vertex -5.302465438842773 4.404888153076172 -3.500000238418579
      vertex -5.309309959411621 4.509309768676758 -5
      vertex -5.309309959411621 4.509309768676758 -3.500000238418579
    endloop
  endfacet
  facet normal 0.9978586947931609 0.06540661454080147 0
    outer loop
      vertex -5.309309959411621 4.509309768676758 -5
      vertex -5.302465438842773 4.404888153076172 -3.500000238418579
      vertex -5.302465438842773 4.404888153076172 -5
    endloop
  endfacet
  facet normal 0.4422855551228424 -0.8968742875842073 0
    outer loop
      vertex -4.909309387207031 5.202130317687988 -5
      vertex -4.815456390380859 5.2484130859375 -3.500000238418579
      vertex -4.909309387207031 5.202130317687988 -3.500000238418579
    endloop
  endfacet
  facet normal 0.4422855551228424 -0.8968742875842073 0
    outer loop
      vertex -4.815456390380859 5.2484130859375 -3.500000238418579
      vertex -4.909309387207031 5.202130317687988 -5
      vertex -4.815456390380859 5.2484130859375 -5
    endloop
  endfacet
  facet normal 0.8314665728927664 0.5555747817908568 0
    outer loop
      vertex -5.1439924240112305 4.022300720214844 -3.500000238418579
      vertex -5.202130317687988 4.109309196472168 -5
      vertex -5.202130317687988 4.109309196472168 -3.500000238418579
    endloop
  endfacet
  facet normal 0.8314665728927664 0.5555747817908568 0
    outer loop
      vertex -5.202130317687988 4.109309196472168 -5
      vertex -5.1439924240112305 4.022300720214844 -3.500000238418579
      vertex -5.1439924240112305 4.022300720214844 -5
    endloop
  endfacet
  facet normal 0.9978586558054274 -0.06540720934411837 0
    outer loop
      vertex -5.309309959411621 4.509309768676758 -3.500000238418579
      vertex -5.302465438842773 4.613730430603027 -5
      vertex -5.302465438842773 4.613730430603027 -3.500000238418579
    endloop
  endfacet
  facet normal 0.9978586558054274 -0.06540720934411837 0
    outer loop
      vertex -5.302465438842773 4.613730430603027 -5
      vertex -5.309309959411621 4.509309768676758 -3.500000238418579
      vertex -5.309309959411621 4.509309768676758 -5
    endloop
  endfacet
  facet normal 0.9807851914311653 -0.19509076930837163 0
    outer loop
      vertex -5.302465438842773 4.613730430603027 -3.500000238418579
      vertex -5.282050132751465 4.716364860534668 -5
      vertex -5.282050132751465 4.716364860534668 -3.500000238418579
    endloop
  endfacet
  facet normal 0.9807851914311653 -0.19509076930837163 0
    outer loop
      vertex -5.282050132751465 4.716364860534668 -5
      vertex -5.302465438842773 4.613730430603027 -3.500000238418579
      vertex -5.302465438842773 4.613730430603027 -5
    endloop
  endfacet
  facet normal -0.4422819400693621 -0.8968760703065285 0
    outer loop
      vertex -4.203163146972656 5.2484130859375 -5
      vertex -4.109309196472168 5.202130317687988 -3.500000238418579
      vertex -4.203163146972656 5.2484130859375 -3.500000238418579
    endloop
  endfacet
  facet normal -0.4422819400693621 -0.8968760703065285 0
    outer loop
      vertex -4.109309196472168 5.202130317687988 -3.500000238418579
      vertex -4.203163146972656 5.2484130859375 -5
      vertex -4.109309196472168 5.202130317687988 -5
    endloop
  endfacet
  facet normal 0.8968742875842073 -0.4422855551228424 0
    outer loop
      vertex -5.2484130859375 4.815456390380859 -3.500000238418579
      vertex -5.202130317687988 4.909309387207031 -5
      vertex -5.202130317687988 4.909309387207031 -3.500000238418579
    endloop
  endfacet
  facet normal 0.8968742875842073 -0.4422855551228424 0
    outer loop
      vertex -5.202130317687988 4.909309387207031 -5
      vertex -5.2484130859375 4.815456390380859 -3.500000238418579
      vertex -5.2484130859375 4.815456390380859 -5
    endloop
  endfacet
  facet normal 0.19509076930837163 -0.9807851914311653 0
    outer loop
      vertex -4.716364860534668 5.282050132751465 -5
      vertex -4.613730430603027 5.302465438842773 -3.500000238418579
      vertex -4.716364860534668 5.282050132751465 -3.500000238418579
    endloop
  endfacet
  facet normal 0.19509076930837163 -0.9807851914311653 0
    outer loop
      vertex -4.613730430603027 5.302465438842773 -3.500000238418579
      vertex -4.716364860534668 5.282050132751465 -5
      vertex -4.613730430603027 5.302465438842773 -5
    endloop
  endfacet
  facet normal 0.946930114979577 0.32143950806452687 0
    outer loop
      vertex -5.2484130859375 4.203163146972656 -3.500000238418579
      vertex -5.282050132751465 4.302254676818848 -5
      vertex -5.282050132751465 4.302254676818848 -3.500000238418579
    endloop
  endfacet
  facet normal 0.946930114979577 0.32143950806452687 0
    outer loop
      vertex -5.282050132751465 4.302254676818848 -5
      vertex -5.2484130859375 4.203163146972656 -3.500000238418579
      vertex -5.2484130859375 4.203163146972656 -5
    endloop
  endfacet
  facet normal -0.1950925131030122 -0.9807848445664068 0
    outer loop
      vertex -4.404888153076172 5.302465438842773 -5
      vertex -4.302254676818848 5.282050132751465 -3.500000238418579
      vertex -4.404888153076172 5.302465438842773 -3.500000238418579
    endloop
  endfacet
  facet normal -0.1950925131030122 -0.9807848445664068 0
    outer loop
      vertex -4.302254676818848 5.282050132751465 -3.500000238418579
      vertex -4.404888153076172 5.302465438842773 -5
      vertex -4.302254676818848 5.282050132751465 -5
    endloop
  endfacet
  facet normal 0.32143950806452687 -0.946930114979577 0
    outer loop
      vertex -4.815456390380859 5.2484130859375 -5
      vertex -4.716364860534668 5.282050132751465 -3.500000238418579
      vertex -4.815456390380859 5.2484130859375 -3.500000238418579
    endloop
  endfacet
  facet normal 0.32143950806452687 -0.946930114979577 0
    outer loop
      vertex -4.716364860534668 5.282050132751465 -3.500000238418579
      vertex -4.815456390380859 5.2484130859375 -5
      vertex -4.716364860534668 5.282050132751465 -5
    endloop
  endfacet
  facet normal 0.65934591363688 -0.7518397210645019 0
    outer loop
      vertex -5.0749897956848145 5.074999809265137 -5
      vertex -4.996318817138672 5.1439924240112305 -3.500000238418579
      vertex -5.0749897956848145 5.074999809265137 -3.500000238418579
    endloop
  endfacet
  facet normal 0.65934591363688 -0.7518397210645019 0
    outer loop
      vertex -4.996318817138672 5.1439924240112305 -3.500000238418579
      vertex -5.0749897956848145 5.074999809265137 -5
      vertex -4.996318817138672 5.1439924240112305 -5
    endloop
  endfacet
  facet normal 0.7518397210645019 -0.65934591363688 0
    outer loop
      vertex -5.1439924240112305 4.996318817138672 -3.500000238418579
      vertex -5.074999809265137 5.0749897956848145 -5
      vertex -5.074999809265137 5.0749897956848145 -3.500000238418579
    endloop
  endfacet
  facet normal 0.7518397210645019 -0.65934591363688 0
    outer loop
      vertex -5.074999809265137 5.0749897956848145 -5
      vertex -5.1439924240112305 4.996318817138672 -3.500000238418579
      vertex -5.1439924240112305 4.996318817138672 -5
    endloop
  endfacet
  facet normal 0.7518387305095723 0.6593470431462894 0
    outer loop
      vertex -5.074999809265137 3.9436299800872803 -3.500000238418579
      vertex -5.1439924240112305 4.022300720214844 -5
      vertex -5.1439924240112305 4.022300720214844 -3.500000238418579
    endloop
  endfacet
  facet normal 0.7518387305095723 0.6593470431462894 0
    outer loop
      vertex -5.1439924240112305 4.022300720214844 -5
      vertex -5.074999809265137 3.9436299800872803 -3.500000238418579
      vertex -5.074999809265137 3.9436299800872803 -5
    endloop
  endfacet
  facet normal 0.8968760703065285 0.4422819400693621 0
    outer loop
      vertex -5.202130317687988 4.109309196472168 -3.500000238418579
      vertex -5.2484130859375 4.203163146972656 -5
      vertex -5.2484130859375 4.203163146972656 -3.500000238418579
    endloop
  endfacet
  facet normal 0.8968760703065285 0.4422819400693621 0
    outer loop
      vertex -5.2484130859375 4.203163146972656 -5
      vertex -5.202130317687988 4.109309196472168 -3.500000238418579
      vertex -5.202130317687988 4.109309196472168 -5
    endloop
  endfacet
  facet normal 0.946930114979577 -0.32143950806452687 0
    outer loop
      vertex -5.282050132751465 4.716364860534668 -3.500000238418579
      vertex -5.2484130859375 4.815456390380859 -5
      vertex -5.2484130859375 4.815456390380859 -3.500000238418579
    endloop
  endfacet
  facet normal 0.946930114979577 -0.32143950806452687 0
    outer loop
      vertex -5.2484130859375 4.815456390380859 -5
      vertex -5.282050132751465 4.716364860534668 -3.500000238418579
      vertex -5.282050132751465 4.716364860534668 -5
    endloop
  endfacet
  facet normal -0.5555747817908568 -0.8314665728927664 0
    outer loop
      vertex -4.109309196472168 5.202130317687988 -5
      vertex -4.022300720214844 5.1439924240112305 -3.500000238418579
      vertex -4.109309196472168 5.202130317687988 -3.500000238418579
    endloop
  endfacet
  facet normal -0.5555747817908568 -0.8314665728927664 0
    outer loop
      vertex -4.022300720214844 5.1439924240112305 -3.500000238418579
      vertex -4.109309196472168 5.202130317687988 -5
      vertex -4.022300720214844 5.1439924240112305 -5
    endloop
  endfacet
  facet normal -0.6593470431462894 -0.7518387305095723 0
    outer loop
      vertex -4.022300720214844 5.1439924240112305 -5
      vertex -3.9436299800872803 5.074999809265137 -3.500000238418579
      vertex -4.022300720214844 5.1439924240112305 -3.500000238418579
    endloop
  endfacet
  facet normal -0.6593470431462894 -0.7518387305095723 0
    outer loop
      vertex -3.9436299800872803 5.074999809265137 -3.500000238418579
      vertex -4.022300720214844 5.1439924240112305 -5
      vertex -3.9436299800872803 5.074999809265137 -5
    endloop
  endfacet
  facet normal 0.8314665728927664 -0.5555747817908568 0
    outer loop
      vertex -5.202130317687988 -4.109309196472168 -3.500000238418579
      vertex -5.1439924240112305 -4.022300720214844 -5
      vertex -5.1439924240112305 -4.022300720214844 -3.500000238418579
    endloop
  endfacet
  facet normal 0.8314665728927664 -0.5555747817908568 0
    outer loop
      vertex -5.1439924240112305 -4.022300720214844 -5
      vertex -5.202130317687988 -4.109309196472168 -3.500000238418579
      vertex -5.202130317687988 -4.109309196472168 -5
    endloop
  endfacet
  facet normal 0.9978586558054274 0.06540720934411837 0
    outer loop
      vertex -5.302465438842773 -4.613730430603027 -3.500000238418579
      vertex -5.309309959411621 -4.509309768676758 -5
      vertex -5.309309959411621 -4.509309768676758 -3.500000238418579
    endloop
  endfacet
  facet normal 0.9978586558054274 0.06540720934411837 0
    outer loop
      vertex -5.309309959411621 -4.509309768676758 -5
      vertex -5.302465438842773 -4.613730430603027 -3.500000238418579
      vertex -5.302465438842773 -4.613730430603027 -5
    endloop
  endfacet
  facet normal 0.32143950806452687 0.946930114979577 0
    outer loop
      vertex -4.716364860534668 -5.282050132751465 -5
      vertex -4.815456390380859 -5.2484130859375 -3.500000238418579
      vertex -4.716364860534668 -5.282050132751465 -3.500000238418579
    endloop
  endfacet
  facet normal 0.32143950806452687 0.946930114979577 0
    outer loop
      vertex -4.815456390380859 -5.2484130859375 -3.500000238418579
      vertex -4.716364860534668 -5.282050132751465 -5
      vertex -4.815456390380859 -5.2484130859375 -5
    endloop
  endfacet
  facet normal 0.946930114979577 -0.32143950806452687 0
    outer loop
      vertex -5.282050132751465 -4.302254676818848 -3.500000238418579
      vertex -5.2484130859375 -4.203163146972656 -5
      vertex -5.2484130859375 -4.203163146972656 -3.500000238418579
    endloop
  endfacet
  facet normal 0.946930114979577 -0.32143950806452687 0
    outer loop
      vertex -5.2484130859375 -4.203163146972656 -5
      vertex -5.282050132751465 -4.302254676818848 -3.500000238418579
      vertex -5.282050132751465 -4.302254676818848 -5
    endloop
  endfacet
  facet normal -0.06540661454080147 0.9978586947931609 0
    outer loop
      vertex -4.404888153076172 -5.302465438842773 -5
      vertex -4.509309768676758 -5.309309959411621 -3.500000238418579
      vertex -4.404888153076172 -5.302465438842773 -3.500000238418579
    endloop
  endfacet
  facet normal -0.06540661454080147 0.9978586947931609 0
    outer loop
      vertex -4.509309768676758 -5.309309959411621 -3.500000238418579
      vertex -4.404888153076172 -5.302465438842773 -5
      vertex -4.509309768676758 -5.309309959411621 -5
    endloop
  endfacet
  facet normal 0.8968742875842073 0.4422855551228424 0
    outer loop
      vertex -5.202130317687988 -4.909309387207031 -3.500000238418579
      vertex -5.2484130859375 -4.815456390380859 -5
      vertex -5.2484130859375 -4.815456390380859 -3.500000238418579
    endloop
  endfacet
  facet normal 0.8968742875842073 0.4422855551228424 0
    outer loop
      vertex -5.2484130859375 -4.815456390380859 -5
      vertex -5.202130317687988 -4.909309387207031 -3.500000238418579
      vertex -5.202130317687988 -4.909309387207031 -5
    endloop
  endfacet
  facet normal 0.9807848445664068 -0.1950925131030122 0
    outer loop
      vertex -5.302465438842773 -4.404888153076172 -3.500000238418579
      vertex -5.282050132751465 -4.302254676818848 -5
      vertex -5.282050132751465 -4.302254676818848 -3.500000238418579
    endloop
  endfacet
  facet normal 0.9807848445664068 -0.1950925131030122 0
    outer loop
      vertex -5.282050132751465 -4.302254676818848 -5
      vertex -5.302465438842773 -4.404888153076172 -3.500000238418579
      vertex -5.302465438842773 -4.404888153076172 -5
    endloop
  endfacet
  facet normal 0.06540720934411837 0.9978586558054274 0
    outer loop
      vertex -4.509309768676758 -5.309309959411621 -5
      vertex -4.613730430603027 -5.302465438842773 -3.500000238418579
      vertex -4.509309768676758 -5.309309959411621 -3.500000238418579
    endloop
  endfacet
  facet normal 0.06540720934411837 0.9978586558054274 0
    outer loop
      vertex -4.613730430603027 -5.302465438842773 -3.500000238418579
      vertex -4.509309768676758 -5.309309959411621 -5
      vertex -4.613730430603027 -5.302465438842773 -5
    endloop
  endfacet
  facet normal 0.5555705719267222 0.8314693858519475 0
    outer loop
      vertex -4.909309387207031 -5.202130317687988 -5
      vertex -4.996318817138672 -5.1439924240112305 -3.500000238418579
      vertex -4.909309387207031 -5.202130317687988 -3.500000238418579
    endloop
  endfacet
  facet normal 0.5555705719267222 0.8314693858519475 0
    outer loop
      vertex -4.996318817138672 -5.1439924240112305 -3.500000238418579
      vertex -4.909309387207031 -5.202130317687988 -5
      vertex -4.996318817138672 -5.1439924240112305 -5
    endloop
  endfacet
  facet normal 0.946930114979577 0.32143950806452687 0
    outer loop
      vertex -5.2484130859375 -4.815456390380859 -3.500000238418579
      vertex -5.282050132751465 -4.716364860534668 -5
      vertex -5.282050132751465 -4.716364860534668 -3.500000238418579
    endloop
  endfacet
  facet normal 0.946930114979577 0.32143950806452687 0
    outer loop
      vertex -5.282050132751465 -4.716364860534668 -5
      vertex -5.2484130859375 -4.815456390380859 -3.500000238418579
      vertex -5.2484130859375 -4.815456390380859 -5
    endloop
  endfacet
  facet normal 0.8968760703065285 -0.4422819400693621 0
    outer loop
      vertex -5.2484130859375 -4.203163146972656 -3.500000238418579
      vertex -5.202130317687988 -4.109309196472168 -5
      vertex -5.202130317687988 -4.109309196472168 -3.500000238418579
    endloop
  endfacet
  facet normal 0.8968760703065285 -0.4422819400693621 0
    outer loop
      vertex -5.202130317687988 -4.109309196472168 -5
      vertex -5.2484130859375 -4.203163146972656 -3.500000238418579
      vertex -5.2484130859375 -4.203163146972656 -5
    endloop
  endfacet
  facet normal -0.5555747817908568 0.8314665728927664 0
    outer loop
      vertex -4.022300720214844 -5.1439924240112305 -5
      vertex -4.109309196472168 -5.202130317687988 -3.500000238418579
      vertex -4.022300720214844 -5.1439924240112305 -3.500000238418579
    endloop
  endfacet
  facet normal -0.5555747817908568 0.8314665728927664 0
    outer loop
      vertex -4.109309196472168 -5.202130317687988 -3.500000238418579
      vertex -4.022300720214844 -5.1439924240112305 -5
      vertex -4.109309196472168 -5.202130317687988 -5
    endloop
  endfacet
  facet normal 0.9978586947931609 -0.06540661454080147 0
    outer loop
      vertex -5.309309959411621 -4.509309768676758 -3.500000238418579
      vertex -5.302465438842773 -4.404888153076172 -5
      vertex -5.302465438842773 -4.404888153076172 -3.500000238418579
    endloop
  endfacet
  facet normal 0.9978586947931609 -0.06540661454080147 0
    outer loop
      vertex -5.302465438842773 -4.404888153076172 -5
      vertex -5.309309959411621 -4.509309768676758 -3.500000238418579
      vertex -5.309309959411621 -4.509309768676758 -5
    endloop
  endfacet
  facet normal 0.4422855551228424 0.8968742875842073 0
    outer loop
      vertex -4.815456390380859 -5.2484130859375 -5
      vertex -4.909309387207031 -5.202130317687988 -3.500000238418579
      vertex -4.815456390380859 -5.2484130859375 -3.500000238418579
    endloop
  endfacet
  facet normal 0.4422855551228424 0.8968742875842073 0
    outer loop
      vertex -4.909309387207031 -5.202130317687988 -3.500000238418579
      vertex -4.815456390380859 -5.2484130859375 -5
      vertex -4.909309387207031 -5.202130317687988 -5
    endloop
  endfacet
  facet normal 0.19509076930837163 0.9807851914311653 0
    outer loop
      vertex -4.613730430603027 -5.302465438842773 -5
      vertex -4.716364860534668 -5.282050132751465 -3.500000238418579
      vertex -4.613730430603027 -5.302465438842773 -3.500000238418579
    endloop
  endfacet
  facet normal 0.19509076930837163 0.9807851914311653 0
    outer loop
      vertex -4.716364860534668 -5.282050132751465 -3.500000238418579
      vertex -4.613730430603027 -5.302465438842773 -5
      vertex -4.716364860534668 -5.282050132751465 -5
    endloop
  endfacet
  facet normal -0.4422819400693621 0.8968760703065285 0
    outer loop
      vertex -4.109309196472168 -5.202130317687988 -5
      vertex -4.203163146972656 -5.2484130859375 -3.500000238418579
      vertex -4.109309196472168 -5.202130317687988 -3.500000238418579
    endloop
  endfacet
  facet normal -0.4422819400693621 0.8968760703065285 0
    outer loop
      vertex -4.203163146972656 -5.2484130859375 -3.500000238418579
      vertex -4.109309196472168 -5.202130317687988 -5
      vertex -4.203163146972656 -5.2484130859375 -5
    endloop
  endfacet
  facet normal 0.8314693858519475 0.5555705719267222 0
    outer loop
      vertex -5.1439924240112305 -4.996318817138672 -3.500000238418579
      vertex -5.202130317687988 -4.909309387207031 -5
      vertex -5.202130317687988 -4.909309387207031 -3.500000238418579
    endloop
  endfacet
  facet normal 0.8314693858519475 0.5555705719267222 0
    outer loop
      vertex -5.202130317687988 -4.909309387207031 -5
      vertex -5.1439924240112305 -4.996318817138672 -3.500000238418579
      vertex -5.1439924240112305 -4.996318817138672 -5
    endloop
  endfacet
  facet normal 0.65934591363688 0.7518397210645019 0
    outer loop
      vertex -4.996318817138672 -5.1439924240112305 -5
      vertex -5.0749897956848145 -5.074999809265137 -3.500000238418579
      vertex -4.996318817138672 -5.1439924240112305 -3.500000238418579
    endloop
  endfacet
  facet normal 0.65934591363688 0.7518397210645019 0
    outer loop
      vertex -5.0749897956848145 -5.074999809265137 -3.500000238418579
      vertex -4.996318817138672 -5.1439924240112305 -5
      vertex -5.0749897956848145 -5.074999809265137 -5
    endloop
  endfacet
  facet normal 0.7518397210645019 0.65934591363688 0
    outer loop
      vertex -5.074999809265137 -5.0749897956848145 -3.500000238418579
      vertex -5.1439924240112305 -4.996318817138672 -5
      vertex -5.1439924240112305 -4.996318817138672 -3.500000238418579
    endloop
  endfacet
  facet normal 0.7518397210645019 0.65934591363688 0
    outer loop
      vertex -5.1439924240112305 -4.996318817138672 -5
      vertex -5.074999809265137 -5.0749897956848145 -3.500000238418579
      vertex -5.074999809265137 -5.0749897956848145 -5
    endloop
  endfacet
  facet normal 0.9807851914311653 0.19509076930837163 0
    outer loop
      vertex -5.282050132751465 -4.716364860534668 -3.500000238418579
      vertex -5.302465438842773 -4.613730430603027 -5
      vertex -5.302465438842773 -4.613730430603027 -3.500000238418579
    endloop
  endfacet
  facet normal 0.9807851914311653 0.19509076930837163 0
    outer loop
      vertex -5.302465438842773 -4.613730430603027 -5
      vertex -5.282050132751465 -4.716364860534668 -3.500000238418579
      vertex -5.282050132751465 -4.716364860534668 -5
    endloop
  endfacet
  facet normal -0.1950925131030122 0.9807848445664068 0
    outer loop
      vertex -4.302254676818848 -5.282050132751465 -5
      vertex -4.404888153076172 -5.302465438842773 -3.500000238418579
      vertex -4.302254676818848 -5.282050132751465 -3.500000238418579
    endloop
  endfacet
  facet normal -0.1950925131030122 0.9807848445664068 0
    outer loop
      vertex -4.404888153076172 -5.302465438842773 -3.500000238418579
      vertex -4.302254676818848 -5.282050132751465 -5
      vertex -4.404888153076172 -5.302465438842773 -5
    endloop
  endfacet
  facet normal 0.7518387305095723 -0.6593470431462894 0
    outer loop
      vertex -5.1439924240112305 -4.022300720214844 -3.500000238418579
      vertex -5.074999809265137 -3.9436299800872803 -5
      vertex -5.074999809265137 -3.9436299800872803 -3.500000238418579
    endloop
  endfacet
  facet normal 0.7518387305095723 -0.6593470431462894 0
    outer loop
      vertex -5.074999809265137 -3.9436299800872803 -5
      vertex -5.1439924240112305 -4.022300720214844 -3.500000238418579
      vertex -5.1439924240112305 -4.022300720214844 -5
    endloop
  endfacet
  facet normal -0.6593470431462894 0.7518387305095723 0
    outer loop
      vertex -3.9436299800872803 -5.074999809265137 -5
      vertex -4.022300720214844 -5.1439924240112305 -3.500000238418579
      vertex -3.9436299800872803 -5.074999809265137 -3.500000238418579
    endloop
  endfacet
  facet normal -0.6593470431462894 0.7518387305095723 0
    outer loop
      vertex -4.022300720214844 -5.1439924240112305 -3.500000238418579
      vertex -3.9436299800872803 -5.074999809265137 -5
      vertex -4.022300720214844 -5.1439924240112305 -5
    endloop
  endfacet
  facet normal -0.32143950806452687 0.946930114979577 0
    outer loop
      vertex -4.203163146972656 -5.2484130859375 -5
      vertex -4.302254676818848 -5.282050132751465 -3.500000238418579
      vertex -4.203163146972656 -5.2484130859375 -3.500000238418579
    endloop
  endfacet
  facet normal -0.32143950806452687 0.946930114979577 0
    outer loop
      vertex -4.302254676818848 -5.282050132751465 -3.500000238418579
      vertex -4.203163146972656 -5.2484130859375 -5
      vertex -4.302254676818848 -5.282050132751465 -5
    endloop
  endfacet
  facet normal -0.9978586558054274 0.06540720934411837 0
    outer loop
      vertex 5.302465438842773 -4.613730430603027 -5
      vertex 5.309309959411621 -4.509309768676758 -3.500000238418579
      vertex 5.309309959411621 -4.509309768676758 -5
    endloop
  endfacet
  facet normal -0.9978586558054274 0.06540720934411837 0
    outer loop
      vertex 5.309309959411621 -4.509309768676758 -3.500000238418579
      vertex 5.302465438842773 -4.613730430603027 -5
      vertex 5.302465438842773 -4.613730430603027 -3.500000238418579
    endloop
  endfacet
  facet normal -0.5555705719267222 0.8314693858519475 0
    outer loop
      vertex 4.996318817138672 -5.1439924240112305 -5
      vertex 4.909309387207031 -5.202130317687988 -3.500000238418579
      vertex 4.996318817138672 -5.1439924240112305 -3.500000238418579
    endloop
  endfacet
  facet normal -0.5555705719267222 0.8314693858519475 0
    outer loop
      vertex 4.909309387207031 -5.202130317687988 -3.500000238418579
      vertex 4.996318817138672 -5.1439924240112305 -5
      vertex 4.909309387207031 -5.202130317687988 -5
    endloop
  endfacet
  facet normal -0.06540720934411837 0.9978586558054274 0
    outer loop
      vertex 4.613730430603027 -5.302465438842773 -5
      vertex 4.509309768676758 -5.309309959411621 -3.500000238418579
      vertex 4.613730430603027 -5.302465438842773 -3.500000238418579
    endloop
  endfacet
  facet normal -0.06540720934411837 0.9978586558054274 0
    outer loop
      vertex 4.509309768676758 -5.309309959411621 -3.500000238418579
      vertex 4.613730430603027 -5.302465438842773 -5
      vertex 4.509309768676758 -5.309309959411621 -5
    endloop
  endfacet
  facet normal -0.9807848445664068 -0.1950925131030122 0
    outer loop
      vertex 5.302465438842773 -4.404888153076172 -5
      vertex 5.282050132751465 -4.302254676818848 -3.500000238418579
      vertex 5.282050132751465 -4.302254676818848 -5
    endloop
  endfacet
  facet normal -0.9807848445664068 -0.1950925131030122 0
    outer loop
      vertex 5.282050132751465 -4.302254676818848 -3.500000238418579
      vertex 5.302465438842773 -4.404888153076172 -5
      vertex 5.302465438842773 -4.404888153076172 -3.500000238418579
    endloop
  endfacet
  facet normal -0.9978586947931609 -0.06540661454080147 0
    outer loop
      vertex 5.309309959411621 -4.509309768676758 -5
      vertex 5.302465438842773 -4.404888153076172 -3.500000238418579
      vertex 5.302465438842773 -4.404888153076172 -5
    endloop
  endfacet
  facet normal -0.9978586947931609 -0.06540661454080147 0
    outer loop
      vertex 5.302465438842773 -4.404888153076172 -3.500000238418579
      vertex 5.309309959411621 -4.509309768676758 -5
      vertex 5.309309959411621 -4.509309768676758 -3.500000238418579
    endloop
  endfacet
  facet normal -0.8314693858519475 0.5555705719267222 0
    outer loop
      vertex 5.1439924240112305 -4.996318817138672 -5
      vertex 5.202130317687988 -4.909309387207031 -3.500000238418579
      vertex 5.202130317687988 -4.909309387207031 -5
    endloop
  endfacet
  facet normal -0.8314693858519475 0.5555705719267222 0
    outer loop
      vertex 5.202130317687988 -4.909309387207031 -3.500000238418579
      vertex 5.1439924240112305 -4.996318817138672 -5
      vertex 5.1439924240112305 -4.996318817138672 -3.500000238418579
    endloop
  endfacet
  facet normal 0.32143950806452687 0.946930114979577 0
    outer loop
      vertex 4.302254676818848 -5.282050132751465 -5
      vertex 4.203163146972656 -5.2484130859375 -3.500000238418579
      vertex 4.302254676818848 -5.282050132751465 -3.500000238418579
    endloop
  endfacet
  facet normal 0.32143950806452687 0.946930114979577 0
    outer loop
      vertex 4.203163146972656 -5.2484130859375 -3.500000238418579
      vertex 4.302254676818848 -5.282050132751465 -5
      vertex 4.203163146972656 -5.2484130859375 -5
    endloop
  endfacet
  facet normal 0.5555747817908568 0.8314665728927664 0
    outer loop
      vertex 4.109309196472168 -5.202130317687988 -5
      vertex 4.022300720214844 -5.1439924240112305 -3.500000238418579
      vertex 4.109309196472168 -5.202130317687988 -3.500000238418579
    endloop
  endfacet
  facet normal 0.5555747817908568 0.8314665728927664 0
    outer loop
      vertex 4.022300720214844 -5.1439924240112305 -3.500000238418579
      vertex 4.109309196472168 -5.202130317687988 -5
      vertex 4.022300720214844 -5.1439924240112305 -5
    endloop
  endfacet
  facet normal -0.4422855551228424 0.8968742875842073 0
    outer loop
      vertex 4.909309387207031 -5.202130317687988 -5
      vertex 4.815456390380859 -5.2484130859375 -3.500000238418579
      vertex 4.909309387207031 -5.202130317687988 -3.500000238418579
    endloop
  endfacet
  facet normal -0.4422855551228424 0.8968742875842073 0
    outer loop
      vertex 4.815456390380859 -5.2484130859375 -3.500000238418579
      vertex 4.909309387207031 -5.202130317687988 -5
      vertex 4.815456390380859 -5.2484130859375 -5
    endloop
  endfacet
  facet normal -0.65934591363688 0.7518397210645019 0
    outer loop
      vertex 5.0749897956848145 -5.074999809265137 -5
      vertex 4.996318817138672 -5.1439924240112305 -3.500000238418579
      vertex 5.0749897956848145 -5.074999809265137 -3.500000238418579
    endloop
  endfacet
  facet normal -0.65934591363688 0.7518397210645019 0
    outer loop
      vertex 4.996318817138672 -5.1439924240112305 -3.500000238418579
      vertex 5.0749897956848145 -5.074999809265137 -5
      vertex 4.996318817138672 -5.1439924240112305 -5
    endloop
  endfacet
  facet normal -0.946930114979577 -0.32143950806452687 0
    outer loop
      vertex 5.282050132751465 -4.302254676818848 -5
      vertex 5.2484130859375 -4.203163146972656 -3.500000238418579
      vertex 5.2484130859375 -4.203163146972656 -5
    endloop
  endfacet
  facet normal -0.946930114979577 -0.32143950806452687 0
    outer loop
      vertex 5.2484130859375 -4.203163146972656 -3.500000238418579
      vertex 5.282050132751465 -4.302254676818848 -5
      vertex 5.282050132751465 -4.302254676818848 -3.500000238418579
    endloop
  endfacet
  facet normal 0.4422819400693621 0.8968760703065285 0
    outer loop
      vertex 4.203163146972656 -5.2484130859375 -5
      vertex 4.109309196472168 -5.202130317687988 -3.500000238418579
      vertex 4.203163146972656 -5.2484130859375 -3.500000238418579
    endloop
  endfacet
  facet normal 0.4422819400693621 0.8968760703065285 0
    outer loop
      vertex 4.109309196472168 -5.202130317687988 -3.500000238418579
      vertex 4.203163146972656 -5.2484130859375 -5
      vertex 4.109309196472168 -5.202130317687988 -5
    endloop
  endfacet
  facet normal 0.06540661454080147 0.9978586947931609 0
    outer loop
      vertex 4.509309768676758 -5.309309959411621 -5
      vertex 4.404888153076172 -5.302465438842773 -3.500000238418579
      vertex 4.509309768676758 -5.309309959411621 -3.500000238418579
    endloop
  endfacet
  facet normal 0.06540661454080147 0.9978586947931609 0
    outer loop
      vertex 4.404888153076172 -5.302465438842773 -3.500000238418579
      vertex 4.509309768676758 -5.309309959411621 -5
      vertex 4.404888153076172 -5.302465438842773 -5
    endloop
  endfacet
  facet normal 0.1950925131030122 0.9807848445664068 0
    outer loop
      vertex 4.404888153076172 -5.302465438842773 -5
      vertex 4.302254676818848 -5.282050132751465 -3.500000238418579
      vertex 4.404888153076172 -5.302465438842773 -3.500000238418579
    endloop
  endfacet
  facet normal 0.1950925131030122 0.9807848445664068 0
    outer loop
      vertex 4.302254676818848 -5.282050132751465 -3.500000238418579
      vertex 4.404888153076172 -5.302465438842773 -5
      vertex 4.302254676818848 -5.282050132751465 -5
    endloop
  endfacet
  facet normal -0.19509076930837163 0.9807851914311653 0
    outer loop
      vertex 4.716364860534668 -5.282050132751465 -5
      vertex 4.613730430603027 -5.302465438842773 -3.500000238418579
      vertex 4.716364860534668 -5.282050132751465 -3.500000238418579
    endloop
  endfacet
  facet normal -0.19509076930837163 0.9807851914311653 0
    outer loop
      vertex 4.613730430603027 -5.302465438842773 -3.500000238418579
      vertex 4.716364860534668 -5.282050132751465 -5
      vertex 4.613730430603027 -5.302465438842773 -5
    endloop
  endfacet
  facet normal -0.32143950806452687 0.946930114979577 0
    outer loop
      vertex 4.815456390380859 -5.2484130859375 -5
      vertex 4.716364860534668 -5.282050132751465 -3.500000238418579
      vertex 4.815456390380859 -5.2484130859375 -3.500000238418579
    endloop
  endfacet
  facet normal -0.32143950806452687 0.946930114979577 0
    outer loop
      vertex 4.716364860534668 -5.282050132751465 -3.500000238418579
      vertex 4.815456390380859 -5.2484130859375 -5
      vertex 4.716364860534668 -5.282050132751465 -5
    endloop
  endfacet
  facet normal -0.7518397210645019 0.65934591363688 0
    outer loop
      vertex 5.074999809265137 -5.0749897956848145 -5
      vertex 5.1439924240112305 -4.996318817138672 -3.500000238418579
      vertex 5.1439924240112305 -4.996318817138672 -5
    endloop
  endfacet
  facet normal -0.7518397210645019 0.65934591363688 0
    outer loop
      vertex 5.1439924240112305 -4.996318817138672 -3.500000238418579
      vertex 5.074999809265137 -5.0749897956848145 -5
      vertex 5.074999809265137 -5.0749897956848145 -3.500000238418579
    endloop
  endfacet
  facet normal -0.7518387305095723 -0.6593470431462894 0
    outer loop
      vertex 5.1439924240112305 -4.022300720214844 -5
      vertex 5.074999809265137 -3.9436299800872803 -3.500000238418579
      vertex 5.074999809265137 -3.9436299800872803 -5
    endloop
  endfacet
  facet normal -0.7518387305095723 -0.6593470431462894 0
    outer loop
      vertex 5.074999809265137 -3.9436299800872803 -3.500000238418579
      vertex 5.1439924240112305 -4.022300720214844 -5
      vertex 5.1439924240112305 -4.022300720214844 -3.500000238418579
    endloop
  endfacet
  facet normal -0.8968760703065285 -0.4422819400693621 0
    outer loop
      vertex 5.2484130859375 -4.203163146972656 -5
      vertex 5.202130317687988 -4.109309196472168 -3.500000238418579
      vertex 5.202130317687988 -4.109309196472168 -5
    endloop
  endfacet
  facet normal -0.8968760703065285 -0.4422819400693621 0
    outer loop
      vertex 5.202130317687988 -4.109309196472168 -3.500000238418579
      vertex 5.2484130859375 -4.203163146972656 -5
      vertex 5.2484130859375 -4.203163146972656 -3.500000238418579
    endloop
  endfacet
  facet normal -0.946930114979577 0.32143950806452687 0
    outer loop
      vertex 5.2484130859375 -4.815456390380859 -5
      vertex 5.282050132751465 -4.716364860534668 -3.500000238418579
      vertex 5.282050132751465 -4.716364860534668 -5
    endloop
  endfacet
  facet normal -0.946930114979577 0.32143950806452687 0
    outer loop
      vertex 5.282050132751465 -4.716364860534668 -3.500000238418579
      vertex 5.2484130859375 -4.815456390380859 -5
      vertex 5.2484130859375 -4.815456390380859 -3.500000238418579
    endloop
  endfacet
  facet normal -0.8968742875842073 0.4422855551228424 0
    outer loop
      vertex 5.202130317687988 -4.909309387207031 -5
      vertex 5.2484130859375 -4.815456390380859 -3.500000238418579
      vertex 5.2484130859375 -4.815456390380859 -5
    endloop
  endfacet
  facet normal -0.8968742875842073 0.4422855551228424 0
    outer loop
      vertex 5.2484130859375 -4.815456390380859 -3.500000238418579
      vertex 5.202130317687988 -4.909309387207031 -5
      vertex 5.202130317687988 -4.909309387207031 -3.500000238418579
    endloop
  endfacet
  facet normal -0.8314665728927664 -0.5555747817908568 0
    outer loop
      vertex 5.202130317687988 -4.109309196472168 -5
      vertex 5.1439924240112305 -4.022300720214844 -3.500000238418579
      vertex 5.1439924240112305 -4.022300720214844 -5
    endloop
  endfacet
  facet normal -0.8314665728927664 -0.5555747817908568 0
    outer loop
      vertex 5.1439924240112305 -4.022300720214844 -3.500000238418579
      vertex 5.202130317687988 -4.109309196472168 -5
      vertex 5.202130317687988 -4.109309196472168 -3.500000238418579
    endloop
  endfacet
  facet normal -0.9807851914311653 0.19509076930837163 0
    outer loop
      vertex 5.282050132751465 -4.716364860534668 -5
      vertex 5.302465438842773 -4.613730430603027 -3.500000238418579
      vertex 5.302465438842773 -4.613730430603027 -5
    endloop
  endfacet
  facet normal -0.9807851914311653 0.19509076930837163 0
    outer loop
      vertex 5.302465438842773 -4.613730430603027 -3.500000238418579
      vertex 5.282050132751465 -4.716364860534668 -5
      vertex 5.282050132751465 -4.716364860534668 -3.500000238418579
    endloop
  endfacet
  facet normal 0.6593470431462894 0.7518387305095723 0
    outer loop
      vertex 4.022300720214844 -5.1439924240112305 -5
      vertex 3.9436299800872803 -5.074999809265137 -3.500000238418579
      vertex 4.022300720214844 -5.1439924240112305 -3.500000238418579
    endloop
  endfacet
  facet normal 0.6593470431462894 0.7518387305095723 0
    outer loop
      vertex 3.9436299800872803 -5.074999809265137 -3.500000238418579
      vertex 4.022300720214844 -5.1439924240112305 -5
      vertex 3.9436299800872803 -5.074999809265137 -5
    endloop
  endfacet
  facet normal -1 0 0
    outer loop
      vertex 5.074999809265137 5.0749897956848145 -5
      vertex 5.074999809265137 5.074999809265137 -3.500000238418579
      vertex 5.074999809265137 5.074999809265137 -5
    endloop
  endfacet
  facet normal -1 0 0
    outer loop
      vertex 5.074999809265137 5.074999809265137 -3.500000238418579
      vertex 5.074999809265137 5.0749897956848145 -5
      vertex 5.074999809265137 5.0749897956848145 -3.500000238418579
    endloop
  endfacet
  facet normal -1 0 0
    outer loop
      vertex 5.074999809265137 -5.074999809265137 -5
      vertex 5.074999809265137 -5.0749897956848145 -3.500000238418579
      vertex 5.074999809265137 -5.0749897956848145 -5
    endloop
  endfacet
  facet normal -1 0 0
    outer loop
      vertex 5.074999809265137 -5.0749897956848145 -3.500000238418579
      vertex 5.074999809265137 -5.074999809265137 -5
      vertex 5.074999809265137 -5.074999809265137 -3.500000238418579
    endloop
  endfacet
  facet normal -1 0 0
    outer loop
      vertex 5.074999809265137 2.5 -5
      vertex 5.074999809265137 3.9436299800872803 -3.500000238418579
      vertex 5.074999809265137 3.9436299800872803 -5
    endloop
  endfacet
  facet normal -1 0 0
    outer loop
      vertex 5.074999809265137 3.9436299800872803 -3.500000238418579
      vertex 5.074999809265137 2.5 -5
      vertex 5.074999809265137 2.5 -3.500000238418579
    endloop
  endfacet
  facet normal -1 0 0
    outer loop
      vertex 5.074999809265137 -3.9436299800872803 -5
      vertex 5.074999809265137 -2.5 -3.500000238418579
      vertex 5.074999809265137 -2.5 -5
    endloop
  endfacet
  facet normal -1 0 0
    outer loop
      vertex 5.074999809265137 -2.5 -3.500000238418579
      vertex 5.074999809265137 -3.9436299800872803 -5
      vertex 5.074999809265137 -3.9436299800872803 -3.500000238418579
    endloop
  endfacet
  facet normal 1 0 0
    outer loop
      vertex -5.074999809265137 -5.074999809265137 -3.500000238418579
      vertex -5.074999809265137 -5.0749897956848145 -5
      vertex -5.074999809265137 -5.0749897956848145 -3.500000238418579
    endloop
  endfacet
  facet normal 1 0 0
    outer loop
      vertex -5.074999809265137 -5.0749897956848145 -5
      vertex -5.074999809265137 -5.074999809265137 -3.500000238418579
      vertex -5.074999809265137 -5.074999809265137 -5
    endloop
  endfacet
  facet normal 1 0 0
    outer loop
      vertex -5.074999809265137 5.0749897956848145 -3.500000238418579
      vertex -5.074999809265137 5.074999809265137 -5
      vertex -5.074999809265137 5.074999809265137 -3.500000238418579
    endloop
  endfacet
  facet normal 1 0 0
    outer loop
      vertex -5.074999809265137 5.074999809265137 -5
      vertex -5.074999809265137 5.0749897956848145 -3.500000238418579
      vertex -5.074999809265137 5.0749897956848145 -5
    endloop
  endfacet
  facet normal 1 0 0
    outer loop
      vertex -5.074999809265137 2.5 -3.500000238418579
      vertex -5.074999809265137 3.9436299800872803 -5
      vertex -5.074999809265137 3.9436299800872803 -3.500000238418579
    endloop
  endfacet
  facet normal 1 0 0
    outer loop
      vertex -5.074999809265137 3.9436299800872803 -5
      vertex -5.074999809265137 2.5 -3.500000238418579
      vertex -5.074999809265137 2.5 -5
    endloop
  endfacet
  facet normal 1 0 0
    outer loop
      vertex -5.074999809265137 -3.9436299800872803 -3.500000238418579
      vertex -5.074999809265137 -2.5 -5
      vertex -5.074999809265137 -2.5 -3.500000238418579
    endloop
  endfacet
  facet normal 1 0 0
    outer loop
      vertex -5.074999809265137 -2.5 -5
      vertex -5.074999809265137 -3.9436299800872803 -3.500000238418579
      vertex -5.074999809265137 -3.9436299800872803 -5
    endloop
  endfacet
  facet normal 0 -1 0
    outer loop
      vertex 5.0749897956848145 5.074999809265137 -5
      vertex 5.074999809265137 5.074999809265137 -3.500000238418579
      vertex 5.0749897956848145 5.074999809265137 -3.500000238418579
    endloop
  endfacet
  facet normal 0 -1 0
    outer loop
      vertex 5.074999809265137 5.074999809265137 -3.500000238418579
      vertex 5.0749897956848145 5.074999809265137 -5
      vertex 5.074999809265137 5.074999809265137 -5
    endloop
  endfacet
  facet normal 0 -1 0
    outer loop
      vertex -5.074999809265137 5.074999809265137 -5
      vertex -5.0749897956848145 5.074999809265137 -3.500000238418579
      vertex -5.074999809265137 5.074999809265137 -3.500000238418579
    endloop
  endfacet
  facet normal 0 -1 0
    outer loop
      vertex -5.0749897956848145 5.074999809265137 -3.500000238418579
      vertex -5.074999809265137 5.074999809265137 -5
      vertex -5.0749897956848145 5.074999809265137 -5
    endloop
  endfacet
  facet normal 0 -1 0
    outer loop
      vertex -3.9436299800872803 5.074999809265137 -5
      vertex -2.5 5.074999809265137 -3.500000238418579
      vertex -3.9436299800872803 5.074999809265137 -3.500000238418579
    endloop
  endfacet
  facet normal 0 -1 0
    outer loop
      vertex -2.5 5.074999809265137 -3.500000238418579
      vertex -3.9436299800872803 5.074999809265137 -5
      vertex -2.5 5.074999809265137 -5
    endloop
  endfacet
  facet normal 0 -1 0
    outer loop
      vertex 2.5 5.074999809265137 -5
      vertex 3.9436299800872803 5.074999809265137 -3.500000238418579
      vertex 2.5 5.074999809265137 -3.500000238418579
    endloop
  endfacet
  facet normal 0 -1 0
    outer loop
      vertex 3.9436299800872803 5.074999809265137 -3.500000238418579
      vertex 2.5 5.074999809265137 -5
      vertex 3.9436299800872803 5.074999809265137 -5
    endloop
  endfacet
  facet normal 0 1 0
    outer loop
      vertex 5.074999809265137 -5.074999809265137 -5
      vertex 5.0749897956848145 -5.074999809265137 -3.500000238418579
      vertex 5.074999809265137 -5.074999809265137 -3.500000238418579
    endloop
  endfacet
  facet normal 0 1 0
    outer loop
      vertex 5.0749897956848145 -5.074999809265137 -3.500000238418579
      vertex 5.074999809265137 -5.074999809265137 -5
      vertex 5.0749897956848145 -5.074999809265137 -5
    endloop
  endfacet
  facet normal 0 1 0
    outer loop
      vertex -5.0749897956848145 -5.074999809265137 -5
      vertex -5.074999809265137 -5.074999809265137 -3.500000238418579
      vertex -5.0749897956848145 -5.074999809265137 -3.500000238418579
    endloop
  endfacet
  facet normal 0 1 0
    outer loop
      vertex -5.074999809265137 -5.074999809265137 -3.500000238418579
      vertex -5.0749897956848145 -5.074999809265137 -5
      vertex -5.074999809265137 -5.074999809265137 -5
    endloop
  endfacet
  facet normal 0 1 0
    outer loop
      vertex -2.5 -5.074999809265137 -5
      vertex -3.9436299800872803 -5.074999809265137 -3.500000238418579
      vertex -2.5 -5.074999809265137 -3.500000238418579
    endloop
  endfacet
  facet normal 0 1 0
    outer loop
      vertex -3.9436299800872803 -5.074999809265137 -3.500000238418579
      vertex -2.5 -5.074999809265137 -5
      vertex -3.9436299800872803 -5.074999809265137 -5
    endloop
  endfacet
  facet normal 0 1 0
    outer loop
      vertex 3.9436299800872803 -5.074999809265137 -5
      vertex 2.5 -5.074999809265137 -3.500000238418579
      vertex 3.9436299800872803 -5.074999809265137 -3.500000238418579
    endloop
  endfacet
  facet normal 0 1 0
    outer loop
      vertex 2.5 -5.074999809265137 -3.500000238418579
      vertex 3.9436299800872803 -5.074999809265137 -5
      vertex 2.5 -5.074999809265137 -5
    endloop
  endfacet
  facet normal 1 0 0
    outer loop
      vertex 5 -5 5
      vertex 5 5 -5
      vertex 5 5 5
    endloop
  endfacet
  facet normal 1 0 0
    outer loop
      vertex 5 5 -5
      vertex 5 -5 5
      vertex 5 -5 -5
    endloop
  endfacet
  facet normal 0 0 1
    outer loop
      vertex -5 5 5
      vertex 5 -5 5
      vertex 5 5 5
    endloop
  endfacet
  facet normal 0 0 1
    outer loop
      vertex 5 -5 5
      vertex -5 5 5
      vertex -5 -5 5
    endloop
  endfacet
  facet normal -1 0 0
    outer loop
      vertex -5 -5 -5
      vertex -5 5 5
      vertex -5 5 -5
    endloop
  endfacet
  facet normal -1 0 0
    outer loop
      vertex -5 5 5
      vertex -5 -5 -5
      vertex -5 -5 5
    endloop
  endfacet
  facet normal 0 1 0
    outer loop
      vertex 5 5 -5
      vertex -5 5 5
      vertex 5 5 5
    endloop
  endfacet
  facet normal 0 1 0
    outer loop
      vertex -5 5 5
      vertex 5 5 -5
      vertex -5 5 -5
    endloop
  endfacet
  facet normal 0 -1 0
    outer loop
      vertex -5 -5 -5
      vertex 5 -5 5
      vertex -5 -5 5
    endloop
  endfacet
  facet normal 0 -1 0
    outer loop
      vertex 5 -5 5
      vertex -5 -5 -5
      vertex 5 -5 -5
    endloop
  endfacet
endsolid OpenSCAD_Model
