solid OpenSCAD_Model
  facet normal 1 0 0
    outer loop
      vertex 5 -12.368800163269043 -14.000000953674316
      vertex 5 12.368799209594727 -20.350000381469727
      vertex 5 12.368799209594727 -14.000000953674316
    endloop
  endfacet
  facet normal 1 0 0
    outer loop
      vertex 5 12.368799209594727 -20.350000381469727
      vertex 5 -12.368800163269043 -14.000000953674316
      vertex 5 -12.368800163269043 -20.350000381469727
    endloop
  endfacet
  facet normal 0 0 1
    outer loop
      vertex 3.2335777282714844 9.660608291625977 -14.000000953674316
      vertex 5 12.368799209594727 -14.000000953674316
      vertex 3.380740165710449 10.094133377075195 -14.000000953674316
    endloop
  endfacet
  facet normal 0 0 1
    outer loop
      vertex 5 -12.368800163269043 -14.000000953674316
      vertex 3.4700565338134766 -10.543158531188965 -14.000000953674316
      vertex 3.5 -11 -14.000000953674316
    endloop
  endfacet
  facet normal 0 0 1
    outer loop
      vertex 5 12.368799209594727 -14.000000953674316
      vertex 2.1843996047973633 0 -14.000000953674316
      vertex 5 -12.368800163269043 -14.000000953674316
    endloop
  endfacet
  facet normal 0 0 1
    outer loop
      vertex 5 -12.368800163269043 -14.000000953674316
      vertex 3.380740165710449 -10.094133377075195 -14.000000953674316
      vertex 3.4700565338134766 -10.543158531188965 -14.000000953674316
    endloop
  endfacet
  facet normal 0 0 1
    outer loop
      vertex 2.1099681854248047 0.565363883972168 -14.000000953674316
      vertex 5 12.368799209594727 -14.000000953674316
      vertex 3.2335777282714844 9.660608291625977 -14.000000953674316
    endloop
  endfacet
  facet normal 0 0 1
    outer loop
      vertex 2.1657114028930664 -0.28512096405029297 -14.000000953674316
      vertex 5 -12.368800163269043 -14.000000953674316
      vertex 2.1843996047973633 0 -14.000000953674316
    endloop
  endfacet
  facet normal 0 0 1
    outer loop
      vertex 2.1099681854248047 0.565363883972168 -14.000000953674316
      vertex 3.2335777282714844 9.660608291625977 -14.000000953674316
      vertex 3.0310888290405273 9.25 -14.000000953674316
    endloop
  endfacet
  facet normal 0 0 1
    outer loop
      vertex 2.1099681854248047 -0.565363883972168 -14.000000953674316
      vertex 5 -12.368800163269043 -14.000000953674316
      vertex 2.1657114028930664 -0.28512096405029297 -14.000000953674316
    endloop
  endfacet
  facet normal 0 0 1
    outer loop
      vertex 2.0181217193603516 0.8359336853027344 -14.000000953674316
      vertex 3.0310888290405273 9.25 -14.000000953674316
      vertex 2.776736259460449 8.869335174560547 -14.000000953674316
    endloop
  endfacet
  facet normal 0 0 1
    outer loop
      vertex 5 -12.368800163269043 -14.000000953674316
      vertex 3.2335777282714844 -9.660608291625977 -14.000000953674316
      vertex 3.380740165710449 -10.094133377075195 -14.000000953674316
    endloop
  endfacet
  facet normal 0 0 1
    outer loop
      vertex 1.8917455673217773 1.0921993255615234 -14.000000953674316
      vertex 2.776736259460449 8.869335174560547 -14.000000953674316
      vertex 2.4748735427856445 8.525126457214355 -14.000000953674316
    endloop
  endfacet
  facet normal 0 0 1
    outer loop
      vertex 5 -12.368800163269043 -14.000000953674316
      vertex 2.1099681854248047 -0.565363883972168 -14.000000953674316
      vertex 3.2335777282714844 -9.660608291625977 -14.000000953674316
    endloop
  endfacet
  facet normal 0 0 1
    outer loop
      vertex 3.2335777282714844 -9.660608291625977 -14.000000953674316
      vertex 2.1099681854248047 -0.565363883972168 -14.000000953674316
      vertex 3.0310888290405273 -9.25 -14.000000953674316
    endloop
  endfacet
  facet normal 0 0 1
    outer loop
      vertex 5 12.368799209594727 -14.000000953674316
      vertex 2.1657114028930664 0.28512096405029297 -14.000000953674316
      vertex 2.1843996047973633 0 -14.000000953674316
    endloop
  endfacet
  facet normal 0 0 1
    outer loop
      vertex 1.7330007553100586 1.329777717590332 -14.000000953674316
      vertex 2.4748735427856445 8.525126457214355 -14.000000953674316
      vertex 2.130664825439453 8.22326374053955 -14.000000953674316
    endloop
  endfacet
  facet normal 0 0 1
    outer loop
      vertex 5 12.368799209594727 -14.000000953674316
      vertex 2.1099681854248047 0.565363883972168 -14.000000953674316
      vertex 2.1657114028930664 0.28512096405029297 -14.000000953674316
    endloop
  endfacet
  facet normal 0 0 1
    outer loop
      vertex 3.0310888290405273 9.25 -14.000000953674316
      vertex 2.0181217193603516 0.8359336853027344 -14.000000953674316
      vertex 2.1099681854248047 0.565363883972168 -14.000000953674316
    endloop
  endfacet
  facet normal 0 0 1
    outer loop
      vertex 2.776736259460449 8.869335174560547 -14.000000953674316
      vertex 1.8917455673217773 1.0921993255615234 -14.000000953674316
      vertex 2.0181217193603516 0.8359336853027344 -14.000000953674316
    endloop
  endfacet
  facet normal 0 0 1
    outer loop
      vertex 1.5446033477783203 1.5446033477783203 -14.000000953674316
      vertex 2.130664825439453 8.22326374053955 -14.000000953674316
      vertex 1.75 7.968911170959473 -14.000000953674316
    endloop
  endfacet
  facet normal 0 0 1
    outer loop
      vertex 2.4748735427856445 8.525126457214355 -14.000000953674316
      vertex 1.7330007553100586 1.329777717590332 -14.000000953674316
      vertex 1.8917455673217773 1.0921993255615234 -14.000000953674316
    endloop
  endfacet
  facet normal 0 0 1
    outer loop
      vertex 2.130664825439453 8.22326374053955 -14.000000953674316
      vertex 1.5446033477783203 1.5446033477783203 -14.000000953674316
      vertex 1.7330007553100586 1.329777717590332 -14.000000953674316
    endloop
  endfacet
  facet normal 0 0 1
    outer loop
      vertex 1.0921993255615234 1.8917455673217773 -14.000000953674316
      vertex 1.75 7.968911170959473 -14.000000953674316
      vertex 1.3393917083740234 7.766422271728516 -14.000000953674316
    endloop
  endfacet
  facet normal 0 0 1
    outer loop
      vertex 1.75 7.968911170959473 -14.000000953674316
      vertex 1.329777717590332 1.7330007553100586 -14.000000953674316
      vertex 1.5446033477783203 1.5446033477783203 -14.000000953674316
    endloop
  endfacet
  facet normal 0 0 1
    outer loop
      vertex 1.75 7.968911170959473 -14.000000953674316
      vertex 1.0921993255615234 1.8917455673217773 -14.000000953674316
      vertex 1.329777717590332 1.7330007553100586 -14.000000953674316
    endloop
  endfacet
  facet normal 0 0 1
    outer loop
      vertex 0.8359336853027344 2.0181217193603516 -14.000000953674316
      vertex 1.3393917083740234 7.766422271728516 -14.000000953674316
      vertex 0.9058666229248047 7.619259834289551 -14.000000953674316
    endloop
  endfacet
  facet normal 0 0 1
    outer loop
      vertex 1.3393917083740234 7.766422271728516 -14.000000953674316
      vertex 0.8359336853027344 2.0181217193603516 -14.000000953674316
      vertex 1.0921993255615234 1.8917455673217773 -14.000000953674316
    endloop
  endfacet
  facet normal 0 0 1
    outer loop
      vertex 0.9058666229248047 7.619259834289551 -14.000000953674316
      vertex 0.565363883972168 2.1099681854248047 -14.000000953674316
      vertex 0.8359336853027344 2.0181217193603516 -14.000000953674316
    endloop
  endfacet
  facet normal 0 0 1
    outer loop
      vertex 0.45684146881103516 7.529943466186523 -14.000000953674316
      vertex 0.565363883972168 2.1099681854248047 -14.000000953674316
      vertex 0.9058666229248047 7.619259834289551 -14.000000953674316
    endloop
  endfacet
  facet normal 0 0 1
    outer loop
      vertex 0.45684146881103516 7.529943466186523 -14.000000953674316
      vertex 0.28512096405029297 2.1657114028930664 -14.000000953674316
      vertex 0.565363883972168 2.1099681854248047 -14.000000953674316
    endloop
  endfacet
  facet normal 0 0 1
    outer loop
      vertex 0 7.5 -14.000000953674316
      vertex 0.28512096405029297 2.1657114028930664 -14.000000953674316
      vertex 0.45684146881103516 7.529943466186523 -14.000000953674316
    endloop
  endfacet
  facet normal 0 0 1
    outer loop
      vertex 0 7.5 -14.000000953674316
      vertex 0 2.1843996047973633 -14.000000953674316
      vertex 0.28512096405029297 2.1657114028930664 -14.000000953674316
    endloop
  endfacet
  facet normal 0 0 1
    outer loop
      vertex 0 7.5 -14.000000953674316
      vertex -0.28512096405029297 2.1657114028930664 -14.000000953674316
      vertex 0 2.1843996047973633 -14.000000953674316
    endloop
  endfacet
  facet normal 0 0 1
    outer loop
      vertex -0.45684146881103516 7.529943466186523 -14.000000953674316
      vertex -0.28512096405029297 2.1657114028930664 -14.000000953674316
      vertex 0 7.5 -14.000000953674316
    endloop
  endfacet
  facet normal 0 0 1
    outer loop
      vertex -0.45684146881103516 7.529943466186523 -14.000000953674316
      vertex -0.565363883972168 2.1099681854248047 -14.000000953674316
      vertex -0.28512096405029297 2.1657114028930664 -14.000000953674316
    endloop
  endfacet
  facet normal 0 0 1
    outer loop
      vertex -0.9058666229248047 7.619259834289551 -14.000000953674316
      vertex -0.565363883972168 2.1099681854248047 -14.000000953674316
      vertex -0.45684146881103516 7.529943466186523 -14.000000953674316
    endloop
  endfacet
  facet normal 0 0 1
    outer loop
      vertex -0.565363883972168 2.1099681854248047 -14.000000953674316
      vertex -0.9058666229248047 7.619259834289551 -14.000000953674316
      vertex -0.8359336853027344 2.0181217193603516 -14.000000953674316
    endloop
  endfacet
  facet normal 0 0 1
    outer loop
      vertex -1.3393917083740234 7.766422271728516 -14.000000953674316
      vertex -0.8359336853027344 2.0181217193603516 -14.000000953674316
      vertex -0.9058666229248047 7.619259834289551 -14.000000953674316
    endloop
  endfacet
  facet normal 0 0 1
    outer loop
      vertex -0.8359336853027344 2.0181217193603516 -14.000000953674316
      vertex -1.3393917083740234 7.766422271728516 -14.000000953674316
      vertex -1.0921993255615234 1.8917455673217773 -14.000000953674316
    endloop
  endfacet
  facet normal 0 0 1
    outer loop
      vertex -1.75 7.968911170959473 -14.000000953674316
      vertex -1.0921993255615234 1.8917455673217773 -14.000000953674316
      vertex -1.3393917083740234 7.766422271728516 -14.000000953674316
    endloop
  endfacet
  facet normal 0 0 1
    outer loop
      vertex -1.0921993255615234 1.8917455673217773 -14.000000953674316
      vertex -1.75 7.968911170959473 -14.000000953674316
      vertex -1.329777717590332 1.7330007553100586 -14.000000953674316
    endloop
  endfacet
  facet normal 0 0 1
    outer loop
      vertex -1.329777717590332 1.7330007553100586 -14.000000953674316
      vertex -1.75 7.968911170959473 -14.000000953674316
      vertex -1.5446033477783203 1.5446033477783203 -14.000000953674316
    endloop
  endfacet
  facet normal 0 0 1
    outer loop
      vertex -2.130664825439453 8.22326374053955 -14.000000953674316
      vertex -1.5446033477783203 1.5446033477783203 -14.000000953674316
      vertex -1.75 7.968911170959473 -14.000000953674316
    endloop
  endfacet
  facet normal 0 0 1
    outer loop
      vertex -1.5446033477783203 1.5446033477783203 -14.000000953674316
      vertex -2.130664825439453 8.22326374053955 -14.000000953674316
      vertex -1.7330007553100586 1.329777717590332 -14.000000953674316
    endloop
  endfacet
  facet normal 0 0 1
    outer loop
      vertex -2.4748735427856445 8.525126457214355 -14.000000953674316
      vertex -1.7330007553100586 1.329777717590332 -14.000000953674316
      vertex -2.130664825439453 8.22326374053955 -14.000000953674316
    endloop
  endfacet
  facet normal 0 0 1
    outer loop
      vertex -1.7330007553100586 1.329777717590332 -14.000000953674316
      vertex -2.4748735427856445 8.525126457214355 -14.000000953674316
      vertex -1.8917455673217773 1.0921993255615234 -14.000000953674316
    endloop
  endfacet
  facet normal 0 0 1
    outer loop
      vertex -2.776736259460449 8.869335174560547 -14.000000953674316
      vertex -1.8917455673217773 1.0921993255615234 -14.000000953674316
      vertex -2.4748735427856445 8.525126457214355 -14.000000953674316
    endloop
  endfacet
  facet normal 0 0 1
    outer loop
      vertex -1.8917455673217773 1.0921993255615234 -14.000000953674316
      vertex -2.776736259460449 8.869335174560547 -14.000000953674316
      vertex -2.0181217193603516 0.8359336853027344 -14.000000953674316
    endloop
  endfacet
  facet normal 0 0 1
    outer loop
      vertex -3.0310888290405273 9.25 -14.000000953674316
      vertex -2.0181217193603516 0.8359336853027344 -14.000000953674316
      vertex -2.776736259460449 8.869335174560547 -14.000000953674316
    endloop
  endfacet
  facet normal 0 0 1
    outer loop
      vertex -2.0181217193603516 0.8359336853027344 -14.000000953674316
      vertex -3.0310888290405273 9.25 -14.000000953674316
      vertex -2.1099681854248047 0.565363883972168 -14.000000953674316
    endloop
  endfacet
  facet normal 0 0 1
    outer loop
      vertex 3.2335777282714844 12.339391708374023 -14.000000953674316
      vertex 5 12.368799209594727 -14.000000953674316
      vertex 4.9657793045043945 12.890904426574707 -14.000000953674316
    endloop
  endfacet
  facet normal 0 0 1
    outer loop
      vertex 3.4700565338134766 10.543158531188965 -14.000000953674316
      vertex 5 12.368799209594727 -14.000000953674316
      vertex 3.5 11 -14.000000953674316
    endloop
  endfacet
  facet normal 0 0 1
    outer loop
      vertex 3.2335777282714844 12.339391708374023 -14.000000953674316
      vertex 4.9657793045043945 12.890904426574707 -14.000000953674316
      vertex 4.863702774047852 13.404075622558594 -14.000000953674316
    endloop
  endfacet
  facet normal 0 0 1
    outer loop
      vertex 3.380740165710449 10.094133377075195 -14.000000953674316
      vertex 5 12.368799209594727 -14.000000953674316
      vertex 3.4700565338134766 10.543158531188965 -14.000000953674316
    endloop
  endfacet
  facet normal 0 0 1
    outer loop
      vertex 3.0310888290405273 12.75 -14.000000953674316
      vertex 4.863702774047852 13.404075622558594 -14.000000953674316
      vertex 4.695517539978027 13.89953327178955 -14.000000953674316
    endloop
  endfacet
  facet normal 0 0 1
    outer loop
      vertex 3.4700565338134766 -11.456841468811035 -14.000000953674316
      vertex 5 -12.368800163269043 -14.000000953674316
      vertex 3.5 -11 -14.000000953674316
    endloop
  endfacet
  facet normal 0 0 1
    outer loop
      vertex 2.776736259460449 13.130664825439453 -14.000000953674316
      vertex 4.695517539978027 13.89953327178955 -14.000000953674316
      vertex 4.4641008377075195 14.368799209594727 -14.000000953674316
    endloop
  endfacet
  facet normal 0 0 1
    outer loop
      vertex 3.380740165710449 -11.905866622924805 -14.000000953674316
      vertex 5 -12.368800163269043 -14.000000953674316
      vertex 3.4700565338134766 -11.456841468811035 -14.000000953674316
    endloop
  endfacet
  facet normal 0 0 1
    outer loop
      vertex 2.776736259460449 13.130664825439453 -14.000000953674316
      vertex 4.4641008377075195 14.368799209594727 -14.000000953674316
      vertex 4.173413276672363 14.803845405578613 -14.000000953674316
    endloop
  endfacet
  facet normal 0 0 1
    outer loop
      vertex 3.2335777282714844 -12.339391708374023 -14.000000953674316
      vertex 5 -12.368800163269043 -14.000000953674316
      vertex 3.380740165710449 -11.905866622924805 -14.000000953674316
    endloop
  endfacet
  facet normal 0 0 1
    outer loop
      vertex 2.4748735427856445 13.474873542785645 -14.000000953674316
      vertex 4.173413276672363 14.803845405578613 -14.000000953674316
      vertex 3.8284263610839844 15.197226524353027 -14.000000953674316
    endloop
  endfacet
  facet normal 0 0 1
    outer loop
      vertex 5 -12.368800163269043 -14.000000953674316
      vertex 3.2335777282714844 -12.339391708374023 -14.000000953674316
      vertex 4.9657793045043945 -12.890905380249023 -14.000000953674316
    endloop
  endfacet
  facet normal 0 0 1
    outer loop
      vertex 4.9657793045043945 -12.890905380249023 -14.000000953674316
      vertex 3.2335777282714844 -12.339391708374023 -14.000000953674316
      vertex 4.863702774047852 -13.40407657623291 -14.000000953674316
    endloop
  endfacet
  facet normal 0 0 1
    outer loop
      vertex 5 12.368799209594727 -14.000000953674316
      vertex 3.4700565338134766 11.456841468811035 -14.000000953674316
      vertex 3.5 11 -14.000000953674316
    endloop
  endfacet
  facet normal 0 0 1
    outer loop
      vertex 2.130664825439453 13.77673625946045 -14.000000953674316
      vertex 3.8284263610839844 15.197226524353027 -14.000000953674316
      vertex 3.4350452423095703 15.54221248626709 -14.000000953674316
    endloop
  endfacet
  facet normal 0 0 1
    outer loop
      vertex 5 12.368799209594727 -14.000000953674316
      vertex 3.380740165710449 11.905866622924805 -14.000000953674316
      vertex 3.4700565338134766 11.456841468811035 -14.000000953674316
    endloop
  endfacet
  facet normal 0 0 1
    outer loop
      vertex 5 12.368799209594727 -14.000000953674316
      vertex 3.2335777282714844 12.339391708374023 -14.000000953674316
      vertex 3.380740165710449 11.905866622924805 -14.000000953674316
    endloop
  endfacet
  facet normal 0 0 1
    outer loop
      vertex 4.863702774047852 13.404075622558594 -14.000000953674316
      vertex 3.0310888290405273 12.75 -14.000000953674316
      vertex 3.2335777282714844 12.339391708374023 -14.000000953674316
    endloop
  endfacet
  facet normal 0 0 1
    outer loop
      vertex 2.130664825439453 13.77673625946045 -14.000000953674316
      vertex 3.4350452423095703 15.54221248626709 -14.000000953674316
      vertex 3 15.832901000976562 -14.000000953674316
    endloop
  endfacet
  facet normal 0 0 1
    outer loop
      vertex 4.695517539978027 13.89953327178955 -14.000000953674316
      vertex 2.776736259460449 13.130664825439453 -14.000000953674316
      vertex 3.0310888290405273 12.75 -14.000000953674316
    endloop
  endfacet
  facet normal 0 0 1
    outer loop
      vertex 1.75 14.031088829040527 -14.000000953674316
      vertex 3 15.832901000976562 -14.000000953674316
      vertex 2.530733108520508 16.06431770324707 -14.000000953674316
    endloop
  endfacet
  facet normal 0 0 1
    outer loop
      vertex 4.173413276672363 14.803845405578613 -14.000000953674316
      vertex 2.4748735427856445 13.474873542785645 -14.000000953674316
      vertex 2.776736259460449 13.130664825439453 -14.000000953674316
    endloop
  endfacet
  facet normal 0 0 1
    outer loop
      vertex 3.8284263610839844 15.197226524353027 -14.000000953674316
      vertex 2.130664825439453 13.77673625946045 -14.000000953674316
      vertex 2.4748735427856445 13.474873542785645 -14.000000953674316
    endloop
  endfacet
  facet normal 0 0 1
    outer loop
      vertex 1.3393917083740234 14.233577728271484 -14.000000953674316
      vertex 2.530733108520508 16.06431770324707 -14.000000953674316
      vertex 2.035275459289551 16.23250389099121 -14.000000953674316
    endloop
  endfacet
  facet normal 0 0 1
    outer loop
      vertex 3 15.832901000976562 -14.000000953674316
      vertex 1.75 14.031088829040527 -14.000000953674316
      vertex 2.130664825439453 13.77673625946045 -14.000000953674316
    endloop
  endfacet
  facet normal 0 0 1
    outer loop
      vertex 1.3393917083740234 14.233577728271484 -14.000000953674316
      vertex 2.035275459289551 16.23250389099121 -14.000000953674316
      vertex 1.522104263305664 16.334579467773438 -14.000000953674316
    endloop
  endfacet
  facet normal 0 0 1
    outer loop
      vertex 2.530733108520508 16.06431770324707 -14.000000953674316
      vertex 1.3393917083740234 14.233577728271484 -14.000000953674316
      vertex 1.75 14.031088829040527 -14.000000953674316
    endloop
  endfacet
  facet normal 0 0 1
    outer loop
      vertex 0.9058666229248047 14.38074016571045 -14.000000953674316
      vertex 1.522104263305664 16.334579467773438 -14.000000953674316
      vertex 1 16.368799209594727 -14.000000953674316
    endloop
  endfacet
  facet normal 0 0 1
    outer loop
      vertex 1.522104263305664 16.334579467773438 -14.000000953674316
      vertex 0.9058666229248047 14.38074016571045 -14.000000953674316
      vertex 1.3393917083740234 14.233577728271484 -14.000000953674316
    endloop
  endfacet
  facet normal 0 0 1
    outer loop
      vertex 1 16.368799209594727 -14.000000953674316
      vertex 0.45684146881103516 14.470056533813477 -14.000000953674316
      vertex 0.9058666229248047 14.38074016571045 -14.000000953674316
    endloop
  endfacet
  facet normal 0 0 1
    outer loop
      vertex 1 16.368799209594727 -14.000000953674316
      vertex 0 14.5 -14.000000953674316
      vertex 0.45684146881103516 14.470056533813477 -14.000000953674316
    endloop
  endfacet
  facet normal 0 0 1
    outer loop
      vertex -1 16.368799209594727 -14.000000953674316
      vertex 0 14.5 -14.000000953674316
      vertex 1 16.368799209594727 -14.000000953674316
    endloop
  endfacet
  facet normal 0 0 1
    outer loop
      vertex 0 14.5 -14.000000953674316
      vertex -1 16.368799209594727 -14.000000953674316
      vertex -0.45684146881103516 14.470056533813477 -14.000000953674316
    endloop
  endfacet
  facet normal 0 0 1
    outer loop
      vertex -0.45684146881103516 14.470056533813477 -14.000000953674316
      vertex -1 16.368799209594727 -14.000000953674316
      vertex -0.9058666229248047 14.38074016571045 -14.000000953674316
    endloop
  endfacet
  facet normal 0 0 1
    outer loop
      vertex -1.5221052169799805 16.334579467773438 -14.000000953674316
      vertex -0.9058666229248047 14.38074016571045 -14.000000953674316
      vertex -1 16.368799209594727 -14.000000953674316
    endloop
  endfacet
  facet normal 0 0 1
    outer loop
      vertex -0.9058666229248047 14.38074016571045 -14.000000953674316
      vertex -1.5221052169799805 16.334579467773438 -14.000000953674316
      vertex -1.3393917083740234 14.233577728271484 -14.000000953674316
    endloop
  endfacet
  facet normal 0 0 1
    outer loop
      vertex -2.035276412963867 16.23250389099121 -14.000000953674316
      vertex -1.3393917083740234 14.233577728271484 -14.000000953674316
      vertex -1.5221052169799805 16.334579467773438 -14.000000953674316
    endloop
  endfacet
  facet normal 0 0 1
    outer loop
      vertex -2.530734062194824 16.06431770324707 -14.000000953674316
      vertex -1.3393917083740234 14.233577728271484 -14.000000953674316
      vertex -2.035276412963867 16.23250389099121 -14.000000953674316
    endloop
  endfacet
  facet normal 0 0 1
    outer loop
      vertex -1.3393917083740234 14.233577728271484 -14.000000953674316
      vertex -2.530734062194824 16.06431770324707 -14.000000953674316
      vertex -1.75 14.031088829040527 -14.000000953674316
    endloop
  endfacet
  facet normal 0 0 1
    outer loop
      vertex -3 15.832901000976562 -14.000000953674316
      vertex -1.75 14.031088829040527 -14.000000953674316
      vertex -2.530734062194824 16.06431770324707 -14.000000953674316
    endloop
  endfacet
  facet normal 0 0 1
    outer loop
      vertex -1.75 14.031088829040527 -14.000000953674316
      vertex -3 15.832901000976562 -14.000000953674316
      vertex -2.130664825439453 13.77673625946045 -14.000000953674316
    endloop
  endfacet
  facet normal 0 0 1
    outer loop
      vertex -3.4350461959838867 15.54221248626709 -14.000000953674316
      vertex -2.130664825439453 13.77673625946045 -14.000000953674316
      vertex -3 15.832901000976562 -14.000000953674316
    endloop
  endfacet
  facet normal 0 0 1
    outer loop
      vertex -3.828427314758301 15.197226524353027 -14.000000953674316
      vertex -2.130664825439453 13.77673625946045 -14.000000953674316
      vertex -3.4350461959838867 15.54221248626709 -14.000000953674316
    endloop
  endfacet
  facet normal 0 0 1
    outer loop
      vertex -2.130664825439453 13.77673625946045 -14.000000953674316
      vertex -3.828427314758301 15.197226524353027 -14.000000953674316
      vertex -2.4748735427856445 13.474873542785645 -14.000000953674316
    endloop
  endfacet
  facet normal 0 0 1
    outer loop
      vertex -4.17341423034668 14.803845405578613 -14.000000953674316
      vertex -2.4748735427856445 13.474873542785645 -14.000000953674316
      vertex -3.828427314758301 15.197226524353027 -14.000000953674316
    endloop
  endfacet
  facet normal 0 0 1
    outer loop
      vertex -2.4748735427856445 13.474873542785645 -14.000000953674316
      vertex -4.17341423034668 14.803845405578613 -14.000000953674316
      vertex -2.776736259460449 13.130664825439453 -14.000000953674316
    endloop
  endfacet
  facet normal 0 0 1
    outer loop
      vertex -4.464101791381836 14.368799209594727 -14.000000953674316
      vertex -2.776736259460449 13.130664825439453 -14.000000953674316
      vertex -4.17341423034668 14.803845405578613 -14.000000953674316
    endloop
  endfacet
  facet normal 0 0 1
    outer loop
      vertex -4.695518493652344 13.89953327178955 -14.000000953674316
      vertex -2.776736259460449 13.130664825439453 -14.000000953674316
      vertex -4.464101791381836 14.368799209594727 -14.000000953674316
    endloop
  endfacet
  facet normal 0 0 1
    outer loop
      vertex -2.776736259460449 13.130664825439453 -14.000000953674316
      vertex -4.695518493652344 13.89953327178955 -14.000000953674316
      vertex -3.0310888290405273 12.75 -14.000000953674316
    endloop
  endfacet
  facet normal 0 0 1
    outer loop
      vertex -3.0310888290405273 12.75 -14.000000953674316
      vertex -4.863703727722168 13.404075622558594 -14.000000953674316
      vertex -3.2335777282714844 12.339391708374023 -14.000000953674316
    endloop
  endfacet
  facet normal 0 0 1
    outer loop
      vertex -4.863703727722168 13.404075622558594 -14.000000953674316
      vertex -3.0310888290405273 12.75 -14.000000953674316
      vertex -4.695518493652344 13.89953327178955 -14.000000953674316
    endloop
  endfacet
  facet normal 0 0 1
    outer loop
      vertex 3.0310888290405273 -12.75 -14.000000953674316
      vertex 4.863702774047852 -13.40407657623291 -14.000000953674316
      vertex 3.2335777282714844 -12.339391708374023 -14.000000953674316
    endloop
  endfacet
  facet normal 0 0 1
    outer loop
      vertex 4.863702774047852 -13.40407657623291 -14.000000953674316
      vertex 3.0310888290405273 -12.75 -14.000000953674316
      vertex 4.695517539978027 -13.899534225463867 -14.000000953674316
    endloop
  endfacet
  facet normal 0 0 1
    outer loop
      vertex 2.776736259460449 -13.130664825439453 -14.000000953674316
      vertex 4.695517539978027 -13.899534225463867 -14.000000953674316
      vertex 3.0310888290405273 -12.75 -14.000000953674316
    endloop
  endfacet
  facet normal 0 0 1
    outer loop
      vertex 4.695517539978027 -13.899534225463867 -14.000000953674316
      vertex 2.776736259460449 -13.130664825439453 -14.000000953674316
      vertex 4.4641008377075195 -14.368800163269043 -14.000000953674316
    endloop
  endfacet
  facet normal 0 0 1
    outer loop
      vertex 4.4641008377075195 -14.368800163269043 -14.000000953674316
      vertex 2.776736259460449 -13.130664825439453 -14.000000953674316
      vertex 4.173413276672363 -14.80384635925293 -14.000000953674316
    endloop
  endfacet
  facet normal 0 0 1
    outer loop
      vertex 2.4748735427856445 -13.474873542785645 -14.000000953674316
      vertex 4.173413276672363 -14.80384635925293 -14.000000953674316
      vertex 2.776736259460449 -13.130664825439453 -14.000000953674316
    endloop
  endfacet
  facet normal 0 0 1
    outer loop
      vertex 4.173413276672363 -14.80384635925293 -14.000000953674316
      vertex 2.4748735427856445 -13.474873542785645 -14.000000953674316
      vertex 3.8284263610839844 -15.197227478027344 -14.000000953674316
    endloop
  endfacet
  facet normal 0 0 1
    outer loop
      vertex 2.130664825439453 -13.77673625946045 -14.000000953674316
      vertex 3.8284263610839844 -15.197227478027344 -14.000000953674316
      vertex 2.4748735427856445 -13.474873542785645 -14.000000953674316
    endloop
  endfacet
  facet normal 0 0 1
    outer loop
      vertex 3.8284263610839844 -15.197227478027344 -14.000000953674316
      vertex 2.130664825439453 -13.77673625946045 -14.000000953674316
      vertex 3.4350452423095703 -15.542214393615723 -14.000000953674316
    endloop
  endfacet
  facet normal 0 0 1
    outer loop
      vertex 3.4350452423095703 -15.542214393615723 -14.000000953674316
      vertex 2.130664825439453 -13.77673625946045 -14.000000953674316
      vertex 3 -15.832901954650879 -14.000000953674316
    endloop
  endfacet
  facet normal 0 0 1
    outer loop
      vertex 1.75 -14.031088829040527 -14.000000953674316
      vertex 3 -15.832901954650879 -14.000000953674316
      vertex 2.130664825439453 -13.77673625946045 -14.000000953674316
    endloop
  endfacet
  facet normal 0 0 1
    outer loop
      vertex 3 -15.832901954650879 -14.000000953674316
      vertex 1.75 -14.031088829040527 -14.000000953674316
      vertex 2.530733108520508 -16.06431770324707 -14.000000953674316
    endloop
  endfacet
  facet normal 0 0 1
    outer loop
      vertex 1.3393917083740234 -14.233577728271484 -14.000000953674316
      vertex 2.530733108520508 -16.06431770324707 -14.000000953674316
      vertex 1.75 -14.031088829040527 -14.000000953674316
    endloop
  endfacet
  facet normal 0 0 1
    outer loop
      vertex 2.530733108520508 -16.06431770324707 -14.000000953674316
      vertex 1.3393917083740234 -14.233577728271484 -14.000000953674316
      vertex 2.035275459289551 -16.23250389099121 -14.000000953674316
    endloop
  endfacet
  facet normal 0 0 1
    outer loop
      vertex 2.035275459289551 -16.23250389099121 -14.000000953674316
      vertex 1.3393917083740234 -14.233577728271484 -14.000000953674316
      vertex 1.522104263305664 -16.334579467773438 -14.000000953674316
    endloop
  endfacet
  facet normal 0 0 1
    outer loop
      vertex 0.9058666229248047 -14.38074016571045 -14.000000953674316
      vertex 1.522104263305664 -16.334579467773438 -14.000000953674316
      vertex 1.3393917083740234 -14.233577728271484 -14.000000953674316
    endloop
  endfacet
  facet normal 0 0 1
    outer loop
      vertex 1.522104263305664 -16.334579467773438 -14.000000953674316
      vertex 0.9058666229248047 -14.38074016571045 -14.000000953674316
      vertex 1 -16.368799209594727 -14.000000953674316
    endloop
  endfacet
  facet normal 0 0 1
    outer loop
      vertex 0.45684146881103516 -14.470056533813477 -14.000000953674316
      vertex 1 -16.368799209594727 -14.000000953674316
      vertex 0.9058666229248047 -14.38074016571045 -14.000000953674316
    endloop
  endfacet
  facet normal 0 0 1
    outer loop
      vertex 0 -14.5 -14.000000953674316
      vertex 1 -16.368799209594727 -14.000000953674316
      vertex 0.45684146881103516 -14.470056533813477 -14.000000953674316
    endloop
  endfacet
  facet normal 0 0 1
    outer loop
      vertex -1 -16.368799209594727 -14.000000953674316
      vertex 0 -14.5 -14.000000953674316
      vertex -0.45684146881103516 -14.470056533813477 -14.000000953674316
    endloop
  endfacet
  facet normal 0 0 1
    outer loop
      vertex -1 -16.368799209594727 -14.000000953674316
      vertex -0.45684146881103516 -14.470056533813477 -14.000000953674316
      vertex -0.9058666229248047 -14.38074016571045 -14.000000953674316
    endloop
  endfacet
  facet normal 0 0 1
    outer loop
      vertex 0 -14.5 -14.000000953674316
      vertex -1 -16.368799209594727 -14.000000953674316
      vertex 1 -16.368799209594727 -14.000000953674316
    endloop
  endfacet
  facet normal 0 0 1
    outer loop
      vertex -1.5221052169799805 -16.334579467773438 -14.000000953674316
      vertex -0.9058666229248047 -14.38074016571045 -14.000000953674316
      vertex -1.3393917083740234 -14.233577728271484 -14.000000953674316
    endloop
  endfacet
  facet normal 0 0 1
    outer loop
      vertex -0.9058666229248047 -14.38074016571045 -14.000000953674316
      vertex -1.5221052169799805 -16.334579467773438 -14.000000953674316
      vertex -1 -16.368799209594727 -14.000000953674316
    endloop
  endfacet
  facet normal 0 0 1
    outer loop
      vertex -2.530734062194824 -16.06431770324707 -14.000000953674316
      vertex -1.3393917083740234 -14.233577728271484 -14.000000953674316
      vertex -1.75 -14.031088829040527 -14.000000953674316
    endloop
  endfacet
  facet normal 0 0 1
    outer loop
      vertex -1.3393917083740234 -14.233577728271484 -14.000000953674316
      vertex -2.035276412963867 -16.23250389099121 -14.000000953674316
      vertex -1.5221052169799805 -16.334579467773438 -14.000000953674316
    endloop
  endfacet
  facet normal 0 0 1
    outer loop
      vertex -3 -15.832901954650879 -14.000000953674316
      vertex -1.75 -14.031088829040527 -14.000000953674316
      vertex -2.130664825439453 -13.77673625946045 -14.000000953674316
    endloop
  endfacet
  facet normal 0 0 1
    outer loop
      vertex -3.828427314758301 -15.197227478027344 -14.000000953674316
      vertex -2.130664825439453 -13.77673625946045 -14.000000953674316
      vertex -2.4748735427856445 -13.474873542785645 -14.000000953674316
    endloop
  endfacet
  facet normal 0 0 1
    outer loop
      vertex -1.3393917083740234 -14.233577728271484 -14.000000953674316
      vertex -2.530734062194824 -16.06431770324707 -14.000000953674316
      vertex -2.035276412963867 -16.23250389099121 -14.000000953674316
    endloop
  endfacet
  facet normal 0 0 1
    outer loop
      vertex -4.17341423034668 -14.80384635925293 -14.000000953674316
      vertex -2.4748735427856445 -13.474873542785645 -14.000000953674316
      vertex -2.776736259460449 -13.130664825439453 -14.000000953674316
    endloop
  endfacet
  facet normal 0 0 1
    outer loop
      vertex -1.75 -14.031088829040527 -14.000000953674316
      vertex -3 -15.832901954650879 -14.000000953674316
      vertex -2.530734062194824 -16.06431770324707 -14.000000953674316
    endloop
  endfacet
  facet normal 0 0 1
    outer loop
      vertex -4.695518493652344 -13.899534225463867 -14.000000953674316
      vertex -2.776736259460449 -13.130664825439453 -14.000000953674316
      vertex -3.0310888290405273 -12.75 -14.000000953674316
    endloop
  endfacet
  facet normal 0 0 1
    outer loop
      vertex -4.863703727722168 -13.40407657623291 -14.000000953674316
      vertex -3.0310888290405273 -12.75 -14.000000953674316
      vertex -3.2335777282714844 -12.339391708374023 -14.000000953674316
    endloop
  endfacet
  facet normal 0 0 1
    outer loop
      vertex -5 -12.368800163269043 -14.000000953674316
      vertex -3.2335777282714844 -12.339391708374023 -14.000000953674316
      vertex -3.380740165710449 -11.905866622924805 -14.000000953674316
    endloop
  endfacet
  facet normal 0 0 1
    outer loop
      vertex -2.130664825439453 -13.77673625946045 -14.000000953674316
      vertex -3.4350461959838867 -15.542214393615723 -14.000000953674316
      vertex -3 -15.832901954650879 -14.000000953674316
    endloop
  endfacet
  facet normal 0 0 1
    outer loop
      vertex -5 -12.368800163269043 -14.000000953674316
      vertex -3.380740165710449 -11.905866622924805 -14.000000953674316
      vertex -3.4700565338134766 -11.456841468811035 -14.000000953674316
    endloop
  endfacet
  facet normal 0 0 1
    outer loop
      vertex -5 -12.368800163269043 -14.000000953674316
      vertex -3.4700565338134766 -11.456841468811035 -14.000000953674316
      vertex -3.5 -11 -14.000000953674316
    endloop
  endfacet
  facet normal 0 0 1
    outer loop
      vertex -2.130664825439453 -13.77673625946045 -14.000000953674316
      vertex -3.828427314758301 -15.197227478027344 -14.000000953674316
      vertex -3.4350461959838867 -15.542214393615723 -14.000000953674316
    endloop
  endfacet
  facet normal 0 0 1
    outer loop
      vertex -3.5 11 -14.000000953674316
      vertex -5 12.368799209594727 -14.000000953674316
      vertex -3.5 -11 -14.000000953674316
    endloop
  endfacet
  facet normal 0 0 1
    outer loop
      vertex -4.965780258178711 12.890904426574707 -14.000000953674316
      vertex -3.2335777282714844 12.339391708374023 -14.000000953674316
      vertex -4.863703727722168 13.404075622558594 -14.000000953674316
    endloop
  endfacet
  facet normal 0 0 1
    outer loop
      vertex -5 -12.368800163269043 -14.000000953674316
      vertex -3.5 -11 -14.000000953674316
      vertex -5 12.368799209594727 -14.000000953674316
    endloop
  endfacet
  facet normal 0 0 1
    outer loop
      vertex -5 12.368799209594727 -14.000000953674316
      vertex -3.2335777282714844 12.339391708374023 -14.000000953674316
      vertex -4.965780258178711 12.890904426574707 -14.000000953674316
    endloop
  endfacet
  facet normal 0 0 1
    outer loop
      vertex -3.2335777282714844 -12.339391708374023 -14.000000953674316
      vertex -5 -12.368800163269043 -14.000000953674316
      vertex -4.965780258178711 -12.890905380249023 -14.000000953674316
    endloop
  endfacet
  facet normal 0 0 1
    outer loop
      vertex -3.2335777282714844 12.339391708374023 -14.000000953674316
      vertex -5 12.368799209594727 -14.000000953674316
      vertex -3.380740165710449 11.905866622924805 -14.000000953674316
    endloop
  endfacet
  facet normal 0 0 1
    outer loop
      vertex -2.4748735427856445 -13.474873542785645 -14.000000953674316
      vertex -4.17341423034668 -14.80384635925293 -14.000000953674316
      vertex -3.828427314758301 -15.197227478027344 -14.000000953674316
    endloop
  endfacet
  facet normal 0 0 1
    outer loop
      vertex -3.380740165710449 11.905866622924805 -14.000000953674316
      vertex -5 12.368799209594727 -14.000000953674316
      vertex -3.4700565338134766 11.456841468811035 -14.000000953674316
    endloop
  endfacet
  facet normal 0 0 1
    outer loop
      vertex -2.776736259460449 -13.130664825439453 -14.000000953674316
      vertex -4.464101791381836 -14.368800163269043 -14.000000953674316
      vertex -4.17341423034668 -14.80384635925293 -14.000000953674316
    endloop
  endfacet
  facet normal 0 0 1
    outer loop
      vertex -3.4700565338134766 11.456841468811035 -14.000000953674316
      vertex -5 12.368799209594727 -14.000000953674316
      vertex -3.5 11 -14.000000953674316
    endloop
  endfacet
  facet normal 0 0 1
    outer loop
      vertex -2.776736259460449 -13.130664825439453 -14.000000953674316
      vertex -4.695518493652344 -13.899534225463867 -14.000000953674316
      vertex -4.464101791381836 -14.368800163269043 -14.000000953674316
    endloop
  endfacet
  facet normal 0 0 1
    outer loop
      vertex -3.0310888290405273 -12.75 -14.000000953674316
      vertex -4.863703727722168 -13.40407657623291 -14.000000953674316
      vertex -4.695518493652344 -13.899534225463867 -14.000000953674316
    endloop
  endfacet
  facet normal 0 0 1
    outer loop
      vertex -3.2335777282714844 -12.339391708374023 -14.000000953674316
      vertex -4.965780258178711 -12.890905380249023 -14.000000953674316
      vertex -4.863703727722168 -13.40407657623291 -14.000000953674316
    endloop
  endfacet
  facet normal 0 0 1
    outer loop
      vertex 2.0181217193603516 -0.8359336853027344 -14.000000953674316
      vertex 3.0310888290405273 -9.25 -14.000000953674316
      vertex 2.1099681854248047 -0.565363883972168 -14.000000953674316
    endloop
  endfacet
  facet normal 0 0 1
    outer loop
      vertex 3.0310888290405273 -9.25 -14.000000953674316
      vertex 2.0181217193603516 -0.8359336853027344 -14.000000953674316
      vertex 2.776736259460449 -8.869335174560547 -14.000000953674316
    endloop
  endfacet
  facet normal 0 0 1
    outer loop
      vertex 1.8917455673217773 -1.0921993255615234 -14.000000953674316
      vertex 2.776736259460449 -8.869335174560547 -14.000000953674316
      vertex 2.0181217193603516 -0.8359336853027344 -14.000000953674316
    endloop
  endfacet
  facet normal 0 0 1
    outer loop
      vertex 2.776736259460449 -8.869335174560547 -14.000000953674316
      vertex 1.8917455673217773 -1.0921993255615234 -14.000000953674316
      vertex 2.4748735427856445 -8.525126457214355 -14.000000953674316
    endloop
  endfacet
  facet normal 0 0 1
    outer loop
      vertex 1.7330007553100586 -1.329777717590332 -14.000000953674316
      vertex 2.4748735427856445 -8.525126457214355 -14.000000953674316
      vertex 1.8917455673217773 -1.0921993255615234 -14.000000953674316
    endloop
  endfacet
  facet normal 0 0 1
    outer loop
      vertex 2.4748735427856445 -8.525126457214355 -14.000000953674316
      vertex 1.7330007553100586 -1.329777717590332 -14.000000953674316
      vertex 2.130664825439453 -8.22326374053955 -14.000000953674316
    endloop
  endfacet
  facet normal 0 0 1
    outer loop
      vertex 1.5446033477783203 -1.5446033477783203 -14.000000953674316
      vertex 2.130664825439453 -8.22326374053955 -14.000000953674316
      vertex 1.7330007553100586 -1.329777717590332 -14.000000953674316
    endloop
  endfacet
  facet normal 0 0 1
    outer loop
      vertex 2.130664825439453 -8.22326374053955 -14.000000953674316
      vertex 1.5446033477783203 -1.5446033477783203 -14.000000953674316
      vertex 1.75 -7.968911170959473 -14.000000953674316
    endloop
  endfacet
  facet normal 0 0 1
    outer loop
      vertex 1.329777717590332 -1.7330007553100586 -14.000000953674316
      vertex 1.75 -7.968911170959473 -14.000000953674316
      vertex 1.5446033477783203 -1.5446033477783203 -14.000000953674316
    endloop
  endfacet
  facet normal 0 0 1
    outer loop
      vertex 1.0921993255615234 -1.8917455673217773 -14.000000953674316
      vertex 1.75 -7.968911170959473 -14.000000953674316
      vertex 1.329777717590332 -1.7330007553100586 -14.000000953674316
    endloop
  endfacet
  facet normal 0 0 1
    outer loop
      vertex 1.75 -7.968911170959473 -14.000000953674316
      vertex 1.0921993255615234 -1.8917455673217773 -14.000000953674316
      vertex 1.3393917083740234 -7.766422271728516 -14.000000953674316
    endloop
  endfacet
  facet normal 0 0 1
    outer loop
      vertex 0.8359336853027344 -2.0181217193603516 -14.000000953674316
      vertex 1.3393917083740234 -7.766422271728516 -14.000000953674316
      vertex 1.0921993255615234 -1.8917455673217773 -14.000000953674316
    endloop
  endfacet
  facet normal 0 0 1
    outer loop
      vertex 1.3393917083740234 -7.766422271728516 -14.000000953674316
      vertex 0.8359336853027344 -2.0181217193603516 -14.000000953674316
      vertex 0.9058666229248047 -7.619259834289551 -14.000000953674316
    endloop
  endfacet
  facet normal 0 0 1
    outer loop
      vertex 0.565363883972168 -2.1099681854248047 -14.000000953674316
      vertex 0.9058666229248047 -7.619259834289551 -14.000000953674316
      vertex 0.8359336853027344 -2.0181217193603516 -14.000000953674316
    endloop
  endfacet
  facet normal 0 0 1
    outer loop
      vertex 0.565363883972168 -2.1099681854248047 -14.000000953674316
      vertex 0.45684146881103516 -7.529943466186523 -14.000000953674316
      vertex 0.9058666229248047 -7.619259834289551 -14.000000953674316
    endloop
  endfacet
  facet normal 0 0 1
    outer loop
      vertex 0.28512096405029297 -2.1657114028930664 -14.000000953674316
      vertex 0.45684146881103516 -7.529943466186523 -14.000000953674316
      vertex 0.565363883972168 -2.1099681854248047 -14.000000953674316
    endloop
  endfacet
  facet normal 0 0 1
    outer loop
      vertex 0 -7.5 -14.000000953674316
      vertex 0.28512096405029297 -2.1657114028930664 -14.000000953674316
      vertex 0 -2.1843996047973633 -14.000000953674316
    endloop
  endfacet
  facet normal 0 0 1
    outer loop
      vertex 0.28512096405029297 -2.1657114028930664 -14.000000953674316
      vertex 0 -7.5 -14.000000953674316
      vertex 0.45684146881103516 -7.529943466186523 -14.000000953674316
    endloop
  endfacet
  facet normal 0 0 1
    outer loop
      vertex -0.28512096405029297 -2.1657114028930664 -14.000000953674316
      vertex 0 -7.5 -14.000000953674316
      vertex 0 -2.1843996047973633 -14.000000953674316
    endloop
  endfacet
  facet normal 0 0 1
    outer loop
      vertex -0.28512096405029297 -2.1657114028930664 -14.000000953674316
      vertex -0.45684146881103516 -7.529943466186523 -14.000000953674316
      vertex 0 -7.5 -14.000000953674316
    endloop
  endfacet
  facet normal 0 0 1
    outer loop
      vertex -0.565363883972168 -2.1099681854248047 -14.000000953674316
      vertex -0.45684146881103516 -7.529943466186523 -14.000000953674316
      vertex -0.28512096405029297 -2.1657114028930664 -14.000000953674316
    endloop
  endfacet
  facet normal 0 0 1
    outer loop
      vertex -0.9058666229248047 -7.619259834289551 -14.000000953674316
      vertex -0.565363883972168 -2.1099681854248047 -14.000000953674316
      vertex -0.8359336853027344 -2.0181217193603516 -14.000000953674316
    endloop
  endfacet
  facet normal 0 0 1
    outer loop
      vertex -0.565363883972168 -2.1099681854248047 -14.000000953674316
      vertex -0.9058666229248047 -7.619259834289551 -14.000000953674316
      vertex -0.45684146881103516 -7.529943466186523 -14.000000953674316
    endloop
  endfacet
  facet normal 0 0 1
    outer loop
      vertex -1.3393917083740234 -7.766422271728516 -14.000000953674316
      vertex -0.8359336853027344 -2.0181217193603516 -14.000000953674316
      vertex -1.0921993255615234 -1.8917455673217773 -14.000000953674316
    endloop
  endfacet
  facet normal 0 0 1
    outer loop
      vertex -1.75 -7.968911170959473 -14.000000953674316
      vertex -1.0921993255615234 -1.8917455673217773 -14.000000953674316
      vertex -1.329777717590332 -1.7330007553100586 -14.000000953674316
    endloop
  endfacet
  facet normal 0 0 1
    outer loop
      vertex -0.8359336853027344 -2.0181217193603516 -14.000000953674316
      vertex -1.3393917083740234 -7.766422271728516 -14.000000953674316
      vertex -0.9058666229248047 -7.619259834289551 -14.000000953674316
    endloop
  endfacet
  facet normal 0 0 1
    outer loop
      vertex -1.75 -7.968911170959473 -14.000000953674316
      vertex -1.329777717590332 -1.7330007553100586 -14.000000953674316
      vertex -1.5446033477783203 -1.5446033477783203 -14.000000953674316
    endloop
  endfacet
  facet normal 0 0 1
    outer loop
      vertex -2.130664825439453 -8.22326374053955 -14.000000953674316
      vertex -1.5446033477783203 -1.5446033477783203 -14.000000953674316
      vertex -1.7330007553100586 -1.329777717590332 -14.000000953674316
    endloop
  endfacet
  facet normal 0 0 1
    outer loop
      vertex -1.0921993255615234 -1.8917455673217773 -14.000000953674316
      vertex -1.75 -7.968911170959473 -14.000000953674316
      vertex -1.3393917083740234 -7.766422271728516 -14.000000953674316
    endloop
  endfacet
  facet normal 0 0 1
    outer loop
      vertex -2.4748735427856445 -8.525126457214355 -14.000000953674316
      vertex -1.7330007553100586 -1.329777717590332 -14.000000953674316
      vertex -1.8917455673217773 -1.0921993255615234 -14.000000953674316
    endloop
  endfacet
  facet normal 0 0 1
    outer loop
      vertex -2.776736259460449 -8.869335174560547 -14.000000953674316
      vertex -1.8917455673217773 -1.0921993255615234 -14.000000953674316
      vertex -2.0181217193603516 -0.8359336853027344 -14.000000953674316
    endloop
  endfacet
  facet normal 0 0 1
    outer loop
      vertex -3.0310888290405273 -9.25 -14.000000953674316
      vertex -2.0181217193603516 -0.8359336853027344 -14.000000953674316
      vertex -2.1099681854248047 -0.565363883972168 -14.000000953674316
    endloop
  endfacet
  facet normal 0 0 1
    outer loop
      vertex -1.5446033477783203 -1.5446033477783203 -14.000000953674316
      vertex -2.130664825439453 -8.22326374053955 -14.000000953674316
      vertex -1.75 -7.968911170959473 -14.000000953674316
    endloop
  endfacet
  facet normal 0 0 1
    outer loop
      vertex -3.2335777282714844 -9.660608291625977 -14.000000953674316
      vertex -2.1099681854248047 -0.565363883972168 -14.000000953674316
      vertex -2.1657114028930664 -0.28512096405029297 -14.000000953674316
    endloop
  endfacet
  facet normal 0 0 1
    outer loop
      vertex -3.380740165710449 -10.094133377075195 -14.000000953674316
      vertex -2.1657114028930664 -0.28512096405029297 -14.000000953674316
      vertex -2.1843996047973633 0 -14.000000953674316
    endloop
  endfacet
  facet normal 0 0 1
    outer loop
      vertex -3.2335777282714844 9.660608291625977 -14.000000953674316
      vertex -2.1099681854248047 0.565363883972168 -14.000000953674316
      vertex -3.0310888290405273 9.25 -14.000000953674316
    endloop
  endfacet
  facet normal 0 0 1
    outer loop
      vertex -1.7330007553100586 -1.329777717590332 -14.000000953674316
      vertex -2.4748735427856445 -8.525126457214355 -14.000000953674316
      vertex -2.130664825439453 -8.22326374053955 -14.000000953674316
    endloop
  endfacet
  facet normal 0 0 1
    outer loop
      vertex -2.1099681854248047 0.565363883972168 -14.000000953674316
      vertex -3.2335777282714844 9.660608291625977 -14.000000953674316
      vertex -2.1657114028930664 0.28512096405029297 -14.000000953674316
    endloop
  endfacet
  facet normal 0 0 1
    outer loop
      vertex -1.8917455673217773 -1.0921993255615234 -14.000000953674316
      vertex -2.776736259460449 -8.869335174560547 -14.000000953674316
      vertex -2.4748735427856445 -8.525126457214355 -14.000000953674316
    endloop
  endfacet
  facet normal 0 0 1
    outer loop
      vertex -3.380740165710449 10.094133377075195 -14.000000953674316
      vertex -2.1657114028930664 0.28512096405029297 -14.000000953674316
      vertex -3.2335777282714844 9.660608291625977 -14.000000953674316
    endloop
  endfacet
  facet normal 0 0 1
    outer loop
      vertex -2.0181217193603516 -0.8359336853027344 -14.000000953674316
      vertex -3.0310888290405273 -9.25 -14.000000953674316
      vertex -2.776736259460449 -8.869335174560547 -14.000000953674316
    endloop
  endfacet
  facet normal 0 0 1
    outer loop
      vertex -2.1657114028930664 0.28512096405029297 -14.000000953674316
      vertex -3.380740165710449 10.094133377075195 -14.000000953674316
      vertex -2.1843996047973633 0 -14.000000953674316
    endloop
  endfacet
  facet normal 0 0 1
    outer loop
      vertex -2.1099681854248047 -0.565363883972168 -14.000000953674316
      vertex -3.2335777282714844 -9.660608291625977 -14.000000953674316
      vertex -3.0310888290405273 -9.25 -14.000000953674316
    endloop
  endfacet
  facet normal 0 0 1
    outer loop
      vertex -3.380740165710449 -10.094133377075195 -14.000000953674316
      vertex -2.1843996047973633 0 -14.000000953674316
      vertex -3.380740165710449 10.094133377075195 -14.000000953674316
    endloop
  endfacet
  facet normal 0 0 1
    outer loop
      vertex -2.1657114028930664 -0.28512096405029297 -14.000000953674316
      vertex -3.380740165710449 -10.094133377075195 -14.000000953674316
      vertex -3.2335777282714844 -9.660608291625977 -14.000000953674316
    endloop
  endfacet
  facet normal 0 0 1
    outer loop
      vertex -3.4700565338134766 10.543158531188965 -14.000000953674316
      vertex -3.380740165710449 -10.094133377075195 -14.000000953674316
      vertex -3.380740165710449 10.094133377075195 -14.000000953674316
    endloop
  endfacet
  facet normal 0 0 1
    outer loop
      vertex -3.4700565338134766 10.543158531188965 -14.000000953674316
      vertex -3.4700565338134766 -10.543158531188965 -14.000000953674316
      vertex -3.380740165710449 -10.094133377075195 -14.000000953674316
    endloop
  endfacet
  facet normal 0 0 1
    outer loop
      vertex -3.5 11 -14.000000953674316
      vertex -3.4700565338134766 -10.543158531188965 -14.000000953674316
      vertex -3.4700565338134766 10.543158531188965 -14.000000953674316
    endloop
  endfacet
  facet normal 0 0 1
    outer loop
      vertex -3.4700565338134766 -10.543158531188965 -14.000000953674316
      vertex -3.5 11 -14.000000953674316
      vertex -3.5 -11 -14.000000953674316
    endloop
  endfacet
  facet normal 0 0 -1
    outer loop
      vertex 2.1099681854248047 0.565363883972168 -20.350000381469727
      vertex 5 12.368799209594727 -20.350000381469727
      vertex 2.1657114028930664 0.28512096405029297 -20.350000381469727
    endloop
  endfacet
  facet normal 0 0 -1
    outer loop
      vertex 5 12.368799209594727 -20.350000381469727
      vertex 2.1657114028930664 10.714879035949707 -20.350000381469727
      vertex 2.1843996047973633 11 -20.350000381469727
    endloop
  endfacet
  facet normal 0 0 -1
    outer loop
      vertex 2.0181217193603516 0.8359336853027344 -20.350000381469727
      vertex 5 12.368799209594727 -20.350000381469727
      vertex 2.1099681854248047 0.565363883972168 -20.350000381469727
    endloop
  endfacet
  facet normal 0 0 -1
    outer loop
      vertex 5 12.368799209594727 -20.350000381469727
      vertex 2.1099681854248047 10.434636116027832 -20.350000381469727
      vertex 2.1657114028930664 10.714879035949707 -20.350000381469727
    endloop
  endfacet
  facet normal 0 0 -1
    outer loop
      vertex 1.8917455673217773 1.0921993255615234 -20.350000381469727
      vertex 5 12.368799209594727 -20.350000381469727
      vertex 2.0181217193603516 0.8359336853027344 -20.350000381469727
    endloop
  endfacet
  facet normal 0 0 -1
    outer loop
      vertex 5 12.368799209594727 -20.350000381469727
      vertex 2.0181217193603516 10.164066314697266 -20.350000381469727
      vertex 2.1099681854248047 10.434636116027832 -20.350000381469727
    endloop
  endfacet
  facet normal 0 0 -1
    outer loop
      vertex 1.7330007553100586 1.329777717590332 -20.350000381469727
      vertex 5 12.368799209594727 -20.350000381469727
      vertex 1.8917455673217773 1.0921993255615234 -20.350000381469727
    endloop
  endfacet
  facet normal 0 0 -1
    outer loop
      vertex 5 12.368799209594727 -20.350000381469727
      vertex 1.8917455673217773 9.907800674438477 -20.350000381469727
      vertex 2.0181217193603516 10.164066314697266 -20.350000381469727
    endloop
  endfacet
  facet normal 0 0 -1
    outer loop
      vertex 1.7330007553100586 9.670222282409668 -20.350000381469727
      vertex 5 12.368799209594727 -20.350000381469727
      vertex 1.7330007553100586 1.329777717590332 -20.350000381469727
    endloop
  endfacet
  facet normal 0 0 -1
    outer loop
      vertex 5 12.368799209594727 -20.350000381469727
      vertex 1.7330007553100586 9.670222282409668 -20.350000381469727
      vertex 1.8917455673217773 9.907800674438477 -20.350000381469727
    endloop
  endfacet
  facet normal 0 0 -1
    outer loop
      vertex 1.5446033477783203 1.5446033477783203 -20.350000381469727
      vertex 1.7330007553100586 9.670222282409668 -20.350000381469727
      vertex 1.7330007553100586 1.329777717590332 -20.350000381469727
    endloop
  endfacet
  facet normal 0 0 -1
    outer loop
      vertex 1.5446033477783203 1.5446033477783203 -20.350000381469727
      vertex 1.5446033477783203 9.45539665222168 -20.350000381469727
      vertex 1.7330007553100586 9.670222282409668 -20.350000381469727
    endloop
  endfacet
  facet normal 0 0 -1
    outer loop
      vertex 1.329777717590332 1.7330007553100586 -20.350000381469727
      vertex 1.5446033477783203 9.45539665222168 -20.350000381469727
      vertex 1.5446033477783203 1.5446033477783203 -20.350000381469727
    endloop
  endfacet
  facet normal 0 0 -1
    outer loop
      vertex 1.329777717590332 1.7330007553100586 -20.350000381469727
      vertex 1.329777717590332 9.266999244689941 -20.350000381469727
      vertex 1.5446033477783203 9.45539665222168 -20.350000381469727
    endloop
  endfacet
  facet normal 0 0 -1
    outer loop
      vertex 1.0921993255615234 1.8917455673217773 -20.350000381469727
      vertex 1.329777717590332 9.266999244689941 -20.350000381469727
      vertex 1.329777717590332 1.7330007553100586 -20.350000381469727
    endloop
  endfacet
  facet normal 0 0 -1
    outer loop
      vertex 1.0921993255615234 1.8917455673217773 -20.350000381469727
      vertex 1.0921993255615234 9.108254432678223 -20.350000381469727
      vertex 1.329777717590332 9.266999244689941 -20.350000381469727
    endloop
  endfacet
  facet normal 0 0 -1
    outer loop
      vertex 0.8359336853027344 2.0181217193603516 -20.350000381469727
      vertex 1.0921993255615234 9.108254432678223 -20.350000381469727
      vertex 1.0921993255615234 1.8917455673217773 -20.350000381469727
    endloop
  endfacet
  facet normal 0 0 -1
    outer loop
      vertex 0.8359336853027344 2.0181217193603516 -20.350000381469727
      vertex 0.8359336853027344 8.981878280639648 -20.350000381469727
      vertex 1.0921993255615234 9.108254432678223 -20.350000381469727
    endloop
  endfacet
  facet normal 0 0 -1
    outer loop
      vertex 0.565363883972168 2.1099681854248047 -20.350000381469727
      vertex 0.8359336853027344 8.981878280639648 -20.350000381469727
      vertex 0.8359336853027344 2.0181217193603516 -20.350000381469727
    endloop
  endfacet
  facet normal 0 0 -1
    outer loop
      vertex 0.565363883972168 2.1099681854248047 -20.350000381469727
      vertex 0.565363883972168 8.890031814575195 -20.350000381469727
      vertex 0.8359336853027344 8.981878280639648 -20.350000381469727
    endloop
  endfacet
  facet normal 0 0 -1
    outer loop
      vertex 0.28512096405029297 2.1657114028930664 -20.350000381469727
      vertex 0.565363883972168 8.890031814575195 -20.350000381469727
      vertex 0.565363883972168 2.1099681854248047 -20.350000381469727
    endloop
  endfacet
  facet normal 0 0 -1
    outer loop
      vertex 0.28512096405029297 2.1657114028930664 -20.350000381469727
      vertex 0.28512096405029297 8.834288597106934 -20.350000381469727
      vertex 0.565363883972168 8.890031814575195 -20.350000381469727
    endloop
  endfacet
  facet normal 0 0 -1
    outer loop
      vertex 0 2.1843996047973633 -20.350000381469727
      vertex 0.28512096405029297 8.834288597106934 -20.350000381469727
      vertex 0.28512096405029297 2.1657114028930664 -20.350000381469727
    endloop
  endfacet
  facet normal 0 0 -1
    outer loop
      vertex 0 2.1843996047973633 -20.350000381469727
      vertex 0 8.815600395202637 -20.350000381469727
      vertex 0.28512096405029297 8.834288597106934 -20.350000381469727
    endloop
  endfacet
  facet normal 0 0 -1
    outer loop
      vertex -0.28512096405029297 2.1657114028930664 -20.350000381469727
      vertex 0 8.815600395202637 -20.350000381469727
      vertex 0 2.1843996047973633 -20.350000381469727
    endloop
  endfacet
  facet normal 0 0 -1
    outer loop
      vertex -0.28512096405029297 2.1657114028930664 -20.350000381469727
      vertex -0.28512096405029297 8.834288597106934 -20.350000381469727
      vertex 0 8.815600395202637 -20.350000381469727
    endloop
  endfacet
  facet normal 0 0 -1
    outer loop
      vertex -0.565363883972168 2.1099681854248047 -20.350000381469727
      vertex -0.28512096405029297 8.834288597106934 -20.350000381469727
      vertex -0.28512096405029297 2.1657114028930664 -20.350000381469727
    endloop
  endfacet
  facet normal 0 0 -1
    outer loop
      vertex -0.565363883972168 2.1099681854248047 -20.350000381469727
      vertex -0.565363883972168 8.890031814575195 -20.350000381469727
      vertex -0.28512096405029297 8.834288597106934 -20.350000381469727
    endloop
  endfacet
  facet normal 0 0 -1
    outer loop
      vertex -0.8359336853027344 2.0181217193603516 -20.350000381469727
      vertex -0.565363883972168 8.890031814575195 -20.350000381469727
      vertex -0.565363883972168 2.1099681854248047 -20.350000381469727
    endloop
  endfacet
  facet normal 0 0 -1
    outer loop
      vertex -0.8359336853027344 2.0181217193603516 -20.350000381469727
      vertex -0.8359336853027344 8.981878280639648 -20.350000381469727
      vertex -0.565363883972168 8.890031814575195 -20.350000381469727
    endloop
  endfacet
  facet normal 0 0 -1
    outer loop
      vertex -1.0921993255615234 1.8917455673217773 -20.350000381469727
      vertex -0.8359336853027344 8.981878280639648 -20.350000381469727
      vertex -0.8359336853027344 2.0181217193603516 -20.350000381469727
    endloop
  endfacet
  facet normal 0 0 -1
    outer loop
      vertex -1.0921993255615234 1.8917455673217773 -20.350000381469727
      vertex -1.0921993255615234 9.108254432678223 -20.350000381469727
      vertex -0.8359336853027344 8.981878280639648 -20.350000381469727
    endloop
  endfacet
  facet normal 0 0 -1
    outer loop
      vertex -1.329777717590332 1.7330007553100586 -20.350000381469727
      vertex -1.0921993255615234 9.108254432678223 -20.350000381469727
      vertex -1.0921993255615234 1.8917455673217773 -20.350000381469727
    endloop
  endfacet
  facet normal 0 0 -1
    outer loop
      vertex -1.329777717590332 1.7330007553100586 -20.350000381469727
      vertex -1.329777717590332 9.266999244689941 -20.350000381469727
      vertex -1.0921993255615234 9.108254432678223 -20.350000381469727
    endloop
  endfacet
  facet normal 0 0 -1
    outer loop
      vertex -1.5446033477783203 1.5446033477783203 -20.350000381469727
      vertex -1.329777717590332 9.266999244689941 -20.350000381469727
      vertex -1.329777717590332 1.7330007553100586 -20.350000381469727
    endloop
  endfacet
  facet normal 0 0 -1
    outer loop
      vertex -1.5446033477783203 1.5446033477783203 -20.350000381469727
      vertex -1.5446033477783203 9.45539665222168 -20.350000381469727
      vertex -1.329777717590332 9.266999244689941 -20.350000381469727
    endloop
  endfacet
  facet normal 0 0 -1
    outer loop
      vertex -1.7330007553100586 1.329777717590332 -20.350000381469727
      vertex -1.5446033477783203 9.45539665222168 -20.350000381469727
      vertex -1.5446033477783203 1.5446033477783203 -20.350000381469727
    endloop
  endfacet
  facet normal 0 0 -1
    outer loop
      vertex -1.7330007553100586 1.329777717590332 -20.350000381469727
      vertex -1.7330007553100586 9.670222282409668 -20.350000381469727
      vertex -1.5446033477783203 9.45539665222168 -20.350000381469727
    endloop
  endfacet
  facet normal 0 0 -1
    outer loop
      vertex -5 12.368799209594727 -20.350000381469727
      vertex -1.7330007553100586 1.329777717590332 -20.350000381469727
      vertex -1.8917455673217773 1.0921993255615234 -20.350000381469727
    endloop
  endfacet
  facet normal 0 0 -1
    outer loop
      vertex -1.7330007553100586 1.329777717590332 -20.350000381469727
      vertex -5 12.368799209594727 -20.350000381469727
      vertex -1.7330007553100586 9.670222282409668 -20.350000381469727
    endloop
  endfacet
  facet normal 0 0 -1
    outer loop
      vertex -5 12.368799209594727 -20.350000381469727
      vertex -1.8917455673217773 1.0921993255615234 -20.350000381469727
      vertex -2.0181217193603516 0.8359336853027344 -20.350000381469727
    endloop
  endfacet
  facet normal 0 0 -1
    outer loop
      vertex -1.7330007553100586 9.670222282409668 -20.350000381469727
      vertex -5 12.368799209594727 -20.350000381469727
      vertex -1.8917455673217773 9.907800674438477 -20.350000381469727
    endloop
  endfacet
  facet normal 0 0 -1
    outer loop
      vertex -5 12.368799209594727 -20.350000381469727
      vertex -2.0181217193603516 0.8359336853027344 -20.350000381469727
      vertex -2.1099681854248047 0.565363883972168 -20.350000381469727
    endloop
  endfacet
  facet normal 0 0 -1
    outer loop
      vertex -1.8917455673217773 9.907800674438477 -20.350000381469727
      vertex -5 12.368799209594727 -20.350000381469727
      vertex -2.0181217193603516 10.164066314697266 -20.350000381469727
    endloop
  endfacet
  facet normal 0 0 -1
    outer loop
      vertex -5 12.368799209594727 -20.350000381469727
      vertex -2.1099681854248047 0.565363883972168 -20.350000381469727
      vertex -2.1657114028930664 0.28512096405029297 -20.350000381469727
    endloop
  endfacet
  facet normal 0 0 -1
    outer loop
      vertex -2.0181217193603516 10.164066314697266 -20.350000381469727
      vertex -5 12.368799209594727 -20.350000381469727
      vertex -2.1099681854248047 10.434636116027832 -20.350000381469727
    endloop
  endfacet
  facet normal 0 0 -1
    outer loop
      vertex -5 12.368799209594727 -20.350000381469727
      vertex -2.1657114028930664 0.28512096405029297 -20.350000381469727
      vertex -2.1843996047973633 0 -20.350000381469727
    endloop
  endfacet
  facet normal 0 0 -1
    outer loop
      vertex -2.1099681854248047 10.434636116027832 -20.350000381469727
      vertex -5 12.368799209594727 -20.350000381469727
      vertex -2.1657114028930664 10.714879035949707 -20.350000381469727
    endloop
  endfacet
  facet normal 0 0 -1
    outer loop
      vertex 2.1099681854248047 -10.434636116027832 -20.350000381469727
      vertex 5 -12.368800163269043 -20.350000381469727
      vertex 2.1657114028930664 -10.714879035949707 -20.350000381469727
    endloop
  endfacet
  facet normal 0 0 -1
    outer loop
      vertex 5 -12.368800163269043 -20.350000381469727
      vertex 2.1657114028930664 -0.28512096405029297 -20.350000381469727
      vertex 2.1843996047973633 0 -20.350000381469727
    endloop
  endfacet
  facet normal 0 0 -1
    outer loop
      vertex 2.0181217193603516 -10.164066314697266 -20.350000381469727
      vertex 5 -12.368800163269043 -20.350000381469727
      vertex 2.1099681854248047 -10.434636116027832 -20.350000381469727
    endloop
  endfacet
  facet normal 0 0 -1
    outer loop
      vertex 5 -12.368800163269043 -20.350000381469727
      vertex 2.1099681854248047 -0.565363883972168 -20.350000381469727
      vertex 2.1657114028930664 -0.28512096405029297 -20.350000381469727
    endloop
  endfacet
  facet normal 0 0 -1
    outer loop
      vertex 1.8917455673217773 -9.907800674438477 -20.350000381469727
      vertex 5 -12.368800163269043 -20.350000381469727
      vertex 2.0181217193603516 -10.164066314697266 -20.350000381469727
    endloop
  endfacet
  facet normal 0 0 -1
    outer loop
      vertex 5 -12.368800163269043 -20.350000381469727
      vertex 2.0181217193603516 -0.8359336853027344 -20.350000381469727
      vertex 2.1099681854248047 -0.565363883972168 -20.350000381469727
    endloop
  endfacet
  facet normal 0 0 -1
    outer loop
      vertex 1.7330007553100586 -9.670222282409668 -20.350000381469727
      vertex 5 -12.368800163269043 -20.350000381469727
      vertex 1.8917455673217773 -9.907800674438477 -20.350000381469727
    endloop
  endfacet
  facet normal 0 0 -1
    outer loop
      vertex 5 -12.368800163269043 -20.350000381469727
      vertex 1.8917455673217773 -1.0921993255615234 -20.350000381469727
      vertex 2.0181217193603516 -0.8359336853027344 -20.350000381469727
    endloop
  endfacet
  facet normal 0 0 -1
    outer loop
      vertex 1.7330007553100586 -1.329777717590332 -20.350000381469727
      vertex 5 -12.368800163269043 -20.350000381469727
      vertex 1.7330007553100586 -9.670222282409668 -20.350000381469727
    endloop
  endfacet
  facet normal 0 0 -1
    outer loop
      vertex 5 -12.368800163269043 -20.350000381469727
      vertex 1.7330007553100586 -1.329777717590332 -20.350000381469727
      vertex 1.8917455673217773 -1.0921993255615234 -20.350000381469727
    endloop
  endfacet
  facet normal 0 0 -1
    outer loop
      vertex 1.5446033477783203 -9.45539665222168 -20.350000381469727
      vertex 1.7330007553100586 -1.329777717590332 -20.350000381469727
      vertex 1.7330007553100586 -9.670222282409668 -20.350000381469727
    endloop
  endfacet
  facet normal 0 0 -1
    outer loop
      vertex 1.5446033477783203 -9.45539665222168 -20.350000381469727
      vertex 1.5446033477783203 -1.5446033477783203 -20.350000381469727
      vertex 1.7330007553100586 -1.329777717590332 -20.350000381469727
    endloop
  endfacet
  facet normal 0 0 -1
    outer loop
      vertex 1.329777717590332 -9.266999244689941 -20.350000381469727
      vertex 1.5446033477783203 -1.5446033477783203 -20.350000381469727
      vertex 1.5446033477783203 -9.45539665222168 -20.350000381469727
    endloop
  endfacet
  facet normal 0 0 -1
    outer loop
      vertex 1.329777717590332 -9.266999244689941 -20.350000381469727
      vertex 1.329777717590332 -1.7330007553100586 -20.350000381469727
      vertex 1.5446033477783203 -1.5446033477783203 -20.350000381469727
    endloop
  endfacet
  facet normal 0 0 -1
    outer loop
      vertex 1.0921993255615234 -9.108254432678223 -20.350000381469727
      vertex 1.329777717590332 -1.7330007553100586 -20.350000381469727
      vertex 1.329777717590332 -9.266999244689941 -20.350000381469727
    endloop
  endfacet
  facet normal 0 0 -1
    outer loop
      vertex 1.0921993255615234 -9.108254432678223 -20.350000381469727
      vertex 1.0921993255615234 -1.8917455673217773 -20.350000381469727
      vertex 1.329777717590332 -1.7330007553100586 -20.350000381469727
    endloop
  endfacet
  facet normal 0 0 -1
    outer loop
      vertex 0.8359336853027344 -8.981878280639648 -20.350000381469727
      vertex 1.0921993255615234 -1.8917455673217773 -20.350000381469727
      vertex 1.0921993255615234 -9.108254432678223 -20.350000381469727
    endloop
  endfacet
  facet normal 0 0 -1
    outer loop
      vertex 0.8359336853027344 -8.981878280639648 -20.350000381469727
      vertex 0.8359336853027344 -2.0181217193603516 -20.350000381469727
      vertex 1.0921993255615234 -1.8917455673217773 -20.350000381469727
    endloop
  endfacet
  facet normal 0 0 -1
    outer loop
      vertex 0.565363883972168 -8.890031814575195 -20.350000381469727
      vertex 0.8359336853027344 -2.0181217193603516 -20.350000381469727
      vertex 0.8359336853027344 -8.981878280639648 -20.350000381469727
    endloop
  endfacet
  facet normal 0 0 -1
    outer loop
      vertex 0.565363883972168 -8.890031814575195 -20.350000381469727
      vertex 0.565363883972168 -2.1099681854248047 -20.350000381469727
      vertex 0.8359336853027344 -2.0181217193603516 -20.350000381469727
    endloop
  endfacet
  facet normal 0 0 -1
    outer loop
      vertex 0.28512096405029297 -8.834288597106934 -20.350000381469727
      vertex 0.565363883972168 -2.1099681854248047 -20.350000381469727
      vertex 0.565363883972168 -8.890031814575195 -20.350000381469727
    endloop
  endfacet
  facet normal 0 0 -1
    outer loop
      vertex 0.28512096405029297 -8.834288597106934 -20.350000381469727
      vertex 0.28512096405029297 -2.1657114028930664 -20.350000381469727
      vertex 0.565363883972168 -2.1099681854248047 -20.350000381469727
    endloop
  endfacet
  facet normal 0 0 -1
    outer loop
      vertex 0 -8.815600395202637 -20.350000381469727
      vertex 0.28512096405029297 -2.1657114028930664 -20.350000381469727
      vertex 0.28512096405029297 -8.834288597106934 -20.350000381469727
    endloop
  endfacet
  facet normal 0 0 -1
    outer loop
      vertex 0 -8.815600395202637 -20.350000381469727
      vertex 0 -2.1843996047973633 -20.350000381469727
      vertex 0.28512096405029297 -2.1657114028930664 -20.350000381469727
    endloop
  endfacet
  facet normal 0 0 -1
    outer loop
      vertex -0.28512096405029297 -8.834288597106934 -20.350000381469727
      vertex 0 -2.1843996047973633 -20.350000381469727
      vertex 0 -8.815600395202637 -20.350000381469727
    endloop
  endfacet
  facet normal 0 0 -1
    outer loop
      vertex -0.28512096405029297 -8.834288597106934 -20.350000381469727
      vertex -0.28512096405029297 -2.1657114028930664 -20.350000381469727
      vertex 0 -2.1843996047973633 -20.350000381469727
    endloop
  endfacet
  facet normal 0 0 -1
    outer loop
      vertex -0.565363883972168 -8.890031814575195 -20.350000381469727
      vertex -0.28512096405029297 -2.1657114028930664 -20.350000381469727
      vertex -0.28512096405029297 -8.834288597106934 -20.350000381469727
    endloop
  endfacet
  facet normal 0 0 -1
    outer loop
      vertex -0.565363883972168 -8.890031814575195 -20.350000381469727
      vertex -0.565363883972168 -2.1099681854248047 -20.350000381469727
      vertex -0.28512096405029297 -2.1657114028930664 -20.350000381469727
    endloop
  endfacet
  facet normal 0 0 -1
    outer loop
      vertex -0.8359336853027344 -8.981878280639648 -20.350000381469727
      vertex -0.565363883972168 -2.1099681854248047 -20.350000381469727
      vertex -0.565363883972168 -8.890031814575195 -20.350000381469727
    endloop
  endfacet
  facet normal 0 0 -1
    outer loop
      vertex -0.8359336853027344 -8.981878280639648 -20.350000381469727
      vertex -0.8359336853027344 -2.0181217193603516 -20.350000381469727
      vertex -0.565363883972168 -2.1099681854248047 -20.350000381469727
    endloop
  endfacet
  facet normal 0 0 -1
    outer loop
      vertex -1.0921993255615234 -9.108254432678223 -20.350000381469727
      vertex -0.8359336853027344 -2.0181217193603516 -20.350000381469727
      vertex -0.8359336853027344 -8.981878280639648 -20.350000381469727
    endloop
  endfacet
  facet normal 0 0 -1
    outer loop
      vertex -1.0921993255615234 -9.108254432678223 -20.350000381469727
      vertex -1.0921993255615234 -1.8917455673217773 -20.350000381469727
      vertex -0.8359336853027344 -2.0181217193603516 -20.350000381469727
    endloop
  endfacet
  facet normal 0 0 -1
    outer loop
      vertex -1.329777717590332 -9.266999244689941 -20.350000381469727
      vertex -1.0921993255615234 -1.8917455673217773 -20.350000381469727
      vertex -1.0921993255615234 -9.108254432678223 -20.350000381469727
    endloop
  endfacet
  facet normal 0 0 -1
    outer loop
      vertex -1.329777717590332 -9.266999244689941 -20.350000381469727
      vertex -1.329777717590332 -1.7330007553100586 -20.350000381469727
      vertex -1.0921993255615234 -1.8917455673217773 -20.350000381469727
    endloop
  endfacet
  facet normal 0 0 -1
    outer loop
      vertex -1.5446033477783203 -9.45539665222168 -20.350000381469727
      vertex -1.329777717590332 -1.7330007553100586 -20.350000381469727
      vertex -1.329777717590332 -9.266999244689941 -20.350000381469727
    endloop
  endfacet
  facet normal 0 0 -1
    outer loop
      vertex -1.5446033477783203 -9.45539665222168 -20.350000381469727
      vertex -1.5446033477783203 -1.5446033477783203 -20.350000381469727
      vertex -1.329777717590332 -1.7330007553100586 -20.350000381469727
    endloop
  endfacet
  facet normal 0 0 -1
    outer loop
      vertex -1.7330007553100586 -9.670222282409668 -20.350000381469727
      vertex -1.5446033477783203 -1.5446033477783203 -20.350000381469727
      vertex -1.5446033477783203 -9.45539665222168 -20.350000381469727
    endloop
  endfacet
  facet normal 0 0 -1
    outer loop
      vertex -1.7330007553100586 -9.670222282409668 -20.350000381469727
      vertex -1.7330007553100586 -1.329777717590332 -20.350000381469727
      vertex -1.5446033477783203 -1.5446033477783203 -20.350000381469727
    endloop
  endfacet
  facet normal 0 0 -1
    outer loop
      vertex -5 -12.368800163269043 -20.350000381469727
      vertex -1.7330007553100586 -9.670222282409668 -20.350000381469727
      vertex -1.8917455673217773 -9.907800674438477 -20.350000381469727
    endloop
  endfacet
  facet normal 0 0 -1
    outer loop
      vertex -1.7330007553100586 -9.670222282409668 -20.350000381469727
      vertex -5 -12.368800163269043 -20.350000381469727
      vertex -1.7330007553100586 -1.329777717590332 -20.350000381469727
    endloop
  endfacet
  facet normal 0 0 -1
    outer loop
      vertex -5 -12.368800163269043 -20.350000381469727
      vertex -1.8917455673217773 -9.907800674438477 -20.350000381469727
      vertex -2.0181217193603516 -10.164066314697266 -20.350000381469727
    endloop
  endfacet
  facet normal 0 0 -1
    outer loop
      vertex -1.7330007553100586 -1.329777717590332 -20.350000381469727
      vertex -5 -12.368800163269043 -20.350000381469727
      vertex -1.8917455673217773 -1.0921993255615234 -20.350000381469727
    endloop
  endfacet
  facet normal 0 0 -1
    outer loop
      vertex -5 -12.368800163269043 -20.350000381469727
      vertex -2.0181217193603516 -10.164066314697266 -20.350000381469727
      vertex -2.1099681854248047 -10.434636116027832 -20.350000381469727
    endloop
  endfacet
  facet normal 0 0 -1
    outer loop
      vertex -1.8917455673217773 -1.0921993255615234 -20.350000381469727
      vertex -5 -12.368800163269043 -20.350000381469727
      vertex -2.0181217193603516 -0.8359336853027344 -20.350000381469727
    endloop
  endfacet
  facet normal 0 0 -1
    outer loop
      vertex -5 -12.368800163269043 -20.350000381469727
      vertex -2.1099681854248047 -10.434636116027832 -20.350000381469727
      vertex -2.1657114028930664 -10.714879035949707 -20.350000381469727
    endloop
  endfacet
  facet normal 0 0 -1
    outer loop
      vertex -2.0181217193603516 -0.8359336853027344 -20.350000381469727
      vertex -5 -12.368800163269043 -20.350000381469727
      vertex -2.1099681854248047 -0.565363883972168 -20.350000381469727
    endloop
  endfacet
  facet normal 0 0 -1
    outer loop
      vertex -5 -12.368800163269043 -20.350000381469727
      vertex -2.1657114028930664 -10.714879035949707 -20.350000381469727
      vertex -2.1843996047973633 -11 -20.350000381469727
    endloop
  endfacet
  facet normal 0 0 -1
    outer loop
      vertex -2.1099681854248047 -0.565363883972168 -20.350000381469727
      vertex -5 -12.368800163269043 -20.350000381469727
      vertex -2.1657114028930664 -0.28512096405029297 -20.350000381469727
    endloop
  endfacet
  facet normal 0 0 -1
    outer loop
      vertex 2.0181217193603516 -11.835933685302734 -20.350000381469727
      vertex 5 -12.368800163269043 -20.350000381469727
      vertex 4.9657793045043945 -12.890905380249023 -20.350000381469727
    endloop
  endfacet
  facet normal 0 0 -1
    outer loop
      vertex 5 -12.368800163269043 -20.350000381469727
      vertex 2.1843996047973633 0 -20.350000381469727
      vertex 5 12.368799209594727 -20.350000381469727
    endloop
  endfacet
  facet normal 0 0 -1
    outer loop
      vertex 1.8917455673217773 -12.092199325561523 -20.350000381469727
      vertex 4.9657793045043945 -12.890905380249023 -20.350000381469727
      vertex 4.863702774047852 -13.40407657623291 -20.350000381469727
    endloop
  endfacet
  facet normal 0 0 -1
    outer loop
      vertex 2.1657114028930664 0.28512096405029297 -20.350000381469727
      vertex 5 12.368799209594727 -20.350000381469727
      vertex 2.1843996047973633 0 -20.350000381469727
    endloop
  endfacet
  facet normal 0 0 -1
    outer loop
      vertex 1.8917455673217773 -12.092199325561523 -20.350000381469727
      vertex 4.863702774047852 -13.40407657623291 -20.350000381469727
      vertex 4.695517539978027 -13.899534225463867 -20.350000381469727
    endloop
  endfacet
  facet normal 0 0 -1
    outer loop
      vertex 2.1657114028930664 11.285120964050293 -20.350000381469727
      vertex 5 12.368799209594727 -20.350000381469727
      vertex 2.1843996047973633 11 -20.350000381469727
    endloop
  endfacet
  facet normal 0 0 -1
    outer loop
      vertex 1.7330007553100586 -12.329777717590332 -20.350000381469727
      vertex 4.695517539978027 -13.899534225463867 -20.350000381469727
      vertex 4.4641008377075195 -14.368800163269043 -20.350000381469727
    endloop
  endfacet
  facet normal 0 0 -1
    outer loop
      vertex 2.1099681854248047 11.565363883972168 -20.350000381469727
      vertex 5 12.368799209594727 -20.350000381469727
      vertex 2.1657114028930664 11.285120964050293 -20.350000381469727
    endloop
  endfacet
  facet normal 0 0 -1
    outer loop
      vertex 1.5446033477783203 -12.54460334777832 -20.350000381469727
      vertex 4.4641008377075195 -14.368800163269043 -20.350000381469727
      vertex 4.173413276672363 -14.80384635925293 -20.350000381469727
    endloop
  endfacet
  facet normal 0 0 -1
    outer loop
      vertex 2.0181217193603516 11.835933685302734 -20.350000381469727
      vertex 5 12.368799209594727 -20.350000381469727
      vertex 2.1099681854248047 11.565363883972168 -20.350000381469727
    endloop
  endfacet
  facet normal 0 0 -1
    outer loop
      vertex 1.5446033477783203 -12.54460334777832 -20.350000381469727
      vertex 4.173413276672363 -14.80384635925293 -20.350000381469727
      vertex 3.8284263610839844 -15.197227478027344 -20.350000381469727
    endloop
  endfacet
  facet normal 0 0 -1
    outer loop
      vertex 5 12.368799209594727 -20.350000381469727
      vertex 2.0181217193603516 11.835933685302734 -20.350000381469727
      vertex 4.9657793045043945 12.890904426574707 -20.350000381469727
    endloop
  endfacet
  facet normal 0 0 -1
    outer loop
      vertex 1.329777717590332 -12.733000755310059 -20.350000381469727
      vertex 3.8284263610839844 -15.197227478027344 -20.350000381469727
      vertex 3.4350452423095703 -15.542214393615723 -20.350000381469727
    endloop
  endfacet
  facet normal 0 0 -1
    outer loop
      vertex 1.8917455673217773 12.092199325561523 -20.350000381469727
      vertex 4.9657793045043945 12.890904426574707 -20.350000381469727
      vertex 2.0181217193603516 11.835933685302734 -20.350000381469727
    endloop
  endfacet
  facet normal 0 0 -1
    outer loop
      vertex 1.329777717590332 -12.733000755310059 -20.350000381469727
      vertex 3.4350452423095703 -15.542214393615723 -20.350000381469727
      vertex 3 -15.832901954650879 -20.350000381469727
    endloop
  endfacet
  facet normal 0 0 -1
    outer loop
      vertex 4.9657793045043945 12.890904426574707 -20.350000381469727
      vertex 1.8917455673217773 12.092199325561523 -20.350000381469727
      vertex 4.863702774047852 13.404075622558594 -20.350000381469727
    endloop
  endfacet
  facet normal 0 0 -1
    outer loop
      vertex 1.0921993255615234 -12.891745567321777 -20.350000381469727
      vertex 3 -15.832901954650879 -20.350000381469727
      vertex 2.530733108520508 -16.06431770324707 -20.350000381469727
    endloop
  endfacet
  facet normal 0 0 -1
    outer loop
      vertex 4.863702774047852 13.404075622558594 -20.350000381469727
      vertex 1.8917455673217773 12.092199325561523 -20.350000381469727
      vertex 4.695517539978027 13.89953327178955 -20.350000381469727
    endloop
  endfacet
  facet normal 0 0 -1
    outer loop
      vertex 2.1657114028930664 -10.714879035949707 -20.350000381469727
      vertex 5 -12.368800163269043 -20.350000381469727
      vertex 2.1843996047973633 -11 -20.350000381469727
    endloop
  endfacet
  facet normal 0 0 -1
    outer loop
      vertex 5 -12.368800163269043 -20.350000381469727
      vertex 2.1657114028930664 -11.285120964050293 -20.350000381469727
      vertex 2.1843996047973633 -11 -20.350000381469727
    endloop
  endfacet
  facet normal 0 0 -1
    outer loop
      vertex 5 -12.368800163269043 -20.350000381469727
      vertex 2.1099681854248047 -11.565363883972168 -20.350000381469727
      vertex 2.1657114028930664 -11.285120964050293 -20.350000381469727
    endloop
  endfacet
  facet normal 0 0 -1
    outer loop
      vertex 1.0921993255615234 -12.891745567321777 -20.350000381469727
      vertex 2.530733108520508 -16.06431770324707 -20.350000381469727
      vertex 2.035275459289551 -16.23250389099121 -20.350000381469727
    endloop
  endfacet
  facet normal 0 0 -1
    outer loop
      vertex 5 -12.368800163269043 -20.350000381469727
      vertex 2.0181217193603516 -11.835933685302734 -20.350000381469727
      vertex 2.1099681854248047 -11.565363883972168 -20.350000381469727
    endloop
  endfacet
  facet normal 0 0 -1
    outer loop
      vertex 4.9657793045043945 -12.890905380249023 -20.350000381469727
      vertex 1.8917455673217773 -12.092199325561523 -20.350000381469727
      vertex 2.0181217193603516 -11.835933685302734 -20.350000381469727
    endloop
  endfacet
  facet normal 0 0 -1
    outer loop
      vertex 4.695517539978027 -13.899534225463867 -20.350000381469727
      vertex 1.7330007553100586 -12.329777717590332 -20.350000381469727
      vertex 1.8917455673217773 -12.092199325561523 -20.350000381469727
    endloop
  endfacet
  facet normal 0 0 -1
    outer loop
      vertex 4.4641008377075195 -14.368800163269043 -20.350000381469727
      vertex 1.5446033477783203 -12.54460334777832 -20.350000381469727
      vertex 1.7330007553100586 -12.329777717590332 -20.350000381469727
    endloop
  endfacet
  facet normal 0 0 -1
    outer loop
      vertex 0.8359336853027344 -13.018121719360352 -20.350000381469727
      vertex 2.035275459289551 -16.23250389099121 -20.350000381469727
      vertex 1.522104263305664 -16.334579467773438 -20.350000381469727
    endloop
  endfacet
  facet normal 0 0 -1
    outer loop
      vertex 3.8284263610839844 -15.197227478027344 -20.350000381469727
      vertex 1.329777717590332 -12.733000755310059 -20.350000381469727
      vertex 1.5446033477783203 -12.54460334777832 -20.350000381469727
    endloop
  endfacet
  facet normal 0 0 -1
    outer loop
      vertex 3 -15.832901954650879 -20.350000381469727
      vertex 1.0921993255615234 -12.891745567321777 -20.350000381469727
      vertex 1.329777717590332 -12.733000755310059 -20.350000381469727
    endloop
  endfacet
  facet normal 0 0 -1
    outer loop
      vertex 0.565363883972168 -13.109968185424805 -20.350000381469727
      vertex 1.522104263305664 -16.334579467773438 -20.350000381469727
      vertex 1 -16.368799209594727 -20.350000381469727
    endloop
  endfacet
  facet normal 0 0 -1
    outer loop
      vertex 2.035275459289551 -16.23250389099121 -20.350000381469727
      vertex 0.8359336853027344 -13.018121719360352 -20.350000381469727
      vertex 1.0921993255615234 -12.891745567321777 -20.350000381469727
    endloop
  endfacet
  facet normal 0 0 -1
    outer loop
      vertex 1.522104263305664 -16.334579467773438 -20.350000381469727
      vertex 0.565363883972168 -13.109968185424805 -20.350000381469727
      vertex 0.8359336853027344 -13.018121719360352 -20.350000381469727
    endloop
  endfacet
  facet normal 0 0 -1
    outer loop
      vertex 1 -16.368799209594727 -20.350000381469727
      vertex 0.28512096405029297 -13.165711402893066 -20.350000381469727
      vertex 0.565363883972168 -13.109968185424805 -20.350000381469727
    endloop
  endfacet
  facet normal 0 0 -1
    outer loop
      vertex 1 -16.368799209594727 -20.350000381469727
      vertex 0 -13.184399604797363 -20.350000381469727
      vertex 0.28512096405029297 -13.165711402893066 -20.350000381469727
    endloop
  endfacet
  facet normal 0 0 -1
    outer loop
      vertex -1 -16.368799209594727 -20.350000381469727
      vertex 0 -13.184399604797363 -20.350000381469727
      vertex 1 -16.368799209594727 -20.350000381469727
    endloop
  endfacet
  facet normal 0 0 -1
    outer loop
      vertex 0 -13.184399604797363 -20.350000381469727
      vertex -1 -16.368799209594727 -20.350000381469727
      vertex -0.28512096405029297 -13.165711402893066 -20.350000381469727
    endloop
  endfacet
  facet normal 0 0 -1
    outer loop
      vertex -0.28512096405029297 -13.165711402893066 -20.350000381469727
      vertex -1 -16.368799209594727 -20.350000381469727
      vertex -0.565363883972168 -13.109968185424805 -20.350000381469727
    endloop
  endfacet
  facet normal 0 0 -1
    outer loop
      vertex -1.5221052169799805 -16.334579467773438 -20.350000381469727
      vertex -0.565363883972168 -13.109968185424805 -20.350000381469727
      vertex -1 -16.368799209594727 -20.350000381469727
    endloop
  endfacet
  facet normal 0 0 -1
    outer loop
      vertex -0.565363883972168 -13.109968185424805 -20.350000381469727
      vertex -1.5221052169799805 -16.334579467773438 -20.350000381469727
      vertex -0.8359336853027344 -13.018121719360352 -20.350000381469727
    endloop
  endfacet
  facet normal 0 0 -1
    outer loop
      vertex -2.035276412963867 -16.23250389099121 -20.350000381469727
      vertex -0.8359336853027344 -13.018121719360352 -20.350000381469727
      vertex -1.5221052169799805 -16.334579467773438 -20.350000381469727
    endloop
  endfacet
  facet normal 0 0 -1
    outer loop
      vertex -0.8359336853027344 -13.018121719360352 -20.350000381469727
      vertex -2.035276412963867 -16.23250389099121 -20.350000381469727
      vertex -1.0921993255615234 -12.891745567321777 -20.350000381469727
    endloop
  endfacet
  facet normal 0 0 -1
    outer loop
      vertex -2.530734062194824 -16.06431770324707 -20.350000381469727
      vertex -1.0921993255615234 -12.891745567321777 -20.350000381469727
      vertex -2.035276412963867 -16.23250389099121 -20.350000381469727
    endloop
  endfacet
  facet normal 0 0 -1
    outer loop
      vertex -3 -15.832901954650879 -20.350000381469727
      vertex -1.0921993255615234 -12.891745567321777 -20.350000381469727
      vertex -2.530734062194824 -16.06431770324707 -20.350000381469727
    endloop
  endfacet
  facet normal 0 0 -1
    outer loop
      vertex -1.0921993255615234 -12.891745567321777 -20.350000381469727
      vertex -3 -15.832901954650879 -20.350000381469727
      vertex -1.329777717590332 -12.733000755310059 -20.350000381469727
    endloop
  endfacet
  facet normal 0 0 -1
    outer loop
      vertex -3.4350461959838867 -15.542214393615723 -20.350000381469727
      vertex -1.329777717590332 -12.733000755310059 -20.350000381469727
      vertex -3 -15.832901954650879 -20.350000381469727
    endloop
  endfacet
  facet normal 0 0 -1
    outer loop
      vertex -3.828427314758301 -15.197227478027344 -20.350000381469727
      vertex -1.329777717590332 -12.733000755310059 -20.350000381469727
      vertex -3.4350461959838867 -15.542214393615723 -20.350000381469727
    endloop
  endfacet
  facet normal 0 0 -1
    outer loop
      vertex -1.329777717590332 -12.733000755310059 -20.350000381469727
      vertex -3.828427314758301 -15.197227478027344 -20.350000381469727
      vertex -1.5446033477783203 -12.54460334777832 -20.350000381469727
    endloop
  endfacet
  facet normal 0 0 -1
    outer loop
      vertex -4.17341423034668 -14.80384635925293 -20.350000381469727
      vertex -1.5446033477783203 -12.54460334777832 -20.350000381469727
      vertex -3.828427314758301 -15.197227478027344 -20.350000381469727
    endloop
  endfacet
  facet normal 0 0 -1
    outer loop
      vertex -4.464101791381836 -14.368800163269043 -20.350000381469727
      vertex -1.5446033477783203 -12.54460334777832 -20.350000381469727
      vertex -4.17341423034668 -14.80384635925293 -20.350000381469727
    endloop
  endfacet
  facet normal 0 0 -1
    outer loop
      vertex -2.1657114028930664 -0.28512096405029297 -20.350000381469727
      vertex -5 -12.368800163269043 -20.350000381469727
      vertex -2.1843996047973633 0 -20.350000381469727
    endloop
  endfacet
  facet normal 0 0 -1
    outer loop
      vertex -4.695518493652344 -13.899534225463867 -20.350000381469727
      vertex -1.7330007553100586 -12.329777717590332 -20.350000381469727
      vertex -4.464101791381836 -14.368800163269043 -20.350000381469727
    endloop
  endfacet
  facet normal 0 0 -1
    outer loop
      vertex -1.5446033477783203 -12.54460334777832 -20.350000381469727
      vertex -4.464101791381836 -14.368800163269043 -20.350000381469727
      vertex -1.7330007553100586 -12.329777717590332 -20.350000381469727
    endloop
  endfacet
  facet normal 0 0 -1
    outer loop
      vertex 1.7330007553100586 12.329777717590332 -20.350000381469727
      vertex 4.695517539978027 13.89953327178955 -20.350000381469727
      vertex 1.8917455673217773 12.092199325561523 -20.350000381469727
    endloop
  endfacet
  facet normal 0 0 -1
    outer loop
      vertex 4.695517539978027 13.89953327178955 -20.350000381469727
      vertex 1.7330007553100586 12.329777717590332 -20.350000381469727
      vertex 4.4641008377075195 14.368799209594727 -20.350000381469727
    endloop
  endfacet
  facet normal 0 0 -1
    outer loop
      vertex 1.5446033477783203 12.54460334777832 -20.350000381469727
      vertex 4.4641008377075195 14.368799209594727 -20.350000381469727
      vertex 1.7330007553100586 12.329777717590332 -20.350000381469727
    endloop
  endfacet
  facet normal 0 0 -1
    outer loop
      vertex 4.4641008377075195 14.368799209594727 -20.350000381469727
      vertex 1.5446033477783203 12.54460334777832 -20.350000381469727
      vertex 4.173413276672363 14.803845405578613 -20.350000381469727
    endloop
  endfacet
  facet normal 0 0 -1
    outer loop
      vertex 4.173413276672363 14.803845405578613 -20.350000381469727
      vertex 1.5446033477783203 12.54460334777832 -20.350000381469727
      vertex 3.8284263610839844 15.197226524353027 -20.350000381469727
    endloop
  endfacet
  facet normal 0 0 -1
    outer loop
      vertex 1.329777717590332 12.733000755310059 -20.350000381469727
      vertex 3.8284263610839844 15.197226524353027 -20.350000381469727
      vertex 1.5446033477783203 12.54460334777832 -20.350000381469727
    endloop
  endfacet
  facet normal 0 0 -1
    outer loop
      vertex 3.8284263610839844 15.197226524353027 -20.350000381469727
      vertex 1.329777717590332 12.733000755310059 -20.350000381469727
      vertex 3.4350452423095703 15.54221248626709 -20.350000381469727
    endloop
  endfacet
  facet normal 0 0 -1
    outer loop
      vertex 3.4350452423095703 15.54221248626709 -20.350000381469727
      vertex 1.329777717590332 12.733000755310059 -20.350000381469727
      vertex 3 15.832901000976562 -20.350000381469727
    endloop
  endfacet
  facet normal 0 0 -1
    outer loop
      vertex 1.0921993255615234 12.891745567321777 -20.350000381469727
      vertex 3 15.832901000976562 -20.350000381469727
      vertex 1.329777717590332 12.733000755310059 -20.350000381469727
    endloop
  endfacet
  facet normal 0 0 -1
    outer loop
      vertex 3 15.832901000976562 -20.350000381469727
      vertex 1.0921993255615234 12.891745567321777 -20.350000381469727
      vertex 2.530733108520508 16.06431770324707 -20.350000381469727
    endloop
  endfacet
  facet normal 0 0 -1
    outer loop
      vertex 2.530733108520508 16.06431770324707 -20.350000381469727
      vertex 1.0921993255615234 12.891745567321777 -20.350000381469727
      vertex 2.035275459289551 16.23250389099121 -20.350000381469727
    endloop
  endfacet
  facet normal 0 0 -1
    outer loop
      vertex 0.8359336853027344 13.018121719360352 -20.350000381469727
      vertex 2.035275459289551 16.23250389099121 -20.350000381469727
      vertex 1.0921993255615234 12.891745567321777 -20.350000381469727
    endloop
  endfacet
  facet normal 0 0 -1
    outer loop
      vertex 2.035275459289551 16.23250389099121 -20.350000381469727
      vertex 0.8359336853027344 13.018121719360352 -20.350000381469727
      vertex 1.522104263305664 16.334579467773438 -20.350000381469727
    endloop
  endfacet
  facet normal 0 0 -1
    outer loop
      vertex 0.565363883972168 13.109968185424805 -20.350000381469727
      vertex 1.522104263305664 16.334579467773438 -20.350000381469727
      vertex 0.8359336853027344 13.018121719360352 -20.350000381469727
    endloop
  endfacet
  facet normal 0 0 -1
    outer loop
      vertex 1.522104263305664 16.334579467773438 -20.350000381469727
      vertex 0.565363883972168 13.109968185424805 -20.350000381469727
      vertex 1 16.368799209594727 -20.350000381469727
    endloop
  endfacet
  facet normal 0 0 -1
    outer loop
      vertex 0.28512096405029297 13.165711402893066 -20.350000381469727
      vertex 1 16.368799209594727 -20.350000381469727
      vertex 0.565363883972168 13.109968185424805 -20.350000381469727
    endloop
  endfacet
  facet normal 0 0 -1
    outer loop
      vertex 0 13.184399604797363 -20.350000381469727
      vertex 1 16.368799209594727 -20.350000381469727
      vertex 0.28512096405029297 13.165711402893066 -20.350000381469727
    endloop
  endfacet
  facet normal 0 0 -1
    outer loop
      vertex -1 16.368799209594727 -20.350000381469727
      vertex 0 13.184399604797363 -20.350000381469727
      vertex -0.28512096405029297 13.165711402893066 -20.350000381469727
    endloop
  endfacet
  facet normal 0 0 -1
    outer loop
      vertex -1 16.368799209594727 -20.350000381469727
      vertex -0.28512096405029297 13.165711402893066 -20.350000381469727
      vertex -0.565363883972168 13.109968185424805 -20.350000381469727
    endloop
  endfacet
  facet normal 0 0 -1
    outer loop
      vertex -1.5221052169799805 16.334579467773438 -20.350000381469727
      vertex -0.565363883972168 13.109968185424805 -20.350000381469727
      vertex -0.8359336853027344 13.018121719360352 -20.350000381469727
    endloop
  endfacet
  facet normal 0 0 -1
    outer loop
      vertex 0 13.184399604797363 -20.350000381469727
      vertex -1 16.368799209594727 -20.350000381469727
      vertex 1 16.368799209594727 -20.350000381469727
    endloop
  endfacet
  facet normal 0 0 -1
    outer loop
      vertex -2.035276412963867 16.23250389099121 -20.350000381469727
      vertex -0.8359336853027344 13.018121719360352 -20.350000381469727
      vertex -1.0921993255615234 12.891745567321777 -20.350000381469727
    endloop
  endfacet
  facet normal 0 0 -1
    outer loop
      vertex -3 15.832901000976562 -20.350000381469727
      vertex -1.0921993255615234 12.891745567321777 -20.350000381469727
      vertex -1.329777717590332 12.733000755310059 -20.350000381469727
    endloop
  endfacet
  facet normal 0 0 -1
    outer loop
      vertex -0.565363883972168 13.109968185424805 -20.350000381469727
      vertex -1.5221052169799805 16.334579467773438 -20.350000381469727
      vertex -1 16.368799209594727 -20.350000381469727
    endloop
  endfacet
  facet normal 0 0 -1
    outer loop
      vertex -3.828427314758301 15.197226524353027 -20.350000381469727
      vertex -1.329777717590332 12.733000755310059 -20.350000381469727
      vertex -1.5446033477783203 12.54460334777832 -20.350000381469727
    endloop
  endfacet
  facet normal 0 0 -1
    outer loop
      vertex -4.464101791381836 14.368799209594727 -20.350000381469727
      vertex -1.5446033477783203 12.54460334777832 -20.350000381469727
      vertex -1.7330007553100586 12.329777717590332 -20.350000381469727
    endloop
  endfacet
  facet normal 0 0 -1
    outer loop
      vertex -4.695518493652344 13.89953327178955 -20.350000381469727
      vertex -1.7330007553100586 12.329777717590332 -20.350000381469727
      vertex -1.8917455673217773 12.092199325561523 -20.350000381469727
    endloop
  endfacet
  facet normal 0 0 -1
    outer loop
      vertex -4.965780258178711 12.890904426574707 -20.350000381469727
      vertex -1.8917455673217773 12.092199325561523 -20.350000381469727
      vertex -2.0181217193603516 11.835933685302734 -20.350000381469727
    endloop
  endfacet
  facet normal 0 0 -1
    outer loop
      vertex -0.8359336853027344 13.018121719360352 -20.350000381469727
      vertex -2.035276412963867 16.23250389099121 -20.350000381469727
      vertex -1.5221052169799805 16.334579467773438 -20.350000381469727
    endloop
  endfacet
  facet normal 0 0 -1
    outer loop
      vertex -5 12.368799209594727 -20.350000381469727
      vertex -2.0181217193603516 11.835933685302734 -20.350000381469727
      vertex -2.1099681854248047 11.565363883972168 -20.350000381469727
    endloop
  endfacet
  facet normal 0 0 -1
    outer loop
      vertex -5 12.368799209594727 -20.350000381469727
      vertex -2.1099681854248047 11.565363883972168 -20.350000381469727
      vertex -2.1657114028930664 11.285120964050293 -20.350000381469727
    endloop
  endfacet
  facet normal 0 0 -1
    outer loop
      vertex -5 12.368799209594727 -20.350000381469727
      vertex -2.1657114028930664 11.285120964050293 -20.350000381469727
      vertex -2.1843996047973633 11 -20.350000381469727
    endloop
  endfacet
  facet normal 0 0 -1
    outer loop
      vertex -1.0921993255615234 12.891745567321777 -20.350000381469727
      vertex -2.530734062194824 16.06431770324707 -20.350000381469727
      vertex -2.035276412963867 16.23250389099121 -20.350000381469727
    endloop
  endfacet
  facet normal 0 0 -1
    outer loop
      vertex -5 12.368799209594727 -20.350000381469727
      vertex -2.1843996047973633 0 -20.350000381469727
      vertex -5 -12.368800163269043 -20.350000381469727
    endloop
  endfacet
  facet normal 0 0 -1
    outer loop
      vertex -1.7330007553100586 -12.329777717590332 -20.350000381469727
      vertex -4.695518493652344 -13.899534225463867 -20.350000381469727
      vertex -1.8917455673217773 -12.092199325561523 -20.350000381469727
    endloop
  endfacet
  facet normal 0 0 -1
    outer loop
      vertex -2.1657114028930664 10.714879035949707 -20.350000381469727
      vertex -5 12.368799209594727 -20.350000381469727
      vertex -2.1843996047973633 11 -20.350000381469727
    endloop
  endfacet
  facet normal 0 0 -1
    outer loop
      vertex -4.863703727722168 -13.40407657623291 -20.350000381469727
      vertex -1.8917455673217773 -12.092199325561523 -20.350000381469727
      vertex -4.695518493652344 -13.899534225463867 -20.350000381469727
    endloop
  endfacet
  facet normal 0 0 -1
    outer loop
      vertex -2.0181217193603516 11.835933685302734 -20.350000381469727
      vertex -5 12.368799209594727 -20.350000381469727
      vertex -4.965780258178711 12.890904426574707 -20.350000381469727
    endloop
  endfacet
  facet normal 0 0 -1
    outer loop
      vertex -4.965780258178711 -12.890905380249023 -20.350000381469727
      vertex -1.8917455673217773 -12.092199325561523 -20.350000381469727
      vertex -4.863703727722168 -13.40407657623291 -20.350000381469727
    endloop
  endfacet
  facet normal 0 0 -1
    outer loop
      vertex -1.0921993255615234 12.891745567321777 -20.350000381469727
      vertex -3 15.832901000976562 -20.350000381469727
      vertex -2.530734062194824 16.06431770324707 -20.350000381469727
    endloop
  endfacet
  facet normal 0 0 -1
    outer loop
      vertex -1.8917455673217773 -12.092199325561523 -20.350000381469727
      vertex -4.965780258178711 -12.890905380249023 -20.350000381469727
      vertex -2.0181217193603516 -11.835933685302734 -20.350000381469727
    endloop
  endfacet
  facet normal 0 0 -1
    outer loop
      vertex -1.329777717590332 12.733000755310059 -20.350000381469727
      vertex -3.4350461959838867 15.54221248626709 -20.350000381469727
      vertex -3 15.832901000976562 -20.350000381469727
    endloop
  endfacet
  facet normal 0 0 -1
    outer loop
      vertex -5 -12.368800163269043 -20.350000381469727
      vertex -2.0181217193603516 -11.835933685302734 -20.350000381469727
      vertex -4.965780258178711 -12.890905380249023 -20.350000381469727
    endloop
  endfacet
  facet normal 0 0 -1
    outer loop
      vertex -1.329777717590332 12.733000755310059 -20.350000381469727
      vertex -3.828427314758301 15.197226524353027 -20.350000381469727
      vertex -3.4350461959838867 15.54221248626709 -20.350000381469727
    endloop
  endfacet
  facet normal 0 0 -1
    outer loop
      vertex -2.0181217193603516 -11.835933685302734 -20.350000381469727
      vertex -5 -12.368800163269043 -20.350000381469727
      vertex -2.1099681854248047 -11.565363883972168 -20.350000381469727
    endloop
  endfacet
  facet normal 0 0 -1
    outer loop
      vertex -1.5446033477783203 12.54460334777832 -20.350000381469727
      vertex -4.17341423034668 14.803845405578613 -20.350000381469727
      vertex -3.828427314758301 15.197226524353027 -20.350000381469727
    endloop
  endfacet
  facet normal 0 0 -1
    outer loop
      vertex -2.1099681854248047 -11.565363883972168 -20.350000381469727
      vertex -5 -12.368800163269043 -20.350000381469727
      vertex -2.1657114028930664 -11.285120964050293 -20.350000381469727
    endloop
  endfacet
  facet normal 0 0 -1
    outer loop
      vertex -1.5446033477783203 12.54460334777832 -20.350000381469727
      vertex -4.464101791381836 14.368799209594727 -20.350000381469727
      vertex -4.17341423034668 14.803845405578613 -20.350000381469727
    endloop
  endfacet
  facet normal 0 0 -1
    outer loop
      vertex -2.1657114028930664 -11.285120964050293 -20.350000381469727
      vertex -5 -12.368800163269043 -20.350000381469727
      vertex -2.1843996047973633 -11 -20.350000381469727
    endloop
  endfacet
  facet normal 0 0 -1
    outer loop
      vertex -1.7330007553100586 12.329777717590332 -20.350000381469727
      vertex -4.695518493652344 13.89953327178955 -20.350000381469727
      vertex -4.464101791381836 14.368799209594727 -20.350000381469727
    endloop
  endfacet
  facet normal 0 0 -1
    outer loop
      vertex -1.8917455673217773 12.092199325561523 -20.350000381469727
      vertex -4.863703727722168 13.404075622558594 -20.350000381469727
      vertex -4.695518493652344 13.89953327178955 -20.350000381469727
    endloop
  endfacet
  facet normal 0 0 -1
    outer loop
      vertex -1.8917455673217773 12.092199325561523 -20.350000381469727
      vertex -4.965780258178711 12.890904426574707 -20.350000381469727
      vertex -4.863703727722168 13.404075622558594 -20.350000381469727
    endloop
  endfacet
  facet normal -1 0 0
    outer loop
      vertex -5 -12.368800163269043 -20.350000381469727
      vertex -5 12.368799209594727 -14.000000953674316
      vertex -5 12.368799209594727 -20.350000381469727
    endloop
  endfacet
  facet normal -1 0 0
    outer loop
      vertex -5 12.368799209594727 -14.000000953674316
      vertex -5 -12.368800163269043 -20.350000381469727
      vertex -5 -12.368800163269043 -14.000000953674316
    endloop
  endfacet
  facet normal 0 1 0
    outer loop
      vertex 1 16.368799209594727 -20.350000381469727
      vertex -1 16.368799209594727 -14.000000953674316
      vertex 1 16.368799209594727 -14.000000953674316
    endloop
  endfacet
  facet normal 0 1 0
    outer loop
      vertex -1 16.368799209594727 -14.000000953674316
      vertex 1 16.368799209594727 -20.350000381469727
      vertex -1 16.368799209594727 -20.350000381469727
    endloop
  endfacet
  facet normal 0 -1 0
    outer loop
      vertex -1 -16.368799209594727 -20.350000381469727
      vertex 1 -16.368799209594727 -14.000000953674316
      vertex -1 -16.368799209594727 -14.000000953674316
    endloop
  endfacet
  facet normal 0 -1 0
    outer loop
      vertex 1 -16.368799209594727 -14.000000953674316
      vertex -1 -16.368799209594727 -20.350000381469727
      vertex 1 -16.368799209594727 -20.350000381469727
    endloop
  endfacet
  facet normal -0.6593468235327169 -0.7518389231060841 0
    outer loop
      vertex -3.828427314758301 -15.197227478027344 -20.350000381469727
      vertex -3.4350461959838867 -15.542214393615723 -14.000000953674316
      vertex -3.828427314758301 -15.197227478027344 -14.000000953674316
    endloop
  endfacet
  facet normal -0.6593468235327169 -0.7518389231060841 0
    outer loop
      vertex -3.4350461959838867 -15.542214393615723 -14.000000953674316
      vertex -3.828427314758301 -15.197227478027344 -20.350000381469727
      vertex -3.4350461959838867 -15.542214393615723 -20.350000381469727
    endloop
  endfacet
  facet normal -0.8314705072045249 -0.5555688937018074 0
    outer loop
      vertex -4.17341423034668 -14.80384635925293 -20.350000381469727
      vertex -4.464101791381836 -14.368800163269043 -14.000000953674316
      vertex -4.464101791381836 -14.368800163269043 -20.350000381469727
    endloop
  endfacet
  facet normal -0.8314705072045249 -0.5555688937018074 0
    outer loop
      vertex -4.464101791381836 -14.368800163269043 -14.000000953674316
      vertex -4.17341423034668 -14.80384635925293 -20.350000381469727
      vertex -4.17341423034668 -14.80384635925293 -14.000000953674316
    endloop
  endfacet
  facet normal -0.9978590282685601 -0.06540152676295097 0
    outer loop
      vertex -4.965780258178711 -12.890905380249023 -20.350000381469727
      vertex -5 -12.368800163269043 -14.000000953674316
      vertex -5 -12.368800163269043 -20.350000381469727
    endloop
  endfacet
  facet normal -0.9978590282685601 -0.06540152676295097 0
    outer loop
      vertex -5 -12.368800163269043 -14.000000953674316
      vertex -4.965780258178711 -12.890905380249023 -20.350000381469727
      vertex -4.965780258178711 -12.890905380249023 -14.000000953674316
    endloop
  endfacet
  facet normal -0.4422877643866465 -0.8968731981020852 0
    outer loop
      vertex -3 -15.832901954650879 -20.350000381469727
      vertex -2.530734062194824 -16.06431770324707 -14.000000953674316
      vertex -3 -15.832901954650879 -14.000000953674316
    endloop
  endfacet
  facet normal -0.4422877643866465 -0.8968731981020852 0
    outer loop
      vertex -2.530734062194824 -16.06431770324707 -14.000000953674316
      vertex -3 -15.832901954650879 -20.350000381469727
      vertex -2.530734062194824 -16.06431770324707 -20.350000381469727
    endloop
  endfacet
  facet normal -0.3214411424216225 -0.9469295601884452 0
    outer loop
      vertex -2.530734062194824 -16.06431770324707 -20.350000381469727
      vertex -2.035276412963867 -16.23250389099121 -14.000000953674316
      vertex -2.530734062194824 -16.06431770324707 -14.000000953674316
    endloop
  endfacet
  facet normal -0.3214411424216225 -0.9469295601884452 0
    outer loop
      vertex -2.035276412963867 -16.23250389099121 -14.000000953674316
      vertex -2.530734062194824 -16.06431770324707 -20.350000381469727
      vertex -2.035276412963867 -16.23250389099121 -20.350000381469727
    endloop
  endfacet
  facet normal -0.7518389231060841 -0.6593468235327169 0
    outer loop
      vertex -3.828427314758301 -15.197227478027344 -20.350000381469727
      vertex -4.17341423034668 -14.80384635925293 -14.000000953674316
      vertex -4.17341423034668 -14.80384635925293 -20.350000381469727
    endloop
  endfacet
  facet normal -0.7518389231060841 -0.6593468235327169 0
    outer loop
      vertex -4.17341423034668 -14.80384635925293 -14.000000953674316
      vertex -3.828427314758301 -15.197227478027344 -20.350000381469727
      vertex -3.828427314758301 -15.197227478027344 -14.000000953674316
    endloop
  endfacet
  facet normal -0.9807851220589578 -0.19509111806485527 0
    outer loop
      vertex -4.863703727722168 -13.40407657623291 -20.350000381469727
      vertex -4.965780258178711 -12.890905380249023 -14.000000953674316
      vertex -4.965780258178711 -12.890905380249023 -20.350000381469727
    endloop
  endfacet
  facet normal -0.9807851220589578 -0.19509111806485527 0
    outer loop
      vertex -4.965780258178711 -12.890905380249023 -14.000000953674316
      vertex -4.863703727722168 -13.40407657623291 -20.350000381469727
      vertex -4.863703727722168 -13.40407657623291 -14.000000953674316
    endloop
  endfacet
  facet normal -0.946930114979577 -0.32143950806452687 0
    outer loop
      vertex -4.695518493652344 -13.899534225463867 -20.350000381469727
      vertex -4.863703727722168 -13.40407657623291 -14.000000953674316
      vertex -4.863703727722168 -13.40407657623291 -20.350000381469727
    endloop
  endfacet
  facet normal -0.946930114979577 -0.32143950806452687 0
    outer loop
      vertex -4.863703727722168 -13.40407657623291 -14.000000953674316
      vertex -4.695518493652344 -13.899534225463867 -20.350000381469727
      vertex -4.695518493652344 -13.899534225463867 -14.000000953674316
    endloop
  endfacet
  facet normal -0.5555688937018074 -0.8314705072045249 0
    outer loop
      vertex -3.4350461959838867 -15.542214393615723 -20.350000381469727
      vertex -3 -15.832901954650879 -14.000000953674316
      vertex -3.4350461959838867 -15.542214393615723 -14.000000953674316
    endloop
  endfacet
  facet normal -0.5555688937018074 -0.8314705072045249 0
    outer loop
      vertex -3 -15.832901954650879 -14.000000953674316
      vertex -3.4350461959838867 -15.542214393615723 -20.350000381469727
      vertex -3 -15.832901954650879 -20.350000381469727
    endloop
  endfacet
  facet normal -0.896872475085197 -0.4422892305206544 0
    outer loop
      vertex -4.464101791381836 -14.368800163269043 -20.350000381469727
      vertex -4.695518493652344 -13.899534225463867 -14.000000953674316
      vertex -4.695518493652344 -13.899534225463867 -20.350000381469727
    endloop
  endfacet
  facet normal -0.896872475085197 -0.4422892305206544 0
    outer loop
      vertex -4.695518493652344 -13.899534225463867 -14.000000953674316
      vertex -4.464101791381836 -14.368800163269043 -20.350000381469727
      vertex -4.464101791381836 -14.368800163269043 -14.000000953674316
    endloop
  endfacet
  facet normal -0.1950893647510419 -0.9807854708146093 0
    outer loop
      vertex -2.035276412963867 -16.23250389099121 -20.350000381469727
      vertex -1.5221052169799805 -16.334579467773438 -14.000000953674316
      vertex -2.035276412963867 -16.23250389099121 -14.000000953674316
    endloop
  endfacet
  facet normal -0.1950893647510419 -0.9807854708146093 0
    outer loop
      vertex -1.5221052169799805 -16.334579467773438 -14.000000953674316
      vertex -2.035276412963867 -16.23250389099121 -20.350000381469727
      vertex -1.5221052169799805 -16.334579467773438 -20.350000381469727
    endloop
  endfacet
  facet normal -0.06540152676295097 -0.9978590282685601 0
    outer loop
      vertex -1.5221052169799805 -16.334579467773438 -20.350000381469727
      vertex -1 -16.368799209594727 -14.000000953674316
      vertex -1.5221052169799805 -16.334579467773438 -14.000000953674316
    endloop
  endfacet
  facet normal -0.06540152676295097 -0.9978590282685601 0
    outer loop
      vertex -1 -16.368799209594727 -14.000000953674316
      vertex -1.5221052169799805 -16.334579467773438 -20.350000381469727
      vertex -1 -16.368799209594727 -20.350000381469727
    endloop
  endfacet
  facet normal -0.896872475085197 0.4422892305206544 0
    outer loop
      vertex -4.695518493652344 13.89953327178955 -20.350000381469727
      vertex -4.464101791381836 14.368799209594727 -14.000000953674316
      vertex -4.464101791381836 14.368799209594727 -20.350000381469727
    endloop
  endfacet
  facet normal -0.896872475085197 0.4422892305206544 0
    outer loop
      vertex -4.464101791381836 14.368799209594727 -14.000000953674316
      vertex -4.695518493652344 13.89953327178955 -20.350000381469727
      vertex -4.695518493652344 13.89953327178955 -14.000000953674316
    endloop
  endfacet
  facet normal -0.9978590282685601 0.06540152676295097 0
    outer loop
      vertex -5 12.368799209594727 -20.350000381469727
      vertex -4.965780258178711 12.890904426574707 -14.000000953674316
      vertex -4.965780258178711 12.890904426574707 -20.350000381469727
    endloop
  endfacet
  facet normal -0.9978590282685601 0.06540152676295097 0
    outer loop
      vertex -4.965780258178711 12.890904426574707 -14.000000953674316
      vertex -5 12.368799209594727 -20.350000381469727
      vertex -5 12.368799209594727 -14.000000953674316
    endloop
  endfacet
  facet normal -0.6593457932372825 0.7518398266521259 0
    outer loop
      vertex -3.4350461959838867 15.54221248626709 -20.350000381469727
      vertex -3.828427314758301 15.197226524353027 -14.000000953674316
      vertex -3.4350461959838867 15.54221248626709 -14.000000953674316
    endloop
  endfacet
  facet normal -0.6593457932372825 0.7518398266521259 0
    outer loop
      vertex -3.828427314758301 15.197226524353027 -14.000000953674316
      vertex -3.4350461959838867 15.54221248626709 -20.350000381469727
      vertex -3.828427314758301 15.197226524353027 -20.350000381469727
    endloop
  endfacet
  facet normal -0.06540152676295097 0.9978590282685601 0
    outer loop
      vertex -1 16.368799209594727 -20.350000381469727
      vertex -1.5221052169799805 16.334579467773438 -14.000000953674316
      vertex -1 16.368799209594727 -14.000000953674316
    endloop
  endfacet
  facet normal -0.06540152676295097 0.9978590282685601 0
    outer loop
      vertex -1.5221052169799805 16.334579467773438 -14.000000953674316
      vertex -1 16.368799209594727 -20.350000381469727
      vertex -1.5221052169799805 16.334579467773438 -20.350000381469727
    endloop
  endfacet
  facet normal -0.7518389231060841 0.6593468235327169 0
    outer loop
      vertex -4.17341423034668 14.803845405578613 -20.350000381469727
      vertex -3.828427314758301 15.197226524353027 -14.000000953674316
      vertex -3.828427314758301 15.197226524353027 -20.350000381469727
    endloop
  endfacet
  facet normal -0.7518389231060841 0.6593468235327169 0
    outer loop
      vertex -3.828427314758301 15.197226524353027 -14.000000953674316
      vertex -4.17341423034668 14.803845405578613 -20.350000381469727
      vertex -4.17341423034668 14.803845405578613 -14.000000953674316
    endloop
  endfacet
  facet normal -0.946930114979577 0.32143950806452687 0
    outer loop
      vertex -4.863703727722168 13.404075622558594 -20.350000381469727
      vertex -4.695518493652344 13.89953327178955 -14.000000953674316
      vertex -4.695518493652344 13.89953327178955 -20.350000381469727
    endloop
  endfacet
  facet normal -0.946930114979577 0.32143950806452687 0
    outer loop
      vertex -4.695518493652344 13.89953327178955 -14.000000953674316
      vertex -4.863703727722168 13.404075622558594 -20.350000381469727
      vertex -4.863703727722168 13.404075622558594 -14.000000953674316
    endloop
  endfacet
  facet normal -0.8314705072045249 0.5555688937018074 0
    outer loop
      vertex -4.464101791381836 14.368799209594727 -20.350000381469727
      vertex -4.17341423034668 14.803845405578613 -14.000000953674316
      vertex -4.17341423034668 14.803845405578613 -20.350000381469727
    endloop
  endfacet
  facet normal -0.8314705072045249 0.5555688937018074 0
    outer loop
      vertex -4.17341423034668 14.803845405578613 -14.000000953674316
      vertex -4.464101791381836 14.368799209594727 -20.350000381469727
      vertex -4.464101791381836 14.368799209594727 -14.000000953674316
    endloop
  endfacet
  facet normal -0.9807851220589578 0.19509111806485527 0
    outer loop
      vertex -4.965780258178711 12.890904426574707 -20.350000381469727
      vertex -4.863703727722168 13.404075622558594 -14.000000953674316
      vertex -4.863703727722168 13.404075622558594 -20.350000381469727
    endloop
  endfacet
  facet normal -0.9807851220589578 0.19509111806485527 0
    outer loop
      vertex -4.863703727722168 13.404075622558594 -14.000000953674316
      vertex -4.965780258178711 12.890904426574707 -20.350000381469727
      vertex -4.965780258178711 12.890904426574707 -14.000000953674316
    endloop
  endfacet
  facet normal -0.1950893647510419 0.9807854708146093 0
    outer loop
      vertex -1.5221052169799805 16.334579467773438 -20.350000381469727
      vertex -2.035276412963867 16.23250389099121 -14.000000953674316
      vertex -1.5221052169799805 16.334579467773438 -14.000000953674316
    endloop
  endfacet
  facet normal -0.1950893647510419 0.9807854708146093 0
    outer loop
      vertex -2.035276412963867 16.23250389099121 -14.000000953674316
      vertex -1.5221052169799805 16.334579467773438 -20.350000381469727
      vertex -2.035276412963867 16.23250389099121 -20.350000381469727
    endloop
  endfacet
  facet normal -0.4422892305206544 0.896872475085197 0
    outer loop
      vertex -2.530734062194824 16.06431770324707 -20.350000381469727
      vertex -3 15.832901000976562 -14.000000953674316
      vertex -2.530734062194824 16.06431770324707 -14.000000953674316
    endloop
  endfacet
  facet normal -0.4422892305206544 0.896872475085197 0
    outer loop
      vertex -3 15.832901000976562 -14.000000953674316
      vertex -2.530734062194824 16.06431770324707 -20.350000381469727
      vertex -3 15.832901000976562 -20.350000381469727
    endloop
  endfacet
  facet normal -0.5555701538006099 0.8314696652349781 0
    outer loop
      vertex -3 15.832901000976562 -20.350000381469727
      vertex -3.4350461959838867 15.54221248626709 -14.000000953674316
      vertex -3 15.832901000976562 -14.000000953674316
    endloop
  endfacet
  facet normal -0.5555701538006099 0.8314696652349781 0
    outer loop
      vertex -3.4350461959838867 15.54221248626709 -14.000000953674316
      vertex -3 15.832901000976562 -20.350000381469727
      vertex -3.4350461959838867 15.54221248626709 -20.350000381469727
    endloop
  endfacet
  facet normal -0.3214411424216225 0.9469295601884452 0
    outer loop
      vertex -2.035276412963867 16.23250389099121 -20.350000381469727
      vertex -2.530734062194824 16.06431770324707 -14.000000953674316
      vertex -2.035276412963867 16.23250389099121 -14.000000953674316
    endloop
  endfacet
  facet normal -0.3214411424216225 0.9469295601884452 0
    outer loop
      vertex -2.530734062194824 16.06431770324707 -14.000000953674316
      vertex -2.035276412963867 16.23250389099121 -20.350000381469727
      vertex -2.530734062194824 16.06431770324707 -20.350000381469727
    endloop
  endfacet
  facet normal 0.9978589093158622 -0.06540334164978177 0
    outer loop
      vertex 4.9657793045043945 -12.890905380249023 -14.000000953674316
      vertex 5 -12.368800163269043 -20.350000381469727
      vertex 5 -12.368800163269043 -14.000000953674316
    endloop
  endfacet
  facet normal 0.9978589093158622 -0.06540334164978177 0
    outer loop
      vertex 5 -12.368800163269043 -20.350000381469727
      vertex 4.9657793045043945 -12.890905380249023 -14.000000953674316
      vertex 4.9657793045043945 -12.890905380249023 -20.350000381469727
    endloop
  endfacet
  facet normal 0.1950893647510419 -0.9807854708146093 0
    outer loop
      vertex 1.522104263305664 -16.334579467773438 -20.350000381469727
      vertex 2.035275459289551 -16.23250389099121 -14.000000953674316
      vertex 1.522104263305664 -16.334579467773438 -14.000000953674316
    endloop
  endfacet
  facet normal 0.1950893647510419 -0.9807854708146093 0
    outer loop
      vertex 2.035275459289551 -16.23250389099121 -14.000000953674316
      vertex 1.522104263305664 -16.334579467773438 -20.350000381469727
      vertex 2.035275459289551 -16.23250389099121 -20.350000381469727
    endloop
  endfacet
  facet normal 0.44228704137141206 -0.8968735546524508 0
    outer loop
      vertex 2.530733108520508 -16.06431770324707 -20.350000381469727
      vertex 3 -15.832901954650879 -14.000000953674316
      vertex 2.530733108520508 -16.06431770324707 -14.000000953674316
    endloop
  endfacet
  facet normal 0.44228704137141206 -0.8968735546524508 0
    outer loop
      vertex 3 -15.832901954650879 -14.000000953674316
      vertex 2.530733108520508 -16.06431770324707 -20.350000381469727
      vertex 3 -15.832901954650879 -20.350000381469727
    endloop
  endfacet
  facet normal 0.896872475085197 -0.4422892305206544 0
    outer loop
      vertex 4.4641008377075195 -14.368800163269043 -14.000000953674316
      vertex 4.695517539978027 -13.899534225463867 -20.350000381469727
      vertex 4.695517539978027 -13.899534225463867 -14.000000953674316
    endloop
  endfacet
  facet normal 0.896872475085197 -0.4422892305206544 0
    outer loop
      vertex 4.695517539978027 -13.899534225463867 -20.350000381469727
      vertex 4.4641008377075195 -14.368800163269043 -14.000000953674316
      vertex 4.4641008377075195 -14.368800163269043 -20.350000381469727
    endloop
  endfacet
  facet normal 0.9807851220589578 -0.19509111806485527 0
    outer loop
      vertex 4.863702774047852 -13.40407657623291 -14.000000953674316
      vertex 4.9657793045043945 -12.890905380249023 -20.350000381469727
      vertex 4.9657793045043945 -12.890905380249023 -14.000000953674316
    endloop
  endfacet
  facet normal 0.9807851220589578 -0.19509111806485527 0
    outer loop
      vertex 4.9657793045043945 -12.890905380249023 -20.350000381469727
      vertex 4.863702774047852 -13.40407657623291 -14.000000953674316
      vertex 4.863702774047852 -13.40407657623291 -20.350000381469727
    endloop
  endfacet
  facet normal 0.7518389231060841 -0.6593468235327169 0
    outer loop
      vertex 3.8284263610839844 -15.197227478027344 -14.000000953674316
      vertex 4.173413276672363 -14.80384635925293 -20.350000381469727
      vertex 4.173413276672363 -14.80384635925293 -14.000000953674316
    endloop
  endfacet
  facet normal 0.7518389231060841 -0.6593468235327169 0
    outer loop
      vertex 4.173413276672363 -14.80384635925293 -20.350000381469727
      vertex 3.8284263610839844 -15.197227478027344 -14.000000953674316
      vertex 3.8284263610839844 -15.197227478027344 -20.350000381469727
    endloop
  endfacet
  facet normal 0.06540164571422856 -0.9978590204722662 0
    outer loop
      vertex 1 -16.368799209594727 -20.350000381469727
      vertex 1.522104263305664 -16.334579467773438 -14.000000953674316
      vertex 1 -16.368799209594727 -14.000000953674316
    endloop
  endfacet
  facet normal 0.06540164571422856 -0.9978590204722662 0
    outer loop
      vertex 1.522104263305664 -16.334579467773438 -14.000000953674316
      vertex 1 -16.368799209594727 -20.350000381469727
      vertex 1.522104263305664 -16.334579467773438 -20.350000381469727
    endloop
  endfacet
  facet normal 0.946930114979577 -0.32143950806452687 0
    outer loop
      vertex 4.695517539978027 -13.899534225463867 -14.000000953674316
      vertex 4.863702774047852 -13.40407657623291 -20.350000381469727
      vertex 4.863702774047852 -13.40407657623291 -14.000000953674316
    endloop
  endfacet
  facet normal 0.946930114979577 -0.32143950806452687 0
    outer loop
      vertex 4.863702774047852 -13.40407657623291 -20.350000381469727
      vertex 4.695517539978027 -13.899534225463867 -14.000000953674316
      vertex 4.695517539978027 -13.899534225463867 -20.350000381469727
    endloop
  endfacet
  facet normal 0.5555697356722431 -0.8314699446192111 0
    outer loop
      vertex 3 -15.832901954650879 -20.350000381469727
      vertex 3.4350452423095703 -15.542214393615723 -14.000000953674316
      vertex 3 -15.832901954650879 -14.000000953674316
    endloop
  endfacet
  facet normal 0.5555697356722431 -0.8314699446192111 0
    outer loop
      vertex 3.4350452423095703 -15.542214393615723 -14.000000953674316
      vertex 3 -15.832901954650879 -20.350000381469727
      vertex 3.4350452423095703 -15.542214393615723 -20.350000381469727
    endloop
  endfacet
  facet normal 0.6593468235327169 -0.7518389231060841 0
    outer loop
      vertex 3.4350452423095703 -15.542214393615723 -20.350000381469727
      vertex 3.8284263610839844 -15.197227478027344 -14.000000953674316
      vertex 3.4350452423095703 -15.542214393615723 -14.000000953674316
    endloop
  endfacet
  facet normal 0.6593468235327169 -0.7518389231060841 0
    outer loop
      vertex 3.8284263610839844 -15.197227478027344 -14.000000953674316
      vertex 3.4350452423095703 -15.542214393615723 -20.350000381469727
      vertex 3.8284263610839844 -15.197227478027344 -20.350000381469727
    endloop
  endfacet
  facet normal 0.3214411424216225 -0.9469295601884452 0
    outer loop
      vertex 2.035275459289551 -16.23250389099121 -20.350000381469727
      vertex 2.530733108520508 -16.06431770324707 -14.000000953674316
      vertex 2.035275459289551 -16.23250389099121 -14.000000953674316
    endloop
  endfacet
  facet normal 0.3214411424216225 -0.9469295601884452 0
    outer loop
      vertex 2.530733108520508 -16.06431770324707 -14.000000953674316
      vertex 2.035275459289551 -16.23250389099121 -20.350000381469727
      vertex 2.530733108520508 -16.06431770324707 -20.350000381469727
    endloop
  endfacet
  facet normal 0.8314705072045249 -0.5555688937018074 0
    outer loop
      vertex 4.173413276672363 -14.80384635925293 -14.000000953674316
      vertex 4.4641008377075195 -14.368800163269043 -20.350000381469727
      vertex 4.4641008377075195 -14.368800163269043 -14.000000953674316
    endloop
  endfacet
  facet normal 0.8314705072045249 -0.5555688937018074 0
    outer loop
      vertex 4.4641008377075195 -14.368800163269043 -20.350000381469727
      vertex 4.173413276672363 -14.80384635925293 -14.000000953674316
      vertex 4.173413276672363 -14.80384635925293 -20.350000381469727
    endloop
  endfacet
  facet normal 0.9978589093158622 0.06540334164978177 0
    outer loop
      vertex 5 12.368799209594727 -14.000000953674316
      vertex 4.9657793045043945 12.890904426574707 -20.350000381469727
      vertex 4.9657793045043945 12.890904426574707 -14.000000953674316
    endloop
  endfacet
  facet normal 0.9978589093158622 0.06540334164978177 0
    outer loop
      vertex 4.9657793045043945 12.890904426574707 -20.350000381469727
      vertex 5 12.368799209594727 -14.000000953674316
      vertex 5 12.368799209594727 -20.350000381469727
    endloop
  endfacet
  facet normal 0.946930114979577 0.32143950806452687 0
    outer loop
      vertex 4.863702774047852 13.404075622558594 -14.000000953674316
      vertex 4.695517539978027 13.89953327178955 -20.350000381469727
      vertex 4.695517539978027 13.89953327178955 -14.000000953674316
    endloop
  endfacet
  facet normal 0.946930114979577 0.32143950806452687 0
    outer loop
      vertex 4.695517539978027 13.89953327178955 -20.350000381469727
      vertex 4.863702774047852 13.404075622558594 -14.000000953674316
      vertex 4.863702774047852 13.404075622558594 -20.350000381469727
    endloop
  endfacet
  facet normal 0.896872475085197 0.4422892305206544 0
    outer loop
      vertex 4.695517539978027 13.89953327178955 -14.000000953674316
      vertex 4.4641008377075195 14.368799209594727 -20.350000381469727
      vertex 4.4641008377075195 14.368799209594727 -14.000000953674316
    endloop
  endfacet
  facet normal 0.896872475085197 0.4422892305206544 0
    outer loop
      vertex 4.4641008377075195 14.368799209594727 -20.350000381469727
      vertex 4.695517539978027 13.89953327178955 -14.000000953674316
      vertex 4.695517539978027 13.89953327178955 -20.350000381469727
    endloop
  endfacet
  facet normal 0.1950893647510419 0.9807854708146093 0
    outer loop
      vertex 2.035275459289551 16.23250389099121 -20.350000381469727
      vertex 1.522104263305664 16.334579467773438 -14.000000953674316
      vertex 2.035275459289551 16.23250389099121 -14.000000953674316
    endloop
  endfacet
  facet normal 0.1950893647510419 0.9807854708146093 0
    outer loop
      vertex 1.522104263305664 16.334579467773438 -14.000000953674316
      vertex 2.035275459289551 16.23250389099121 -20.350000381469727
      vertex 1.522104263305664 16.334579467773438 -20.350000381469727
    endloop
  endfacet
  facet normal 0.5555709957712501 0.831469102647682 0
    outer loop
      vertex 3.4350452423095703 15.54221248626709 -20.350000381469727
      vertex 3 15.832901000976562 -14.000000953674316
      vertex 3.4350452423095703 15.54221248626709 -14.000000953674316
    endloop
  endfacet
  facet normal 0.5555709957712501 0.831469102647682 0
    outer loop
      vertex 3 15.832901000976562 -14.000000953674316
      vertex 3.4350452423095703 15.54221248626709 -20.350000381469727
      vertex 3 15.832901000976562 -20.350000381469727
    endloop
  endfacet
  facet normal 0.06540164571422856 0.9978590204722662 0
    outer loop
      vertex 1.522104263305664 16.334579467773438 -20.350000381469727
      vertex 1 16.368799209594727 -14.000000953674316
      vertex 1.522104263305664 16.334579467773438 -14.000000953674316
    endloop
  endfacet
  facet normal 0.06540164571422856 0.9978590204722662 0
    outer loop
      vertex 1 16.368799209594727 -14.000000953674316
      vertex 1.522104263305664 16.334579467773438 -20.350000381469727
      vertex 1 16.368799209594727 -20.350000381469727
    endloop
  endfacet
  facet normal 0.6593457932372825 0.7518398266521259 0
    outer loop
      vertex 3.8284263610839844 15.197226524353027 -20.350000381469727
      vertex 3.4350452423095703 15.54221248626709 -14.000000953674316
      vertex 3.8284263610839844 15.197226524353027 -14.000000953674316
    endloop
  endfacet
  facet normal 0.6593457932372825 0.7518398266521259 0
    outer loop
      vertex 3.4350452423095703 15.54221248626709 -14.000000953674316
      vertex 3.8284263610839844 15.197226524353027 -20.350000381469727
      vertex 3.4350452423095703 15.54221248626709 -20.350000381469727
    endloop
  endfacet
  facet normal 0.8314705072045249 0.5555688937018074 0
    outer loop
      vertex 4.4641008377075195 14.368799209594727 -14.000000953674316
      vertex 4.173413276672363 14.803845405578613 -20.350000381469727
      vertex 4.173413276672363 14.803845405578613 -14.000000953674316
    endloop
  endfacet
  facet normal 0.8314705072045249 0.5555688937018074 0
    outer loop
      vertex 4.173413276672363 14.803845405578613 -20.350000381469727
      vertex 4.4641008377075195 14.368799209594727 -14.000000953674316
      vertex 4.4641008377075195 14.368799209594727 -20.350000381469727
    endloop
  endfacet
  facet normal 0.44228850750418897 0.8968728316376391 0
    outer loop
      vertex 3 15.832901000976562 -20.350000381469727
      vertex 2.530733108520508 16.06431770324707 -14.000000953674316
      vertex 3 15.832901000976562 -14.000000953674316
    endloop
  endfacet
  facet normal 0.44228850750418897 0.8968728316376391 0
    outer loop
      vertex 2.530733108520508 16.06431770324707 -14.000000953674316
      vertex 3 15.832901000976562 -20.350000381469727
      vertex 2.530733108520508 16.06431770324707 -20.350000381469727
    endloop
  endfacet
  facet normal 0.9807851220589578 0.19509111806485527 0
    outer loop
      vertex 4.9657793045043945 12.890904426574707 -14.000000953674316
      vertex 4.863702774047852 13.404075622558594 -20.350000381469727
      vertex 4.863702774047852 13.404075622558594 -14.000000953674316
    endloop
  endfacet
  facet normal 0.9807851220589578 0.19509111806485527 0
    outer loop
      vertex 4.863702774047852 13.404075622558594 -20.350000381469727
      vertex 4.9657793045043945 12.890904426574707 -14.000000953674316
      vertex 4.9657793045043945 12.890904426574707 -20.350000381469727
    endloop
  endfacet
  facet normal 0.7518389231060841 0.6593468235327169 0
    outer loop
      vertex 4.173413276672363 14.803845405578613 -14.000000953674316
      vertex 3.8284263610839844 15.197226524353027 -20.350000381469727
      vertex 3.8284263610839844 15.197226524353027 -14.000000953674316
    endloop
  endfacet
  facet normal 0.7518389231060841 0.6593468235327169 0
    outer loop
      vertex 3.8284263610839844 15.197226524353027 -20.350000381469727
      vertex 4.173413276672363 14.803845405578613 -14.000000953674316
      vertex 4.173413276672363 14.803845405578613 -20.350000381469727
    endloop
  endfacet
  facet normal 0.3214411424216225 0.9469295601884452 0
    outer loop
      vertex 2.530733108520508 16.06431770324707 -20.350000381469727
      vertex 2.035275459289551 16.23250389099121 -14.000000953674316
      vertex 2.530733108520508 16.06431770324707 -14.000000953674316
    endloop
  endfacet
  facet normal 0.3214411424216225 0.9469295601884452 0
    outer loop
      vertex 2.035275459289551 16.23250389099121 -14.000000953674316
      vertex 2.530733108520508 16.06431770324707 -20.350000381469727
      vertex 2.035275459289551 16.23250389099121 -20.350000381469727
    endloop
  endfacet
  facet normal -0.6593465791328393 -0.751839137439534 0
    outer loop
      vertex 1.329777717590332 -9.266999244689941 -20.350000381469727
      vertex 1.5446033477783203 -9.45539665222168 -16.389999389648438
      vertex 1.329777717590332 -9.266999244689941 -16.389999389648438
    endloop
  endfacet
  facet normal -0.6593465791328393 -0.751839137439534 0
    outer loop
      vertex 1.5446033477783203 -9.45539665222168 -16.389999389648438
      vertex 1.329777717590332 -9.266999244689941 -20.350000381469727
      vertex 1.5446033477783203 -9.45539665222168 -20.350000381469727
    endloop
  endfacet
  facet normal -0.9978588349360876 -0.06540447645225649 0
    outer loop
      vertex 2.1843996047973633 -11 -20.350000381469727
      vertex 2.1657114028930664 -10.714879035949707 -16.389999389648438
      vertex 2.1657114028930664 -10.714879035949707 -20.350000381469727
    endloop
  endfacet
  facet normal -0.9978588349360876 -0.06540447645225649 0
    outer loop
      vertex 2.1657114028930664 -10.714879035949707 -16.389999389648438
      vertex 2.1843996047973633 -11 -20.350000381469727
      vertex 2.1843996047973633 -11 -16.389999389648438
    endloop
  endfacet
  facet normal 0.9807856588717693 -0.19508841931665097 0
    outer loop
      vertex -2.1657114028930664 -10.714879035949707 -16.389999389648438
      vertex -2.1099681854248047 -10.434636116027832 -20.350000381469727
      vertex -2.1099681854248047 -10.434636116027832 -16.389999389648438
    endloop
  endfacet
  facet normal 0.9807856588717693 -0.19508841931665097 0
    outer loop
      vertex -2.1099681854248047 -10.434636116027832 -20.350000381469727
      vertex -2.1657114028930664 -10.714879035949707 -16.389999389648438
      vertex -2.1657114028930664 -10.714879035949707 -20.350000381469727
    endloop
  endfacet
  facet normal -0.9978588349360876 0.06540447645225649 0
    outer loop
      vertex 2.1657114028930664 -11.285120964050293 -20.350000381469727
      vertex 2.1843996047973633 -11 -16.389999389648438
      vertex 2.1843996047973633 -11 -20.350000381469727
    endloop
  endfacet
  facet normal -0.9978588349360876 0.06540447645225649 0
    outer loop
      vertex 2.1843996047973633 -11 -16.389999389648438
      vertex 2.1657114028930664 -11.285120964050293 -20.350000381469727
      vertex 2.1657114028930664 -11.285120964050293 -16.389999389648438
    endloop
  endfacet
  facet normal -0.19508841931665097 -0.9807856588717693 0
    outer loop
      vertex 0.28512096405029297 -8.834288597106934 -20.350000381469727
      vertex 0.565363883972168 -8.890031814575195 -16.389999389648438
      vertex 0.28512096405029297 -8.834288597106934 -16.389999389648438
    endloop
  endfacet
  facet normal -0.19508841931665097 -0.9807856588717693 0
    outer loop
      vertex 0.565363883972168 -8.890031814575195 -16.389999389648438
      vertex 0.28512096405029297 -8.834288597106934 -20.350000381469727
      vertex 0.565363883972168 -8.890031814575195 -20.350000381469727
    endloop
  endfacet
  facet normal 0.06540447645225649 0.9978588349360876 0
    outer loop
      vertex 0 -13.184399604797363 -20.350000381469727
      vertex -0.28512096405029297 -13.165711402893066 -16.389999389648438
      vertex 0 -13.184399604797363 -16.389999389648438
    endloop
  endfacet
  facet normal 0.06540447645225649 0.9978588349360876 0
    outer loop
      vertex -0.28512096405029297 -13.165711402893066 -16.389999389648438
      vertex 0 -13.184399604797363 -20.350000381469727
      vertex -0.28512096405029297 -13.165711402893066 -20.350000381469727
    endloop
  endfacet
  facet normal -0.5555702466339771 -0.8314696032057105 0
    outer loop
      vertex 1.0921993255615234 -9.108254432678223 -20.350000381469727
      vertex 1.329777717590332 -9.266999244689941 -16.389999389648438
      vertex 1.0921993255615234 -9.108254432678223 -16.389999389648438
    endloop
  endfacet
  facet normal -0.5555702466339771 -0.8314696032057105 0
    outer loop
      vertex 1.329777717590332 -9.266999244689941 -16.389999389648438
      vertex 1.0921993255615234 -9.108254432678223 -20.350000381469727
      vertex 1.329777717590332 -9.266999244689941 -20.350000381469727
    endloop
  endfacet
  facet normal -0.06540447645225649 -0.9978588349360876 0
    outer loop
      vertex 0 -8.815600395202637 -20.350000381469727
      vertex 0.28512096405029297 -8.834288597106934 -16.389999389648438
      vertex 0 -8.815600395202637 -16.389999389648438
    endloop
  endfacet
  facet normal -0.06540447645225649 -0.9978588349360876 0
    outer loop
      vertex 0.28512096405029297 -8.834288597106934 -16.389999389648438
      vertex 0 -8.815600395202637 -20.350000381469727
      vertex 0.28512096405029297 -8.834288597106934 -20.350000381469727
    endloop
  endfacet
  facet normal -0.751839137439534 -0.6593465791328393 0
    outer loop
      vertex 1.7330007553100586 -9.670222282409668 -20.350000381469727
      vertex 1.5446033477783203 -9.45539665222168 -16.389999389648438
      vertex 1.5446033477783203 -9.45539665222168 -20.350000381469727
    endloop
  endfacet
  facet normal -0.751839137439534 -0.6593465791328393 0
    outer loop
      vertex 1.5446033477783203 -9.45539665222168 -16.389999389648438
      vertex 1.7330007553100586 -9.670222282409668 -20.350000381469727
      vertex 1.7330007553100586 -9.670222282409668 -16.389999389648438
    endloop
  endfacet
  facet normal 0.19508841931665097 -0.9807856588717693 0
    outer loop
      vertex -0.565363883972168 -8.890031814575195 -20.350000381469727
      vertex -0.28512096405029297 -8.834288597106934 -16.389999389648438
      vertex -0.565363883972168 -8.890031814575195 -16.389999389648438
    endloop
  endfacet
  facet normal 0.19508841931665097 -0.9807856588717693 0
    outer loop
      vertex -0.28512096405029297 -8.834288597106934 -16.389999389648438
      vertex -0.565363883972168 -8.890031814575195 -20.350000381469727
      vertex -0.28512096405029297 -8.834288597106934 -20.350000381469727
    endloop
  endfacet
  facet normal -0.9807856588717693 -0.19508841931665097 0
    outer loop
      vertex 2.1657114028930664 -10.714879035949707 -20.350000381469727
      vertex 2.1099681854248047 -10.434636116027832 -16.389999389648438
      vertex 2.1099681854248047 -10.434636116027832 -20.350000381469727
    endloop
  endfacet
  facet normal -0.9807856588717693 -0.19508841931665097 0
    outer loop
      vertex 2.1099681854248047 -10.434636116027832 -16.389999389648438
      vertex 2.1657114028930664 -10.714879035949707 -20.350000381469727
      vertex 2.1657114028930664 -10.714879035949707 -16.389999389648438
    endloop
  endfacet
  facet normal 0.9469297090543757 0.32144070387895096 0
    outer loop
      vertex -2.0181217193603516 -11.835933685302734 -16.389999389648438
      vertex -2.1099681854248047 -11.565363883972168 -20.350000381469727
      vertex -2.1099681854248047 -11.565363883972168 -16.389999389648438
    endloop
  endfacet
  facet normal 0.9469297090543757 0.32144070387895096 0
    outer loop
      vertex -2.1099681854248047 -11.565363883972168 -20.350000381469727
      vertex -2.0181217193603516 -11.835933685302734 -16.389999389648438
      vertex -2.0181217193603516 -11.835933685302734 -20.350000381469727
    endloop
  endfacet
  facet normal 0.06540447645225649 -0.9978588349360876 0
    outer loop
      vertex -0.28512096405029297 -8.834288597106934 -20.350000381469727
      vertex 0 -8.815600395202637 -16.389999389648438
      vertex -0.28512096405029297 -8.834288597106934 -16.389999389648438
    endloop
  endfacet
  facet normal 0.06540447645225649 -0.9978588349360876 0
    outer loop
      vertex 0 -8.815600395202637 -16.389999389648438
      vertex -0.28512096405029297 -8.834288597106934 -20.350000381469727
      vertex 0 -8.815600395202637 -20.350000381469727
    endloop
  endfacet
  facet normal 0.8314696032057105 0.5555702466339771 0
    outer loop
      vertex -1.7330007553100586 -12.329777717590332 -16.389999389648438
      vertex -1.8917455673217773 -12.092199325561523 -20.350000381469727
      vertex -1.8917455673217773 -12.092199325561523 -16.389999389648438
    endloop
  endfacet
  facet normal 0.8314696032057105 0.5555702466339771 0
    outer loop
      vertex -1.8917455673217773 -12.092199325561523 -20.350000381469727
      vertex -1.7330007553100586 -12.329777717590332 -16.389999389648438
      vertex -1.7330007553100586 -12.329777717590332 -20.350000381469727
    endloop
  endfacet
  facet normal -0.9807856588717693 0.19508841931665097 0
    outer loop
      vertex 2.1099681854248047 -11.565363883972168 -20.350000381469727
      vertex 2.1657114028930664 -11.285120964050293 -16.389999389648438
      vertex 2.1657114028930664 -11.285120964050293 -20.350000381469727
    endloop
  endfacet
  facet normal -0.9807856588717693 0.19508841931665097 0
    outer loop
      vertex 2.1657114028930664 -11.285120964050293 -16.389999389648438
      vertex 2.1099681854248047 -11.565363883972168 -20.350000381469727
      vertex 2.1099681854248047 -11.565363883972168 -16.389999389648438
    endloop
  endfacet
  facet normal -0.44228847541139593 -0.8968728474640444 0
    outer loop
      vertex 0.8359336853027344 -8.981878280639648 -20.350000381469727
      vertex 1.0921993255615234 -9.108254432678223 -16.389999389648438
      vertex 0.8359336853027344 -8.981878280639648 -16.389999389648438
    endloop
  endfacet
  facet normal -0.44228847541139593 -0.8968728474640444 0
    outer loop
      vertex 1.0921993255615234 -9.108254432678223 -16.389999389648438
      vertex 0.8359336853027344 -8.981878280639648 -20.350000381469727
      vertex 1.0921993255615234 -9.108254432678223 -20.350000381469727
    endloop
  endfacet
  facet normal -0.8968728474640444 0.44228847541139593 0
    outer loop
      vertex 1.8917455673217773 -12.092199325561523 -20.350000381469727
      vertex 2.0181217193603516 -11.835933685302734 -16.389999389648438
      vertex 2.0181217193603516 -11.835933685302734 -20.350000381469727
    endloop
  endfacet
  facet normal -0.8968728474640444 0.44228847541139593 0
    outer loop
      vertex 2.0181217193603516 -11.835933685302734 -16.389999389648438
      vertex 1.8917455673217773 -12.092199325561523 -20.350000381469727
      vertex 1.8917455673217773 -12.092199325561523 -16.389999389648438
    endloop
  endfacet
  facet normal -0.8968728474640444 -0.44228847541139593 0
    outer loop
      vertex 2.0181217193603516 -10.164066314697266 -20.350000381469727
      vertex 1.8917455673217773 -9.907800674438477 -16.389999389648438
      vertex 1.8917455673217773 -9.907800674438477 -20.350000381469727
    endloop
  endfacet
  facet normal -0.8968728474640444 -0.44228847541139593 0
    outer loop
      vertex 1.8917455673217773 -9.907800674438477 -16.389999389648438
      vertex 2.0181217193603516 -10.164066314697266 -20.350000381469727
      vertex 2.0181217193603516 -10.164066314697266 -16.389999389648438
    endloop
  endfacet
  facet normal 0.751839137439534 0.6593465791328393 0
    outer loop
      vertex -1.5446033477783203 -12.54460334777832 -16.389999389648438
      vertex -1.7330007553100586 -12.329777717590332 -20.350000381469727
      vertex -1.7330007553100586 -12.329777717590332 -16.389999389648438
    endloop
  endfacet
  facet normal 0.751839137439534 0.6593465791328393 0
    outer loop
      vertex -1.7330007553100586 -12.329777717590332 -20.350000381469727
      vertex -1.5446033477783203 -12.54460334777832 -16.389999389648438
      vertex -1.5446033477783203 -12.54460334777832 -20.350000381469727
    endloop
  endfacet
  facet normal 0.9978588349360876 -0.06540447645225649 0
    outer loop
      vertex -2.1843996047973633 -11 -16.389999389648438
      vertex -2.1657114028930664 -10.714879035949707 -20.350000381469727
      vertex -2.1657114028930664 -10.714879035949707 -16.389999389648438
    endloop
  endfacet
  facet normal 0.9978588349360876 -0.06540447645225649 0
    outer loop
      vertex -2.1657114028930664 -10.714879035949707 -20.350000381469727
      vertex -2.1843996047973633 -11 -16.389999389648438
      vertex -2.1843996047973633 -11 -20.350000381469727
    endloop
  endfacet
  facet normal -0.9469297090543757 0.32144070387895096 0
    outer loop
      vertex 2.0181217193603516 -11.835933685302734 -20.350000381469727
      vertex 2.1099681854248047 -11.565363883972168 -16.389999389648438
      vertex 2.1099681854248047 -11.565363883972168 -20.350000381469727
    endloop
  endfacet
  facet normal -0.9469297090543757 0.32144070387895096 0
    outer loop
      vertex 2.1099681854248047 -11.565363883972168 -16.389999389648438
      vertex 2.0181217193603516 -11.835933685302734 -20.350000381469727
      vertex 2.0181217193603516 -11.835933685302734 -16.389999389648438
    endloop
  endfacet
  facet normal -0.6593465791328393 0.751839137439534 0
    outer loop
      vertex 1.5446033477783203 -12.54460334777832 -20.350000381469727
      vertex 1.329777717590332 -12.733000755310059 -16.389999389648438
      vertex 1.5446033477783203 -12.54460334777832 -16.389999389648438
    endloop
  endfacet
  facet normal -0.6593465791328393 0.751839137439534 0
    outer loop
      vertex 1.329777717590332 -12.733000755310059 -16.389999389648438
      vertex 1.5446033477783203 -12.54460334777832 -20.350000381469727
      vertex 1.329777717590332 -12.733000755310059 -20.350000381469727
    endloop
  endfacet
  facet normal 0.8314696032057105 -0.5555702466339771 0
    outer loop
      vertex -1.8917455673217773 -9.907800674438477 -16.389999389648438
      vertex -1.7330007553100586 -9.670222282409668 -20.350000381469727
      vertex -1.7330007553100586 -9.670222282409668 -16.389999389648438
    endloop
  endfacet
  facet normal 0.8314696032057105 -0.5555702466339771 0
    outer loop
      vertex -1.7330007553100586 -9.670222282409668 -20.350000381469727
      vertex -1.8917455673217773 -9.907800674438477 -16.389999389648438
      vertex -1.8917455673217773 -9.907800674438477 -20.350000381469727
    endloop
  endfacet
  facet normal 0.44228847541139593 -0.8968728474640444 0
    outer loop
      vertex -1.0921993255615234 -9.108254432678223 -20.350000381469727
      vertex -0.8359336853027344 -8.981878280639648 -16.389999389648438
      vertex -1.0921993255615234 -9.108254432678223 -16.389999389648438
    endloop
  endfacet
  facet normal 0.44228847541139593 -0.8968728474640444 0
    outer loop
      vertex -0.8359336853027344 -8.981878280639648 -16.389999389648438
      vertex -1.0921993255615234 -9.108254432678223 -20.350000381469727
      vertex -0.8359336853027344 -8.981878280639648 -20.350000381469727
    endloop
  endfacet
  facet normal -0.8314696032057105 -0.5555702466339771 0
    outer loop
      vertex 1.8917455673217773 -9.907800674438477 -20.350000381469727
      vertex 1.7330007553100586 -9.670222282409668 -16.389999389648438
      vertex 1.7330007553100586 -9.670222282409668 -20.350000381469727
    endloop
  endfacet
  facet normal -0.8314696032057105 -0.5555702466339771 0
    outer loop
      vertex 1.7330007553100586 -9.670222282409668 -16.389999389648438
      vertex 1.8917455673217773 -9.907800674438477 -20.350000381469727
      vertex 1.8917455673217773 -9.907800674438477 -16.389999389648438
    endloop
  endfacet
  facet normal 0.5555702466339771 0.8314696032057105 0
    outer loop
      vertex -1.0921993255615234 -12.891745567321777 -20.350000381469727
      vertex -1.329777717590332 -12.733000755310059 -16.389999389648438
      vertex -1.0921993255615234 -12.891745567321777 -16.389999389648438
    endloop
  endfacet
  facet normal 0.5555702466339771 0.8314696032057105 0
    outer loop
      vertex -1.329777717590332 -12.733000755310059 -16.389999389648438
      vertex -1.0921993255615234 -12.891745567321777 -20.350000381469727
      vertex -1.329777717590332 -12.733000755310059 -20.350000381469727
    endloop
  endfacet
  facet normal 0.751839137439534 -0.6593465791328393 0
    outer loop
      vertex -1.7330007553100586 -9.670222282409668 -16.389999389648438
      vertex -1.5446033477783203 -9.45539665222168 -20.350000381469727
      vertex -1.5446033477783203 -9.45539665222168 -16.389999389648438
    endloop
  endfacet
  facet normal 0.751839137439534 -0.6593465791328393 0
    outer loop
      vertex -1.5446033477783203 -9.45539665222168 -20.350000381469727
      vertex -1.7330007553100586 -9.670222282409668 -16.389999389648438
      vertex -1.7330007553100586 -9.670222282409668 -20.350000381469727
    endloop
  endfacet
  facet normal -0.5555702466339771 0.8314696032057105 0
    outer loop
      vertex 1.329777717590332 -12.733000755310059 -20.350000381469727
      vertex 1.0921993255615234 -12.891745567321777 -16.389999389648438
      vertex 1.329777717590332 -12.733000755310059 -16.389999389648438
    endloop
  endfacet
  facet normal -0.5555702466339771 0.8314696032057105 0
    outer loop
      vertex 1.0921993255615234 -12.891745567321777 -16.389999389648438
      vertex 1.329777717590332 -12.733000755310059 -20.350000381469727
      vertex 1.0921993255615234 -12.891745567321777 -20.350000381469727
    endloop
  endfacet
  facet normal -0.9469297090543757 -0.32144070387895096 0
    outer loop
      vertex 2.1099681854248047 -10.434636116027832 -20.350000381469727
      vertex 2.0181217193603516 -10.164066314697266 -16.389999389648438
      vertex 2.0181217193603516 -10.164066314697266 -20.350000381469727
    endloop
  endfacet
  facet normal -0.9469297090543757 -0.32144070387895096 0
    outer loop
      vertex 2.0181217193603516 -10.164066314697266 -16.389999389648438
      vertex 2.1099681854248047 -10.434636116027832 -20.350000381469727
      vertex 2.1099681854248047 -10.434636116027832 -16.389999389648438
    endloop
  endfacet
  facet normal -0.751839137439534 0.6593465791328393 0
    outer loop
      vertex 1.5446033477783203 -12.54460334777832 -20.350000381469727
      vertex 1.7330007553100586 -12.329777717590332 -16.389999389648438
      vertex 1.7330007553100586 -12.329777717590332 -20.350000381469727
    endloop
  endfacet
  facet normal -0.751839137439534 0.6593465791328393 0
    outer loop
      vertex 1.7330007553100586 -12.329777717590332 -16.389999389648438
      vertex 1.5446033477783203 -12.54460334777832 -20.350000381469727
      vertex 1.5446033477783203 -12.54460334777832 -16.389999389648438
    endloop
  endfacet
  facet normal 0.32144070387895096 -0.9469297090543757 0
    outer loop
      vertex -0.8359336853027344 -8.981878280639648 -20.350000381469727
      vertex -0.565363883972168 -8.890031814575195 -16.389999389648438
      vertex -0.8359336853027344 -8.981878280639648 -16.389999389648438
    endloop
  endfacet
  facet normal 0.32144070387895096 -0.9469297090543757 0
    outer loop
      vertex -0.565363883972168 -8.890031814575195 -16.389999389648438
      vertex -0.8359336853027344 -8.981878280639648 -20.350000381469727
      vertex -0.565363883972168 -8.890031814575195 -20.350000381469727
    endloop
  endfacet
  facet normal -0.19508841931665097 0.9807856588717693 0
    outer loop
      vertex 0.565363883972168 -13.109968185424805 -20.350000381469727
      vertex 0.28512096405029297 -13.165711402893066 -16.389999389648438
      vertex 0.565363883972168 -13.109968185424805 -16.389999389648438
    endloop
  endfacet
  facet normal -0.19508841931665097 0.9807856588717693 0
    outer loop
      vertex 0.28512096405029297 -13.165711402893066 -16.389999389648438
      vertex 0.565363883972168 -13.109968185424805 -20.350000381469727
      vertex 0.28512096405029297 -13.165711402893066 -20.350000381469727
    endloop
  endfacet
  facet normal 0.8968728474640444 -0.44228847541139593 0
    outer loop
      vertex -2.0181217193603516 -10.164066314697266 -16.389999389648438
      vertex -1.8917455673217773 -9.907800674438477 -20.350000381469727
      vertex -1.8917455673217773 -9.907800674438477 -16.389999389648438
    endloop
  endfacet
  facet normal 0.8968728474640444 -0.44228847541139593 0
    outer loop
      vertex -1.8917455673217773 -9.907800674438477 -20.350000381469727
      vertex -2.0181217193603516 -10.164066314697266 -16.389999389648438
      vertex -2.0181217193603516 -10.164066314697266 -20.350000381469727
    endloop
  endfacet
  facet normal -0.44228847541139593 0.8968728474640444 0
    outer loop
      vertex 1.0921993255615234 -12.891745567321777 -20.350000381469727
      vertex 0.8359336853027344 -13.018121719360352 -16.389999389648438
      vertex 1.0921993255615234 -12.891745567321777 -16.389999389648438
    endloop
  endfacet
  facet normal -0.44228847541139593 0.8968728474640444 0
    outer loop
      vertex 0.8359336853027344 -13.018121719360352 -16.389999389648438
      vertex 1.0921993255615234 -12.891745567321777 -20.350000381469727
      vertex 0.8359336853027344 -13.018121719360352 -20.350000381469727
    endloop
  endfacet
  facet normal -0.8314696032057105 0.5555702466339771 0
    outer loop
      vertex 1.7330007553100586 -12.329777717590332 -20.350000381469727
      vertex 1.8917455673217773 -12.092199325561523 -16.389999389648438
      vertex 1.8917455673217773 -12.092199325561523 -20.350000381469727
    endloop
  endfacet
  facet normal -0.8314696032057105 0.5555702466339771 0
    outer loop
      vertex 1.8917455673217773 -12.092199325561523 -16.389999389648438
      vertex 1.7330007553100586 -12.329777717590332 -20.350000381469727
      vertex 1.7330007553100586 -12.329777717590332 -16.389999389648438
    endloop
  endfacet
  facet normal -0.06540447645225649 0.9978588349360876 0
    outer loop
      vertex 0.28512096405029297 -13.165711402893066 -20.350000381469727
      vertex 0 -13.184399604797363 -16.389999389648438
      vertex 0.28512096405029297 -13.165711402893066 -16.389999389648438
    endloop
  endfacet
  facet normal -0.06540447645225649 0.9978588349360876 0
    outer loop
      vertex 0 -13.184399604797363 -16.389999389648438
      vertex 0.28512096405029297 -13.165711402893066 -20.350000381469727
      vertex 0 -13.184399604797363 -20.350000381469727
    endloop
  endfacet
  facet normal -0.32144070387895096 -0.9469297090543757 0
    outer loop
      vertex 0.565363883972168 -8.890031814575195 -20.350000381469727
      vertex 0.8359336853027344 -8.981878280639648 -16.389999389648438
      vertex 0.565363883972168 -8.890031814575195 -16.389999389648438
    endloop
  endfacet
  facet normal -0.32144070387895096 -0.9469297090543757 0
    outer loop
      vertex 0.8359336853027344 -8.981878280639648 -16.389999389648438
      vertex 0.565363883972168 -8.890031814575195 -20.350000381469727
      vertex 0.8359336853027344 -8.981878280639648 -20.350000381469727
    endloop
  endfacet
  facet normal -0.32144070387895096 0.9469297090543757 0
    outer loop
      vertex 0.8359336853027344 -13.018121719360352 -20.350000381469727
      vertex 0.565363883972168 -13.109968185424805 -16.389999389648438
      vertex 0.8359336853027344 -13.018121719360352 -16.389999389648438
    endloop
  endfacet
  facet normal -0.32144070387895096 0.9469297090543757 0
    outer loop
      vertex 0.565363883972168 -13.109968185424805 -16.389999389648438
      vertex 0.8359336853027344 -13.018121719360352 -20.350000381469727
      vertex 0.565363883972168 -13.109968185424805 -20.350000381469727
    endloop
  endfacet
  facet normal 0.9469297090543757 -0.32144070387895096 0
    outer loop
      vertex -2.1099681854248047 -10.434636116027832 -16.389999389648438
      vertex -2.0181217193603516 -10.164066314697266 -20.350000381469727
      vertex -2.0181217193603516 -10.164066314697266 -16.389999389648438
    endloop
  endfacet
  facet normal 0.9469297090543757 -0.32144070387895096 0
    outer loop
      vertex -2.0181217193603516 -10.164066314697266 -20.350000381469727
      vertex -2.1099681854248047 -10.434636116027832 -16.389999389648438
      vertex -2.1099681854248047 -10.434636116027832 -20.350000381469727
    endloop
  endfacet
  facet normal 0.5555702466339771 -0.8314696032057105 0
    outer loop
      vertex -1.329777717590332 -9.266999244689941 -20.350000381469727
      vertex -1.0921993255615234 -9.108254432678223 -16.389999389648438
      vertex -1.329777717590332 -9.266999244689941 -16.389999389648438
    endloop
  endfacet
  facet normal 0.5555702466339771 -0.8314696032057105 0
    outer loop
      vertex -1.0921993255615234 -9.108254432678223 -16.389999389648438
      vertex -1.329777717590332 -9.266999244689941 -20.350000381469727
      vertex -1.0921993255615234 -9.108254432678223 -20.350000381469727
    endloop
  endfacet
  facet normal 0.8968728474640444 0.44228847541139593 0
    outer loop
      vertex -1.8917455673217773 -12.092199325561523 -16.389999389648438
      vertex -2.0181217193603516 -11.835933685302734 -20.350000381469727
      vertex -2.0181217193603516 -11.835933685302734 -16.389999389648438
    endloop
  endfacet
  facet normal 0.8968728474640444 0.44228847541139593 0
    outer loop
      vertex -2.0181217193603516 -11.835933685302734 -20.350000381469727
      vertex -1.8917455673217773 -12.092199325561523 -16.389999389648438
      vertex -1.8917455673217773 -12.092199325561523 -20.350000381469727
    endloop
  endfacet
  facet normal 0.44228847541139593 0.8968728474640444 0
    outer loop
      vertex -0.8359336853027344 -13.018121719360352 -20.350000381469727
      vertex -1.0921993255615234 -12.891745567321777 -16.389999389648438
      vertex -0.8359336853027344 -13.018121719360352 -16.389999389648438
    endloop
  endfacet
  facet normal 0.44228847541139593 0.8968728474640444 0
    outer loop
      vertex -1.0921993255615234 -12.891745567321777 -16.389999389648438
      vertex -0.8359336853027344 -13.018121719360352 -20.350000381469727
      vertex -1.0921993255615234 -12.891745567321777 -20.350000381469727
    endloop
  endfacet
  facet normal 0.6593465791328393 -0.751839137439534 0
    outer loop
      vertex -1.5446033477783203 -9.45539665222168 -20.350000381469727
      vertex -1.329777717590332 -9.266999244689941 -16.389999389648438
      vertex -1.5446033477783203 -9.45539665222168 -16.389999389648438
    endloop
  endfacet
  facet normal 0.6593465791328393 -0.751839137439534 0
    outer loop
      vertex -1.329777717590332 -9.266999244689941 -16.389999389648438
      vertex -1.5446033477783203 -9.45539665222168 -20.350000381469727
      vertex -1.329777717590332 -9.266999244689941 -20.350000381469727
    endloop
  endfacet
  facet normal 0.6593465791328393 0.751839137439534 0
    outer loop
      vertex -1.329777717590332 -12.733000755310059 -20.350000381469727
      vertex -1.5446033477783203 -12.54460334777832 -16.389999389648438
      vertex -1.329777717590332 -12.733000755310059 -16.389999389648438
    endloop
  endfacet
  facet normal 0.6593465791328393 0.751839137439534 0
    outer loop
      vertex -1.5446033477783203 -12.54460334777832 -16.389999389648438
      vertex -1.329777717590332 -12.733000755310059 -20.350000381469727
      vertex -1.5446033477783203 -12.54460334777832 -20.350000381469727
    endloop
  endfacet
  facet normal 0.19508841931665097 0.9807856588717693 0
    outer loop
      vertex -0.28512096405029297 -13.165711402893066 -20.350000381469727
      vertex -0.565363883972168 -13.109968185424805 -16.389999389648438
      vertex -0.28512096405029297 -13.165711402893066 -16.389999389648438
    endloop
  endfacet
  facet normal 0.19508841931665097 0.9807856588717693 0
    outer loop
      vertex -0.565363883972168 -13.109968185424805 -16.389999389648438
      vertex -0.28512096405029297 -13.165711402893066 -20.350000381469727
      vertex -0.565363883972168 -13.109968185424805 -20.350000381469727
    endloop
  endfacet
  facet normal 0.32144070387895096 0.9469297090543757 0
    outer loop
      vertex -0.565363883972168 -13.109968185424805 -20.350000381469727
      vertex -0.8359336853027344 -13.018121719360352 -16.389999389648438
      vertex -0.565363883972168 -13.109968185424805 -16.389999389648438
    endloop
  endfacet
  facet normal 0.32144070387895096 0.9469297090543757 0
    outer loop
      vertex -0.8359336853027344 -13.018121719360352 -16.389999389648438
      vertex -0.565363883972168 -13.109968185424805 -20.350000381469727
      vertex -0.8359336853027344 -13.018121719360352 -20.350000381469727
    endloop
  endfacet
  facet normal 0.9807856588717693 0.19508841931665097 0
    outer loop
      vertex -2.1099681854248047 -11.565363883972168 -16.389999389648438
      vertex -2.1657114028930664 -11.285120964050293 -20.350000381469727
      vertex -2.1657114028930664 -11.285120964050293 -16.389999389648438
    endloop
  endfacet
  facet normal 0.9807856588717693 0.19508841931665097 0
    outer loop
      vertex -2.1657114028930664 -11.285120964050293 -20.350000381469727
      vertex -2.1099681854248047 -11.565363883972168 -16.389999389648438
      vertex -2.1099681854248047 -11.565363883972168 -20.350000381469727
    endloop
  endfacet
  facet normal 0.9978588349360876 0.06540447645225649 0
    outer loop
      vertex -2.1657114028930664 -11.285120964050293 -16.389999389648438
      vertex -2.1843996047973633 -11 -20.350000381469727
      vertex -2.1843996047973633 -11 -16.389999389648438
    endloop
  endfacet
  facet normal 0.9978588349360876 0.06540447645225649 0
    outer loop
      vertex -2.1843996047973633 -11 -20.350000381469727
      vertex -2.1657114028930664 -11.285120964050293 -16.389999389648438
      vertex -2.1657114028930664 -11.285120964050293 -20.350000381469727
    endloop
  endfacet
  facet normal -0.7518400530488212 0.6593455350812242 0
    outer loop
      vertex 2.4748735427856445 -13.474873542785645 -16.389999389648438
      vertex 2.776736259460449 -13.130664825439453 -14.000000953674316
      vertex 2.776736259460449 -13.130664825439453 -16.389999389648438
    endloop
  endfacet
  facet normal -0.7518400530488212 0.6593455350812242 0
    outer loop
      vertex 2.776736259460449 -13.130664825439453 -14.000000953674316
      vertex 2.4748735427856445 -13.474873542785645 -16.389999389648438
      vertex 2.4748735427856445 -13.474873542785645 -14.000000953674316
    endloop
  endfacet
  facet normal -0.9807854009010494 -0.19508971623170604 0
    outer loop
      vertex 3.4700565338134766 -10.543158531188965 -16.389999389648438
      vertex 3.380740165710449 -10.094133377075195 -14.000000953674316
      vertex 3.380740165710449 -10.094133377075195 -16.389999389648438
    endloop
  endfacet
  facet normal -0.9807854009010494 -0.19508971623170604 0
    outer loop
      vertex 3.380740165710449 -10.094133377075195 -14.000000953674316
      vertex 3.4700565338134766 -10.543158531188965 -16.389999389648438
      vertex 3.4700565338134766 -10.543158531188965 -14.000000953674316
    endloop
  endfacet
  facet normal -0.9978588527659149 -0.0654042044267184 0
    outer loop
      vertex 3.5 -11 -16.389999389648438
      vertex 3.4700565338134766 -10.543158531188965 -14.000000953674316
      vertex 3.4700565338134766 -10.543158531188965 -16.389999389648438
    endloop
  endfacet
  facet normal -0.9978588527659149 -0.0654042044267184 0
    outer loop
      vertex 3.4700565338134766 -10.543158531188965 -14.000000953674316
      vertex 3.5 -11 -16.389999389648438
      vertex 3.5 -11 -14.000000953674316
    endloop
  endfacet
  facet normal -0.19508971623170604 0.9807854009010494 0
    outer loop
      vertex 0.9058666229248047 -14.38074016571045 -16.389999389648438
      vertex 0.45684146881103516 -14.470056533813477 -14.000000953674316
      vertex 0.9058666229248047 -14.38074016571045 -14.000000953674316
    endloop
  endfacet
  facet normal -0.19508971623170604 0.9807854009010494 0
    outer loop
      vertex 0.45684146881103516 -14.470056533813477 -14.000000953674316
      vertex 0.9058666229248047 -14.38074016571045 -16.389999389648438
      vertex 0.45684146881103516 -14.470056533813477 -16.389999389648438
    endloop
  endfacet
  facet normal -0.6593455350812242 0.7518400530488212 0
    outer loop
      vertex 2.4748735427856445 -13.474873542785645 -16.389999389648438
      vertex 2.130664825439453 -13.77673625946045 -14.000000953674316
      vertex 2.4748735427856445 -13.474873542785645 -14.000000953674316
    endloop
  endfacet
  facet normal -0.6593455350812242 0.7518400530488212 0
    outer loop
      vertex 2.130664825439453 -13.77673625946045 -14.000000953674316
      vertex 2.4748735427856445 -13.474873542785645 -16.389999389648438
      vertex 2.130664825439453 -13.77673625946045 -16.389999389648438
    endloop
  endfacet
  facet normal -0.9978588527659149 0.0654042044267184 0
    outer loop
      vertex 3.4700565338134766 -11.456841468811035 -16.389999389648438
      vertex 3.5 -11 -14.000000953674316
      vertex 3.5 -11 -16.389999389648438
    endloop
  endfacet
  facet normal -0.9978588527659149 0.0654042044267184 0
    outer loop
      vertex 3.5 -11 -14.000000953674316
      vertex 3.4700565338134766 -11.456841468811035 -16.389999389648438
      vertex 3.4700565338134766 -11.456841468811035 -14.000000953674316
    endloop
  endfacet
  facet normal -0.5555709352218308 -0.8314691431055877 0
    outer loop
      vertex 1.75 -7.968911170959473 -16.389999389648438
      vertex 2.130664825439453 -8.22326374053955 -14.000000953674316
      vertex 1.75 -7.968911170959473 -14.000000953674316
    endloop
  endfacet
  facet normal -0.5555709352218308 -0.8314691431055877 0
    outer loop
      vertex 2.130664825439453 -8.22326374053955 -14.000000953674316
      vertex 1.75 -7.968911170959473 -16.389999389648438
      vertex 2.130664825439453 -8.22326374053955 -16.389999389648438
    endloop
  endfacet
  facet normal 0.7518400530488212 0.6593455350812242 0
    outer loop
      vertex -2.4748735427856445 -13.474873542785645 -14.000000953674316
      vertex -2.776736259460449 -13.130664825439453 -16.389999389648438
      vertex -2.776736259460449 -13.130664825439453 -14.000000953674316
    endloop
  endfacet
  facet normal 0.7518400530488212 0.6593455350812242 0
    outer loop
      vertex -2.776736259460449 -13.130664825439453 -16.389999389648438
      vertex -2.4748735427856445 -13.474873542785645 -14.000000953674316
      vertex -2.4748735427856445 -13.474873542785645 -16.389999389648438
    endloop
  endfacet
  facet normal -0.44228745739478836 0.8968733494932566 0
    outer loop
      vertex 1.75 -14.031088829040527 -16.389999389648438
      vertex 1.3393917083740234 -14.233577728271484 -14.000000953674316
      vertex 1.75 -14.031088829040527 -14.000000953674316
    endloop
  endfacet
  facet normal -0.44228745739478836 0.8968733494932566 0
    outer loop
      vertex 1.3393917083740234 -14.233577728271484 -14.000000953674316
      vertex 1.75 -14.031088829040527 -16.389999389648438
      vertex 1.3393917083740234 -14.233577728271484 -16.389999389648438
    endloop
  endfacet
  facet normal -0.44228745739478836 -0.8968733494932566 0
    outer loop
      vertex 1.3393917083740234 -7.766422271728516 -16.389999389648438
      vertex 1.75 -7.968911170959473 -14.000000953674316
      vertex 1.3393917083740234 -7.766422271728516 -14.000000953674316
    endloop
  endfacet
  facet normal -0.44228745739478836 -0.8968733494932566 0
    outer loop
      vertex 1.75 -7.968911170959473 -14.000000953674316
      vertex 1.3393917083740234 -7.766422271728516 -16.389999389648438
      vertex 1.75 -7.968911170959473 -16.389999389648438
    endloop
  endfacet
  facet normal -0.3214404462713611 -0.9469297965007057 0
    outer loop
      vertex 0.9058666229248047 -7.619259834289551 -16.389999389648438
      vertex 1.3393917083740234 -7.766422271728516 -14.000000953674316
      vertex 0.9058666229248047 -7.619259834289551 -14.000000953674316
    endloop
  endfacet
  facet normal -0.3214404462713611 -0.9469297965007057 0
    outer loop
      vertex 1.3393917083740234 -7.766422271728516 -14.000000953674316
      vertex 0.9058666229248047 -7.619259834289551 -16.389999389648438
      vertex 1.3393917083740234 -7.766422271728516 -16.389999389648438
    endloop
  endfacet
  facet normal -0.5555709352218308 0.8314691431055877 0
    outer loop
      vertex 2.130664825439453 -13.77673625946045 -16.389999389648438
      vertex 1.75 -14.031088829040527 -14.000000953674316
      vertex 2.130664825439453 -13.77673625946045 -14.000000953674316
    endloop
  endfacet
  facet normal -0.5555709352218308 0.8314691431055877 0
    outer loop
      vertex 1.75 -14.031088829040527 -14.000000953674316
      vertex 2.130664825439453 -13.77673625946045 -16.389999389648438
      vertex 1.75 -14.031088829040527 -16.389999389648438
    endloop
  endfacet
  facet normal -0.9469297965007057 -0.3214404462713611 0
    outer loop
      vertex 3.380740165710449 -10.094133377075195 -16.389999389648438
      vertex 3.2335777282714844 -9.660608291625977 -14.000000953674316
      vertex 3.2335777282714844 -9.660608291625977 -16.389999389648438
    endloop
  endfacet
  facet normal -0.9469297965007057 -0.3214404462713611 0
    outer loop
      vertex 3.2335777282714844 -9.660608291625977 -14.000000953674316
      vertex 3.380740165710449 -10.094133377075195 -16.389999389648438
      vertex 3.380740165710449 -10.094133377075195 -14.000000953674316
    endloop
  endfacet
  facet normal -0.9807854009010494 0.19508971623170604 0
    outer loop
      vertex 3.380740165710449 -11.905866622924805 -16.389999389648438
      vertex 3.4700565338134766 -11.456841468811035 -14.000000953674316
      vertex 3.4700565338134766 -11.456841468811035 -16.389999389648438
    endloop
  endfacet
  facet normal -0.9807854009010494 0.19508971623170604 0
    outer loop
      vertex 3.4700565338134766 -11.456841468811035 -14.000000953674316
      vertex 3.380740165710449 -11.905866622924805 -16.389999389648438
      vertex 3.380740165710449 -11.905866622924805 -14.000000953674316
    endloop
  endfacet
  facet normal 0.8314691431055877 0.5555709352218308 0
    outer loop
      vertex -2.776736259460449 -13.130664825439453 -14.000000953674316
      vertex -3.0310888290405273 -12.75 -16.389999389648438
      vertex -3.0310888290405273 -12.75 -14.000000953674316
    endloop
  endfacet
  facet normal 0.8314691431055877 0.5555709352218308 0
    outer loop
      vertex -3.0310888290405273 -12.75 -16.389999389648438
      vertex -2.776736259460449 -13.130664825439453 -14.000000953674316
      vertex -2.776736259460449 -13.130664825439453 -16.389999389648438
    endloop
  endfacet
  facet normal -0.0654042044267184 -0.9978588527659149 0
    outer loop
      vertex 0 -7.5 -16.389999389648438
      vertex 0.45684146881103516 -7.529943466186523 -14.000000953674316
      vertex 0 -7.5 -14.000000953674316
    endloop
  endfacet
  facet normal -0.0654042044267184 -0.9978588527659149 0
    outer loop
      vertex 0.45684146881103516 -7.529943466186523 -14.000000953674316
      vertex 0 -7.5 -16.389999389648438
      vertex 0.45684146881103516 -7.529943466186523 -16.389999389648438
    endloop
  endfacet
  facet normal 0.9807854009010494 0.19508971623170604 0
    outer loop
      vertex -3.380740165710449 -11.905866622924805 -14.000000953674316
      vertex -3.4700565338134766 -11.456841468811035 -16.389999389648438
      vertex -3.4700565338134766 -11.456841468811035 -14.000000953674316
    endloop
  endfacet
  facet normal 0.9807854009010494 0.19508971623170604 0
    outer loop
      vertex -3.4700565338134766 -11.456841468811035 -16.389999389648438
      vertex -3.380740165710449 -11.905866622924805 -14.000000953674316
      vertex -3.380740165710449 -11.905866622924805 -16.389999389648438
    endloop
  endfacet
  facet normal -0.3214404462713611 0.9469297965007057 0
    outer loop
      vertex 1.3393917083740234 -14.233577728271484 -16.389999389648438
      vertex 0.9058666229248047 -14.38074016571045 -14.000000953674316
      vertex 1.3393917083740234 -14.233577728271484 -14.000000953674316
    endloop
  endfacet
  facet normal -0.3214404462713611 0.9469297965007057 0
    outer loop
      vertex 0.9058666229248047 -14.38074016571045 -14.000000953674316
      vertex 1.3393917083740234 -14.233577728271484 -16.389999389648438
      vertex 0.9058666229248047 -14.38074016571045 -16.389999389648438
    endloop
  endfacet
  facet normal -0.8968733494932566 -0.44228745739478836 0
    outer loop
      vertex 3.2335777282714844 -9.660608291625977 -16.389999389648438
      vertex 3.0310888290405273 -9.25 -14.000000953674316
      vertex 3.0310888290405273 -9.25 -16.389999389648438
    endloop
  endfacet
  facet normal -0.8968733494932566 -0.44228745739478836 0
    outer loop
      vertex 3.0310888290405273 -9.25 -14.000000953674316
      vertex 3.2335777282714844 -9.660608291625977 -16.389999389648438
      vertex 3.2335777282714844 -9.660608291625977 -14.000000953674316
    endloop
  endfacet
  facet normal -0.8314691431055877 -0.5555709352218308 0
    outer loop
      vertex 3.0310888290405273 -9.25 -16.389999389648438
      vertex 2.776736259460449 -8.869335174560547 -14.000000953674316
      vertex 2.776736259460449 -8.869335174560547 -16.389999389648438
    endloop
  endfacet
  facet normal -0.8314691431055877 -0.5555709352218308 0
    outer loop
      vertex 2.776736259460449 -8.869335174560547 -14.000000953674316
      vertex 3.0310888290405273 -9.25 -16.389999389648438
      vertex 3.0310888290405273 -9.25 -14.000000953674316
    endloop
  endfacet
  facet normal 0.3214404462713611 0.9469297965007057 0
    outer loop
      vertex -0.9058666229248047 -14.38074016571045 -16.389999389648438
      vertex -1.3393917083740234 -14.233577728271484 -14.000000953674316
      vertex -0.9058666229248047 -14.38074016571045 -14.000000953674316
    endloop
  endfacet
  facet normal 0.3214404462713611 0.9469297965007057 0
    outer loop
      vertex -1.3393917083740234 -14.233577728271484 -14.000000953674316
      vertex -0.9058666229248047 -14.38074016571045 -16.389999389648438
      vertex -1.3393917083740234 -14.233577728271484 -16.389999389648438
    endloop
  endfacet
  facet normal 0.44228745739478836 -0.8968733494932566 0
    outer loop
      vertex -1.75 -7.968911170959473 -16.389999389648438
      vertex -1.3393917083740234 -7.766422271728516 -14.000000953674316
      vertex -1.75 -7.968911170959473 -14.000000953674316
    endloop
  endfacet
  facet normal 0.44228745739478836 -0.8968733494932566 0
    outer loop
      vertex -1.3393917083740234 -7.766422271728516 -14.000000953674316
      vertex -1.75 -7.968911170959473 -16.389999389648438
      vertex -1.3393917083740234 -7.766422271728516 -16.389999389648438
    endloop
  endfacet
  facet normal -0.9469297965007057 0.3214404462713611 0
    outer loop
      vertex 3.2335777282714844 -12.339391708374023 -16.389999389648438
      vertex 3.380740165710449 -11.905866622924805 -14.000000953674316
      vertex 3.380740165710449 -11.905866622924805 -16.389999389648438
    endloop
  endfacet
  facet normal -0.9469297965007057 0.3214404462713611 0
    outer loop
      vertex 3.380740165710449 -11.905866622924805 -14.000000953674316
      vertex 3.2335777282714844 -12.339391708374023 -16.389999389648438
      vertex 3.2335777282714844 -12.339391708374023 -14.000000953674316
    endloop
  endfacet
  facet normal 0.5555709352218308 0.8314691431055877 0
    outer loop
      vertex -1.75 -14.031088829040527 -16.389999389648438
      vertex -2.130664825439453 -13.77673625946045 -14.000000953674316
      vertex -1.75 -14.031088829040527 -14.000000953674316
    endloop
  endfacet
  facet normal 0.5555709352218308 0.8314691431055877 0
    outer loop
      vertex -2.130664825439453 -13.77673625946045 -14.000000953674316
      vertex -1.75 -14.031088829040527 -16.389999389648438
      vertex -2.130664825439453 -13.77673625946045 -16.389999389648438
    endloop
  endfacet
  facet normal 0.0654042044267184 -0.9978588527659149 0
    outer loop
      vertex -0.45684146881103516 -7.529943466186523 -16.389999389648438
      vertex 0 -7.5 -14.000000953674316
      vertex -0.45684146881103516 -7.529943466186523 -14.000000953674316
    endloop
  endfacet
  facet normal 0.0654042044267184 -0.9978588527659149 0
    outer loop
      vertex 0 -7.5 -14.000000953674316
      vertex -0.45684146881103516 -7.529943466186523 -16.389999389648438
      vertex 0 -7.5 -16.389999389648438
    endloop
  endfacet
  facet normal 0.6593455350812242 -0.7518400530488212 0
    outer loop
      vertex -2.4748735427856445 -8.525126457214355 -16.389999389648438
      vertex -2.130664825439453 -8.22326374053955 -14.000000953674316
      vertex -2.4748735427856445 -8.525126457214355 -14.000000953674316
    endloop
  endfacet
  facet normal 0.6593455350812242 -0.7518400530488212 0
    outer loop
      vertex -2.130664825439453 -8.22326374053955 -14.000000953674316
      vertex -2.4748735427856445 -8.525126457214355 -16.389999389648438
      vertex -2.130664825439453 -8.22326374053955 -16.389999389648438
    endloop
  endfacet
  facet normal 0.9469297965007057 -0.3214404462713611 0
    outer loop
      vertex -3.380740165710449 -10.094133377075195 -14.000000953674316
      vertex -3.2335777282714844 -9.660608291625977 -16.389999389648438
      vertex -3.2335777282714844 -9.660608291625977 -14.000000953674316
    endloop
  endfacet
  facet normal 0.9469297965007057 -0.3214404462713611 0
    outer loop
      vertex -3.2335777282714844 -9.660608291625977 -16.389999389648438
      vertex -3.380740165710449 -10.094133377075195 -14.000000953674316
      vertex -3.380740165710449 -10.094133377075195 -16.389999389648438
    endloop
  endfacet
  facet normal 0.9469297965007057 0.3214404462713611 0
    outer loop
      vertex -3.2335777282714844 -12.339391708374023 -14.000000953674316
      vertex -3.380740165710449 -11.905866622924805 -16.389999389648438
      vertex -3.380740165710449 -11.905866622924805 -14.000000953674316
    endloop
  endfacet
  facet normal 0.9469297965007057 0.3214404462713611 0
    outer loop
      vertex -3.380740165710449 -11.905866622924805 -16.389999389648438
      vertex -3.2335777282714844 -12.339391708374023 -14.000000953674316
      vertex -3.2335777282714844 -12.339391708374023 -16.389999389648438
    endloop
  endfacet
  facet normal 0.5555709352218308 -0.8314691431055877 0
    outer loop
      vertex -2.130664825439453 -8.22326374053955 -16.389999389648438
      vertex -1.75 -7.968911170959473 -14.000000953674316
      vertex -2.130664825439453 -8.22326374053955 -14.000000953674316
    endloop
  endfacet
  facet normal 0.5555709352218308 -0.8314691431055877 0
    outer loop
      vertex -1.75 -7.968911170959473 -14.000000953674316
      vertex -2.130664825439453 -8.22326374053955 -16.389999389648438
      vertex -1.75 -7.968911170959473 -16.389999389648438
    endloop
  endfacet
  facet normal -0.7518400530488212 -0.6593455350812242 0
    outer loop
      vertex 2.776736259460449 -8.869335174560547 -16.389999389648438
      vertex 2.4748735427856445 -8.525126457214355 -14.000000953674316
      vertex 2.4748735427856445 -8.525126457214355 -16.389999389648438
    endloop
  endfacet
  facet normal -0.7518400530488212 -0.6593455350812242 0
    outer loop
      vertex 2.4748735427856445 -8.525126457214355 -14.000000953674316
      vertex 2.776736259460449 -8.869335174560547 -16.389999389648438
      vertex 2.776736259460449 -8.869335174560547 -14.000000953674316
    endloop
  endfacet
  facet normal -0.19508971623170604 -0.9807854009010494 0
    outer loop
      vertex 0.45684146881103516 -7.529943466186523 -16.389999389648438
      vertex 0.9058666229248047 -7.619259834289551 -14.000000953674316
      vertex 0.45684146881103516 -7.529943466186523 -14.000000953674316
    endloop
  endfacet
  facet normal -0.19508971623170604 -0.9807854009010494 0
    outer loop
      vertex 0.9058666229248047 -7.619259834289551 -14.000000953674316
      vertex 0.45684146881103516 -7.529943466186523 -16.389999389648438
      vertex 0.9058666229248047 -7.619259834289551 -16.389999389648438
    endloop
  endfacet
  facet normal 0.3214404462713611 -0.9469297965007057 0
    outer loop
      vertex -1.3393917083740234 -7.766422271728516 -16.389999389648438
      vertex -0.9058666229248047 -7.619259834289551 -14.000000953674316
      vertex -1.3393917083740234 -7.766422271728516 -14.000000953674316
    endloop
  endfacet
  facet normal 0.3214404462713611 -0.9469297965007057 0
    outer loop
      vertex -0.9058666229248047 -7.619259834289551 -14.000000953674316
      vertex -1.3393917083740234 -7.766422271728516 -16.389999389648438
      vertex -0.9058666229248047 -7.619259834289551 -16.389999389648438
    endloop
  endfacet
  facet normal 0.8968733494932566 0.44228745739478836 0
    outer loop
      vertex -3.0310888290405273 -12.75 -14.000000953674316
      vertex -3.2335777282714844 -12.339391708374023 -16.389999389648438
      vertex -3.2335777282714844 -12.339391708374023 -14.000000953674316
    endloop
  endfacet
  facet normal 0.8968733494932566 0.44228745739478836 0
    outer loop
      vertex -3.2335777282714844 -12.339391708374023 -16.389999389648438
      vertex -3.0310888290405273 -12.75 -14.000000953674316
      vertex -3.0310888290405273 -12.75 -16.389999389648438
    endloop
  endfacet
  facet normal 0.19508971623170604 -0.9807854009010494 0
    outer loop
      vertex -0.9058666229248047 -7.619259834289551 -16.389999389648438
      vertex -0.45684146881103516 -7.529943466186523 -14.000000953674316
      vertex -0.9058666229248047 -7.619259834289551 -14.000000953674316
    endloop
  endfacet
  facet normal 0.19508971623170604 -0.9807854009010494 0
    outer loop
      vertex -0.45684146881103516 -7.529943466186523 -14.000000953674316
      vertex -0.9058666229248047 -7.619259834289551 -16.389999389648438
      vertex -0.45684146881103516 -7.529943466186523 -16.389999389648438
    endloop
  endfacet
  facet normal 0.0654042044267184 0.9978588527659149 0
    outer loop
      vertex 0 -14.5 -16.389999389648438
      vertex -0.45684146881103516 -14.470056533813477 -14.000000953674316
      vertex 0 -14.5 -14.000000953674316
    endloop
  endfacet
  facet normal 0.0654042044267184 0.9978588527659149 0
    outer loop
      vertex -0.45684146881103516 -14.470056533813477 -14.000000953674316
      vertex 0 -14.5 -16.389999389648438
      vertex -0.45684146881103516 -14.470056533813477 -16.389999389648438
    endloop
  endfacet
  facet normal -0.8968733494932566 0.44228745739478836 0
    outer loop
      vertex 3.0310888290405273 -12.75 -16.389999389648438
      vertex 3.2335777282714844 -12.339391708374023 -14.000000953674316
      vertex 3.2335777282714844 -12.339391708374023 -16.389999389648438
    endloop
  endfacet
  facet normal -0.8968733494932566 0.44228745739478836 0
    outer loop
      vertex 3.2335777282714844 -12.339391708374023 -14.000000953674316
      vertex 3.0310888290405273 -12.75 -16.389999389648438
      vertex 3.0310888290405273 -12.75 -14.000000953674316
    endloop
  endfacet
  facet normal 0.7518400530488212 -0.6593455350812242 0
    outer loop
      vertex -2.776736259460449 -8.869335174560547 -14.000000953674316
      vertex -2.4748735427856445 -8.525126457214355 -16.389999389648438
      vertex -2.4748735427856445 -8.525126457214355 -14.000000953674316
    endloop
  endfacet
  facet normal 0.7518400530488212 -0.6593455350812242 0
    outer loop
      vertex -2.4748735427856445 -8.525126457214355 -16.389999389648438
      vertex -2.776736259460449 -8.869335174560547 -14.000000953674316
      vertex -2.776736259460449 -8.869335174560547 -16.389999389648438
    endloop
  endfacet
  facet normal -0.6593455350812242 -0.7518400530488212 0
    outer loop
      vertex 2.130664825439453 -8.22326374053955 -16.389999389648438
      vertex 2.4748735427856445 -8.525126457214355 -14.000000953674316
      vertex 2.130664825439453 -8.22326374053955 -14.000000953674316
    endloop
  endfacet
  facet normal -0.6593455350812242 -0.7518400530488212 0
    outer loop
      vertex 2.4748735427856445 -8.525126457214355 -14.000000953674316
      vertex 2.130664825439453 -8.22326374053955 -16.389999389648438
      vertex 2.4748735427856445 -8.525126457214355 -16.389999389648438
    endloop
  endfacet
  facet normal -0.8314691431055877 0.5555709352218308 0
    outer loop
      vertex 2.776736259460449 -13.130664825439453 -16.389999389648438
      vertex 3.0310888290405273 -12.75 -14.000000953674316
      vertex 3.0310888290405273 -12.75 -16.389999389648438
    endloop
  endfacet
  facet normal -0.8314691431055877 0.5555709352218308 0
    outer loop
      vertex 3.0310888290405273 -12.75 -14.000000953674316
      vertex 2.776736259460449 -13.130664825439453 -16.389999389648438
      vertex 2.776736259460449 -13.130664825439453 -14.000000953674316
    endloop
  endfacet
  facet normal 0.9978588527659149 -0.0654042044267184 0
    outer loop
      vertex -3.5 -11 -14.000000953674316
      vertex -3.4700565338134766 -10.543158531188965 -16.389999389648438
      vertex -3.4700565338134766 -10.543158531188965 -14.000000953674316
    endloop
  endfacet
  facet normal 0.9978588527659149 -0.0654042044267184 0
    outer loop
      vertex -3.4700565338134766 -10.543158531188965 -16.389999389648438
      vertex -3.5 -11 -14.000000953674316
      vertex -3.5 -11 -16.389999389648438
    endloop
  endfacet
  facet normal 0.44228745739478836 0.8968733494932566 0
    outer loop
      vertex -1.3393917083740234 -14.233577728271484 -16.389999389648438
      vertex -1.75 -14.031088829040527 -14.000000953674316
      vertex -1.3393917083740234 -14.233577728271484 -14.000000953674316
    endloop
  endfacet
  facet normal 0.44228745739478836 0.8968733494932566 0
    outer loop
      vertex -1.75 -14.031088829040527 -14.000000953674316
      vertex -1.3393917083740234 -14.233577728271484 -16.389999389648438
      vertex -1.75 -14.031088829040527 -16.389999389648438
    endloop
  endfacet
  facet normal 0.9807854009010494 -0.19508971623170604 0
    outer loop
      vertex -3.4700565338134766 -10.543158531188965 -14.000000953674316
      vertex -3.380740165710449 -10.094133377075195 -16.389999389648438
      vertex -3.380740165710449 -10.094133377075195 -14.000000953674316
    endloop
  endfacet
  facet normal 0.9807854009010494 -0.19508971623170604 0
    outer loop
      vertex -3.380740165710449 -10.094133377075195 -16.389999389648438
      vertex -3.4700565338134766 -10.543158531188965 -14.000000953674316
      vertex -3.4700565338134766 -10.543158531188965 -16.389999389648438
    endloop
  endfacet
  facet normal -0.0654042044267184 0.9978588527659149 0
    outer loop
      vertex 0.45684146881103516 -14.470056533813477 -16.389999389648438
      vertex 0 -14.5 -14.000000953674316
      vertex 0.45684146881103516 -14.470056533813477 -14.000000953674316
    endloop
  endfacet
  facet normal -0.0654042044267184 0.9978588527659149 0
    outer loop
      vertex 0 -14.5 -14.000000953674316
      vertex 0.45684146881103516 -14.470056533813477 -16.389999389648438
      vertex 0 -14.5 -16.389999389648438
    endloop
  endfacet
  facet normal 0.8968733494932566 -0.44228745739478836 0
    outer loop
      vertex -3.2335777282714844 -9.660608291625977 -14.000000953674316
      vertex -3.0310888290405273 -9.25 -16.389999389648438
      vertex -3.0310888290405273 -9.25 -14.000000953674316
    endloop
  endfacet
  facet normal 0.8968733494932566 -0.44228745739478836 0
    outer loop
      vertex -3.0310888290405273 -9.25 -16.389999389648438
      vertex -3.2335777282714844 -9.660608291625977 -14.000000953674316
      vertex -3.2335777282714844 -9.660608291625977 -16.389999389648438
    endloop
  endfacet
  facet normal 0.8314691431055877 -0.5555709352218308 0
    outer loop
      vertex -3.0310888290405273 -9.25 -14.000000953674316
      vertex -2.776736259460449 -8.869335174560547 -16.389999389648438
      vertex -2.776736259460449 -8.869335174560547 -14.000000953674316
    endloop
  endfacet
  facet normal 0.8314691431055877 -0.5555709352218308 0
    outer loop
      vertex -2.776736259460449 -8.869335174560547 -16.389999389648438
      vertex -3.0310888290405273 -9.25 -14.000000953674316
      vertex -3.0310888290405273 -9.25 -16.389999389648438
    endloop
  endfacet
  facet normal 0.6593455350812242 0.7518400530488212 0
    outer loop
      vertex -2.130664825439453 -13.77673625946045 -16.389999389648438
      vertex -2.4748735427856445 -13.474873542785645 -14.000000953674316
      vertex -2.130664825439453 -13.77673625946045 -14.000000953674316
    endloop
  endfacet
  facet normal 0.6593455350812242 0.7518400530488212 0
    outer loop
      vertex -2.4748735427856445 -13.474873542785645 -14.000000953674316
      vertex -2.130664825439453 -13.77673625946045 -16.389999389648438
      vertex -2.4748735427856445 -13.474873542785645 -16.389999389648438
    endloop
  endfacet
  facet normal 0.19508971623170604 0.9807854009010494 0
    outer loop
      vertex -0.45684146881103516 -14.470056533813477 -16.389999389648438
      vertex -0.9058666229248047 -14.38074016571045 -14.000000953674316
      vertex -0.45684146881103516 -14.470056533813477 -14.000000953674316
    endloop
  endfacet
  facet normal 0.19508971623170604 0.9807854009010494 0
    outer loop
      vertex -0.9058666229248047 -14.38074016571045 -14.000000953674316
      vertex -0.45684146881103516 -14.470056533813477 -16.389999389648438
      vertex -0.9058666229248047 -14.38074016571045 -16.389999389648438
    endloop
  endfacet
  facet normal 0.9978588527659149 0.0654042044267184 0
    outer loop
      vertex -3.4700565338134766 -11.456841468811035 -14.000000953674316
      vertex -3.5 -11 -16.389999389648438
      vertex -3.5 -11 -14.000000953674316
    endloop
  endfacet
  facet normal 0.9978588527659149 0.0654042044267184 0
    outer loop
      vertex -3.5 -11 -16.389999389648438
      vertex -3.4700565338134766 -11.456841468811035 -14.000000953674316
      vertex -3.4700565338134766 -11.456841468811035 -16.389999389648438
    endloop
  endfacet
  facet normal 0 0 1
    outer loop
      vertex 2.1843996047973633 -11 -16.389999389648438
      vertex 3.5 -11 -16.389999389648438
      vertex 3.4700565338134766 -10.543158531188965 -16.389999389648438
    endloop
  endfacet
  facet normal 0 0 1
    outer loop
      vertex 2.1657114028930664 -10.714879035949707 -16.389999389648438
      vertex 3.4700565338134766 -10.543158531188965 -16.389999389648438
      vertex 3.380740165710449 -10.094133377075195 -16.389999389648438
    endloop
  endfacet
  facet normal 0 0 1
    outer loop
      vertex 3.5 -11 -16.389999389648438
      vertex 2.1843996047973633 -11 -16.389999389648438
      vertex 3.4700565338134766 -11.456841468811035 -16.389999389648438
    endloop
  endfacet
  facet normal 0 0 1
    outer loop
      vertex 2.1099681854248047 -10.434636116027832 -16.389999389648438
      vertex 3.380740165710449 -10.094133377075195 -16.389999389648438
      vertex 3.2335777282714844 -9.660608291625977 -16.389999389648438
    endloop
  endfacet
  facet normal 0 0 1
    outer loop
      vertex 2.1657114028930664 -11.285120964050293 -16.389999389648438
      vertex 3.4700565338134766 -11.456841468811035 -16.389999389648438
      vertex 2.1843996047973633 -11 -16.389999389648438
    endloop
  endfacet
  facet normal 0 0 1
    outer loop
      vertex 2.0181217193603516 -10.164066314697266 -16.389999389648438
      vertex 3.2335777282714844 -9.660608291625977 -16.389999389648438
      vertex 3.0310888290405273 -9.25 -16.389999389648438
    endloop
  endfacet
  facet normal 0 0 1
    outer loop
      vertex 3.4700565338134766 -11.456841468811035 -16.389999389648438
      vertex 2.1657114028930664 -11.285120964050293 -16.389999389648438
      vertex 3.380740165710449 -11.905866622924805 -16.389999389648438
    endloop
  endfacet
  facet normal 0 0 1
    outer loop
      vertex 1.8917455673217773 -9.907800674438477 -16.389999389648438
      vertex 3.0310888290405273 -9.25 -16.389999389648438
      vertex 2.776736259460449 -8.869335174560547 -16.389999389648438
    endloop
  endfacet
  facet normal 0 0 1
    outer loop
      vertex 2.1099681854248047 -11.565363883972168 -16.389999389648438
      vertex 3.380740165710449 -11.905866622924805 -16.389999389648438
      vertex 2.1657114028930664 -11.285120964050293 -16.389999389648438
    endloop
  endfacet
  facet normal 0 0 1
    outer loop
      vertex 1.7330007553100586 -9.670222282409668 -16.389999389648438
      vertex 2.776736259460449 -8.869335174560547 -16.389999389648438
      vertex 2.4748735427856445 -8.525126457214355 -16.389999389648438
    endloop
  endfacet
  facet normal 0 0 1
    outer loop
      vertex 3.380740165710449 -11.905866622924805 -16.389999389648438
      vertex 2.1099681854248047 -11.565363883972168 -16.389999389648438
      vertex 3.2335777282714844 -12.339391708374023 -16.389999389648438
    endloop
  endfacet
  facet normal 0 0 1
    outer loop
      vertex 2.0181217193603516 -11.835933685302734 -16.389999389648438
      vertex 3.2335777282714844 -12.339391708374023 -16.389999389648438
      vertex 2.1099681854248047 -11.565363883972168 -16.389999389648438
    endloop
  endfacet
  facet normal 0 0 1
    outer loop
      vertex 3.4700565338134766 -10.543158531188965 -16.389999389648438
      vertex 2.1657114028930664 -10.714879035949707 -16.389999389648438
      vertex 2.1843996047973633 -11 -16.389999389648438
    endloop
  endfacet
  facet normal 0 0 1
    outer loop
      vertex 1.5446033477783203 -9.45539665222168 -16.389999389648438
      vertex 2.4748735427856445 -8.525126457214355 -16.389999389648438
      vertex 2.130664825439453 -8.22326374053955 -16.389999389648438
    endloop
  endfacet
  facet normal 0 0 1
    outer loop
      vertex 3.380740165710449 -10.094133377075195 -16.389999389648438
      vertex 2.1099681854248047 -10.434636116027832 -16.389999389648438
      vertex 2.1657114028930664 -10.714879035949707 -16.389999389648438
    endloop
  endfacet
  facet normal 0 0 1
    outer loop
      vertex 3.2335777282714844 -9.660608291625977 -16.389999389648438
      vertex 2.0181217193603516 -10.164066314697266 -16.389999389648438
      vertex 2.1099681854248047 -10.434636116027832 -16.389999389648438
    endloop
  endfacet
  facet normal 0 0 1
    outer loop
      vertex 3.0310888290405273 -9.25 -16.389999389648438
      vertex 1.8917455673217773 -9.907800674438477 -16.389999389648438
      vertex 2.0181217193603516 -10.164066314697266 -16.389999389648438
    endloop
  endfacet
  facet normal 0 0 1
    outer loop
      vertex 1.329777717590332 -9.266999244689941 -16.389999389648438
      vertex 2.130664825439453 -8.22326374053955 -16.389999389648438
      vertex 1.75 -7.968911170959473 -16.389999389648438
    endloop
  endfacet
  facet normal 0 0 1
    outer loop
      vertex 2.776736259460449 -8.869335174560547 -16.389999389648438
      vertex 1.7330007553100586 -9.670222282409668 -16.389999389648438
      vertex 1.8917455673217773 -9.907800674438477 -16.389999389648438
    endloop
  endfacet
  facet normal 0 0 1
    outer loop
      vertex 2.4748735427856445 -8.525126457214355 -16.389999389648438
      vertex 1.5446033477783203 -9.45539665222168 -16.389999389648438
      vertex 1.7330007553100586 -9.670222282409668 -16.389999389648438
    endloop
  endfacet
  facet normal 0 0 1
    outer loop
      vertex 1.0921993255615234 -9.108254432678223 -16.389999389648438
      vertex 1.75 -7.968911170959473 -16.389999389648438
      vertex 1.3393917083740234 -7.766422271728516 -16.389999389648438
    endloop
  endfacet
  facet normal 0 0 1
    outer loop
      vertex 2.130664825439453 -8.22326374053955 -16.389999389648438
      vertex 1.329777717590332 -9.266999244689941 -16.389999389648438
      vertex 1.5446033477783203 -9.45539665222168 -16.389999389648438
    endloop
  endfacet
  facet normal 0 0 1
    outer loop
      vertex 1.75 -7.968911170959473 -16.389999389648438
      vertex 1.0921993255615234 -9.108254432678223 -16.389999389648438
      vertex 1.329777717590332 -9.266999244689941 -16.389999389648438
    endloop
  endfacet
  facet normal 0 0 1
    outer loop
      vertex 0.8359336853027344 -8.981878280639648 -16.389999389648438
      vertex 1.3393917083740234 -7.766422271728516 -16.389999389648438
      vertex 0.9058666229248047 -7.619259834289551 -16.389999389648438
    endloop
  endfacet
  facet normal 0 0 1
    outer loop
      vertex 1.3393917083740234 -7.766422271728516 -16.389999389648438
      vertex 0.8359336853027344 -8.981878280639648 -16.389999389648438
      vertex 1.0921993255615234 -9.108254432678223 -16.389999389648438
    endloop
  endfacet
  facet normal 0 0 1
    outer loop
      vertex 0.9058666229248047 -7.619259834289551 -16.389999389648438
      vertex 0.565363883972168 -8.890031814575195 -16.389999389648438
      vertex 0.8359336853027344 -8.981878280639648 -16.389999389648438
    endloop
  endfacet
  facet normal 0 0 1
    outer loop
      vertex 0.45684146881103516 -7.529943466186523 -16.389999389648438
      vertex 0.565363883972168 -8.890031814575195 -16.389999389648438
      vertex 0.9058666229248047 -7.619259834289551 -16.389999389648438
    endloop
  endfacet
  facet normal 0 0 1
    outer loop
      vertex 0.45684146881103516 -7.529943466186523 -16.389999389648438
      vertex 0.28512096405029297 -8.834288597106934 -16.389999389648438
      vertex 0.565363883972168 -8.890031814575195 -16.389999389648438
    endloop
  endfacet
  facet normal 0 0 1
    outer loop
      vertex 0 -7.5 -16.389999389648438
      vertex 0.28512096405029297 -8.834288597106934 -16.389999389648438
      vertex 0.45684146881103516 -7.529943466186523 -16.389999389648438
    endloop
  endfacet
  facet normal 0 0 1
    outer loop
      vertex 0 -7.5 -16.389999389648438
      vertex 0 -8.815600395202637 -16.389999389648438
      vertex 0.28512096405029297 -8.834288597106934 -16.389999389648438
    endloop
  endfacet
  facet normal 0 0 1
    outer loop
      vertex 0 -7.5 -16.389999389648438
      vertex -0.28512096405029297 -8.834288597106934 -16.389999389648438
      vertex 0 -8.815600395202637 -16.389999389648438
    endloop
  endfacet
  facet normal 0 0 1
    outer loop
      vertex -0.45684146881103516 -7.529943466186523 -16.389999389648438
      vertex -0.28512096405029297 -8.834288597106934 -16.389999389648438
      vertex 0 -7.5 -16.389999389648438
    endloop
  endfacet
  facet normal 0 0 1
    outer loop
      vertex -0.45684146881103516 -7.529943466186523 -16.389999389648438
      vertex -0.565363883972168 -8.890031814575195 -16.389999389648438
      vertex -0.28512096405029297 -8.834288597106934 -16.389999389648438
    endloop
  endfacet
  facet normal 0 0 1
    outer loop
      vertex -0.9058666229248047 -7.619259834289551 -16.389999389648438
      vertex -0.565363883972168 -8.890031814575195 -16.389999389648438
      vertex -0.45684146881103516 -7.529943466186523 -16.389999389648438
    endloop
  endfacet
  facet normal 0 0 1
    outer loop
      vertex -0.565363883972168 -8.890031814575195 -16.389999389648438
      vertex -0.9058666229248047 -7.619259834289551 -16.389999389648438
      vertex -0.8359336853027344 -8.981878280639648 -16.389999389648438
    endloop
  endfacet
  facet normal 0 0 1
    outer loop
      vertex -1.3393917083740234 -7.766422271728516 -16.389999389648438
      vertex -0.8359336853027344 -8.981878280639648 -16.389999389648438
      vertex -0.9058666229248047 -7.619259834289551 -16.389999389648438
    endloop
  endfacet
  facet normal 0 0 1
    outer loop
      vertex -0.8359336853027344 -8.981878280639648 -16.389999389648438
      vertex -1.3393917083740234 -7.766422271728516 -16.389999389648438
      vertex -1.0921993255615234 -9.108254432678223 -16.389999389648438
    endloop
  endfacet
  facet normal 0 0 1
    outer loop
      vertex -1.75 -7.968911170959473 -16.389999389648438
      vertex -1.0921993255615234 -9.108254432678223 -16.389999389648438
      vertex -1.3393917083740234 -7.766422271728516 -16.389999389648438
    endloop
  endfacet
  facet normal 0 0 1
    outer loop
      vertex -1.0921993255615234 -9.108254432678223 -16.389999389648438
      vertex -1.75 -7.968911170959473 -16.389999389648438
      vertex -1.329777717590332 -9.266999244689941 -16.389999389648438
    endloop
  endfacet
  facet normal 0 0 1
    outer loop
      vertex -2.130664825439453 -8.22326374053955 -16.389999389648438
      vertex -1.329777717590332 -9.266999244689941 -16.389999389648438
      vertex -1.75 -7.968911170959473 -16.389999389648438
    endloop
  endfacet
  facet normal 0 0 1
    outer loop
      vertex -1.329777717590332 -9.266999244689941 -16.389999389648438
      vertex -2.130664825439453 -8.22326374053955 -16.389999389648438
      vertex -1.5446033477783203 -9.45539665222168 -16.389999389648438
    endloop
  endfacet
  facet normal 0 0 1
    outer loop
      vertex -2.4748735427856445 -8.525126457214355 -16.389999389648438
      vertex -1.5446033477783203 -9.45539665222168 -16.389999389648438
      vertex -2.130664825439453 -8.22326374053955 -16.389999389648438
    endloop
  endfacet
  facet normal 0 0 1
    outer loop
      vertex -1.5446033477783203 -9.45539665222168 -16.389999389648438
      vertex -2.4748735427856445 -8.525126457214355 -16.389999389648438
      vertex -1.7330007553100586 -9.670222282409668 -16.389999389648438
    endloop
  endfacet
  facet normal 0 0 1
    outer loop
      vertex -2.776736259460449 -8.869335174560547 -16.389999389648438
      vertex -1.7330007553100586 -9.670222282409668 -16.389999389648438
      vertex -2.4748735427856445 -8.525126457214355 -16.389999389648438
    endloop
  endfacet
  facet normal 0 0 1
    outer loop
      vertex -1.7330007553100586 -9.670222282409668 -16.389999389648438
      vertex -2.776736259460449 -8.869335174560547 -16.389999389648438
      vertex -1.8917455673217773 -9.907800674438477 -16.389999389648438
    endloop
  endfacet
  facet normal 0 0 1
    outer loop
      vertex -3.0310888290405273 -9.25 -16.389999389648438
      vertex -1.8917455673217773 -9.907800674438477 -16.389999389648438
      vertex -2.776736259460449 -8.869335174560547 -16.389999389648438
    endloop
  endfacet
  facet normal 0 0 1
    outer loop
      vertex -1.8917455673217773 -9.907800674438477 -16.389999389648438
      vertex -3.0310888290405273 -9.25 -16.389999389648438
      vertex -2.0181217193603516 -10.164066314697266 -16.389999389648438
    endloop
  endfacet
  facet normal 0 0 1
    outer loop
      vertex -3.2335777282714844 -9.660608291625977 -16.389999389648438
      vertex -2.0181217193603516 -10.164066314697266 -16.389999389648438
      vertex -3.0310888290405273 -9.25 -16.389999389648438
    endloop
  endfacet
  facet normal 0 0 1
    outer loop
      vertex 3.2335777282714844 -12.339391708374023 -16.389999389648438
      vertex 2.0181217193603516 -11.835933685302734 -16.389999389648438
      vertex 3.0310888290405273 -12.75 -16.389999389648438
    endloop
  endfacet
  facet normal 0 0 1
    outer loop
      vertex 1.8917455673217773 -12.092199325561523 -16.389999389648438
      vertex 3.0310888290405273 -12.75 -16.389999389648438
      vertex 2.0181217193603516 -11.835933685302734 -16.389999389648438
    endloop
  endfacet
  facet normal 0 0 1
    outer loop
      vertex 3.0310888290405273 -12.75 -16.389999389648438
      vertex 1.8917455673217773 -12.092199325561523 -16.389999389648438
      vertex 2.776736259460449 -13.130664825439453 -16.389999389648438
    endloop
  endfacet
  facet normal 0 0 1
    outer loop
      vertex 1.7330007553100586 -12.329777717590332 -16.389999389648438
      vertex 2.776736259460449 -13.130664825439453 -16.389999389648438
      vertex 1.8917455673217773 -12.092199325561523 -16.389999389648438
    endloop
  endfacet
  facet normal 0 0 1
    outer loop
      vertex 2.776736259460449 -13.130664825439453 -16.389999389648438
      vertex 1.7330007553100586 -12.329777717590332 -16.389999389648438
      vertex 2.4748735427856445 -13.474873542785645 -16.389999389648438
    endloop
  endfacet
  facet normal 0 0 1
    outer loop
      vertex 1.5446033477783203 -12.54460334777832 -16.389999389648438
      vertex 2.4748735427856445 -13.474873542785645 -16.389999389648438
      vertex 1.7330007553100586 -12.329777717590332 -16.389999389648438
    endloop
  endfacet
  facet normal 0 0 1
    outer loop
      vertex 2.4748735427856445 -13.474873542785645 -16.389999389648438
      vertex 1.5446033477783203 -12.54460334777832 -16.389999389648438
      vertex 2.130664825439453 -13.77673625946045 -16.389999389648438
    endloop
  endfacet
  facet normal 0 0 1
    outer loop
      vertex 1.329777717590332 -12.733000755310059 -16.389999389648438
      vertex 2.130664825439453 -13.77673625946045 -16.389999389648438
      vertex 1.5446033477783203 -12.54460334777832 -16.389999389648438
    endloop
  endfacet
  facet normal 0 0 1
    outer loop
      vertex 2.130664825439453 -13.77673625946045 -16.389999389648438
      vertex 1.329777717590332 -12.733000755310059 -16.389999389648438
      vertex 1.75 -14.031088829040527 -16.389999389648438
    endloop
  endfacet
  facet normal 0 0 1
    outer loop
      vertex 1.0921993255615234 -12.891745567321777 -16.389999389648438
      vertex 1.75 -14.031088829040527 -16.389999389648438
      vertex 1.329777717590332 -12.733000755310059 -16.389999389648438
    endloop
  endfacet
  facet normal 0 0 1
    outer loop
      vertex 1.75 -14.031088829040527 -16.389999389648438
      vertex 1.0921993255615234 -12.891745567321777 -16.389999389648438
      vertex 1.3393917083740234 -14.233577728271484 -16.389999389648438
    endloop
  endfacet
  facet normal 0 0 1
    outer loop
      vertex 0.8359336853027344 -13.018121719360352 -16.389999389648438
      vertex 1.3393917083740234 -14.233577728271484 -16.389999389648438
      vertex 1.0921993255615234 -12.891745567321777 -16.389999389648438
    endloop
  endfacet
  facet normal 0 0 1
    outer loop
      vertex 1.3393917083740234 -14.233577728271484 -16.389999389648438
      vertex 0.8359336853027344 -13.018121719360352 -16.389999389648438
      vertex 0.9058666229248047 -14.38074016571045 -16.389999389648438
    endloop
  endfacet
  facet normal 0 0 1
    outer loop
      vertex 0.565363883972168 -13.109968185424805 -16.389999389648438
      vertex 0.9058666229248047 -14.38074016571045 -16.389999389648438
      vertex 0.8359336853027344 -13.018121719360352 -16.389999389648438
    endloop
  endfacet
  facet normal 0 0 1
    outer loop
      vertex 0.565363883972168 -13.109968185424805 -16.389999389648438
      vertex 0.45684146881103516 -14.470056533813477 -16.389999389648438
      vertex 0.9058666229248047 -14.38074016571045 -16.389999389648438
    endloop
  endfacet
  facet normal 0 0 1
    outer loop
      vertex 0.28512096405029297 -13.165711402893066 -16.389999389648438
      vertex 0.45684146881103516 -14.470056533813477 -16.389999389648438
      vertex 0.565363883972168 -13.109968185424805 -16.389999389648438
    endloop
  endfacet
  facet normal 0 0 1
    outer loop
      vertex 0 -13.184399604797363 -16.389999389648438
      vertex 0.45684146881103516 -14.470056533813477 -16.389999389648438
      vertex 0.28512096405029297 -13.165711402893066 -16.389999389648438
    endloop
  endfacet
  facet normal 0 0 1
    outer loop
      vertex 0 -13.184399604797363 -16.389999389648438
      vertex 0 -14.5 -16.389999389648438
      vertex 0.45684146881103516 -14.470056533813477 -16.389999389648438
    endloop
  endfacet
  facet normal 0 0 1
    outer loop
      vertex -0.28512096405029297 -13.165711402893066 -16.389999389648438
      vertex 0 -14.5 -16.389999389648438
      vertex 0 -13.184399604797363 -16.389999389648438
    endloop
  endfacet
  facet normal 0 0 1
    outer loop
      vertex -0.28512096405029297 -13.165711402893066 -16.389999389648438
      vertex -0.45684146881103516 -14.470056533813477 -16.389999389648438
      vertex 0 -14.5 -16.389999389648438
    endloop
  endfacet
  facet normal 0 0 1
    outer loop
      vertex -0.565363883972168 -13.109968185424805 -16.389999389648438
      vertex -0.45684146881103516 -14.470056533813477 -16.389999389648438
      vertex -0.28512096405029297 -13.165711402893066 -16.389999389648438
    endloop
  endfacet
  facet normal 0 0 1
    outer loop
      vertex -0.9058666229248047 -14.38074016571045 -16.389999389648438
      vertex -0.565363883972168 -13.109968185424805 -16.389999389648438
      vertex -0.8359336853027344 -13.018121719360352 -16.389999389648438
    endloop
  endfacet
  facet normal 0 0 1
    outer loop
      vertex -0.565363883972168 -13.109968185424805 -16.389999389648438
      vertex -0.9058666229248047 -14.38074016571045 -16.389999389648438
      vertex -0.45684146881103516 -14.470056533813477 -16.389999389648438
    endloop
  endfacet
  facet normal 0 0 1
    outer loop
      vertex -1.3393917083740234 -14.233577728271484 -16.389999389648438
      vertex -0.8359336853027344 -13.018121719360352 -16.389999389648438
      vertex -1.0921993255615234 -12.891745567321777 -16.389999389648438
    endloop
  endfacet
  facet normal 0 0 1
    outer loop
      vertex -1.75 -14.031088829040527 -16.389999389648438
      vertex -1.0921993255615234 -12.891745567321777 -16.389999389648438
      vertex -1.329777717590332 -12.733000755310059 -16.389999389648438
    endloop
  endfacet
  facet normal 0 0 1
    outer loop
      vertex -0.8359336853027344 -13.018121719360352 -16.389999389648438
      vertex -1.3393917083740234 -14.233577728271484 -16.389999389648438
      vertex -0.9058666229248047 -14.38074016571045 -16.389999389648438
    endloop
  endfacet
  facet normal 0 0 1
    outer loop
      vertex -2.130664825439453 -13.77673625946045 -16.389999389648438
      vertex -1.329777717590332 -12.733000755310059 -16.389999389648438
      vertex -1.5446033477783203 -12.54460334777832 -16.389999389648438
    endloop
  endfacet
  facet normal 0 0 1
    outer loop
      vertex -2.4748735427856445 -13.474873542785645 -16.389999389648438
      vertex -1.5446033477783203 -12.54460334777832 -16.389999389648438
      vertex -1.7330007553100586 -12.329777717590332 -16.389999389648438
    endloop
  endfacet
  facet normal 0 0 1
    outer loop
      vertex -1.0921993255615234 -12.891745567321777 -16.389999389648438
      vertex -1.75 -14.031088829040527 -16.389999389648438
      vertex -1.3393917083740234 -14.233577728271484 -16.389999389648438
    endloop
  endfacet
  facet normal 0 0 1
    outer loop
      vertex -2.776736259460449 -13.130664825439453 -16.389999389648438
      vertex -1.7330007553100586 -12.329777717590332 -16.389999389648438
      vertex -1.8917455673217773 -12.092199325561523 -16.389999389648438
    endloop
  endfacet
  facet normal 0 0 1
    outer loop
      vertex -3.0310888290405273 -12.75 -16.389999389648438
      vertex -1.8917455673217773 -12.092199325561523 -16.389999389648438
      vertex -2.0181217193603516 -11.835933685302734 -16.389999389648438
    endloop
  endfacet
  facet normal 0 0 1
    outer loop
      vertex -3.2335777282714844 -12.339391708374023 -16.389999389648438
      vertex -2.0181217193603516 -11.835933685302734 -16.389999389648438
      vertex -2.1099681854248047 -11.565363883972168 -16.389999389648438
    endloop
  endfacet
  facet normal 0 0 1
    outer loop
      vertex -1.329777717590332 -12.733000755310059 -16.389999389648438
      vertex -2.130664825439453 -13.77673625946045 -16.389999389648438
      vertex -1.75 -14.031088829040527 -16.389999389648438
    endloop
  endfacet
  facet normal 0 0 1
    outer loop
      vertex -3.380740165710449 -11.905866622924805 -16.389999389648438
      vertex -2.1099681854248047 -11.565363883972168 -16.389999389648438
      vertex -2.1657114028930664 -11.285120964050293 -16.389999389648438
    endloop
  endfacet
  facet normal 0 0 1
    outer loop
      vertex -3.4700565338134766 -11.456841468811035 -16.389999389648438
      vertex -2.1657114028930664 -11.285120964050293 -16.389999389648438
      vertex -2.1843996047973633 -11 -16.389999389648438
    endloop
  endfacet
  facet normal 0 0 1
    outer loop
      vertex -2.0181217193603516 -10.164066314697266 -16.389999389648438
      vertex -3.2335777282714844 -9.660608291625977 -16.389999389648438
      vertex -2.1099681854248047 -10.434636116027832 -16.389999389648438
    endloop
  endfacet
  facet normal 0 0 1
    outer loop
      vertex -1.5446033477783203 -12.54460334777832 -16.389999389648438
      vertex -2.4748735427856445 -13.474873542785645 -16.389999389648438
      vertex -2.130664825439453 -13.77673625946045 -16.389999389648438
    endloop
  endfacet
  facet normal 0 0 1
    outer loop
      vertex -3.380740165710449 -10.094133377075195 -16.389999389648438
      vertex -2.1099681854248047 -10.434636116027832 -16.389999389648438
      vertex -3.2335777282714844 -9.660608291625977 -16.389999389648438
    endloop
  endfacet
  facet normal 0 0 1
    outer loop
      vertex -1.7330007553100586 -12.329777717590332 -16.389999389648438
      vertex -2.776736259460449 -13.130664825439453 -16.389999389648438
      vertex -2.4748735427856445 -13.474873542785645 -16.389999389648438
    endloop
  endfacet
  facet normal 0 0 1
    outer loop
      vertex -2.1099681854248047 -10.434636116027832 -16.389999389648438
      vertex -3.380740165710449 -10.094133377075195 -16.389999389648438
      vertex -2.1657114028930664 -10.714879035949707 -16.389999389648438
    endloop
  endfacet
  facet normal 0 0 1
    outer loop
      vertex -1.8917455673217773 -12.092199325561523 -16.389999389648438
      vertex -3.0310888290405273 -12.75 -16.389999389648438
      vertex -2.776736259460449 -13.130664825439453 -16.389999389648438
    endloop
  endfacet
  facet normal 0 0 1
    outer loop
      vertex -3.4700565338134766 -10.543158531188965 -16.389999389648438
      vertex -2.1657114028930664 -10.714879035949707 -16.389999389648438
      vertex -3.380740165710449 -10.094133377075195 -16.389999389648438
    endloop
  endfacet
  facet normal 0 0 1
    outer loop
      vertex -2.0181217193603516 -11.835933685302734 -16.389999389648438
      vertex -3.2335777282714844 -12.339391708374023 -16.389999389648438
      vertex -3.0310888290405273 -12.75 -16.389999389648438
    endloop
  endfacet
  facet normal 0 0 1
    outer loop
      vertex -2.1657114028930664 -10.714879035949707 -16.389999389648438
      vertex -3.4700565338134766 -10.543158531188965 -16.389999389648438
      vertex -2.1843996047973633 -11 -16.389999389648438
    endloop
  endfacet
  facet normal 0 0 1
    outer loop
      vertex -2.1099681854248047 -11.565363883972168 -16.389999389648438
      vertex -3.380740165710449 -11.905866622924805 -16.389999389648438
      vertex -3.2335777282714844 -12.339391708374023 -16.389999389648438
    endloop
  endfacet
  facet normal 0 0 1
    outer loop
      vertex -3.5 -11 -16.389999389648438
      vertex -2.1843996047973633 -11 -16.389999389648438
      vertex -3.4700565338134766 -10.543158531188965 -16.389999389648438
    endloop
  endfacet
  facet normal 0 0 1
    outer loop
      vertex -2.1657114028930664 -11.285120964050293 -16.389999389648438
      vertex -3.4700565338134766 -11.456841468811035 -16.389999389648438
      vertex -3.380740165710449 -11.905866622924805 -16.389999389648438
    endloop
  endfacet
  facet normal 0 0 1
    outer loop
      vertex -2.1843996047973633 -11 -16.389999389648438
      vertex -3.5 -11 -16.389999389648438
      vertex -3.4700565338134766 -11.456841468811035 -16.389999389648438
    endloop
  endfacet
  facet normal -0.6593465791328393 -0.751839137439534 0
    outer loop
      vertex 1.329777717590332 12.733000755310059 -20.350000381469727
      vertex 1.5446033477783203 12.54460334777832 -16.389999389648438
      vertex 1.329777717590332 12.733000755310059 -16.389999389648438
    endloop
  endfacet
  facet normal -0.6593465791328393 -0.751839137439534 0
    outer loop
      vertex 1.5446033477783203 12.54460334777832 -16.389999389648438
      vertex 1.329777717590332 12.733000755310059 -20.350000381469727
      vertex 1.5446033477783203 12.54460334777832 -20.350000381469727
    endloop
  endfacet
  facet normal -0.9978588349360876 -0.06540447645225649 0
    outer loop
      vertex 2.1843996047973633 11 -20.350000381469727
      vertex 2.1657114028930664 11.285120964050293 -16.389999389648438
      vertex 2.1657114028930664 11.285120964050293 -20.350000381469727
    endloop
  endfacet
  facet normal -0.9978588349360876 -0.06540447645225649 0
    outer loop
      vertex 2.1657114028930664 11.285120964050293 -16.389999389648438
      vertex 2.1843996047973633 11 -20.350000381469727
      vertex 2.1843996047973633 11 -16.389999389648438
    endloop
  endfacet
  facet normal 0.9807856588717693 -0.19508841931665097 0
    outer loop
      vertex -2.1657114028930664 11.285120964050293 -16.389999389648438
      vertex -2.1099681854248047 11.565363883972168 -20.350000381469727
      vertex -2.1099681854248047 11.565363883972168 -16.389999389648438
    endloop
  endfacet
  facet normal 0.9807856588717693 -0.19508841931665097 0
    outer loop
      vertex -2.1099681854248047 11.565363883972168 -20.350000381469727
      vertex -2.1657114028930664 11.285120964050293 -16.389999389648438
      vertex -2.1657114028930664 11.285120964050293 -20.350000381469727
    endloop
  endfacet
  facet normal -0.9978588349360876 0.06540447645225649 0
    outer loop
      vertex 2.1657114028930664 10.714879035949707 -20.350000381469727
      vertex 2.1843996047973633 11 -16.389999389648438
      vertex 2.1843996047973633 11 -20.350000381469727
    endloop
  endfacet
  facet normal -0.9978588349360876 0.06540447645225649 0
    outer loop
      vertex 2.1843996047973633 11 -16.389999389648438
      vertex 2.1657114028930664 10.714879035949707 -20.350000381469727
      vertex 2.1657114028930664 10.714879035949707 -16.389999389648438
    endloop
  endfacet
  facet normal -0.19508841931665097 -0.9807856588717693 0
    outer loop
      vertex 0.28512096405029297 13.165711402893066 -20.350000381469727
      vertex 0.565363883972168 13.109968185424805 -16.389999389648438
      vertex 0.28512096405029297 13.165711402893066 -16.389999389648438
    endloop
  endfacet
  facet normal -0.19508841931665097 -0.9807856588717693 0
    outer loop
      vertex 0.565363883972168 13.109968185424805 -16.389999389648438
      vertex 0.28512096405029297 13.165711402893066 -20.350000381469727
      vertex 0.565363883972168 13.109968185424805 -20.350000381469727
    endloop
  endfacet
  facet normal 0.06540447645225649 0.9978588349360876 0
    outer loop
      vertex 0 8.815600395202637 -20.350000381469727
      vertex -0.28512096405029297 8.834288597106934 -16.389999389648438
      vertex 0 8.815600395202637 -16.389999389648438
    endloop
  endfacet
  facet normal 0.06540447645225649 0.9978588349360876 0
    outer loop
      vertex -0.28512096405029297 8.834288597106934 -16.389999389648438
      vertex 0 8.815600395202637 -20.350000381469727
      vertex -0.28512096405029297 8.834288597106934 -20.350000381469727
    endloop
  endfacet
  facet normal -0.5555702466339771 -0.8314696032057105 0
    outer loop
      vertex 1.0921993255615234 12.891745567321777 -20.350000381469727
      vertex 1.329777717590332 12.733000755310059 -16.389999389648438
      vertex 1.0921993255615234 12.891745567321777 -16.389999389648438
    endloop
  endfacet
  facet normal -0.5555702466339771 -0.8314696032057105 0
    outer loop
      vertex 1.329777717590332 12.733000755310059 -16.389999389648438
      vertex 1.0921993255615234 12.891745567321777 -20.350000381469727
      vertex 1.329777717590332 12.733000755310059 -20.350000381469727
    endloop
  endfacet
  facet normal -0.06540447645225649 -0.9978588349360876 0
    outer loop
      vertex 0 13.184399604797363 -20.350000381469727
      vertex 0.28512096405029297 13.165711402893066 -16.389999389648438
      vertex 0 13.184399604797363 -16.389999389648438
    endloop
  endfacet
  facet normal -0.06540447645225649 -0.9978588349360876 0
    outer loop
      vertex 0.28512096405029297 13.165711402893066 -16.389999389648438
      vertex 0 13.184399604797363 -20.350000381469727
      vertex 0.28512096405029297 13.165711402893066 -20.350000381469727
    endloop
  endfacet
  facet normal -0.751839137439534 -0.6593465791328393 0
    outer loop
      vertex 1.7330007553100586 12.329777717590332 -20.350000381469727
      vertex 1.5446033477783203 12.54460334777832 -16.389999389648438
      vertex 1.5446033477783203 12.54460334777832 -20.350000381469727
    endloop
  endfacet
  facet normal -0.751839137439534 -0.6593465791328393 0
    outer loop
      vertex 1.5446033477783203 12.54460334777832 -16.389999389648438
      vertex 1.7330007553100586 12.329777717590332 -20.350000381469727
      vertex 1.7330007553100586 12.329777717590332 -16.389999389648438
    endloop
  endfacet
  facet normal 0.19508841931665097 -0.9807856588717693 0
    outer loop
      vertex -0.565363883972168 13.109968185424805 -20.350000381469727
      vertex -0.28512096405029297 13.165711402893066 -16.389999389648438
      vertex -0.565363883972168 13.109968185424805 -16.389999389648438
    endloop
  endfacet
  facet normal 0.19508841931665097 -0.9807856588717693 0
    outer loop
      vertex -0.28512096405029297 13.165711402893066 -16.389999389648438
      vertex -0.565363883972168 13.109968185424805 -20.350000381469727
      vertex -0.28512096405029297 13.165711402893066 -20.350000381469727
    endloop
  endfacet
  facet normal -0.9807856588717693 -0.19508841931665097 0
    outer loop
      vertex 2.1657114028930664 11.285120964050293 -20.350000381469727
      vertex 2.1099681854248047 11.565363883972168 -16.389999389648438
      vertex 2.1099681854248047 11.565363883972168 -20.350000381469727
    endloop
  endfacet
  facet normal -0.9807856588717693 -0.19508841931665097 0
    outer loop
      vertex 2.1099681854248047 11.565363883972168 -16.389999389648438
      vertex 2.1657114028930664 11.285120964050293 -20.350000381469727
      vertex 2.1657114028930664 11.285120964050293 -16.389999389648438
    endloop
  endfacet
  facet normal 0.9469297090543757 0.32144070387895096 0
    outer loop
      vertex -2.0181217193603516 10.164066314697266 -16.389999389648438
      vertex -2.1099681854248047 10.434636116027832 -20.350000381469727
      vertex -2.1099681854248047 10.434636116027832 -16.389999389648438
    endloop
  endfacet
  facet normal 0.9469297090543757 0.32144070387895096 0
    outer loop
      vertex -2.1099681854248047 10.434636116027832 -20.350000381469727
      vertex -2.0181217193603516 10.164066314697266 -16.389999389648438
      vertex -2.0181217193603516 10.164066314697266 -20.350000381469727
    endloop
  endfacet
  facet normal 0.06540447645225649 -0.9978588349360876 0
    outer loop
      vertex -0.28512096405029297 13.165711402893066 -20.350000381469727
      vertex 0 13.184399604797363 -16.389999389648438
      vertex -0.28512096405029297 13.165711402893066 -16.389999389648438
    endloop
  endfacet
  facet normal 0.06540447645225649 -0.9978588349360876 0
    outer loop
      vertex 0 13.184399604797363 -16.389999389648438
      vertex -0.28512096405029297 13.165711402893066 -20.350000381469727
      vertex 0 13.184399604797363 -20.350000381469727
    endloop
  endfacet
  facet normal 0.8314696032057105 0.5555702466339771 0
    outer loop
      vertex -1.7330007553100586 9.670222282409668 -16.389999389648438
      vertex -1.8917455673217773 9.907800674438477 -20.350000381469727
      vertex -1.8917455673217773 9.907800674438477 -16.389999389648438
    endloop
  endfacet
  facet normal 0.8314696032057105 0.5555702466339771 0
    outer loop
      vertex -1.8917455673217773 9.907800674438477 -20.350000381469727
      vertex -1.7330007553100586 9.670222282409668 -16.389999389648438
      vertex -1.7330007553100586 9.670222282409668 -20.350000381469727
    endloop
  endfacet
  facet normal -0.9807856588717693 0.19508841931665097 0
    outer loop
      vertex 2.1099681854248047 10.434636116027832 -20.350000381469727
      vertex 2.1657114028930664 10.714879035949707 -16.389999389648438
      vertex 2.1657114028930664 10.714879035949707 -20.350000381469727
    endloop
  endfacet
  facet normal -0.9807856588717693 0.19508841931665097 0
    outer loop
      vertex 2.1657114028930664 10.714879035949707 -16.389999389648438
      vertex 2.1099681854248047 10.434636116027832 -20.350000381469727
      vertex 2.1099681854248047 10.434636116027832 -16.389999389648438
    endloop
  endfacet
  facet normal -0.44228847541139593 -0.8968728474640444 0
    outer loop
      vertex 0.8359336853027344 13.018121719360352 -20.350000381469727
      vertex 1.0921993255615234 12.891745567321777 -16.389999389648438
      vertex 0.8359336853027344 13.018121719360352 -16.389999389648438
    endloop
  endfacet
  facet normal -0.44228847541139593 -0.8968728474640444 0
    outer loop
      vertex 1.0921993255615234 12.891745567321777 -16.389999389648438
      vertex 0.8359336853027344 13.018121719360352 -20.350000381469727
      vertex 1.0921993255615234 12.891745567321777 -20.350000381469727
    endloop
  endfacet
  facet normal -0.8968728474640444 0.44228847541139593 0
    outer loop
      vertex 1.8917455673217773 9.907800674438477 -20.350000381469727
      vertex 2.0181217193603516 10.164066314697266 -16.389999389648438
      vertex 2.0181217193603516 10.164066314697266 -20.350000381469727
    endloop
  endfacet
  facet normal -0.8968728474640444 0.44228847541139593 0
    outer loop
      vertex 2.0181217193603516 10.164066314697266 -16.389999389648438
      vertex 1.8917455673217773 9.907800674438477 -20.350000381469727
      vertex 1.8917455673217773 9.907800674438477 -16.389999389648438
    endloop
  endfacet
  facet normal -0.8968728474640444 -0.44228847541139593 0
    outer loop
      vertex 2.0181217193603516 11.835933685302734 -20.350000381469727
      vertex 1.8917455673217773 12.092199325561523 -16.389999389648438
      vertex 1.8917455673217773 12.092199325561523 -20.350000381469727
    endloop
  endfacet
  facet normal -0.8968728474640444 -0.44228847541139593 0
    outer loop
      vertex 1.8917455673217773 12.092199325561523 -16.389999389648438
      vertex 2.0181217193603516 11.835933685302734 -20.350000381469727
      vertex 2.0181217193603516 11.835933685302734 -16.389999389648438
    endloop
  endfacet
  facet normal 0.751839137439534 0.6593465791328393 0
    outer loop
      vertex -1.5446033477783203 9.45539665222168 -16.389999389648438
      vertex -1.7330007553100586 9.670222282409668 -20.350000381469727
      vertex -1.7330007553100586 9.670222282409668 -16.389999389648438
    endloop
  endfacet
  facet normal 0.751839137439534 0.6593465791328393 0
    outer loop
      vertex -1.7330007553100586 9.670222282409668 -20.350000381469727
      vertex -1.5446033477783203 9.45539665222168 -16.389999389648438
      vertex -1.5446033477783203 9.45539665222168 -20.350000381469727
    endloop
  endfacet
  facet normal 0.9978588349360876 -0.06540447645225649 0
    outer loop
      vertex -2.1843996047973633 11 -16.389999389648438
      vertex -2.1657114028930664 11.285120964050293 -20.350000381469727
      vertex -2.1657114028930664 11.285120964050293 -16.389999389648438
    endloop
  endfacet
  facet normal 0.9978588349360876 -0.06540447645225649 0
    outer loop
      vertex -2.1657114028930664 11.285120964050293 -20.350000381469727
      vertex -2.1843996047973633 11 -16.389999389648438
      vertex -2.1843996047973633 11 -20.350000381469727
    endloop
  endfacet
  facet normal -0.9469297090543757 0.32144070387895096 0
    outer loop
      vertex 2.0181217193603516 10.164066314697266 -20.350000381469727
      vertex 2.1099681854248047 10.434636116027832 -16.389999389648438
      vertex 2.1099681854248047 10.434636116027832 -20.350000381469727
    endloop
  endfacet
  facet normal -0.9469297090543757 0.32144070387895096 0
    outer loop
      vertex 2.1099681854248047 10.434636116027832 -16.389999389648438
      vertex 2.0181217193603516 10.164066314697266 -20.350000381469727
      vertex 2.0181217193603516 10.164066314697266 -16.389999389648438
    endloop
  endfacet
  facet normal -0.6593465791328393 0.751839137439534 0
    outer loop
      vertex 1.5446033477783203 9.45539665222168 -20.350000381469727
      vertex 1.329777717590332 9.266999244689941 -16.389999389648438
      vertex 1.5446033477783203 9.45539665222168 -16.389999389648438
    endloop
  endfacet
  facet normal -0.6593465791328393 0.751839137439534 0
    outer loop
      vertex 1.329777717590332 9.266999244689941 -16.389999389648438
      vertex 1.5446033477783203 9.45539665222168 -20.350000381469727
      vertex 1.329777717590332 9.266999244689941 -20.350000381469727
    endloop
  endfacet
  facet normal 0.8314696032057105 -0.5555702466339771 0
    outer loop
      vertex -1.8917455673217773 12.092199325561523 -16.389999389648438
      vertex -1.7330007553100586 12.329777717590332 -20.350000381469727
      vertex -1.7330007553100586 12.329777717590332 -16.389999389648438
    endloop
  endfacet
  facet normal 0.8314696032057105 -0.5555702466339771 0
    outer loop
      vertex -1.7330007553100586 12.329777717590332 -20.350000381469727
      vertex -1.8917455673217773 12.092199325561523 -16.389999389648438
      vertex -1.8917455673217773 12.092199325561523 -20.350000381469727
    endloop
  endfacet
  facet normal 0.44228847541139593 -0.8968728474640444 0
    outer loop
      vertex -1.0921993255615234 12.891745567321777 -20.350000381469727
      vertex -0.8359336853027344 13.018121719360352 -16.389999389648438
      vertex -1.0921993255615234 12.891745567321777 -16.389999389648438
    endloop
  endfacet
  facet normal 0.44228847541139593 -0.8968728474640444 0
    outer loop
      vertex -0.8359336853027344 13.018121719360352 -16.389999389648438
      vertex -1.0921993255615234 12.891745567321777 -20.350000381469727
      vertex -0.8359336853027344 13.018121719360352 -20.350000381469727
    endloop
  endfacet
  facet normal -0.8314696032057105 -0.5555702466339771 0
    outer loop
      vertex 1.8917455673217773 12.092199325561523 -20.350000381469727
      vertex 1.7330007553100586 12.329777717590332 -16.389999389648438
      vertex 1.7330007553100586 12.329777717590332 -20.350000381469727
    endloop
  endfacet
  facet normal -0.8314696032057105 -0.5555702466339771 0
    outer loop
      vertex 1.7330007553100586 12.329777717590332 -16.389999389648438
      vertex 1.8917455673217773 12.092199325561523 -20.350000381469727
      vertex 1.8917455673217773 12.092199325561523 -16.389999389648438
    endloop
  endfacet
  facet normal 0.5555702466339771 0.8314696032057105 0
    outer loop
      vertex -1.0921993255615234 9.108254432678223 -20.350000381469727
      vertex -1.329777717590332 9.266999244689941 -16.389999389648438
      vertex -1.0921993255615234 9.108254432678223 -16.389999389648438
    endloop
  endfacet
  facet normal 0.5555702466339771 0.8314696032057105 0
    outer loop
      vertex -1.329777717590332 9.266999244689941 -16.389999389648438
      vertex -1.0921993255615234 9.108254432678223 -20.350000381469727
      vertex -1.329777717590332 9.266999244689941 -20.350000381469727
    endloop
  endfacet
  facet normal 0.751839137439534 -0.6593465791328393 0
    outer loop
      vertex -1.7330007553100586 12.329777717590332 -16.389999389648438
      vertex -1.5446033477783203 12.54460334777832 -20.350000381469727
      vertex -1.5446033477783203 12.54460334777832 -16.389999389648438
    endloop
  endfacet
  facet normal 0.751839137439534 -0.6593465791328393 0
    outer loop
      vertex -1.5446033477783203 12.54460334777832 -20.350000381469727
      vertex -1.7330007553100586 12.329777717590332 -16.389999389648438
      vertex -1.7330007553100586 12.329777717590332 -20.350000381469727
    endloop
  endfacet
  facet normal -0.5555702466339771 0.8314696032057105 0
    outer loop
      vertex 1.329777717590332 9.266999244689941 -20.350000381469727
      vertex 1.0921993255615234 9.108254432678223 -16.389999389648438
      vertex 1.329777717590332 9.266999244689941 -16.389999389648438
    endloop
  endfacet
  facet normal -0.5555702466339771 0.8314696032057105 0
    outer loop
      vertex 1.0921993255615234 9.108254432678223 -16.389999389648438
      vertex 1.329777717590332 9.266999244689941 -20.350000381469727
      vertex 1.0921993255615234 9.108254432678223 -20.350000381469727
    endloop
  endfacet
  facet normal -0.9469297090543757 -0.32144070387895096 0
    outer loop
      vertex 2.1099681854248047 11.565363883972168 -20.350000381469727
      vertex 2.0181217193603516 11.835933685302734 -16.389999389648438
      vertex 2.0181217193603516 11.835933685302734 -20.350000381469727
    endloop
  endfacet
  facet normal -0.9469297090543757 -0.32144070387895096 0
    outer loop
      vertex 2.0181217193603516 11.835933685302734 -16.389999389648438
      vertex 2.1099681854248047 11.565363883972168 -20.350000381469727
      vertex 2.1099681854248047 11.565363883972168 -16.389999389648438
    endloop
  endfacet
  facet normal -0.751839137439534 0.6593465791328393 0
    outer loop
      vertex 1.5446033477783203 9.45539665222168 -20.350000381469727
      vertex 1.7330007553100586 9.670222282409668 -16.389999389648438
      vertex 1.7330007553100586 9.670222282409668 -20.350000381469727
    endloop
  endfacet
  facet normal -0.751839137439534 0.6593465791328393 0
    outer loop
      vertex 1.7330007553100586 9.670222282409668 -16.389999389648438
      vertex 1.5446033477783203 9.45539665222168 -20.350000381469727
      vertex 1.5446033477783203 9.45539665222168 -16.389999389648438
    endloop
  endfacet
  facet normal 0.32144070387895096 -0.9469297090543757 0
    outer loop
      vertex -0.8359336853027344 13.018121719360352 -20.350000381469727
      vertex -0.565363883972168 13.109968185424805 -16.389999389648438
      vertex -0.8359336853027344 13.018121719360352 -16.389999389648438
    endloop
  endfacet
  facet normal 0.32144070387895096 -0.9469297090543757 0
    outer loop
      vertex -0.565363883972168 13.109968185424805 -16.389999389648438
      vertex -0.8359336853027344 13.018121719360352 -20.350000381469727
      vertex -0.565363883972168 13.109968185424805 -20.350000381469727
    endloop
  endfacet
  facet normal -0.19508841931665097 0.9807856588717693 0
    outer loop
      vertex 0.565363883972168 8.890031814575195 -20.350000381469727
      vertex 0.28512096405029297 8.834288597106934 -16.389999389648438
      vertex 0.565363883972168 8.890031814575195 -16.389999389648438
    endloop
  endfacet
  facet normal -0.19508841931665097 0.9807856588717693 0
    outer loop
      vertex 0.28512096405029297 8.834288597106934 -16.389999389648438
      vertex 0.565363883972168 8.890031814575195 -20.350000381469727
      vertex 0.28512096405029297 8.834288597106934 -20.350000381469727
    endloop
  endfacet
  facet normal 0.8968728474640444 -0.44228847541139593 0
    outer loop
      vertex -2.0181217193603516 11.835933685302734 -16.389999389648438
      vertex -1.8917455673217773 12.092199325561523 -20.350000381469727
      vertex -1.8917455673217773 12.092199325561523 -16.389999389648438
    endloop
  endfacet
  facet normal 0.8968728474640444 -0.44228847541139593 0
    outer loop
      vertex -1.8917455673217773 12.092199325561523 -20.350000381469727
      vertex -2.0181217193603516 11.835933685302734 -16.389999389648438
      vertex -2.0181217193603516 11.835933685302734 -20.350000381469727
    endloop
  endfacet
  facet normal -0.44228847541139593 0.8968728474640444 0
    outer loop
      vertex 1.0921993255615234 9.108254432678223 -20.350000381469727
      vertex 0.8359336853027344 8.981878280639648 -16.389999389648438
      vertex 1.0921993255615234 9.108254432678223 -16.389999389648438
    endloop
  endfacet
  facet normal -0.44228847541139593 0.8968728474640444 0
    outer loop
      vertex 0.8359336853027344 8.981878280639648 -16.389999389648438
      vertex 1.0921993255615234 9.108254432678223 -20.350000381469727
      vertex 0.8359336853027344 8.981878280639648 -20.350000381469727
    endloop
  endfacet
  facet normal -0.8314696032057105 0.5555702466339771 0
    outer loop
      vertex 1.7330007553100586 9.670222282409668 -20.350000381469727
      vertex 1.8917455673217773 9.907800674438477 -16.389999389648438
      vertex 1.8917455673217773 9.907800674438477 -20.350000381469727
    endloop
  endfacet
  facet normal -0.8314696032057105 0.5555702466339771 0
    outer loop
      vertex 1.8917455673217773 9.907800674438477 -16.389999389648438
      vertex 1.7330007553100586 9.670222282409668 -20.350000381469727
      vertex 1.7330007553100586 9.670222282409668 -16.389999389648438
    endloop
  endfacet
  facet normal -0.06540447645225649 0.9978588349360876 0
    outer loop
      vertex 0.28512096405029297 8.834288597106934 -20.350000381469727
      vertex 0 8.815600395202637 -16.389999389648438
      vertex 0.28512096405029297 8.834288597106934 -16.389999389648438
    endloop
  endfacet
  facet normal -0.06540447645225649 0.9978588349360876 0
    outer loop
      vertex 0 8.815600395202637 -16.389999389648438
      vertex 0.28512096405029297 8.834288597106934 -20.350000381469727
      vertex 0 8.815600395202637 -20.350000381469727
    endloop
  endfacet
  facet normal -0.32144070387895096 -0.9469297090543757 0
    outer loop
      vertex 0.565363883972168 13.109968185424805 -20.350000381469727
      vertex 0.8359336853027344 13.018121719360352 -16.389999389648438
      vertex 0.565363883972168 13.109968185424805 -16.389999389648438
    endloop
  endfacet
  facet normal -0.32144070387895096 -0.9469297090543757 0
    outer loop
      vertex 0.8359336853027344 13.018121719360352 -16.389999389648438
      vertex 0.565363883972168 13.109968185424805 -20.350000381469727
      vertex 0.8359336853027344 13.018121719360352 -20.350000381469727
    endloop
  endfacet
  facet normal -0.32144070387895096 0.9469297090543757 0
    outer loop
      vertex 0.8359336853027344 8.981878280639648 -20.350000381469727
      vertex 0.565363883972168 8.890031814575195 -16.389999389648438
      vertex 0.8359336853027344 8.981878280639648 -16.389999389648438
    endloop
  endfacet
  facet normal -0.32144070387895096 0.9469297090543757 0
    outer loop
      vertex 0.565363883972168 8.890031814575195 -16.389999389648438
      vertex 0.8359336853027344 8.981878280639648 -20.350000381469727
      vertex 0.565363883972168 8.890031814575195 -20.350000381469727
    endloop
  endfacet
  facet normal 0.9469297090543757 -0.32144070387895096 0
    outer loop
      vertex -2.1099681854248047 11.565363883972168 -16.389999389648438
      vertex -2.0181217193603516 11.835933685302734 -20.350000381469727
      vertex -2.0181217193603516 11.835933685302734 -16.389999389648438
    endloop
  endfacet
  facet normal 0.9469297090543757 -0.32144070387895096 0
    outer loop
      vertex -2.0181217193603516 11.835933685302734 -20.350000381469727
      vertex -2.1099681854248047 11.565363883972168 -16.389999389648438
      vertex -2.1099681854248047 11.565363883972168 -20.350000381469727
    endloop
  endfacet
  facet normal 0.5555702466339771 -0.8314696032057105 0
    outer loop
      vertex -1.329777717590332 12.733000755310059 -20.350000381469727
      vertex -1.0921993255615234 12.891745567321777 -16.389999389648438
      vertex -1.329777717590332 12.733000755310059 -16.389999389648438
    endloop
  endfacet
  facet normal 0.5555702466339771 -0.8314696032057105 0
    outer loop
      vertex -1.0921993255615234 12.891745567321777 -16.389999389648438
      vertex -1.329777717590332 12.733000755310059 -20.350000381469727
      vertex -1.0921993255615234 12.891745567321777 -20.350000381469727
    endloop
  endfacet
  facet normal 0.8968728474640444 0.44228847541139593 0
    outer loop
      vertex -1.8917455673217773 9.907800674438477 -16.389999389648438
      vertex -2.0181217193603516 10.164066314697266 -20.350000381469727
      vertex -2.0181217193603516 10.164066314697266 -16.389999389648438
    endloop
  endfacet
  facet normal 0.8968728474640444 0.44228847541139593 0
    outer loop
      vertex -2.0181217193603516 10.164066314697266 -20.350000381469727
      vertex -1.8917455673217773 9.907800674438477 -16.389999389648438
      vertex -1.8917455673217773 9.907800674438477 -20.350000381469727
    endloop
  endfacet
  facet normal 0.44228847541139593 0.8968728474640444 0
    outer loop
      vertex -0.8359336853027344 8.981878280639648 -20.350000381469727
      vertex -1.0921993255615234 9.108254432678223 -16.389999389648438
      vertex -0.8359336853027344 8.981878280639648 -16.389999389648438
    endloop
  endfacet
  facet normal 0.44228847541139593 0.8968728474640444 0
    outer loop
      vertex -1.0921993255615234 9.108254432678223 -16.389999389648438
      vertex -0.8359336853027344 8.981878280639648 -20.350000381469727
      vertex -1.0921993255615234 9.108254432678223 -20.350000381469727
    endloop
  endfacet
  facet normal 0.6593465791328393 -0.751839137439534 0
    outer loop
      vertex -1.5446033477783203 12.54460334777832 -20.350000381469727
      vertex -1.329777717590332 12.733000755310059 -16.389999389648438
      vertex -1.5446033477783203 12.54460334777832 -16.389999389648438
    endloop
  endfacet
  facet normal 0.6593465791328393 -0.751839137439534 0
    outer loop
      vertex -1.329777717590332 12.733000755310059 -16.389999389648438
      vertex -1.5446033477783203 12.54460334777832 -20.350000381469727
      vertex -1.329777717590332 12.733000755310059 -20.350000381469727
    endloop
  endfacet
  facet normal 0.6593465791328393 0.751839137439534 0
    outer loop
      vertex -1.329777717590332 9.266999244689941 -20.350000381469727
      vertex -1.5446033477783203 9.45539665222168 -16.389999389648438
      vertex -1.329777717590332 9.266999244689941 -16.389999389648438
    endloop
  endfacet
  facet normal 0.6593465791328393 0.751839137439534 0
    outer loop
      vertex -1.5446033477783203 9.45539665222168 -16.389999389648438
      vertex -1.329777717590332 9.266999244689941 -20.350000381469727
      vertex -1.5446033477783203 9.45539665222168 -20.350000381469727
    endloop
  endfacet
  facet normal 0.19508841931665097 0.9807856588717693 0
    outer loop
      vertex -0.28512096405029297 8.834288597106934 -20.350000381469727
      vertex -0.565363883972168 8.890031814575195 -16.389999389648438
      vertex -0.28512096405029297 8.834288597106934 -16.389999389648438
    endloop
  endfacet
  facet normal 0.19508841931665097 0.9807856588717693 0
    outer loop
      vertex -0.565363883972168 8.890031814575195 -16.389999389648438
      vertex -0.28512096405029297 8.834288597106934 -20.350000381469727
      vertex -0.565363883972168 8.890031814575195 -20.350000381469727
    endloop
  endfacet
  facet normal 0.32144070387895096 0.9469297090543757 0
    outer loop
      vertex -0.565363883972168 8.890031814575195 -20.350000381469727
      vertex -0.8359336853027344 8.981878280639648 -16.389999389648438
      vertex -0.565363883972168 8.890031814575195 -16.389999389648438
    endloop
  endfacet
  facet normal 0.32144070387895096 0.9469297090543757 0
    outer loop
      vertex -0.8359336853027344 8.981878280639648 -16.389999389648438
      vertex -0.565363883972168 8.890031814575195 -20.350000381469727
      vertex -0.8359336853027344 8.981878280639648 -20.350000381469727
    endloop
  endfacet
  facet normal 0.9807856588717693 0.19508841931665097 0
    outer loop
      vertex -2.1099681854248047 10.434636116027832 -16.389999389648438
      vertex -2.1657114028930664 10.714879035949707 -20.350000381469727
      vertex -2.1657114028930664 10.714879035949707 -16.389999389648438
    endloop
  endfacet
  facet normal 0.9807856588717693 0.19508841931665097 0
    outer loop
      vertex -2.1657114028930664 10.714879035949707 -20.350000381469727
      vertex -2.1099681854248047 10.434636116027832 -16.389999389648438
      vertex -2.1099681854248047 10.434636116027832 -20.350000381469727
    endloop
  endfacet
  facet normal 0.9978588349360876 0.06540447645225649 0
    outer loop
      vertex -2.1657114028930664 10.714879035949707 -16.389999389648438
      vertex -2.1843996047973633 11 -20.350000381469727
      vertex -2.1843996047973633 11 -16.389999389648438
    endloop
  endfacet
  facet normal 0.9978588349360876 0.06540447645225649 0
    outer loop
      vertex -2.1843996047973633 11 -20.350000381469727
      vertex -2.1657114028930664 10.714879035949707 -16.389999389648438
      vertex -2.1657114028930664 10.714879035949707 -20.350000381469727
    endloop
  endfacet
  facet normal -0.7518400530488212 0.6593455350812242 0
    outer loop
      vertex 2.4748735427856445 8.525126457214355 -16.389999389648438
      vertex 2.776736259460449 8.869335174560547 -14.000000953674316
      vertex 2.776736259460449 8.869335174560547 -16.389999389648438
    endloop
  endfacet
  facet normal -0.7518400530488212 0.6593455350812242 0
    outer loop
      vertex 2.776736259460449 8.869335174560547 -14.000000953674316
      vertex 2.4748735427856445 8.525126457214355 -16.389999389648438
      vertex 2.4748735427856445 8.525126457214355 -14.000000953674316
    endloop
  endfacet
  facet normal -0.9807854009010494 -0.19508971623170604 0
    outer loop
      vertex 3.4700565338134766 11.456841468811035 -16.389999389648438
      vertex 3.380740165710449 11.905866622924805 -14.000000953674316
      vertex 3.380740165710449 11.905866622924805 -16.389999389648438
    endloop
  endfacet
  facet normal -0.9807854009010494 -0.19508971623170604 0
    outer loop
      vertex 3.380740165710449 11.905866622924805 -14.000000953674316
      vertex 3.4700565338134766 11.456841468811035 -16.389999389648438
      vertex 3.4700565338134766 11.456841468811035 -14.000000953674316
    endloop
  endfacet
  facet normal -0.9978588527659149 -0.0654042044267184 0
    outer loop
      vertex 3.5 11 -16.389999389648438
      vertex 3.4700565338134766 11.456841468811035 -14.000000953674316
      vertex 3.4700565338134766 11.456841468811035 -16.389999389648438
    endloop
  endfacet
  facet normal -0.9978588527659149 -0.0654042044267184 0
    outer loop
      vertex 3.4700565338134766 11.456841468811035 -14.000000953674316
      vertex 3.5 11 -16.389999389648438
      vertex 3.5 11 -14.000000953674316
    endloop
  endfacet
  facet normal -0.19508971623170604 0.9807854009010494 0
    outer loop
      vertex 0.9058666229248047 7.619259834289551 -16.389999389648438
      vertex 0.45684146881103516 7.529943466186523 -14.000000953674316
      vertex 0.9058666229248047 7.619259834289551 -14.000000953674316
    endloop
  endfacet
  facet normal -0.19508971623170604 0.9807854009010494 0
    outer loop
      vertex 0.45684146881103516 7.529943466186523 -14.000000953674316
      vertex 0.9058666229248047 7.619259834289551 -16.389999389648438
      vertex 0.45684146881103516 7.529943466186523 -16.389999389648438
    endloop
  endfacet
  facet normal -0.6593455350812242 0.7518400530488212 0
    outer loop
      vertex 2.4748735427856445 8.525126457214355 -16.389999389648438
      vertex 2.130664825439453 8.22326374053955 -14.000000953674316
      vertex 2.4748735427856445 8.525126457214355 -14.000000953674316
    endloop
  endfacet
  facet normal -0.6593455350812242 0.7518400530488212 0
    outer loop
      vertex 2.130664825439453 8.22326374053955 -14.000000953674316
      vertex 2.4748735427856445 8.525126457214355 -16.389999389648438
      vertex 2.130664825439453 8.22326374053955 -16.389999389648438
    endloop
  endfacet
  facet normal -0.9978588527659149 0.0654042044267184 0
    outer loop
      vertex 3.4700565338134766 10.543158531188965 -16.389999389648438
      vertex 3.5 11 -14.000000953674316
      vertex 3.5 11 -16.389999389648438
    endloop
  endfacet
  facet normal -0.9978588527659149 0.0654042044267184 0
    outer loop
      vertex 3.5 11 -14.000000953674316
      vertex 3.4700565338134766 10.543158531188965 -16.389999389648438
      vertex 3.4700565338134766 10.543158531188965 -14.000000953674316
    endloop
  endfacet
  facet normal -0.5555709352218308 -0.8314691431055877 0
    outer loop
      vertex 1.75 14.031088829040527 -16.389999389648438
      vertex 2.130664825439453 13.77673625946045 -14.000000953674316
      vertex 1.75 14.031088829040527 -14.000000953674316
    endloop
  endfacet
  facet normal -0.5555709352218308 -0.8314691431055877 0
    outer loop
      vertex 2.130664825439453 13.77673625946045 -14.000000953674316
      vertex 1.75 14.031088829040527 -16.389999389648438
      vertex 2.130664825439453 13.77673625946045 -16.389999389648438
    endloop
  endfacet
  facet normal 0.7518400530488212 0.6593455350812242 0
    outer loop
      vertex -2.4748735427856445 8.525126457214355 -14.000000953674316
      vertex -2.776736259460449 8.869335174560547 -16.389999389648438
      vertex -2.776736259460449 8.869335174560547 -14.000000953674316
    endloop
  endfacet
  facet normal 0.7518400530488212 0.6593455350812242 0
    outer loop
      vertex -2.776736259460449 8.869335174560547 -16.389999389648438
      vertex -2.4748735427856445 8.525126457214355 -14.000000953674316
      vertex -2.4748735427856445 8.525126457214355 -16.389999389648438
    endloop
  endfacet
  facet normal -0.44228745739478836 0.8968733494932566 0
    outer loop
      vertex 1.75 7.968911170959473 -16.389999389648438
      vertex 1.3393917083740234 7.766422271728516 -14.000000953674316
      vertex 1.75 7.968911170959473 -14.000000953674316
    endloop
  endfacet
  facet normal -0.44228745739478836 0.8968733494932566 0
    outer loop
      vertex 1.3393917083740234 7.766422271728516 -14.000000953674316
      vertex 1.75 7.968911170959473 -16.389999389648438
      vertex 1.3393917083740234 7.766422271728516 -16.389999389648438
    endloop
  endfacet
  facet normal -0.44228745739478836 -0.8968733494932566 0
    outer loop
      vertex 1.3393917083740234 14.233577728271484 -16.389999389648438
      vertex 1.75 14.031088829040527 -14.000000953674316
      vertex 1.3393917083740234 14.233577728271484 -14.000000953674316
    endloop
  endfacet
  facet normal -0.44228745739478836 -0.8968733494932566 0
    outer loop
      vertex 1.75 14.031088829040527 -14.000000953674316
      vertex 1.3393917083740234 14.233577728271484 -16.389999389648438
      vertex 1.75 14.031088829040527 -16.389999389648438
    endloop
  endfacet
  facet normal -0.3214404462713611 -0.9469297965007057 0
    outer loop
      vertex 0.9058666229248047 14.38074016571045 -16.389999389648438
      vertex 1.3393917083740234 14.233577728271484 -14.000000953674316
      vertex 0.9058666229248047 14.38074016571045 -14.000000953674316
    endloop
  endfacet
  facet normal -0.3214404462713611 -0.9469297965007057 0
    outer loop
      vertex 1.3393917083740234 14.233577728271484 -14.000000953674316
      vertex 0.9058666229248047 14.38074016571045 -16.389999389648438
      vertex 1.3393917083740234 14.233577728271484 -16.389999389648438
    endloop
  endfacet
  facet normal -0.5555709352218308 0.8314691431055877 0
    outer loop
      vertex 2.130664825439453 8.22326374053955 -16.389999389648438
      vertex 1.75 7.968911170959473 -14.000000953674316
      vertex 2.130664825439453 8.22326374053955 -14.000000953674316
    endloop
  endfacet
  facet normal -0.5555709352218308 0.8314691431055877 0
    outer loop
      vertex 1.75 7.968911170959473 -14.000000953674316
      vertex 2.130664825439453 8.22326374053955 -16.389999389648438
      vertex 1.75 7.968911170959473 -16.389999389648438
    endloop
  endfacet
  facet normal -0.9469297965007057 -0.3214404462713611 0
    outer loop
      vertex 3.380740165710449 11.905866622924805 -16.389999389648438
      vertex 3.2335777282714844 12.339391708374023 -14.000000953674316
      vertex 3.2335777282714844 12.339391708374023 -16.389999389648438
    endloop
  endfacet
  facet normal -0.9469297965007057 -0.3214404462713611 0
    outer loop
      vertex 3.2335777282714844 12.339391708374023 -14.000000953674316
      vertex 3.380740165710449 11.905866622924805 -16.389999389648438
      vertex 3.380740165710449 11.905866622924805 -14.000000953674316
    endloop
  endfacet
  facet normal -0.9807854009010494 0.19508971623170604 0
    outer loop
      vertex 3.380740165710449 10.094133377075195 -16.389999389648438
      vertex 3.4700565338134766 10.543158531188965 -14.000000953674316
      vertex 3.4700565338134766 10.543158531188965 -16.389999389648438
    endloop
  endfacet
  facet normal -0.9807854009010494 0.19508971623170604 0
    outer loop
      vertex 3.4700565338134766 10.543158531188965 -14.000000953674316
      vertex 3.380740165710449 10.094133377075195 -16.389999389648438
      vertex 3.380740165710449 10.094133377075195 -14.000000953674316
    endloop
  endfacet
  facet normal 0.8314691431055877 0.5555709352218308 0
    outer loop
      vertex -2.776736259460449 8.869335174560547 -14.000000953674316
      vertex -3.0310888290405273 9.25 -16.389999389648438
      vertex -3.0310888290405273 9.25 -14.000000953674316
    endloop
  endfacet
  facet normal 0.8314691431055877 0.5555709352218308 0
    outer loop
      vertex -3.0310888290405273 9.25 -16.389999389648438
      vertex -2.776736259460449 8.869335174560547 -14.000000953674316
      vertex -2.776736259460449 8.869335174560547 -16.389999389648438
    endloop
  endfacet
  facet normal -0.0654042044267184 -0.9978588527659149 0
    outer loop
      vertex 0 14.5 -16.389999389648438
      vertex 0.45684146881103516 14.470056533813477 -14.000000953674316
      vertex 0 14.5 -14.000000953674316
    endloop
  endfacet
  facet normal -0.0654042044267184 -0.9978588527659149 0
    outer loop
      vertex 0.45684146881103516 14.470056533813477 -14.000000953674316
      vertex 0 14.5 -16.389999389648438
      vertex 0.45684146881103516 14.470056533813477 -16.389999389648438
    endloop
  endfacet
  facet normal 0.9807854009010494 0.19508971623170604 0
    outer loop
      vertex -3.380740165710449 10.094133377075195 -14.000000953674316
      vertex -3.4700565338134766 10.543158531188965 -16.389999389648438
      vertex -3.4700565338134766 10.543158531188965 -14.000000953674316
    endloop
  endfacet
  facet normal 0.9807854009010494 0.19508971623170604 0
    outer loop
      vertex -3.4700565338134766 10.543158531188965 -16.389999389648438
      vertex -3.380740165710449 10.094133377075195 -14.000000953674316
      vertex -3.380740165710449 10.094133377075195 -16.389999389648438
    endloop
  endfacet
  facet normal -0.3214404462713611 0.9469297965007057 0
    outer loop
      vertex 1.3393917083740234 7.766422271728516 -16.389999389648438
      vertex 0.9058666229248047 7.619259834289551 -14.000000953674316
      vertex 1.3393917083740234 7.766422271728516 -14.000000953674316
    endloop
  endfacet
  facet normal -0.3214404462713611 0.9469297965007057 0
    outer loop
      vertex 0.9058666229248047 7.619259834289551 -14.000000953674316
      vertex 1.3393917083740234 7.766422271728516 -16.389999389648438
      vertex 0.9058666229248047 7.619259834289551 -16.389999389648438
    endloop
  endfacet
  facet normal -0.8968733494932566 -0.44228745739478836 0
    outer loop
      vertex 3.2335777282714844 12.339391708374023 -16.389999389648438
      vertex 3.0310888290405273 12.75 -14.000000953674316
      vertex 3.0310888290405273 12.75 -16.389999389648438
    endloop
  endfacet
  facet normal -0.8968733494932566 -0.44228745739478836 0
    outer loop
      vertex 3.0310888290405273 12.75 -14.000000953674316
      vertex 3.2335777282714844 12.339391708374023 -16.389999389648438
      vertex 3.2335777282714844 12.339391708374023 -14.000000953674316
    endloop
  endfacet
  facet normal -0.8314691431055877 -0.5555709352218308 0
    outer loop
      vertex 3.0310888290405273 12.75 -16.389999389648438
      vertex 2.776736259460449 13.130664825439453 -14.000000953674316
      vertex 2.776736259460449 13.130664825439453 -16.389999389648438
    endloop
  endfacet
  facet normal -0.8314691431055877 -0.5555709352218308 0
    outer loop
      vertex 2.776736259460449 13.130664825439453 -14.000000953674316
      vertex 3.0310888290405273 12.75 -16.389999389648438
      vertex 3.0310888290405273 12.75 -14.000000953674316
    endloop
  endfacet
  facet normal 0.3214404462713611 0.9469297965007057 0
    outer loop
      vertex -0.9058666229248047 7.619259834289551 -16.389999389648438
      vertex -1.3393917083740234 7.766422271728516 -14.000000953674316
      vertex -0.9058666229248047 7.619259834289551 -14.000000953674316
    endloop
  endfacet
  facet normal 0.3214404462713611 0.9469297965007057 0
    outer loop
      vertex -1.3393917083740234 7.766422271728516 -14.000000953674316
      vertex -0.9058666229248047 7.619259834289551 -16.389999389648438
      vertex -1.3393917083740234 7.766422271728516 -16.389999389648438
    endloop
  endfacet
  facet normal 0.44228745739478836 -0.8968733494932566 0
    outer loop
      vertex -1.75 14.031088829040527 -16.389999389648438
      vertex -1.3393917083740234 14.233577728271484 -14.000000953674316
      vertex -1.75 14.031088829040527 -14.000000953674316
    endloop
  endfacet
  facet normal 0.44228745739478836 -0.8968733494932566 0
    outer loop
      vertex -1.3393917083740234 14.233577728271484 -14.000000953674316
      vertex -1.75 14.031088829040527 -16.389999389648438
      vertex -1.3393917083740234 14.233577728271484 -16.389999389648438
    endloop
  endfacet
  facet normal -0.9469297965007057 0.3214404462713611 0
    outer loop
      vertex 3.2335777282714844 9.660608291625977 -16.389999389648438
      vertex 3.380740165710449 10.094133377075195 -14.000000953674316
      vertex 3.380740165710449 10.094133377075195 -16.389999389648438
    endloop
  endfacet
  facet normal -0.9469297965007057 0.3214404462713611 0
    outer loop
      vertex 3.380740165710449 10.094133377075195 -14.000000953674316
      vertex 3.2335777282714844 9.660608291625977 -16.389999389648438
      vertex 3.2335777282714844 9.660608291625977 -14.000000953674316
    endloop
  endfacet
  facet normal 0.5555709352218308 0.8314691431055877 0
    outer loop
      vertex -1.75 7.968911170959473 -16.389999389648438
      vertex -2.130664825439453 8.22326374053955 -14.000000953674316
      vertex -1.75 7.968911170959473 -14.000000953674316
    endloop
  endfacet
  facet normal 0.5555709352218308 0.8314691431055877 0
    outer loop
      vertex -2.130664825439453 8.22326374053955 -14.000000953674316
      vertex -1.75 7.968911170959473 -16.389999389648438
      vertex -2.130664825439453 8.22326374053955 -16.389999389648438
    endloop
  endfacet
  facet normal 0.0654042044267184 -0.9978588527659149 0
    outer loop
      vertex -0.45684146881103516 14.470056533813477 -16.389999389648438
      vertex 0 14.5 -14.000000953674316
      vertex -0.45684146881103516 14.470056533813477 -14.000000953674316
    endloop
  endfacet
  facet normal 0.0654042044267184 -0.9978588527659149 0
    outer loop
      vertex 0 14.5 -14.000000953674316
      vertex -0.45684146881103516 14.470056533813477 -16.389999389648438
      vertex 0 14.5 -16.389999389648438
    endloop
  endfacet
  facet normal 0.6593455350812242 -0.7518400530488212 0
    outer loop
      vertex -2.4748735427856445 13.474873542785645 -16.389999389648438
      vertex -2.130664825439453 13.77673625946045 -14.000000953674316
      vertex -2.4748735427856445 13.474873542785645 -14.000000953674316
    endloop
  endfacet
  facet normal 0.6593455350812242 -0.7518400530488212 0
    outer loop
      vertex -2.130664825439453 13.77673625946045 -14.000000953674316
      vertex -2.4748735427856445 13.474873542785645 -16.389999389648438
      vertex -2.130664825439453 13.77673625946045 -16.389999389648438
    endloop
  endfacet
  facet normal 0.9469297965007057 -0.3214404462713611 0
    outer loop
      vertex -3.380740165710449 11.905866622924805 -14.000000953674316
      vertex -3.2335777282714844 12.339391708374023 -16.389999389648438
      vertex -3.2335777282714844 12.339391708374023 -14.000000953674316
    endloop
  endfacet
  facet normal 0.9469297965007057 -0.3214404462713611 0
    outer loop
      vertex -3.2335777282714844 12.339391708374023 -16.389999389648438
      vertex -3.380740165710449 11.905866622924805 -14.000000953674316
      vertex -3.380740165710449 11.905866622924805 -16.389999389648438
    endloop
  endfacet
  facet normal 0.9469297965007057 0.3214404462713611 0
    outer loop
      vertex -3.2335777282714844 9.660608291625977 -14.000000953674316
      vertex -3.380740165710449 10.094133377075195 -16.389999389648438
      vertex -3.380740165710449 10.094133377075195 -14.000000953674316
    endloop
  endfacet
  facet normal 0.9469297965007057 0.3214404462713611 0
    outer loop
      vertex -3.380740165710449 10.094133377075195 -16.389999389648438
      vertex -3.2335777282714844 9.660608291625977 -14.000000953674316
      vertex -3.2335777282714844 9.660608291625977 -16.389999389648438
    endloop
  endfacet
  facet normal 0.5555709352218308 -0.8314691431055877 0
    outer loop
      vertex -2.130664825439453 13.77673625946045 -16.389999389648438
      vertex -1.75 14.031088829040527 -14.000000953674316
      vertex -2.130664825439453 13.77673625946045 -14.000000953674316
    endloop
  endfacet
  facet normal 0.5555709352218308 -0.8314691431055877 0
    outer loop
      vertex -1.75 14.031088829040527 -14.000000953674316
      vertex -2.130664825439453 13.77673625946045 -16.389999389648438
      vertex -1.75 14.031088829040527 -16.389999389648438
    endloop
  endfacet
  facet normal -0.7518400530488212 -0.6593455350812242 0
    outer loop
      vertex 2.776736259460449 13.130664825439453 -16.389999389648438
      vertex 2.4748735427856445 13.474873542785645 -14.000000953674316
      vertex 2.4748735427856445 13.474873542785645 -16.389999389648438
    endloop
  endfacet
  facet normal -0.7518400530488212 -0.6593455350812242 0
    outer loop
      vertex 2.4748735427856445 13.474873542785645 -14.000000953674316
      vertex 2.776736259460449 13.130664825439453 -16.389999389648438
      vertex 2.776736259460449 13.130664825439453 -14.000000953674316
    endloop
  endfacet
  facet normal -0.19508971623170604 -0.9807854009010494 0
    outer loop
      vertex 0.45684146881103516 14.470056533813477 -16.389999389648438
      vertex 0.9058666229248047 14.38074016571045 -14.000000953674316
      vertex 0.45684146881103516 14.470056533813477 -14.000000953674316
    endloop
  endfacet
  facet normal -0.19508971623170604 -0.9807854009010494 0
    outer loop
      vertex 0.9058666229248047 14.38074016571045 -14.000000953674316
      vertex 0.45684146881103516 14.470056533813477 -16.389999389648438
      vertex 0.9058666229248047 14.38074016571045 -16.389999389648438
    endloop
  endfacet
  facet normal 0.3214404462713611 -0.9469297965007057 0
    outer loop
      vertex -1.3393917083740234 14.233577728271484 -16.389999389648438
      vertex -0.9058666229248047 14.38074016571045 -14.000000953674316
      vertex -1.3393917083740234 14.233577728271484 -14.000000953674316
    endloop
  endfacet
  facet normal 0.3214404462713611 -0.9469297965007057 0
    outer loop
      vertex -0.9058666229248047 14.38074016571045 -14.000000953674316
      vertex -1.3393917083740234 14.233577728271484 -16.389999389648438
      vertex -0.9058666229248047 14.38074016571045 -16.389999389648438
    endloop
  endfacet
  facet normal 0.8968733494932566 0.44228745739478836 0
    outer loop
      vertex -3.0310888290405273 9.25 -14.000000953674316
      vertex -3.2335777282714844 9.660608291625977 -16.389999389648438
      vertex -3.2335777282714844 9.660608291625977 -14.000000953674316
    endloop
  endfacet
  facet normal 0.8968733494932566 0.44228745739478836 0
    outer loop
      vertex -3.2335777282714844 9.660608291625977 -16.389999389648438
      vertex -3.0310888290405273 9.25 -14.000000953674316
      vertex -3.0310888290405273 9.25 -16.389999389648438
    endloop
  endfacet
  facet normal 0.19508971623170604 -0.9807854009010494 0
    outer loop
      vertex -0.9058666229248047 14.38074016571045 -16.389999389648438
      vertex -0.45684146881103516 14.470056533813477 -14.000000953674316
      vertex -0.9058666229248047 14.38074016571045 -14.000000953674316
    endloop
  endfacet
  facet normal 0.19508971623170604 -0.9807854009010494 0
    outer loop
      vertex -0.45684146881103516 14.470056533813477 -14.000000953674316
      vertex -0.9058666229248047 14.38074016571045 -16.389999389648438
      vertex -0.45684146881103516 14.470056533813477 -16.389999389648438
    endloop
  endfacet
  facet normal 0.0654042044267184 0.9978588527659149 0
    outer loop
      vertex 0 7.5 -16.389999389648438
      vertex -0.45684146881103516 7.529943466186523 -14.000000953674316
      vertex 0 7.5 -14.000000953674316
    endloop
  endfacet
  facet normal 0.0654042044267184 0.9978588527659149 0
    outer loop
      vertex -0.45684146881103516 7.529943466186523 -14.000000953674316
      vertex 0 7.5 -16.389999389648438
      vertex -0.45684146881103516 7.529943466186523 -16.389999389648438
    endloop
  endfacet
  facet normal -0.8968733494932566 0.44228745739478836 0
    outer loop
      vertex 3.0310888290405273 9.25 -16.389999389648438
      vertex 3.2335777282714844 9.660608291625977 -14.000000953674316
      vertex 3.2335777282714844 9.660608291625977 -16.389999389648438
    endloop
  endfacet
  facet normal -0.8968733494932566 0.44228745739478836 0
    outer loop
      vertex 3.2335777282714844 9.660608291625977 -14.000000953674316
      vertex 3.0310888290405273 9.25 -16.389999389648438
      vertex 3.0310888290405273 9.25 -14.000000953674316
    endloop
  endfacet
  facet normal 0.7518400530488212 -0.6593455350812242 0
    outer loop
      vertex -2.776736259460449 13.130664825439453 -14.000000953674316
      vertex -2.4748735427856445 13.474873542785645 -16.389999389648438
      vertex -2.4748735427856445 13.474873542785645 -14.000000953674316
    endloop
  endfacet
  facet normal 0.7518400530488212 -0.6593455350812242 0
    outer loop
      vertex -2.4748735427856445 13.474873542785645 -16.389999389648438
      vertex -2.776736259460449 13.130664825439453 -14.000000953674316
      vertex -2.776736259460449 13.130664825439453 -16.389999389648438
    endloop
  endfacet
  facet normal -0.6593455350812242 -0.7518400530488212 0
    outer loop
      vertex 2.130664825439453 13.77673625946045 -16.389999389648438
      vertex 2.4748735427856445 13.474873542785645 -14.000000953674316
      vertex 2.130664825439453 13.77673625946045 -14.000000953674316
    endloop
  endfacet
  facet normal -0.6593455350812242 -0.7518400530488212 0
    outer loop
      vertex 2.4748735427856445 13.474873542785645 -14.000000953674316
      vertex 2.130664825439453 13.77673625946045 -16.389999389648438
      vertex 2.4748735427856445 13.474873542785645 -16.389999389648438
    endloop
  endfacet
  facet normal -0.8314691431055877 0.5555709352218308 0
    outer loop
      vertex 2.776736259460449 8.869335174560547 -16.389999389648438
      vertex 3.0310888290405273 9.25 -14.000000953674316
      vertex 3.0310888290405273 9.25 -16.389999389648438
    endloop
  endfacet
  facet normal -0.8314691431055877 0.5555709352218308 0
    outer loop
      vertex 3.0310888290405273 9.25 -14.000000953674316
      vertex 2.776736259460449 8.869335174560547 -16.389999389648438
      vertex 2.776736259460449 8.869335174560547 -14.000000953674316
    endloop
  endfacet
  facet normal 0.9978588527659149 -0.0654042044267184 0
    outer loop
      vertex -3.5 11 -14.000000953674316
      vertex -3.4700565338134766 11.456841468811035 -16.389999389648438
      vertex -3.4700565338134766 11.456841468811035 -14.000000953674316
    endloop
  endfacet
  facet normal 0.9978588527659149 -0.0654042044267184 0
    outer loop
      vertex -3.4700565338134766 11.456841468811035 -16.389999389648438
      vertex -3.5 11 -14.000000953674316
      vertex -3.5 11 -16.389999389648438
    endloop
  endfacet
  facet normal 0.44228745739478836 0.8968733494932566 0
    outer loop
      vertex -1.3393917083740234 7.766422271728516 -16.389999389648438
      vertex -1.75 7.968911170959473 -14.000000953674316
      vertex -1.3393917083740234 7.766422271728516 -14.000000953674316
    endloop
  endfacet
  facet normal 0.44228745739478836 0.8968733494932566 0
    outer loop
      vertex -1.75 7.968911170959473 -14.000000953674316
      vertex -1.3393917083740234 7.766422271728516 -16.389999389648438
      vertex -1.75 7.968911170959473 -16.389999389648438
    endloop
  endfacet
  facet normal 0.9807854009010494 -0.19508971623170604 0
    outer loop
      vertex -3.4700565338134766 11.456841468811035 -14.000000953674316
      vertex -3.380740165710449 11.905866622924805 -16.389999389648438
      vertex -3.380740165710449 11.905866622924805 -14.000000953674316
    endloop
  endfacet
  facet normal 0.9807854009010494 -0.19508971623170604 0
    outer loop
      vertex -3.380740165710449 11.905866622924805 -16.389999389648438
      vertex -3.4700565338134766 11.456841468811035 -14.000000953674316
      vertex -3.4700565338134766 11.456841468811035 -16.389999389648438
    endloop
  endfacet
  facet normal -0.0654042044267184 0.9978588527659149 0
    outer loop
      vertex 0.45684146881103516 7.529943466186523 -16.389999389648438
      vertex 0 7.5 -14.000000953674316
      vertex 0.45684146881103516 7.529943466186523 -14.000000953674316
    endloop
  endfacet
  facet normal -0.0654042044267184 0.9978588527659149 0
    outer loop
      vertex 0 7.5 -14.000000953674316
      vertex 0.45684146881103516 7.529943466186523 -16.389999389648438
      vertex 0 7.5 -16.389999389648438
    endloop
  endfacet
  facet normal 0.8968733494932566 -0.44228745739478836 0
    outer loop
      vertex -3.2335777282714844 12.339391708374023 -14.000000953674316
      vertex -3.0310888290405273 12.75 -16.389999389648438
      vertex -3.0310888290405273 12.75 -14.000000953674316
    endloop
  endfacet
  facet normal 0.8968733494932566 -0.44228745739478836 0
    outer loop
      vertex -3.0310888290405273 12.75 -16.389999389648438
      vertex -3.2335777282714844 12.339391708374023 -14.000000953674316
      vertex -3.2335777282714844 12.339391708374023 -16.389999389648438
    endloop
  endfacet
  facet normal 0.8314691431055877 -0.5555709352218308 0
    outer loop
      vertex -3.0310888290405273 12.75 -14.000000953674316
      vertex -2.776736259460449 13.130664825439453 -16.389999389648438
      vertex -2.776736259460449 13.130664825439453 -14.000000953674316
    endloop
  endfacet
  facet normal 0.8314691431055877 -0.5555709352218308 0
    outer loop
      vertex -2.776736259460449 13.130664825439453 -16.389999389648438
      vertex -3.0310888290405273 12.75 -14.000000953674316
      vertex -3.0310888290405273 12.75 -16.389999389648438
    endloop
  endfacet
  facet normal 0.6593455350812242 0.7518400530488212 0
    outer loop
      vertex -2.130664825439453 8.22326374053955 -16.389999389648438
      vertex -2.4748735427856445 8.525126457214355 -14.000000953674316
      vertex -2.130664825439453 8.22326374053955 -14.000000953674316
    endloop
  endfacet
  facet normal 0.6593455350812242 0.7518400530488212 0
    outer loop
      vertex -2.4748735427856445 8.525126457214355 -14.000000953674316
      vertex -2.130664825439453 8.22326374053955 -16.389999389648438
      vertex -2.4748735427856445 8.525126457214355 -16.389999389648438
    endloop
  endfacet
  facet normal 0.19508971623170604 0.9807854009010494 0
    outer loop
      vertex -0.45684146881103516 7.529943466186523 -16.389999389648438
      vertex -0.9058666229248047 7.619259834289551 -14.000000953674316
      vertex -0.45684146881103516 7.529943466186523 -14.000000953674316
    endloop
  endfacet
  facet normal 0.19508971623170604 0.9807854009010494 0
    outer loop
      vertex -0.9058666229248047 7.619259834289551 -14.000000953674316
      vertex -0.45684146881103516 7.529943466186523 -16.389999389648438
      vertex -0.9058666229248047 7.619259834289551 -16.389999389648438
    endloop
  endfacet
  facet normal 0.9978588527659149 0.0654042044267184 0
    outer loop
      vertex -3.4700565338134766 10.543158531188965 -14.000000953674316
      vertex -3.5 11 -16.389999389648438
      vertex -3.5 11 -14.000000953674316
    endloop
  endfacet
  facet normal 0.9978588527659149 0.0654042044267184 0
    outer loop
      vertex -3.5 11 -16.389999389648438
      vertex -3.4700565338134766 10.543158531188965 -14.000000953674316
      vertex -3.4700565338134766 10.543158531188965 -16.389999389648438
    endloop
  endfacet
  facet normal 0 0 1
    outer loop
      vertex 2.1843996047973633 11 -16.389999389648438
      vertex 3.5 11 -16.389999389648438
      vertex 3.4700565338134766 11.456841468811035 -16.389999389648438
    endloop
  endfacet
  facet normal 0 0 1
    outer loop
      vertex 2.1657114028930664 11.285120964050293 -16.389999389648438
      vertex 3.4700565338134766 11.456841468811035 -16.389999389648438
      vertex 3.380740165710449 11.905866622924805 -16.389999389648438
    endloop
  endfacet
  facet normal 0 0 1
    outer loop
      vertex 3.5 11 -16.389999389648438
      vertex 2.1843996047973633 11 -16.389999389648438
      vertex 3.4700565338134766 10.543158531188965 -16.389999389648438
    endloop
  endfacet
  facet normal 0 0 1
    outer loop
      vertex 2.1099681854248047 11.565363883972168 -16.389999389648438
      vertex 3.380740165710449 11.905866622924805 -16.389999389648438
      vertex 3.2335777282714844 12.339391708374023 -16.389999389648438
    endloop
  endfacet
  facet normal 0 0 1
    outer loop
      vertex 2.1657114028930664 10.714879035949707 -16.389999389648438
      vertex 3.4700565338134766 10.543158531188965 -16.389999389648438
      vertex 2.1843996047973633 11 -16.389999389648438
    endloop
  endfacet
  facet normal 0 0 1
    outer loop
      vertex 2.0181217193603516 11.835933685302734 -16.389999389648438
      vertex 3.2335777282714844 12.339391708374023 -16.389999389648438
      vertex 3.0310888290405273 12.75 -16.389999389648438
    endloop
  endfacet
  facet normal 0 0 1
    outer loop
      vertex 3.4700565338134766 10.543158531188965 -16.389999389648438
      vertex 2.1657114028930664 10.714879035949707 -16.389999389648438
      vertex 3.380740165710449 10.094133377075195 -16.389999389648438
    endloop
  endfacet
  facet normal 0 0 1
    outer loop
      vertex 1.8917455673217773 12.092199325561523 -16.389999389648438
      vertex 3.0310888290405273 12.75 -16.389999389648438
      vertex 2.776736259460449 13.130664825439453 -16.389999389648438
    endloop
  endfacet
  facet normal 0 0 1
    outer loop
      vertex 2.1099681854248047 10.434636116027832 -16.389999389648438
      vertex 3.380740165710449 10.094133377075195 -16.389999389648438
      vertex 2.1657114028930664 10.714879035949707 -16.389999389648438
    endloop
  endfacet
  facet normal 0 0 1
    outer loop
      vertex 1.7330007553100586 12.329777717590332 -16.389999389648438
      vertex 2.776736259460449 13.130664825439453 -16.389999389648438
      vertex 2.4748735427856445 13.474873542785645 -16.389999389648438
    endloop
  endfacet
  facet normal 0 0 1
    outer loop
      vertex 3.380740165710449 10.094133377075195 -16.389999389648438
      vertex 2.1099681854248047 10.434636116027832 -16.389999389648438
      vertex 3.2335777282714844 9.660608291625977 -16.389999389648438
    endloop
  endfacet
  facet normal 0 0 1
    outer loop
      vertex 2.0181217193603516 10.164066314697266 -16.389999389648438
      vertex 3.2335777282714844 9.660608291625977 -16.389999389648438
      vertex 2.1099681854248047 10.434636116027832 -16.389999389648438
    endloop
  endfacet
  facet normal 0 0 1
    outer loop
      vertex 3.4700565338134766 11.456841468811035 -16.389999389648438
      vertex 2.1657114028930664 11.285120964050293 -16.389999389648438
      vertex 2.1843996047973633 11 -16.389999389648438
    endloop
  endfacet
  facet normal 0 0 1
    outer loop
      vertex 1.5446033477783203 12.54460334777832 -16.389999389648438
      vertex 2.4748735427856445 13.474873542785645 -16.389999389648438
      vertex 2.130664825439453 13.77673625946045 -16.389999389648438
    endloop
  endfacet
  facet normal 0 0 1
    outer loop
      vertex 3.380740165710449 11.905866622924805 -16.389999389648438
      vertex 2.1099681854248047 11.565363883972168 -16.389999389648438
      vertex 2.1657114028930664 11.285120964050293 -16.389999389648438
    endloop
  endfacet
  facet normal 0 0 1
    outer loop
      vertex 3.2335777282714844 12.339391708374023 -16.389999389648438
      vertex 2.0181217193603516 11.835933685302734 -16.389999389648438
      vertex 2.1099681854248047 11.565363883972168 -16.389999389648438
    endloop
  endfacet
  facet normal 0 0 1
    outer loop
      vertex 3.0310888290405273 12.75 -16.389999389648438
      vertex 1.8917455673217773 12.092199325561523 -16.389999389648438
      vertex 2.0181217193603516 11.835933685302734 -16.389999389648438
    endloop
  endfacet
  facet normal 0 0 1
    outer loop
      vertex 1.329777717590332 12.733000755310059 -16.389999389648438
      vertex 2.130664825439453 13.77673625946045 -16.389999389648438
      vertex 1.75 14.031088829040527 -16.389999389648438
    endloop
  endfacet
  facet normal 0 0 1
    outer loop
      vertex 2.776736259460449 13.130664825439453 -16.389999389648438
      vertex 1.7330007553100586 12.329777717590332 -16.389999389648438
      vertex 1.8917455673217773 12.092199325561523 -16.389999389648438
    endloop
  endfacet
  facet normal 0 0 1
    outer loop
      vertex 2.4748735427856445 13.474873542785645 -16.389999389648438
      vertex 1.5446033477783203 12.54460334777832 -16.389999389648438
      vertex 1.7330007553100586 12.329777717590332 -16.389999389648438
    endloop
  endfacet
  facet normal 0 0 1
    outer loop
      vertex 1.0921993255615234 12.891745567321777 -16.389999389648438
      vertex 1.75 14.031088829040527 -16.389999389648438
      vertex 1.3393917083740234 14.233577728271484 -16.389999389648438
    endloop
  endfacet
  facet normal 0 0 1
    outer loop
      vertex 2.130664825439453 13.77673625946045 -16.389999389648438
      vertex 1.329777717590332 12.733000755310059 -16.389999389648438
      vertex 1.5446033477783203 12.54460334777832 -16.389999389648438
    endloop
  endfacet
  facet normal 0 0 1
    outer loop
      vertex 1.75 14.031088829040527 -16.389999389648438
      vertex 1.0921993255615234 12.891745567321777 -16.389999389648438
      vertex 1.329777717590332 12.733000755310059 -16.389999389648438
    endloop
  endfacet
  facet normal 0 0 1
    outer loop
      vertex 0.8359336853027344 13.018121719360352 -16.389999389648438
      vertex 1.3393917083740234 14.233577728271484 -16.389999389648438
      vertex 0.9058666229248047 14.38074016571045 -16.389999389648438
    endloop
  endfacet
  facet normal 0 0 1
    outer loop
      vertex 1.3393917083740234 14.233577728271484 -16.389999389648438
      vertex 0.8359336853027344 13.018121719360352 -16.389999389648438
      vertex 1.0921993255615234 12.891745567321777 -16.389999389648438
    endloop
  endfacet
  facet normal 0 0 1
    outer loop
      vertex 0.9058666229248047 14.38074016571045 -16.389999389648438
      vertex 0.565363883972168 13.109968185424805 -16.389999389648438
      vertex 0.8359336853027344 13.018121719360352 -16.389999389648438
    endloop
  endfacet
  facet normal 0 0 1
    outer loop
      vertex 0.45684146881103516 14.470056533813477 -16.389999389648438
      vertex 0.565363883972168 13.109968185424805 -16.389999389648438
      vertex 0.9058666229248047 14.38074016571045 -16.389999389648438
    endloop
  endfacet
  facet normal 0 0 1
    outer loop
      vertex 0.45684146881103516 14.470056533813477 -16.389999389648438
      vertex 0.28512096405029297 13.165711402893066 -16.389999389648438
      vertex 0.565363883972168 13.109968185424805 -16.389999389648438
    endloop
  endfacet
  facet normal 0 0 1
    outer loop
      vertex 0 14.5 -16.389999389648438
      vertex 0.28512096405029297 13.165711402893066 -16.389999389648438
      vertex 0.45684146881103516 14.470056533813477 -16.389999389648438
    endloop
  endfacet
  facet normal 0 0 1
    outer loop
      vertex 0 14.5 -16.389999389648438
      vertex 0 13.184399604797363 -16.389999389648438
      vertex 0.28512096405029297 13.165711402893066 -16.389999389648438
    endloop
  endfacet
  facet normal 0 0 1
    outer loop
      vertex 0 14.5 -16.389999389648438
      vertex -0.28512096405029297 13.165711402893066 -16.389999389648438
      vertex 0 13.184399604797363 -16.389999389648438
    endloop
  endfacet
  facet normal 0 0 1
    outer loop
      vertex -0.45684146881103516 14.470056533813477 -16.389999389648438
      vertex -0.28512096405029297 13.165711402893066 -16.389999389648438
      vertex 0 14.5 -16.389999389648438
    endloop
  endfacet
  facet normal 0 0 1
    outer loop
      vertex -0.45684146881103516 14.470056533813477 -16.389999389648438
      vertex -0.565363883972168 13.109968185424805 -16.389999389648438
      vertex -0.28512096405029297 13.165711402893066 -16.389999389648438
    endloop
  endfacet
  facet normal 0 0 1
    outer loop
      vertex -0.9058666229248047 14.38074016571045 -16.389999389648438
      vertex -0.565363883972168 13.109968185424805 -16.389999389648438
      vertex -0.45684146881103516 14.470056533813477 -16.389999389648438
    endloop
  endfacet
  facet normal 0 0 1
    outer loop
      vertex -0.565363883972168 13.109968185424805 -16.389999389648438
      vertex -0.9058666229248047 14.38074016571045 -16.389999389648438
      vertex -0.8359336853027344 13.018121719360352 -16.389999389648438
    endloop
  endfacet
  facet normal 0 0 1
    outer loop
      vertex -1.3393917083740234 14.233577728271484 -16.389999389648438
      vertex -0.8359336853027344 13.018121719360352 -16.389999389648438
      vertex -0.9058666229248047 14.38074016571045 -16.389999389648438
    endloop
  endfacet
  facet normal 0 0 1
    outer loop
      vertex -0.8359336853027344 13.018121719360352 -16.389999389648438
      vertex -1.3393917083740234 14.233577728271484 -16.389999389648438
      vertex -1.0921993255615234 12.891745567321777 -16.389999389648438
    endloop
  endfacet
  facet normal 0 0 1
    outer loop
      vertex -1.75 14.031088829040527 -16.389999389648438
      vertex -1.0921993255615234 12.891745567321777 -16.389999389648438
      vertex -1.3393917083740234 14.233577728271484 -16.389999389648438
    endloop
  endfacet
  facet normal 0 0 1
    outer loop
      vertex -1.0921993255615234 12.891745567321777 -16.389999389648438
      vertex -1.75 14.031088829040527 -16.389999389648438
      vertex -1.329777717590332 12.733000755310059 -16.389999389648438
    endloop
  endfacet
  facet normal 0 0 1
    outer loop
      vertex -2.130664825439453 13.77673625946045 -16.389999389648438
      vertex -1.329777717590332 12.733000755310059 -16.389999389648438
      vertex -1.75 14.031088829040527 -16.389999389648438
    endloop
  endfacet
  facet normal 0 0 1
    outer loop
      vertex -1.329777717590332 12.733000755310059 -16.389999389648438
      vertex -2.130664825439453 13.77673625946045 -16.389999389648438
      vertex -1.5446033477783203 12.54460334777832 -16.389999389648438
    endloop
  endfacet
  facet normal 0 0 1
    outer loop
      vertex -2.4748735427856445 13.474873542785645 -16.389999389648438
      vertex -1.5446033477783203 12.54460334777832 -16.389999389648438
      vertex -2.130664825439453 13.77673625946045 -16.389999389648438
    endloop
  endfacet
  facet normal 0 0 1
    outer loop
      vertex -1.5446033477783203 12.54460334777832 -16.389999389648438
      vertex -2.4748735427856445 13.474873542785645 -16.389999389648438
      vertex -1.7330007553100586 12.329777717590332 -16.389999389648438
    endloop
  endfacet
  facet normal 0 0 1
    outer loop
      vertex -2.776736259460449 13.130664825439453 -16.389999389648438
      vertex -1.7330007553100586 12.329777717590332 -16.389999389648438
      vertex -2.4748735427856445 13.474873542785645 -16.389999389648438
    endloop
  endfacet
  facet normal 0 0 1
    outer loop
      vertex -1.7330007553100586 12.329777717590332 -16.389999389648438
      vertex -2.776736259460449 13.130664825439453 -16.389999389648438
      vertex -1.8917455673217773 12.092199325561523 -16.389999389648438
    endloop
  endfacet
  facet normal 0 0 1
    outer loop
      vertex -3.0310888290405273 12.75 -16.389999389648438
      vertex -1.8917455673217773 12.092199325561523 -16.389999389648438
      vertex -2.776736259460449 13.130664825439453 -16.389999389648438
    endloop
  endfacet
  facet normal 0 0 1
    outer loop
      vertex -1.8917455673217773 12.092199325561523 -16.389999389648438
      vertex -3.0310888290405273 12.75 -16.389999389648438
      vertex -2.0181217193603516 11.835933685302734 -16.389999389648438
    endloop
  endfacet
  facet normal 0 0 1
    outer loop
      vertex -3.2335777282714844 12.339391708374023 -16.389999389648438
      vertex -2.0181217193603516 11.835933685302734 -16.389999389648438
      vertex -3.0310888290405273 12.75 -16.389999389648438
    endloop
  endfacet
  facet normal 0 0 1
    outer loop
      vertex 3.2335777282714844 9.660608291625977 -16.389999389648438
      vertex 2.0181217193603516 10.164066314697266 -16.389999389648438
      vertex 3.0310888290405273 9.25 -16.389999389648438
    endloop
  endfacet
  facet normal 0 0 1
    outer loop
      vertex 1.8917455673217773 9.907800674438477 -16.389999389648438
      vertex 3.0310888290405273 9.25 -16.389999389648438
      vertex 2.0181217193603516 10.164066314697266 -16.389999389648438
    endloop
  endfacet
  facet normal 0 0 1
    outer loop
      vertex 3.0310888290405273 9.25 -16.389999389648438
      vertex 1.8917455673217773 9.907800674438477 -16.389999389648438
      vertex 2.776736259460449 8.869335174560547 -16.389999389648438
    endloop
  endfacet
  facet normal 0 0 1
    outer loop
      vertex 1.7330007553100586 9.670222282409668 -16.389999389648438
      vertex 2.776736259460449 8.869335174560547 -16.389999389648438
      vertex 1.8917455673217773 9.907800674438477 -16.389999389648438
    endloop
  endfacet
  facet normal 0 0 1
    outer loop
      vertex 2.776736259460449 8.869335174560547 -16.389999389648438
      vertex 1.7330007553100586 9.670222282409668 -16.389999389648438
      vertex 2.4748735427856445 8.525126457214355 -16.389999389648438
    endloop
  endfacet
  facet normal 0 0 1
    outer loop
      vertex 1.5446033477783203 9.45539665222168 -16.389999389648438
      vertex 2.4748735427856445 8.525126457214355 -16.389999389648438
      vertex 1.7330007553100586 9.670222282409668 -16.389999389648438
    endloop
  endfacet
  facet normal 0 0 1
    outer loop
      vertex 2.4748735427856445 8.525126457214355 -16.389999389648438
      vertex 1.5446033477783203 9.45539665222168 -16.389999389648438
      vertex 2.130664825439453 8.22326374053955 -16.389999389648438
    endloop
  endfacet
  facet normal 0 0 1
    outer loop
      vertex 1.329777717590332 9.266999244689941 -16.389999389648438
      vertex 2.130664825439453 8.22326374053955 -16.389999389648438
      vertex 1.5446033477783203 9.45539665222168 -16.389999389648438
    endloop
  endfacet
  facet normal 0 0 1
    outer loop
      vertex 2.130664825439453 8.22326374053955 -16.389999389648438
      vertex 1.329777717590332 9.266999244689941 -16.389999389648438
      vertex 1.75 7.968911170959473 -16.389999389648438
    endloop
  endfacet
  facet normal 0 0 1
    outer loop
      vertex 1.0921993255615234 9.108254432678223 -16.389999389648438
      vertex 1.75 7.968911170959473 -16.389999389648438
      vertex 1.329777717590332 9.266999244689941 -16.389999389648438
    endloop
  endfacet
  facet normal 0 0 1
    outer loop
      vertex 1.75 7.968911170959473 -16.389999389648438
      vertex 1.0921993255615234 9.108254432678223 -16.389999389648438
      vertex 1.3393917083740234 7.766422271728516 -16.389999389648438
    endloop
  endfacet
  facet normal 0 0 1
    outer loop
      vertex 0.8359336853027344 8.981878280639648 -16.389999389648438
      vertex 1.3393917083740234 7.766422271728516 -16.389999389648438
      vertex 1.0921993255615234 9.108254432678223 -16.389999389648438
    endloop
  endfacet
  facet normal 0 0 1
    outer loop
      vertex 1.3393917083740234 7.766422271728516 -16.389999389648438
      vertex 0.8359336853027344 8.981878280639648 -16.389999389648438
      vertex 0.9058666229248047 7.619259834289551 -16.389999389648438
    endloop
  endfacet
  facet normal 0 0 1
    outer loop
      vertex 0.565363883972168 8.890031814575195 -16.389999389648438
      vertex 0.9058666229248047 7.619259834289551 -16.389999389648438
      vertex 0.8359336853027344 8.981878280639648 -16.389999389648438
    endloop
  endfacet
  facet normal 0 0 1
    outer loop
      vertex 0.565363883972168 8.890031814575195 -16.389999389648438
      vertex 0.45684146881103516 7.529943466186523 -16.389999389648438
      vertex 0.9058666229248047 7.619259834289551 -16.389999389648438
    endloop
  endfacet
  facet normal 0 0 1
    outer loop
      vertex 0.28512096405029297 8.834288597106934 -16.389999389648438
      vertex 0.45684146881103516 7.529943466186523 -16.389999389648438
      vertex 0.565363883972168 8.890031814575195 -16.389999389648438
    endloop
  endfacet
  facet normal 0 0 1
    outer loop
      vertex 0 8.815600395202637 -16.389999389648438
      vertex 0.45684146881103516 7.529943466186523 -16.389999389648438
      vertex 0.28512096405029297 8.834288597106934 -16.389999389648438
    endloop
  endfacet
  facet normal 0 0 1
    outer loop
      vertex 0 8.815600395202637 -16.389999389648438
      vertex 0 7.5 -16.389999389648438
      vertex 0.45684146881103516 7.529943466186523 -16.389999389648438
    endloop
  endfacet
  facet normal 0 0 1
    outer loop
      vertex -0.28512096405029297 8.834288597106934 -16.389999389648438
      vertex 0 7.5 -16.389999389648438
      vertex 0 8.815600395202637 -16.389999389648438
    endloop
  endfacet
  facet normal 0 0 1
    outer loop
      vertex -0.28512096405029297 8.834288597106934 -16.389999389648438
      vertex -0.45684146881103516 7.529943466186523 -16.389999389648438
      vertex 0 7.5 -16.389999389648438
    endloop
  endfacet
  facet normal 0 0 1
    outer loop
      vertex -0.565363883972168 8.890031814575195 -16.389999389648438
      vertex -0.45684146881103516 7.529943466186523 -16.389999389648438
      vertex -0.28512096405029297 8.834288597106934 -16.389999389648438
    endloop
  endfacet
  facet normal 0 0 1
    outer loop
      vertex -0.9058666229248047 7.619259834289551 -16.389999389648438
      vertex -0.565363883972168 8.890031814575195 -16.389999389648438
      vertex -0.8359336853027344 8.981878280639648 -16.389999389648438
    endloop
  endfacet
  facet normal 0 0 1
    outer loop
      vertex -0.565363883972168 8.890031814575195 -16.389999389648438
      vertex -0.9058666229248047 7.619259834289551 -16.389999389648438
      vertex -0.45684146881103516 7.529943466186523 -16.389999389648438
    endloop
  endfacet
  facet normal 0 0 1
    outer loop
      vertex -1.3393917083740234 7.766422271728516 -16.389999389648438
      vertex -0.8359336853027344 8.981878280639648 -16.389999389648438
      vertex -1.0921993255615234 9.108254432678223 -16.389999389648438
    endloop
  endfacet
  facet normal 0 0 1
    outer loop
      vertex -1.75 7.968911170959473 -16.389999389648438
      vertex -1.0921993255615234 9.108254432678223 -16.389999389648438
      vertex -1.329777717590332 9.266999244689941 -16.389999389648438
    endloop
  endfacet
  facet normal 0 0 1
    outer loop
      vertex -0.8359336853027344 8.981878280639648 -16.389999389648438
      vertex -1.3393917083740234 7.766422271728516 -16.389999389648438
      vertex -0.9058666229248047 7.619259834289551 -16.389999389648438
    endloop
  endfacet
  facet normal 0 0 1
    outer loop
      vertex -2.130664825439453 8.22326374053955 -16.389999389648438
      vertex -1.329777717590332 9.266999244689941 -16.389999389648438
      vertex -1.5446033477783203 9.45539665222168 -16.389999389648438
    endloop
  endfacet
  facet normal 0 0 1
    outer loop
      vertex -2.4748735427856445 8.525126457214355 -16.389999389648438
      vertex -1.5446033477783203 9.45539665222168 -16.389999389648438
      vertex -1.7330007553100586 9.670222282409668 -16.389999389648438
    endloop
  endfacet
  facet normal 0 0 1
    outer loop
      vertex -1.0921993255615234 9.108254432678223 -16.389999389648438
      vertex -1.75 7.968911170959473 -16.389999389648438
      vertex -1.3393917083740234 7.766422271728516 -16.389999389648438
    endloop
  endfacet
  facet normal 0 0 1
    outer loop
      vertex -2.776736259460449 8.869335174560547 -16.389999389648438
      vertex -1.7330007553100586 9.670222282409668 -16.389999389648438
      vertex -1.8917455673217773 9.907800674438477 -16.389999389648438
    endloop
  endfacet
  facet normal 0 0 1
    outer loop
      vertex -3.0310888290405273 9.25 -16.389999389648438
      vertex -1.8917455673217773 9.907800674438477 -16.389999389648438
      vertex -2.0181217193603516 10.164066314697266 -16.389999389648438
    endloop
  endfacet
  facet normal 0 0 1
    outer loop
      vertex -3.2335777282714844 9.660608291625977 -16.389999389648438
      vertex -2.0181217193603516 10.164066314697266 -16.389999389648438
      vertex -2.1099681854248047 10.434636116027832 -16.389999389648438
    endloop
  endfacet
  facet normal 0 0 1
    outer loop
      vertex -1.329777717590332 9.266999244689941 -16.389999389648438
      vertex -2.130664825439453 8.22326374053955 -16.389999389648438
      vertex -1.75 7.968911170959473 -16.389999389648438
    endloop
  endfacet
  facet normal 0 0 1
    outer loop
      vertex -3.380740165710449 10.094133377075195 -16.389999389648438
      vertex -2.1099681854248047 10.434636116027832 -16.389999389648438
      vertex -2.1657114028930664 10.714879035949707 -16.389999389648438
    endloop
  endfacet
  facet normal 0 0 1
    outer loop
      vertex -3.4700565338134766 10.543158531188965 -16.389999389648438
      vertex -2.1657114028930664 10.714879035949707 -16.389999389648438
      vertex -2.1843996047973633 11 -16.389999389648438
    endloop
  endfacet
  facet normal 0 0 1
    outer loop
      vertex -2.0181217193603516 11.835933685302734 -16.389999389648438
      vertex -3.2335777282714844 12.339391708374023 -16.389999389648438
      vertex -2.1099681854248047 11.565363883972168 -16.389999389648438
    endloop
  endfacet
  facet normal 0 0 1
    outer loop
      vertex -1.5446033477783203 9.45539665222168 -16.389999389648438
      vertex -2.4748735427856445 8.525126457214355 -16.389999389648438
      vertex -2.130664825439453 8.22326374053955 -16.389999389648438
    endloop
  endfacet
  facet normal 0 0 1
    outer loop
      vertex -3.380740165710449 11.905866622924805 -16.389999389648438
      vertex -2.1099681854248047 11.565363883972168 -16.389999389648438
      vertex -3.2335777282714844 12.339391708374023 -16.389999389648438
    endloop
  endfacet
  facet normal 0 0 1
    outer loop
      vertex -1.7330007553100586 9.670222282409668 -16.389999389648438
      vertex -2.776736259460449 8.869335174560547 -16.389999389648438
      vertex -2.4748735427856445 8.525126457214355 -16.389999389648438
    endloop
  endfacet
  facet normal 0 0 1
    outer loop
      vertex -2.1099681854248047 11.565363883972168 -16.389999389648438
      vertex -3.380740165710449 11.905866622924805 -16.389999389648438
      vertex -2.1657114028930664 11.285120964050293 -16.389999389648438
    endloop
  endfacet
  facet normal 0 0 1
    outer loop
      vertex -1.8917455673217773 9.907800674438477 -16.389999389648438
      vertex -3.0310888290405273 9.25 -16.389999389648438
      vertex -2.776736259460449 8.869335174560547 -16.389999389648438
    endloop
  endfacet
  facet normal 0 0 1
    outer loop
      vertex -3.4700565338134766 11.456841468811035 -16.389999389648438
      vertex -2.1657114028930664 11.285120964050293 -16.389999389648438
      vertex -3.380740165710449 11.905866622924805 -16.389999389648438
    endloop
  endfacet
  facet normal 0 0 1
    outer loop
      vertex -2.0181217193603516 10.164066314697266 -16.389999389648438
      vertex -3.2335777282714844 9.660608291625977 -16.389999389648438
      vertex -3.0310888290405273 9.25 -16.389999389648438
    endloop
  endfacet
  facet normal 0 0 1
    outer loop
      vertex -2.1657114028930664 11.285120964050293 -16.389999389648438
      vertex -3.4700565338134766 11.456841468811035 -16.389999389648438
      vertex -2.1843996047973633 11 -16.389999389648438
    endloop
  endfacet
  facet normal 0 0 1
    outer loop
      vertex -2.1099681854248047 10.434636116027832 -16.389999389648438
      vertex -3.380740165710449 10.094133377075195 -16.389999389648438
      vertex -3.2335777282714844 9.660608291625977 -16.389999389648438
    endloop
  endfacet
  facet normal 0 0 1
    outer loop
      vertex -3.5 11 -16.389999389648438
      vertex -2.1843996047973633 11 -16.389999389648438
      vertex -3.4700565338134766 11.456841468811035 -16.389999389648438
    endloop
  endfacet
  facet normal 0 0 1
    outer loop
      vertex -2.1657114028930664 10.714879035949707 -16.389999389648438
      vertex -3.4700565338134766 10.543158531188965 -16.389999389648438
      vertex -3.380740165710449 10.094133377075195 -16.389999389648438
    endloop
  endfacet
  facet normal 0 0 1
    outer loop
      vertex -2.1843996047973633 11 -16.389999389648438
      vertex -3.5 11 -16.389999389648438
      vertex -3.4700565338134766 10.543158531188965 -16.389999389648438
    endloop
  endfacet
  facet normal -0.9978588349360876 -0.06540447645225649 0
    outer loop
      vertex 2.1843996047973633 0 -20.350000381469727
      vertex 2.1657114028930664 0.28512096405029297 -14.000000953674316
      vertex 2.1657114028930664 0.28512096405029297 -20.350000381469727
    endloop
  endfacet
  facet normal -0.9978588349360876 -0.06540447645225649 0
    outer loop
      vertex 2.1657114028930664 0.28512096405029297 -14.000000953674316
      vertex 2.1843996047973633 0 -20.350000381469727
      vertex 2.1843996047973633 0 -14.000000953674316
    endloop
  endfacet
  facet normal 0.32144070387895096 0.9469297090543757 0
    outer loop
      vertex -0.565363883972168 -2.1099681854248047 -20.350000381469727
      vertex -0.8359336853027344 -2.0181217193603516 -14.000000953674316
      vertex -0.565363883972168 -2.1099681854248047 -14.000000953674316
    endloop
  endfacet
  facet normal 0.32144070387895096 0.9469297090543757 0
    outer loop
      vertex -0.8359336853027344 -2.0181217193603516 -14.000000953674316
      vertex -0.565363883972168 -2.1099681854248047 -20.350000381469727
      vertex -0.8359336853027344 -2.0181217193603516 -20.350000381469727
    endloop
  endfacet
  facet normal -0.06540447645225649 -0.9978588349360876 0
    outer loop
      vertex 0 2.1843996047973633 -20.350000381469727
      vertex 0.28512096405029297 2.1657114028930664 -14.000000953674316
      vertex 0 2.1843996047973633 -14.000000953674316
    endloop
  endfacet
  facet normal -0.06540447645225649 -0.9978588349360876 0
    outer loop
      vertex 0.28512096405029297 2.1657114028930664 -14.000000953674316
      vertex 0 2.1843996047973633 -20.350000381469727
      vertex 0.28512096405029297 2.1657114028930664 -20.350000381469727
    endloop
  endfacet
  facet normal 0.8314696032057105 0.5555702466339771 0
    outer loop
      vertex -1.7330007553100586 -1.329777717590332 -14.000000953674316
      vertex -1.8917455673217773 -1.0921993255615234 -20.350000381469727
      vertex -1.8917455673217773 -1.0921993255615234 -14.000000953674316
    endloop
  endfacet
  facet normal 0.8314696032057105 0.5555702466339771 0
    outer loop
      vertex -1.8917455673217773 -1.0921993255615234 -20.350000381469727
      vertex -1.7330007553100586 -1.329777717590332 -14.000000953674316
      vertex -1.7330007553100586 -1.329777717590332 -20.350000381469727
    endloop
  endfacet
  facet normal -0.5555702466339771 -0.8314696032057105 0
    outer loop
      vertex 1.0921993255615234 1.8917455673217773 -20.350000381469727
      vertex 1.329777717590332 1.7330007553100586 -14.000000953674316
      vertex 1.0921993255615234 1.8917455673217773 -14.000000953674316
    endloop
  endfacet
  facet normal -0.5555702466339771 -0.8314696032057105 0
    outer loop
      vertex 1.329777717590332 1.7330007553100586 -14.000000953674316
      vertex 1.0921993255615234 1.8917455673217773 -20.350000381469727
      vertex 1.329777717590332 1.7330007553100586 -20.350000381469727
    endloop
  endfacet
  facet normal 0.8314696032057105 -0.5555702466339771 0
    outer loop
      vertex -1.8917455673217773 1.0921993255615234 -14.000000953674316
      vertex -1.7330007553100586 1.329777717590332 -20.350000381469727
      vertex -1.7330007553100586 1.329777717590332 -14.000000953674316
    endloop
  endfacet
  facet normal 0.8314696032057105 -0.5555702466339771 0
    outer loop
      vertex -1.7330007553100586 1.329777717590332 -20.350000381469727
      vertex -1.8917455673217773 1.0921993255615234 -14.000000953674316
      vertex -1.8917455673217773 1.0921993255615234 -20.350000381469727
    endloop
  endfacet
  facet normal -0.9469297090543757 -0.32144070387895096 0
    outer loop
      vertex 2.1099681854248047 0.565363883972168 -20.350000381469727
      vertex 2.0181217193603516 0.8359336853027344 -14.000000953674316
      vertex 2.0181217193603516 0.8359336853027344 -20.350000381469727
    endloop
  endfacet
  facet normal -0.9469297090543757 -0.32144070387895096 0
    outer loop
      vertex 2.0181217193603516 0.8359336853027344 -14.000000953674316
      vertex 2.1099681854248047 0.565363883972168 -20.350000381469727
      vertex 2.1099681854248047 0.565363883972168 -14.000000953674316
    endloop
  endfacet
  facet normal -0.751839137439534 0.6593465791328393 0
    outer loop
      vertex 1.5446033477783203 -1.5446033477783203 -20.350000381469727
      vertex 1.7330007553100586 -1.329777717590332 -14.000000953674316
      vertex 1.7330007553100586 -1.329777717590332 -20.350000381469727
    endloop
  endfacet
  facet normal -0.751839137439534 0.6593465791328393 0
    outer loop
      vertex 1.7330007553100586 -1.329777717590332 -14.000000953674316
      vertex 1.5446033477783203 -1.5446033477783203 -20.350000381469727
      vertex 1.5446033477783203 -1.5446033477783203 -14.000000953674316
    endloop
  endfacet
  facet normal -0.9807856588717693 -0.19508841931665097 0
    outer loop
      vertex 2.1657114028930664 0.28512096405029297 -20.350000381469727
      vertex 2.1099681854248047 0.565363883972168 -14.000000953674316
      vertex 2.1099681854248047 0.565363883972168 -20.350000381469727
    endloop
  endfacet
  facet normal -0.9807856588717693 -0.19508841931665097 0
    outer loop
      vertex 2.1099681854248047 0.565363883972168 -14.000000953674316
      vertex 2.1657114028930664 0.28512096405029297 -20.350000381469727
      vertex 2.1657114028930664 0.28512096405029297 -14.000000953674316
    endloop
  endfacet
  facet normal -0.19508841931665097 -0.9807856588717693 0
    outer loop
      vertex 0.28512096405029297 2.1657114028930664 -20.350000381469727
      vertex 0.565363883972168 2.1099681854248047 -14.000000953674316
      vertex 0.28512096405029297 2.1657114028930664 -14.000000953674316
    endloop
  endfacet
  facet normal -0.19508841931665097 -0.9807856588717693 0
    outer loop
      vertex 0.565363883972168 2.1099681854248047 -14.000000953674316
      vertex 0.28512096405029297 2.1657114028930664 -20.350000381469727
      vertex 0.565363883972168 2.1099681854248047 -20.350000381469727
    endloop
  endfacet
  facet normal -0.06540447645225649 0.9978588349360876 0
    outer loop
      vertex 0.28512096405029297 -2.1657114028930664 -20.350000381469727
      vertex 0 -2.1843996047973633 -14.000000953674316
      vertex 0.28512096405029297 -2.1657114028930664 -14.000000953674316
    endloop
  endfacet
  facet normal -0.06540447645225649 0.9978588349360876 0
    outer loop
      vertex 0 -2.1843996047973633 -14.000000953674316
      vertex 0.28512096405029297 -2.1657114028930664 -20.350000381469727
      vertex 0 -2.1843996047973633 -20.350000381469727
    endloop
  endfacet
  facet normal 0.06540447645225649 -0.9978588349360876 0
    outer loop
      vertex -0.28512096405029297 2.1657114028930664 -20.350000381469727
      vertex 0 2.1843996047973633 -14.000000953674316
      vertex -0.28512096405029297 2.1657114028930664 -14.000000953674316
    endloop
  endfacet
  facet normal 0.06540447645225649 -0.9978588349360876 0
    outer loop
      vertex 0 2.1843996047973633 -14.000000953674316
      vertex -0.28512096405029297 2.1657114028930664 -20.350000381469727
      vertex 0 2.1843996047973633 -20.350000381469727
    endloop
  endfacet
  facet normal 0.8968728474640444 -0.44228847541139593 0
    outer loop
      vertex -2.0181217193603516 0.8359336853027344 -14.000000953674316
      vertex -1.8917455673217773 1.0921993255615234 -20.350000381469727
      vertex -1.8917455673217773 1.0921993255615234 -14.000000953674316
    endloop
  endfacet
  facet normal 0.8968728474640444 -0.44228847541139593 0
    outer loop
      vertex -1.8917455673217773 1.0921993255615234 -20.350000381469727
      vertex -2.0181217193603516 0.8359336853027344 -14.000000953674316
      vertex -2.0181217193603516 0.8359336853027344 -20.350000381469727
    endloop
  endfacet
  facet normal -0.6593465791328393 0.751839137439534 0
    outer loop
      vertex 1.5446033477783203 -1.5446033477783203 -20.350000381469727
      vertex 1.329777717590332 -1.7330007553100586 -14.000000953674316
      vertex 1.5446033477783203 -1.5446033477783203 -14.000000953674316
    endloop
  endfacet
  facet normal -0.6593465791328393 0.751839137439534 0
    outer loop
      vertex 1.329777717590332 -1.7330007553100586 -14.000000953674316
      vertex 1.5446033477783203 -1.5446033477783203 -20.350000381469727
      vertex 1.329777717590332 -1.7330007553100586 -20.350000381469727
    endloop
  endfacet
  facet normal 0.9807856588717693 0.19508841931665097 0
    outer loop
      vertex -2.1099681854248047 -0.565363883972168 -14.000000953674316
      vertex -2.1657114028930664 -0.28512096405029297 -20.350000381469727
      vertex -2.1657114028930664 -0.28512096405029297 -14.000000953674316
    endloop
  endfacet
  facet normal 0.9807856588717693 0.19508841931665097 0
    outer loop
      vertex -2.1657114028930664 -0.28512096405029297 -20.350000381469727
      vertex -2.1099681854248047 -0.565363883972168 -14.000000953674316
      vertex -2.1099681854248047 -0.565363883972168 -20.350000381469727
    endloop
  endfacet
  facet normal -0.751839137439534 -0.6593465791328393 0
    outer loop
      vertex 1.7330007553100586 1.329777717590332 -20.350000381469727
      vertex 1.5446033477783203 1.5446033477783203 -14.000000953674316
      vertex 1.5446033477783203 1.5446033477783203 -20.350000381469727
    endloop
  endfacet
  facet normal -0.751839137439534 -0.6593465791328393 0
    outer loop
      vertex 1.5446033477783203 1.5446033477783203 -14.000000953674316
      vertex 1.7330007553100586 1.329777717590332 -20.350000381469727
      vertex 1.7330007553100586 1.329777717590332 -14.000000953674316
    endloop
  endfacet
  facet normal -0.5555702466339771 0.8314696032057105 0
    outer loop
      vertex 1.329777717590332 -1.7330007553100586 -20.350000381469727
      vertex 1.0921993255615234 -1.8917455673217773 -14.000000953674316
      vertex 1.329777717590332 -1.7330007553100586 -14.000000953674316
    endloop
  endfacet
  facet normal -0.5555702466339771 0.8314696032057105 0
    outer loop
      vertex 1.0921993255615234 -1.8917455673217773 -14.000000953674316
      vertex 1.329777717590332 -1.7330007553100586 -20.350000381469727
      vertex 1.0921993255615234 -1.8917455673217773 -20.350000381469727
    endloop
  endfacet
  facet normal 0.19508841931665097 -0.9807856588717693 0
    outer loop
      vertex -0.565363883972168 2.1099681854248047 -20.350000381469727
      vertex -0.28512096405029297 2.1657114028930664 -14.000000953674316
      vertex -0.565363883972168 2.1099681854248047 -14.000000953674316
    endloop
  endfacet
  facet normal 0.19508841931665097 -0.9807856588717693 0
    outer loop
      vertex -0.28512096405029297 2.1657114028930664 -14.000000953674316
      vertex -0.565363883972168 2.1099681854248047 -20.350000381469727
      vertex -0.28512096405029297 2.1657114028930664 -20.350000381469727
    endloop
  endfacet
  facet normal -0.32144070387895096 0.9469297090543757 0
    outer loop
      vertex 0.8359336853027344 -2.0181217193603516 -20.350000381469727
      vertex 0.565363883972168 -2.1099681854248047 -14.000000953674316
      vertex 0.8359336853027344 -2.0181217193603516 -14.000000953674316
    endloop
  endfacet
  facet normal -0.32144070387895096 0.9469297090543757 0
    outer loop
      vertex 0.565363883972168 -2.1099681854248047 -14.000000953674316
      vertex 0.8359336853027344 -2.0181217193603516 -20.350000381469727
      vertex 0.565363883972168 -2.1099681854248047 -20.350000381469727
    endloop
  endfacet
  facet normal 0.44228847541139593 0.8968728474640444 0
    outer loop
      vertex -0.8359336853027344 -2.0181217193603516 -20.350000381469727
      vertex -1.0921993255615234 -1.8917455673217773 -14.000000953674316
      vertex -0.8359336853027344 -2.0181217193603516 -14.000000953674316
    endloop
  endfacet
  facet normal 0.44228847541139593 0.8968728474640444 0
    outer loop
      vertex -1.0921993255615234 -1.8917455673217773 -14.000000953674316
      vertex -0.8359336853027344 -2.0181217193603516 -20.350000381469727
      vertex -1.0921993255615234 -1.8917455673217773 -20.350000381469727
    endloop
  endfacet
  facet normal 0.6593465791328393 0.751839137439534 0
    outer loop
      vertex -1.329777717590332 -1.7330007553100586 -20.350000381469727
      vertex -1.5446033477783203 -1.5446033477783203 -14.000000953674316
      vertex -1.329777717590332 -1.7330007553100586 -14.000000953674316
    endloop
  endfacet
  facet normal 0.6593465791328393 0.751839137439534 0
    outer loop
      vertex -1.5446033477783203 -1.5446033477783203 -14.000000953674316
      vertex -1.329777717590332 -1.7330007553100586 -20.350000381469727
      vertex -1.5446033477783203 -1.5446033477783203 -20.350000381469727
    endloop
  endfacet
  facet normal 0.9469297090543757 -0.32144070387895096 0
    outer loop
      vertex -2.1099681854248047 0.565363883972168 -14.000000953674316
      vertex -2.0181217193603516 0.8359336853027344 -20.350000381469727
      vertex -2.0181217193603516 0.8359336853027344 -14.000000953674316
    endloop
  endfacet
  facet normal 0.9469297090543757 -0.32144070387895096 0
    outer loop
      vertex -2.0181217193603516 0.8359336853027344 -20.350000381469727
      vertex -2.1099681854248047 0.565363883972168 -14.000000953674316
      vertex -2.1099681854248047 0.565363883972168 -20.350000381469727
    endloop
  endfacet
  facet normal 0.06540447645225649 0.9978588349360876 0
    outer loop
      vertex 0 -2.1843996047973633 -20.350000381469727
      vertex -0.28512096405029297 -2.1657114028930664 -14.000000953674316
      vertex 0 -2.1843996047973633 -14.000000953674316
    endloop
  endfacet
  facet normal 0.06540447645225649 0.9978588349360876 0
    outer loop
      vertex -0.28512096405029297 -2.1657114028930664 -14.000000953674316
      vertex 0 -2.1843996047973633 -20.350000381469727
      vertex -0.28512096405029297 -2.1657114028930664 -20.350000381469727
    endloop
  endfacet
  facet normal -0.8314696032057105 0.5555702466339771 0
    outer loop
      vertex 1.7330007553100586 -1.329777717590332 -20.350000381469727
      vertex 1.8917455673217773 -1.0921993255615234 -14.000000953674316
      vertex 1.8917455673217773 -1.0921993255615234 -20.350000381469727
    endloop
  endfacet
  facet normal -0.8314696032057105 0.5555702466339771 0
    outer loop
      vertex 1.8917455673217773 -1.0921993255615234 -14.000000953674316
      vertex 1.7330007553100586 -1.329777717590332 -20.350000381469727
      vertex 1.7330007553100586 -1.329777717590332 -14.000000953674316
    endloop
  endfacet
  facet normal -0.44228847541139593 -0.8968728474640444 0
    outer loop
      vertex 0.8359336853027344 2.0181217193603516 -20.350000381469727
      vertex 1.0921993255615234 1.8917455673217773 -14.000000953674316
      vertex 0.8359336853027344 2.0181217193603516 -14.000000953674316
    endloop
  endfacet
  facet normal -0.44228847541139593 -0.8968728474640444 0
    outer loop
      vertex 1.0921993255615234 1.8917455673217773 -14.000000953674316
      vertex 0.8359336853027344 2.0181217193603516 -20.350000381469727
      vertex 1.0921993255615234 1.8917455673217773 -20.350000381469727
    endloop
  endfacet
  facet normal -0.9807856588717693 0.19508841931665097 0
    outer loop
      vertex 2.1099681854248047 -0.565363883972168 -20.350000381469727
      vertex 2.1657114028930664 -0.28512096405029297 -14.000000953674316
      vertex 2.1657114028930664 -0.28512096405029297 -20.350000381469727
    endloop
  endfacet
  facet normal -0.9807856588717693 0.19508841931665097 0
    outer loop
      vertex 2.1657114028930664 -0.28512096405029297 -14.000000953674316
      vertex 2.1099681854248047 -0.565363883972168 -20.350000381469727
      vertex 2.1099681854248047 -0.565363883972168 -14.000000953674316
    endloop
  endfacet
  facet normal 0.751839137439534 0.6593465791328393 0
    outer loop
      vertex -1.5446033477783203 -1.5446033477783203 -14.000000953674316
      vertex -1.7330007553100586 -1.329777717590332 -20.350000381469727
      vertex -1.7330007553100586 -1.329777717590332 -14.000000953674316
    endloop
  endfacet
  facet normal 0.751839137439534 0.6593465791328393 0
    outer loop
      vertex -1.7330007553100586 -1.329777717590332 -20.350000381469727
      vertex -1.5446033477783203 -1.5446033477783203 -14.000000953674316
      vertex -1.5446033477783203 -1.5446033477783203 -20.350000381469727
    endloop
  endfacet
  facet normal 0.9469297090543757 0.32144070387895096 0
    outer loop
      vertex -2.0181217193603516 -0.8359336853027344 -14.000000953674316
      vertex -2.1099681854248047 -0.565363883972168 -20.350000381469727
      vertex -2.1099681854248047 -0.565363883972168 -14.000000953674316
    endloop
  endfacet
  facet normal 0.9469297090543757 0.32144070387895096 0
    outer loop
      vertex -2.1099681854248047 -0.565363883972168 -20.350000381469727
      vertex -2.0181217193603516 -0.8359336853027344 -14.000000953674316
      vertex -2.0181217193603516 -0.8359336853027344 -20.350000381469727
    endloop
  endfacet
  facet normal -0.8968728474640444 0.44228847541139593 0
    outer loop
      vertex 1.8917455673217773 -1.0921993255615234 -20.350000381469727
      vertex 2.0181217193603516 -0.8359336853027344 -14.000000953674316
      vertex 2.0181217193603516 -0.8359336853027344 -20.350000381469727
    endloop
  endfacet
  facet normal -0.8968728474640444 0.44228847541139593 0
    outer loop
      vertex 2.0181217193603516 -0.8359336853027344 -14.000000953674316
      vertex 1.8917455673217773 -1.0921993255615234 -20.350000381469727
      vertex 1.8917455673217773 -1.0921993255615234 -14.000000953674316
    endloop
  endfacet
  facet normal 0.9978588349360876 -0.06540447645225649 0
    outer loop
      vertex -2.1843996047973633 0 -14.000000953674316
      vertex -2.1657114028930664 0.28512096405029297 -20.350000381469727
      vertex -2.1657114028930664 0.28512096405029297 -14.000000953674316
    endloop
  endfacet
  facet normal 0.9978588349360876 -0.06540447645225649 0
    outer loop
      vertex -2.1657114028930664 0.28512096405029297 -20.350000381469727
      vertex -2.1843996047973633 0 -14.000000953674316
      vertex -2.1843996047973633 0 -20.350000381469727
    endloop
  endfacet
  facet normal 0.751839137439534 -0.6593465791328393 0
    outer loop
      vertex -1.7330007553100586 1.329777717590332 -14.000000953674316
      vertex -1.5446033477783203 1.5446033477783203 -20.350000381469727
      vertex -1.5446033477783203 1.5446033477783203 -14.000000953674316
    endloop
  endfacet
  facet normal 0.751839137439534 -0.6593465791328393 0
    outer loop
      vertex -1.5446033477783203 1.5446033477783203 -20.350000381469727
      vertex -1.7330007553100586 1.329777717590332 -14.000000953674316
      vertex -1.7330007553100586 1.329777717590332 -20.350000381469727
    endloop
  endfacet
  facet normal -0.6593465791328393 -0.751839137439534 0
    outer loop
      vertex 1.329777717590332 1.7330007553100586 -20.350000381469727
      vertex 1.5446033477783203 1.5446033477783203 -14.000000953674316
      vertex 1.329777717590332 1.7330007553100586 -14.000000953674316
    endloop
  endfacet
  facet normal -0.6593465791328393 -0.751839137439534 0
    outer loop
      vertex 1.5446033477783203 1.5446033477783203 -14.000000953674316
      vertex 1.329777717590332 1.7330007553100586 -20.350000381469727
      vertex 1.5446033477783203 1.5446033477783203 -20.350000381469727
    endloop
  endfacet
  facet normal -0.8314696032057105 -0.5555702466339771 0
    outer loop
      vertex 1.8917455673217773 1.0921993255615234 -20.350000381469727
      vertex 1.7330007553100586 1.329777717590332 -14.000000953674316
      vertex 1.7330007553100586 1.329777717590332 -20.350000381469727
    endloop
  endfacet
  facet normal -0.8314696032057105 -0.5555702466339771 0
    outer loop
      vertex 1.7330007553100586 1.329777717590332 -14.000000953674316
      vertex 1.8917455673217773 1.0921993255615234 -20.350000381469727
      vertex 1.8917455673217773 1.0921993255615234 -14.000000953674316
    endloop
  endfacet
  facet normal -0.8968728474640444 -0.44228847541139593 0
    outer loop
      vertex 2.0181217193603516 0.8359336853027344 -20.350000381469727
      vertex 1.8917455673217773 1.0921993255615234 -14.000000953674316
      vertex 1.8917455673217773 1.0921993255615234 -20.350000381469727
    endloop
  endfacet
  facet normal -0.8968728474640444 -0.44228847541139593 0
    outer loop
      vertex 1.8917455673217773 1.0921993255615234 -14.000000953674316
      vertex 2.0181217193603516 0.8359336853027344 -20.350000381469727
      vertex 2.0181217193603516 0.8359336853027344 -14.000000953674316
    endloop
  endfacet
  facet normal 0.5555702466339771 0.8314696032057105 0
    outer loop
      vertex -1.0921993255615234 -1.8917455673217773 -20.350000381469727
      vertex -1.329777717590332 -1.7330007553100586 -14.000000953674316
      vertex -1.0921993255615234 -1.8917455673217773 -14.000000953674316
    endloop
  endfacet
  facet normal 0.5555702466339771 0.8314696032057105 0
    outer loop
      vertex -1.329777717590332 -1.7330007553100586 -14.000000953674316
      vertex -1.0921993255615234 -1.8917455673217773 -20.350000381469727
      vertex -1.329777717590332 -1.7330007553100586 -20.350000381469727
    endloop
  endfacet
  facet normal -0.32144070387895096 -0.9469297090543757 0
    outer loop
      vertex 0.565363883972168 2.1099681854248047 -20.350000381469727
      vertex 0.8359336853027344 2.0181217193603516 -14.000000953674316
      vertex 0.565363883972168 2.1099681854248047 -14.000000953674316
    endloop
  endfacet
  facet normal -0.32144070387895096 -0.9469297090543757 0
    outer loop
      vertex 0.8359336853027344 2.0181217193603516 -14.000000953674316
      vertex 0.565363883972168 2.1099681854248047 -20.350000381469727
      vertex 0.8359336853027344 2.0181217193603516 -20.350000381469727
    endloop
  endfacet
  facet normal 0.9807856588717693 -0.19508841931665097 0
    outer loop
      vertex -2.1657114028930664 0.28512096405029297 -14.000000953674316
      vertex -2.1099681854248047 0.565363883972168 -20.350000381469727
      vertex -2.1099681854248047 0.565363883972168 -14.000000953674316
    endloop
  endfacet
  facet normal 0.9807856588717693 -0.19508841931665097 0
    outer loop
      vertex -2.1099681854248047 0.565363883972168 -20.350000381469727
      vertex -2.1657114028930664 0.28512096405029297 -14.000000953674316
      vertex -2.1657114028930664 0.28512096405029297 -20.350000381469727
    endloop
  endfacet
  facet normal 0.44228847541139593 -0.8968728474640444 0
    outer loop
      vertex -1.0921993255615234 1.8917455673217773 -20.350000381469727
      vertex -0.8359336853027344 2.0181217193603516 -14.000000953674316
      vertex -1.0921993255615234 1.8917455673217773 -14.000000953674316
    endloop
  endfacet
  facet normal 0.44228847541139593 -0.8968728474640444 0
    outer loop
      vertex -0.8359336853027344 2.0181217193603516 -14.000000953674316
      vertex -1.0921993255615234 1.8917455673217773 -20.350000381469727
      vertex -0.8359336853027344 2.0181217193603516 -20.350000381469727
    endloop
  endfacet
  facet normal -0.9978588349360876 0.06540447645225649 0
    outer loop
      vertex 2.1657114028930664 -0.28512096405029297 -20.350000381469727
      vertex 2.1843996047973633 0 -14.000000953674316
      vertex 2.1843996047973633 0 -20.350000381469727
    endloop
  endfacet
  facet normal -0.9978588349360876 0.06540447645225649 0
    outer loop
      vertex 2.1843996047973633 0 -14.000000953674316
      vertex 2.1657114028930664 -0.28512096405029297 -20.350000381469727
      vertex 2.1657114028930664 -0.28512096405029297 -14.000000953674316
    endloop
  endfacet
  facet normal 0.32144070387895096 -0.9469297090543757 0
    outer loop
      vertex -0.8359336853027344 2.0181217193603516 -20.350000381469727
      vertex -0.565363883972168 2.1099681854248047 -14.000000953674316
      vertex -0.8359336853027344 2.0181217193603516 -14.000000953674316
    endloop
  endfacet
  facet normal 0.32144070387895096 -0.9469297090543757 0
    outer loop
      vertex -0.565363883972168 2.1099681854248047 -14.000000953674316
      vertex -0.8359336853027344 2.0181217193603516 -20.350000381469727
      vertex -0.565363883972168 2.1099681854248047 -20.350000381469727
    endloop
  endfacet
  facet normal -0.19508841931665097 0.9807856588717693 0
    outer loop
      vertex 0.565363883972168 -2.1099681854248047 -20.350000381469727
      vertex 0.28512096405029297 -2.1657114028930664 -14.000000953674316
      vertex 0.565363883972168 -2.1099681854248047 -14.000000953674316
    endloop
  endfacet
  facet normal -0.19508841931665097 0.9807856588717693 0
    outer loop
      vertex 0.28512096405029297 -2.1657114028930664 -14.000000953674316
      vertex 0.565363883972168 -2.1099681854248047 -20.350000381469727
      vertex 0.28512096405029297 -2.1657114028930664 -20.350000381469727
    endloop
  endfacet
  facet normal 0.8968728474640444 0.44228847541139593 0
    outer loop
      vertex -1.8917455673217773 -1.0921993255615234 -14.000000953674316
      vertex -2.0181217193603516 -0.8359336853027344 -20.350000381469727
      vertex -2.0181217193603516 -0.8359336853027344 -14.000000953674316
    endloop
  endfacet
  facet normal 0.8968728474640444 0.44228847541139593 0
    outer loop
      vertex -2.0181217193603516 -0.8359336853027344 -20.350000381469727
      vertex -1.8917455673217773 -1.0921993255615234 -14.000000953674316
      vertex -1.8917455673217773 -1.0921993255615234 -20.350000381469727
    endloop
  endfacet
  facet normal 0.6593465791328393 -0.751839137439534 0
    outer loop
      vertex -1.5446033477783203 1.5446033477783203 -20.350000381469727
      vertex -1.329777717590332 1.7330007553100586 -14.000000953674316
      vertex -1.5446033477783203 1.5446033477783203 -14.000000953674316
    endloop
  endfacet
  facet normal 0.6593465791328393 -0.751839137439534 0
    outer loop
      vertex -1.329777717590332 1.7330007553100586 -14.000000953674316
      vertex -1.5446033477783203 1.5446033477783203 -20.350000381469727
      vertex -1.329777717590332 1.7330007553100586 -20.350000381469727
    endloop
  endfacet
  facet normal -0.44228847541139593 0.8968728474640444 0
    outer loop
      vertex 1.0921993255615234 -1.8917455673217773 -20.350000381469727
      vertex 0.8359336853027344 -2.0181217193603516 -14.000000953674316
      vertex 1.0921993255615234 -1.8917455673217773 -14.000000953674316
    endloop
  endfacet
  facet normal -0.44228847541139593 0.8968728474640444 0
    outer loop
      vertex 0.8359336853027344 -2.0181217193603516 -14.000000953674316
      vertex 1.0921993255615234 -1.8917455673217773 -20.350000381469727
      vertex 0.8359336853027344 -2.0181217193603516 -20.350000381469727
    endloop
  endfacet
  facet normal -0.9469297090543757 0.32144070387895096 0
    outer loop
      vertex 2.0181217193603516 -0.8359336853027344 -20.350000381469727
      vertex 2.1099681854248047 -0.565363883972168 -14.000000953674316
      vertex 2.1099681854248047 -0.565363883972168 -20.350000381469727
    endloop
  endfacet
  facet normal -0.9469297090543757 0.32144070387895096 0
    outer loop
      vertex 2.1099681854248047 -0.565363883972168 -14.000000953674316
      vertex 2.0181217193603516 -0.8359336853027344 -20.350000381469727
      vertex 2.0181217193603516 -0.8359336853027344 -14.000000953674316
    endloop
  endfacet
  facet normal 0.5555702466339771 -0.8314696032057105 0
    outer loop
      vertex -1.329777717590332 1.7330007553100586 -20.350000381469727
      vertex -1.0921993255615234 1.8917455673217773 -14.000000953674316
      vertex -1.329777717590332 1.7330007553100586 -14.000000953674316
    endloop
  endfacet
  facet normal 0.5555702466339771 -0.8314696032057105 0
    outer loop
      vertex -1.0921993255615234 1.8917455673217773 -14.000000953674316
      vertex -1.329777717590332 1.7330007553100586 -20.350000381469727
      vertex -1.0921993255615234 1.8917455673217773 -20.350000381469727
    endloop
  endfacet
  facet normal 0.19508841931665097 0.9807856588717693 0
    outer loop
      vertex -0.28512096405029297 -2.1657114028930664 -20.350000381469727
      vertex -0.565363883972168 -2.1099681854248047 -14.000000953674316
      vertex -0.28512096405029297 -2.1657114028930664 -14.000000953674316
    endloop
  endfacet
  facet normal 0.19508841931665097 0.9807856588717693 0
    outer loop
      vertex -0.565363883972168 -2.1099681854248047 -14.000000953674316
      vertex -0.28512096405029297 -2.1657114028930664 -20.350000381469727
      vertex -0.565363883972168 -2.1099681854248047 -20.350000381469727
    endloop
  endfacet
  facet normal 0.9978588349360876 0.06540447645225649 0
    outer loop
      vertex -2.1657114028930664 -0.28512096405029297 -14.000000953674316
      vertex -2.1843996047973633 0 -20.350000381469727
      vertex -2.1843996047973633 0 -14.000000953674316
    endloop
  endfacet
  facet normal 0.9978588349360876 0.06540447645225649 0
    outer loop
      vertex -2.1843996047973633 0 -20.350000381469727
      vertex -2.1657114028930664 -0.28512096405029297 -14.000000953674316
      vertex -2.1657114028930664 -0.28512096405029297 -20.350000381469727
    endloop
  endfacet
endsolid OpenSCAD_Model
